SUMMARY OF C0NVERGENCE INFORMATION
  STEP   INC  ATT   ITER     CONT.   RESID.        CORR.      RESID.      CORR.
                              EL.    FORCE         DISP       FLUX        TEMP.
                              (#)     (%)           (%)        (%)         (%)
     1     1     1     1        0  0.0000E+00  0.1000E+03  0.0000E+00  0.0000E+00
     1     1     1     2        0  0.0000E+00  0.7252E-10  0.0000E+00  0.0000E+00
     1     2     1     1        0  0.0000E+00  0.7517E+01  0.0000E+00  0.0000E+00
     1     2     1     2        0  0.0000E+00  0.1086E-10  0.0000E+00  0.0000E+00
     1     3     1     1        0  0.0000E+00  0.1267E+02  0.0000E+00  0.0000E+00
     1     3     1     2        0  0.0000E+00  0.9888E-11  0.0000E+00  0.0000E+00
     1     4     1     1        0  0.0000E+00  0.2014E+02  0.0000E+00  0.0000E+00
     1     4     1     2        0  0.0000E+00  0.1801E-10  0.0000E+00  0.0000E+00
     1     5     1     1        0  0.0000E+00  0.1000E+03  0.0000E+00  0.0000E+00
     1     5     1     2        0  0.0000E+00  0.8993E-10  0.0000E+00  0.0000E+00
     1     6     1     1        0  0.0000E+00  0.1028E+02  0.0000E+00  0.0000E+00
     1     6     1     2        0  0.0000E+00  0.1602E-10  0.0000E+00  0.0000E+00
     1     7     1     1        0  0.0000E+00  0.7868E+01  0.0000E+00  0.0000E+00
     1     7     1     2        0  0.0000E+00  0.9443E-11  0.0000E+00  0.0000E+00
     1     8     1     1        0  0.0000E+00  0.1865E+02  0.0000E+00  0.0000E+00
     1     8     1     2        0  0.0000E+00  0.8585E-11  0.0000E+00  0.0000E+00
     1     9     1     1        0  0.0000E+00  0.5829E+02  0.0000E+00  0.0000E+00
     1     9     1     2        0  0.0000E+00  0.5207E-10  0.0000E+00  0.0000E+00
     1    10     1     1        0  0.0000E+00  0.2086E+02  0.0000E+00  0.0000E+00
     1    10     1     2        0  0.0000E+00  0.1409E-10  0.0000E+00  0.0000E+00
     1    11     1     1        0  0.0000E+00  0.4316E+01  0.0000E+00  0.0000E+00
     1    11     1     2        0  0.0000E+00  0.8591E-11  0.0000E+00  0.0000E+00
     1    12     1     1        0  0.0000E+00  0.1707E+02  0.0000E+00  0.0000E+00
     1    12     1     2        0  0.0000E+00  0.8447E-11  0.0000E+00  0.0000E+00
     1    13     1     1        0  0.0000E+00  0.4317E+02  0.0000E+00  0.0000E+00
     1    13     1     2        0  0.0000E+00  0.3802E-10  0.0000E+00  0.0000E+00
     1    14     1     1        0  0.0000E+00  0.3708E+02  0.0000E+00  0.0000E+00
     1    14     1     2        0  0.0000E+00  0.3449E-10  0.0000E+00  0.0000E+00
     1    15     1     1        0  0.0000E+00  0.2803E+01  0.0000E+00  0.0000E+00
     1    15     1     2        0  0.0000E+00  0.2718E-11  0.0000E+00  0.0000E+00
     1    16     1     1        0  0.0000E+00  0.1425E+02  0.0000E+00  0.0000E+00
     1    16     1     2        0  0.0000E+00  0.2189E-10  0.0000E+00  0.0000E+00
     1    17     1     1        0  0.0000E+00  0.3381E+02  0.0000E+00  0.0000E+00
     1    17     1     2        0  0.0000E+00  0.2914E-10  0.0000E+00  0.0000E+00
     1    18     1     1        0  0.0000E+00  0.7261E+02  0.0000E+00  0.0000E+00
     1    18     1     2        0  0.0000E+00  0.4845E-10  0.0000E+00  0.0000E+00
     1    19     1     1        0  0.0000E+00  0.3585E+01  0.0000E+00  0.0000E+00
     1    19     1     2        0  0.0000E+00  0.6562E-11  0.0000E+00  0.0000E+00
     1    20     1     1        0  0.0000E+00  0.1270E+02  0.0000E+00  0.0000E+00
     1    20     1     2        0  0.0000E+00  0.1309E-10  0.0000E+00  0.0000E+00
     1    21     1     1        0  0.0000E+00  0.2659E+02  0.0000E+00  0.0000E+00
     1    21     1     2        0  0.0000E+00  0.2010E-10  0.0000E+00  0.0000E+00
     1    22     1     1        0  0.0000E+00  0.1000E+03  0.0000E+00  0.0000E+00
     1    22     1     2        0  0.0000E+00  0.8002E-10  0.0000E+00  0.0000E+00
     1    23     1     1        0  0.0000E+00  0.4593E+01  0.0000E+00  0.0000E+00
     1    23     1     2        0  0.0000E+00  0.5867E-11  0.0000E+00  0.0000E+00
     1    24     1     1        0  0.0000E+00  0.6943E+01  0.0000E+00  0.0000E+00
     1    24     1     2        0  0.0000E+00  0.5965E-11  0.0000E+00  0.0000E+00
     1    25     1     1        0  0.0000E+00  0.2046E+02  0.0000E+00  0.0000E+00
     1    25     1     2        0  0.0000E+00  0.1002E-10  0.0000E+00  0.0000E+00
     1    26     1     1        0  0.0000E+00  0.9142E+02  0.0000E+00  0.0000E+00
     1    26     1     2        0  0.0000E+00  0.7774E-10  0.0000E+00  0.0000E+00
     1    27     1     1        0  0.0000E+00  0.9599E+01  0.0000E+00  0.0000E+00
     1    27     1     2        0  0.0000E+00  0.1899E-10  0.0000E+00  0.0000E+00
     1    28     1     1        0  0.0000E+00  0.9136E+01  0.0000E+00  0.0000E+00
     1    28     1     2        0  0.0000E+00  0.1574E-10  0.0000E+00  0.0000E+00
     1    29     1     1        0  0.0000E+00  0.2338E+02  0.0000E+00  0.0000E+00
     1    29     1     2        0  0.0000E+00  0.2319E-10  0.0000E+00  0.0000E+00
     1    30     1     1        0  0.0000E+00  0.3690E+02  0.0000E+00  0.0000E+00
     1    30     1     2        0  0.0000E+00  0.1356E-10  0.0000E+00  0.0000E+00
     1    31     1     1        0  0.0000E+00  0.9010E+02  0.0000E+00  0.0000E+00
     1    31     1     2        0  0.0000E+00  0.1052E-09  0.0000E+00  0.0000E+00
     1    32     1     1        0  0.0000E+00  0.1256E+02  0.0000E+00  0.0000E+00
     1    32     1     2        0  0.0000E+00  0.1424E-10  0.0000E+00  0.0000E+00
     1    33     1     1        0  0.0000E+00  0.9827E+01  0.0000E+00  0.0000E+00
     1    33     1     2        0  0.0000E+00  0.5870E-11  0.0000E+00  0.0000E+00
     1    34     1     1        0  0.0000E+00  0.4830E+02  0.0000E+00  0.0000E+00
     1    34     1     2        0  0.0000E+00  0.5766E-10  0.0000E+00  0.0000E+00
     1    35     1     1        0  0.0000E+00  0.4838E+02  0.0000E+00  0.0000E+00
     1    35     1     2        0  0.0000E+00  0.3725E-10  0.0000E+00  0.0000E+00
     1    36     1     1        0  0.0000E+00  0.5915E+02  0.0000E+00  0.0000E+00
     1    36     1     2        0  0.0000E+00  0.5220E-10  0.0000E+00  0.0000E+00
     1    37     1     1        0  0.0000E+00  0.3276E+02  0.0000E+00  0.0000E+00
     1    37     1     2        0  0.0000E+00  0.3300E-10  0.0000E+00  0.0000E+00
     1    38     1     1        0  0.0000E+00  0.5830E+02  0.0000E+00  0.0000E+00
     1    38     1     2        0  0.0000E+00  0.3658E-10  0.0000E+00  0.0000E+00
     1    39     1     1        0  0.0000E+00  0.1000E+03  0.0000E+00  0.0000E+00
     1    39     1     2        0  0.0000E+00  0.1088E-09  0.0000E+00  0.0000E+00
     1    40     1     1        0  0.0000E+00  0.2775E+02  0.0000E+00  0.0000E+00
     1    40     1     2        0  0.0000E+00  0.1526E-10  0.0000E+00  0.0000E+00
     1    41     1     1        0  0.0000E+00  0.2568E+02  0.0000E+00  0.0000E+00
     1    41     1     2        0  0.0000E+00  0.2383E-10  0.0000E+00  0.0000E+00
     1    42     1     1        0  0.0000E+00  0.3474E+02  0.0000E+00  0.0000E+00
     1    42     1     2        0  0.0000E+00  0.4020E-10  0.0000E+00  0.0000E+00
     1    43     1     1        0  0.0000E+00  0.1000E+03  0.0000E+00  0.0000E+00
     1    43     1     2        0  0.0000E+00  0.9949E-10  0.0000E+00  0.0000E+00
     1    44     1     1        0  0.0000E+00  0.1000E+03  0.0000E+00  0.0000E+00
     1    44     1     2        0  0.0000E+00  0.9824E-10  0.0000E+00  0.0000E+00
     1    45     1     1        0  0.0000E+00  0.4440E+02  0.0000E+00  0.0000E+00
     1    45     1     2        0  0.0000E+00  0.5791E-10  0.0000E+00  0.0000E+00
     1    46     1     1        0  0.0000E+00  0.1000E+03  0.0000E+00  0.0000E+00
     1    46     1     2        0  0.0000E+00  0.9971E-10  0.0000E+00  0.0000E+00
     1    47     1     1        0  0.0000E+00  0.3794E+02  0.0000E+00  0.0000E+00
     1    47     1     2        0  0.0000E+00  0.6527E-10  0.0000E+00  0.0000E+00
     1    48     1     1        0  0.0000E+00  0.1000E+03  0.0000E+00  0.0000E+00
     1    48     1     2        0  0.0000E+00  0.4297E-10  0.0000E+00  0.0000E+00
     1    49     1     1        0  0.0000E+00  0.1000E+03  0.0000E+00  0.0000E+00
     1    49     1     2        0  0.0000E+00  0.9536E-10  0.0000E+00  0.0000E+00
     1    50     1     1        0  0.0000E+00  0.3790E+02  0.0000E+00  0.0000E+00
     1    50     1     2        0  0.0000E+00  0.4249E-10  0.0000E+00  0.0000E+00
     1    51     1     1        0  0.0000E+00  0.1000E+03  0.0000E+00  0.0000E+00
     1    51     1     2        0  0.0000E+00  0.1166E-09  0.0000E+00  0.0000E+00
     1    52     1     1        0  0.0000E+00  0.4818E+02  0.0000E+00  0.0000E+00
     1    52     1     2        0  0.0000E+00  0.4767E-10  0.0000E+00  0.0000E+00
     1    53     1     1        0  0.0000E+00  0.1000E+03  0.0000E+00  0.0000E+00
     1    53     1     2        0  0.0000E+00  0.9031E-10  0.0000E+00  0.0000E+00
     1    54     1     1        0  0.0000E+00  0.1000E+03  0.0000E+00  0.0000E+00
     1    54     1     2        0  0.0000E+00  0.9426E-10  0.0000E+00  0.0000E+00
     1    55     1     1        0  0.0000E+00  0.3206E+02  0.0000E+00  0.0000E+00
     1    55     1     2        0  0.0000E+00  0.2728E-10  0.0000E+00  0.0000E+00
     1    56     1     1        0  0.0000E+00  0.3843E+02  0.0000E+00  0.0000E+00
     1    56     1     2        0  0.0000E+00  0.8233E-11  0.0000E+00  0.0000E+00
     1    57     1     1        0  0.0000E+00  0.9349E+02  0.0000E+00  0.0000E+00
     1    57     1     2        0  0.0000E+00  0.1310E-10  0.0000E+00  0.0000E+00
     1    58     1     1        0  0.0000E+00  0.5893E+02  0.0000E+00  0.0000E+00
     1    58     1     2        0  0.0000E+00  0.5065E-10  0.0000E+00  0.0000E+00
     1    59     1     1        0  0.0000E+00  0.2379E+02  0.0000E+00  0.0000E+00
     1    59     1     2        0  0.0000E+00  0.3322E-10  0.0000E+00  0.0000E+00
     1    60     1     1        0  0.0000E+00  0.2598E+02  0.0000E+00  0.0000E+00
     1    60     1     2        0  0.0000E+00  0.2009E-10  0.0000E+00  0.0000E+00
     1    61     1     1        0  0.0000E+00  0.6236E+02  0.0000E+00  0.0000E+00
     1    61     1     2        0  0.0000E+00  0.6063E-10  0.0000E+00  0.0000E+00
     1    62     1     1        0  0.0000E+00  0.7849E+02  0.0000E+00  0.0000E+00
     1    62     1     2        0  0.0000E+00  0.3276E-10  0.0000E+00  0.0000E+00
     1    63     1     1        0  0.0000E+00  0.1007E+02  0.0000E+00  0.0000E+00
     1    63     1     2        0  0.0000E+00  0.1057E-10  0.0000E+00  0.0000E+00
     1    64     1     1        0  0.0000E+00  0.2144E+02  0.0000E+00  0.0000E+00
     1    64     1     2        0  0.0000E+00  0.1975E-10  0.0000E+00  0.0000E+00
     1    65     1     1        0  0.0000E+00  0.8794E+02  0.0000E+00  0.0000E+00
     1    65     1     2        0  0.0000E+00  0.7607E-10  0.0000E+00  0.0000E+00
     1    66     1     1        0  0.0000E+00  0.7278E+01  0.0000E+00  0.0000E+00
     1    66     1     2        0  0.0000E+00  0.6521E-11  0.0000E+00  0.0000E+00
     1    67     1     1        0  0.0000E+00  0.1248E+02  0.0000E+00  0.0000E+00
     1    67     1     2        0  0.0000E+00  0.9541E-11  0.0000E+00  0.0000E+00
     1    68     1     1        0  0.0000E+00  0.2601E+02  0.0000E+00  0.0000E+00
     1    68     1     2        0  0.0000E+00  0.2863E-10  0.0000E+00  0.0000E+00
     1    69     1     1        0  0.0000E+00  0.1000E+03  0.0000E+00  0.0000E+00
     1    69     1     2        0  0.0000E+00  0.8184E-10  0.0000E+00  0.0000E+00
     1    70     1     1        0  0.0000E+00  0.1308E+02  0.0000E+00  0.0000E+00
     1    70     1     2        0  0.0000E+00  0.1898E-10  0.0000E+00  0.0000E+00
     1    71     1     1        0  0.0000E+00  0.7318E+01  0.0000E+00  0.0000E+00
     1    71     1     2        0  0.0000E+00  0.1612E-10  0.0000E+00  0.0000E+00
     1    72     1     1        0  0.0000E+00  0.1174E+02  0.0000E+00  0.0000E+00
     1    72     1     2        0  0.0000E+00  0.1001E-10  0.0000E+00  0.0000E+00
     1    73     1     1        0  0.0000E+00  0.3360E+02  0.0000E+00  0.0000E+00
     1    73     1     2        0  0.0000E+00  0.3782E-10  0.0000E+00  0.0000E+00
     1    74     1     1        0  0.0000E+00  0.1000E+03  0.0000E+00  0.0000E+00
     1    74     1     2        0  0.0000E+00  0.7392E-10  0.0000E+00  0.0000E+00
     1    75     1     1        0  0.0000E+00  0.5803E+01  0.0000E+00  0.0000E+00
     1    75     1     2        0  0.0000E+00  0.1438E-10  0.0000E+00  0.0000E+00
     1    76     1     1        0  0.0000E+00  0.3223E+02  0.0000E+00  0.0000E+00
     1    76     1     2        0  0.0000E+00  0.2828E-10  0.0000E+00  0.0000E+00
     1    77     1     1        0  0.0000E+00  0.1000E+03  0.0000E+00  0.0000E+00
     1    77     1     2        0  0.0000E+00  0.9253E-10  0.0000E+00  0.0000E+00
     1    78     1     1        0  0.0000E+00  0.2310E+02  0.0000E+00  0.0000E+00
     1    78     1     2        0  0.0000E+00  0.2778E-10  0.0000E+00  0.0000E+00
     1    79     1     1        0  0.0000E+00  0.8514E+01  0.0000E+00  0.0000E+00
     1    79     1     2        0  0.0000E+00  0.6771E-11  0.0000E+00  0.0000E+00
     1    80     1     1        0  0.0000E+00  0.3115E+02  0.0000E+00  0.0000E+00
     1    80     1     2        0  0.0000E+00  0.2527E-10  0.0000E+00  0.0000E+00
     1    81     1     1        0  0.0000E+00  0.1000E+03  0.0000E+00  0.0000E+00
     1    81     1     2        0  0.0000E+00  0.1247E-09  0.0000E+00  0.0000E+00
     1    82     1     1        0  0.0000E+00  0.2127E+02  0.0000E+00  0.0000E+00
     1    82     1     2        0  0.0000E+00  0.1016E-10  0.0000E+00  0.0000E+00
     1    83     1     1        0  0.0000E+00  0.4565E+02  0.0000E+00  0.0000E+00
     1    83     1     2        0  0.0000E+00  0.3693E-10  0.0000E+00  0.0000E+00
     1    84     1     1        0  0.0000E+00  0.1000E+03  0.0000E+00  0.0000E+00
     1    84     1     2        0  0.0000E+00  0.5886E-10  0.0000E+00  0.0000E+00
     1    85     1     1        0  0.0000E+00  0.6258E+01  0.0000E+00  0.0000E+00
     1    85     1     2        0  0.0000E+00  0.5978E-11  0.0000E+00  0.0000E+00
     1    86     1     1        0  0.0000E+00  0.2917E+02  0.0000E+00  0.0000E+00
     1    86     1     2        0  0.0000E+00  0.3474E-10  0.0000E+00  0.0000E+00
     1    87     1     1        0  0.0000E+00  0.5947E+02  0.0000E+00  0.0000E+00
     1    87     1     2        0  0.0000E+00  0.4053E-10  0.0000E+00  0.0000E+00
     1    88     1     1        0  0.0000E+00  0.3641E+02  0.0000E+00  0.0000E+00
     1    88     1     2        0  0.0000E+00  0.4551E-10  0.0000E+00  0.0000E+00
     1    89     1     1        0  0.0000E+00  0.2329E+02  0.0000E+00  0.0000E+00
     1    89     1     2        0  0.0000E+00  0.9559E-11  0.0000E+00  0.0000E+00
     1    90     1     1        0  0.0000E+00  0.4903E+02  0.0000E+00  0.0000E+00
     1    90     1     2        0  0.0000E+00  0.6590E-10  0.0000E+00  0.0000E+00
     1    91     1     1        0  0.0000E+00  0.6287E+02  0.0000E+00  0.0000E+00
     1    91     1     2        0  0.0000E+00  0.6298E-10  0.0000E+00  0.0000E+00
     1    92     1     1        0  0.0000E+00  0.6352E+02  0.0000E+00  0.0000E+00
     1    92     1     2        0  0.0000E+00  0.7981E-10  0.0000E+00  0.0000E+00
     1    93     1     1        0  0.0000E+00  0.5313E+02  0.0000E+00  0.0000E+00
     1    93     1     2        0  0.0000E+00  0.5792E-10  0.0000E+00  0.0000E+00
     1    94     1     1        0  0.0000E+00  0.8194E+02  0.0000E+00  0.0000E+00
     1    94     1     2        0  0.0000E+00  0.6500E-10  0.0000E+00  0.0000E+00
     1    95     1     1        0  0.0000E+00  0.9696E+02  0.0000E+00  0.0000E+00
     1    95     1     2        0  0.0000E+00  0.8779E-10  0.0000E+00  0.0000E+00
     1    96     1     1        0  0.0000E+00  0.4160E+02  0.0000E+00  0.0000E+00
     1    96     1     2        0  0.0000E+00  0.4902E-10  0.0000E+00  0.0000E+00
     1    97     1     1        0  0.0000E+00  0.1000E+03  0.0000E+00  0.0000E+00
     1    97     1     2        0  0.0000E+00  0.4101E-10  0.0000E+00  0.0000E+00
     1    98     1     1        0  0.0000E+00  0.1000E+03  0.0000E+00  0.0000E+00
     1    98     1     2        0  0.0000E+00  0.6955E-10  0.0000E+00  0.0000E+00
     1    99     1     1        0  0.0000E+00  0.2853E+02  0.0000E+00  0.0000E+00
     1    99     1     2        0  0.0000E+00  0.1867E-10  0.0000E+00  0.0000E+00
     1   100     1     1        0  0.0000E+00  0.5279E+02  0.0000E+00  0.0000E+00
     1   100     1     2        0  0.0000E+00  0.5051E-10  0.0000E+00  0.0000E+00
     1   101     1     1        0  0.0000E+00  0.6819E+02  0.0000E+00  0.0000E+00
     1   101     1     2        0  0.0000E+00  0.5779E-10  0.0000E+00  0.0000E+00
     1   102     1     1        0  0.0000E+00  0.3978E+02  0.0000E+00  0.0000E+00
     1   102     1     2        0  0.0000E+00  0.5439E-10  0.0000E+00  0.0000E+00
     1   103     1     1        0  0.0000E+00  0.7428E+02  0.0000E+00  0.0000E+00
     1   103     1     2        0  0.0000E+00  0.6802E-10  0.0000E+00  0.0000E+00
     1   104     1     1        0  0.0000E+00  0.4438E+02  0.0000E+00  0.0000E+00
     1   104     1     2        0  0.0000E+00  0.3790E-10  0.0000E+00  0.0000E+00
     1   105     1     1        0  0.0000E+00  0.1000E+03  0.0000E+00  0.0000E+00
     1   105     1     2        0  0.0000E+00  0.3707E-10  0.0000E+00  0.0000E+00
     1   106     1     1        0  0.0000E+00  0.1000E+03  0.0000E+00  0.0000E+00
     1   106     1     2        0  0.0000E+00  0.1239E-09  0.0000E+00  0.0000E+00
     1   107     1     1        0  0.0000E+00  0.2756E+02  0.0000E+00  0.0000E+00
     1   107     1     2        0  0.0000E+00  0.4556E-10  0.0000E+00  0.0000E+00
     1   108     1     1        0  0.0000E+00  0.4873E+02  0.0000E+00  0.0000E+00
     1   108     1     2        0  0.0000E+00  0.4652E-10  0.0000E+00  0.0000E+00
     1   109     1     1        0  0.0000E+00  0.6418E+02  0.0000E+00  0.0000E+00
     1   109     1     2        0  0.0000E+00  0.7220E-10  0.0000E+00  0.0000E+00
     1   110     1     1        0  0.0000E+00  0.5263E+02  0.0000E+00  0.0000E+00
     1   110     1     2        0  0.0000E+00  0.3918E-10  0.0000E+00  0.0000E+00
     1   111     1     1        0  0.0000E+00  0.7419E+02  0.0000E+00  0.0000E+00
     1   111     1     2        0  0.0000E+00  0.6559E-10  0.0000E+00  0.0000E+00
     1   112     1     1        0  0.0000E+00  0.4920E+02  0.0000E+00  0.0000E+00
     1   112     1     2        0  0.0000E+00  0.5748E-10  0.0000E+00  0.0000E+00
     1   113     1     1        0  0.0000E+00  0.1000E+03  0.0000E+00  0.0000E+00
     1   113     1     2        0  0.0000E+00  0.1280E-09  0.0000E+00  0.0000E+00
     1   114     1     1        0  0.0000E+00  0.8595E+02  0.0000E+00  0.0000E+00
     1   114     1     2        0  0.0000E+00  0.6429E-10  0.0000E+00  0.0000E+00
     1   115     1     1        0  0.0000E+00  0.1000E+03  0.0000E+00  0.0000E+00
     1   115     1     2        0  0.0000E+00  0.6797E-10  0.0000E+00  0.0000E+00
     1   116     1     1        0  0.0000E+00  0.1000E+03  0.0000E+00  0.0000E+00
     1   116     1     2        0  0.0000E+00  0.1056E-09  0.0000E+00  0.0000E+00
     1   117     1     1        0  0.0000E+00  0.3001E+02  0.0000E+00  0.0000E+00
     1   117     1     2        0  0.0000E+00  0.2656E-10  0.0000E+00  0.0000E+00
     1   118     1     1        0  0.0000E+00  0.3683E+02  0.0000E+00  0.0000E+00
     1   118     1     2        0  0.0000E+00  0.5091E-11  0.0000E+00  0.0000E+00
     1   119     1     1        0  0.0000E+00  0.9027E+02  0.0000E+00  0.0000E+00
     1   119     1     2        0  0.0000E+00  0.1054E-10  0.0000E+00  0.0000E+00
     1   120     1     1        0  0.0000E+00  0.1000E+03  0.0000E+00  0.0000E+00
     1   120     1     2        0  0.0000E+00  0.1096E-09  0.0000E+00  0.0000E+00
     1   121     1     1        0  0.0000E+00  0.4003E+02  0.0000E+00  0.0000E+00
     1   121     1     2        0  0.0000E+00  0.1619E-10  0.0000E+00  0.0000E+00
     1   122     1     1        0  0.0000E+00  0.2760E+02  0.0000E+00  0.0000E+00
     1   122     1     2        0  0.0000E+00  0.2499E-11  0.0000E+00  0.0000E+00
     1   123     1     1        0  0.0000E+00  0.8596E+02  0.0000E+00  0.0000E+00
     1   123     1     2        0  0.0000E+00  0.7697E-10  0.0000E+00  0.0000E+00
     1   124     1     1        0  0.0000E+00  0.4406E+02  0.0000E+00  0.0000E+00
     1   124     1     2        0  0.0000E+00  0.3149E-10  0.0000E+00  0.0000E+00
     1   125     1     1        0  0.0000E+00  0.1906E+02  0.0000E+00  0.0000E+00
     1   125     1     2        0  0.0000E+00  0.5511E-11  0.0000E+00  0.0000E+00
     1   126     1     1        0  0.0000E+00  0.2944E+02  0.0000E+00  0.0000E+00
     1   126     1     2        0  0.0000E+00  0.1209E-10  0.0000E+00  0.0000E+00
     1   127     1     1        0  0.0000E+00  0.7900E+02  0.0000E+00  0.0000E+00
     1   127     1     2        0  0.0000E+00  0.7426E-10  0.0000E+00  0.0000E+00
     1   128     1     1        0  0.0000E+00  0.1000E+03  0.0000E+00  0.0000E+00
     1   128     1     2        0  0.0000E+00  0.7515E-10  0.0000E+00  0.0000E+00
     1   129     1     1        0  0.0000E+00  0.3314E+02  0.0000E+00  0.0000E+00
     1   129     1     2        0  0.0000E+00  0.2521E-10  0.0000E+00  0.0000E+00
     1   130     1     1        0  0.0000E+00  0.7200E+02  0.0000E+00  0.0000E+00
     1   130     1     2        0  0.0000E+00  0.6823E-10  0.0000E+00  0.0000E+00
     1   131     1     1        0  0.0000E+00  0.1435E+02  0.0000E+00  0.0000E+00
     1   131     1     2        0  0.0000E+00  0.1012E-10  0.0000E+00  0.0000E+00
     1   132     1     1        0  0.0000E+00  0.2436E+02  0.0000E+00  0.0000E+00
     1   132     1     2        0  0.0000E+00  0.2777E-10  0.0000E+00  0.0000E+00
     1   133     1     1        0  0.0000E+00  0.2765E+02  0.0000E+00  0.0000E+00
     1   133     1     2        0  0.0000E+00  0.1126E-10  0.0000E+00  0.0000E+00
     1   134     1     1        0  0.0000E+00  0.1000E+03  0.0000E+00  0.0000E+00
     1   134     1     2        0  0.0000E+00  0.9213E-10  0.0000E+00  0.0000E+00
     1   135     1     1        0  0.0000E+00  0.3096E+02  0.0000E+00  0.0000E+00
     1   135     1     2        0  0.0000E+00  0.3031E-10  0.0000E+00  0.0000E+00
     1   136     1     1        0  0.0000E+00  0.7578E+02  0.0000E+00  0.0000E+00
     1   136     1     2        0  0.0000E+00  0.5154E-10  0.0000E+00  0.0000E+00
     1   137     1     1        0  0.0000E+00  0.6995E+02  0.0000E+00  0.0000E+00
     1   137     1     2        0  0.0000E+00  0.6492E-10  0.0000E+00  0.0000E+00
     1   138     1     1        0  0.0000E+00  0.1000E+03  0.0000E+00  0.0000E+00
     1   138     1     2        0  0.0000E+00  0.9571E-10  0.0000E+00  0.0000E+00
     1   139     1     1        0  0.0000E+00  0.4200E+02  0.0000E+00  0.0000E+00
     1   139     1     2        0  0.0000E+00  0.4122E-10  0.0000E+00  0.0000E+00
     1   140     1     1        0  0.0000E+00  0.3417E+02  0.0000E+00  0.0000E+00
     1   140     1     2        0  0.0000E+00  0.5418E-11  0.0000E+00  0.0000E+00
     1   141     1     1        0  0.0000E+00  0.1000E+03  0.0000E+00  0.0000E+00
     1   141     1     2        0  0.0000E+00  0.1180E-09  0.0000E+00  0.0000E+00
     1   142     1     1        0  0.0000E+00  0.2698E+02  0.0000E+00  0.0000E+00
     1   142     1     2        0  0.0000E+00  0.2656E-10  0.0000E+00  0.0000E+00
     1   143     1     1        0  0.0000E+00  0.2070E+02  0.0000E+00  0.0000E+00
     1   143     1     2        0  0.0000E+00  0.3673E-11  0.0000E+00  0.0000E+00
     1   144     1     1        0  0.0000E+00  0.8655E+02  0.0000E+00  0.0000E+00
     1   144     1     2        0  0.0000E+00  0.7973E-10  0.0000E+00  0.0000E+00
     1   145     1     1        0  0.0000E+00  0.2180E+02  0.0000E+00  0.0000E+00
     1   145     1     2        0  0.0000E+00  0.1164E-10  0.0000E+00  0.0000E+00
     1   146     1     1        0  0.0000E+00  0.2208E+02  0.0000E+00  0.0000E+00
     1   146     1     2        0  0.0000E+00  0.5575E-11  0.0000E+00  0.0000E+00
     1   147     1     1        0  0.0000E+00  0.6168E+02  0.0000E+00  0.0000E+00
     1   147     1     2        0  0.0000E+00  0.3619E-10  0.0000E+00  0.0000E+00
     1   148     1     1        0  0.0000E+00  0.5114E+02  0.0000E+00  0.0000E+00
     1   148     1     2        0  0.0000E+00  0.3080E-10  0.0000E+00  0.0000E+00
     1   149     1     1        0  0.0000E+00  0.4245E+02  0.0000E+00  0.0000E+00
     1   149     1     2        0  0.0000E+00  0.5080E-10  0.0000E+00  0.0000E+00
     1   150     1     1        0  0.0000E+00  0.6840E+02  0.0000E+00  0.0000E+00
     1   150     1     2        0  0.0000E+00  0.1961E-10  0.0000E+00  0.0000E+00
     1   151     1     1        0  0.0000E+00  0.2708E+02  0.0000E+00  0.0000E+00
     1   151     1     2        0  0.0000E+00  0.4046E-10  0.0000E+00  0.0000E+00
     1   152     1     1        0  0.0000E+00  0.2120E+02  0.0000E+00  0.0000E+00
     1   152     1     2        0  0.0000E+00  0.2622E-10  0.0000E+00  0.0000E+00
     1   153     1     1        0  0.0000E+00  0.2848E+02  0.0000E+00  0.0000E+00
     1   153     1     2        0  0.0000E+00  0.1702E-10  0.0000E+00  0.0000E+00
     1   154     1     1        0  0.0000E+00  0.5958E+02  0.0000E+00  0.0000E+00
     1   154     1     2        0  0.0000E+00  0.6057E-10  0.0000E+00  0.0000E+00
     1   155     1     1        0  0.0000E+00  0.4439E+02  0.0000E+00  0.0000E+00
     1   155     1     2        0  0.0000E+00  0.2166E-10  0.0000E+00  0.0000E+00
     1   156     1     1        0  0.0000E+00  0.5469E+02  0.0000E+00  0.0000E+00
     1   156     1     2        0  0.0000E+00  0.6402E-10  0.0000E+00  0.0000E+00
     1   157     1     1        0  0.0000E+00  0.3479E+02  0.0000E+00  0.0000E+00
     1   157     1     2        0  0.0000E+00  0.2695E-10  0.0000E+00  0.0000E+00
     1   158     1     1        0  0.0000E+00  0.8516E+02  0.0000E+00  0.0000E+00
     1   158     1     2        0  0.0000E+00  0.9259E-11  0.0000E+00  0.0000E+00
     1   159     1     1        0  0.0000E+00  0.4934E+02  0.0000E+00  0.0000E+00
     1   159     1     2        0  0.0000E+00  0.6121E-10  0.0000E+00  0.0000E+00
     1   160     1     1        0  0.0000E+00  0.3191E+02  0.0000E+00  0.0000E+00
     1   160     1     2        0  0.0000E+00  0.2306E-10  0.0000E+00  0.0000E+00
     1   161     1     1        0  0.0000E+00  0.8879E+02  0.0000E+00  0.0000E+00
     1   161     1     2        0  0.0000E+00  0.6303E-10  0.0000E+00  0.0000E+00
     1   162     1     1        0  0.0000E+00  0.1000E+03  0.0000E+00  0.0000E+00
     1   162     1     2        0  0.0000E+00  0.1057E-09  0.0000E+00  0.0000E+00
     1   163     1     1        0  0.0000E+00  0.3951E+02  0.0000E+00  0.0000E+00
     1   163     1     2        0  0.0000E+00  0.4060E-10  0.0000E+00  0.0000E+00
     1   164     1     1        0  0.0000E+00  0.1000E+03  0.0000E+00  0.0000E+00
     1   164     1     2        0  0.0000E+00  0.1037E-09  0.0000E+00  0.0000E+00
     1   165     1     1        0  0.0000E+00  0.5304E+02  0.0000E+00  0.0000E+00
     1   165     1     2        0  0.0000E+00  0.6535E-10  0.0000E+00  0.0000E+00
     1   166     1     1        0  0.0000E+00  0.1000E+03  0.0000E+00  0.0000E+00
     1   166     1     2        0  0.0000E+00  0.1206E-09  0.0000E+00  0.0000E+00
     1   167     1     1        0  0.0000E+00  0.8834E+02  0.0000E+00  0.0000E+00
     1   167     1     2        0  0.0000E+00  0.8370E-10  0.0000E+00  0.0000E+00
     1   168     1     1        0  0.0000E+00  0.7607E+02  0.0000E+00  0.0000E+00
     1   168     1     2        0  0.0000E+00  0.7372E-10  0.0000E+00  0.0000E+00
     1   169     1     1        0  0.0000E+00  0.1000E+03  0.0000E+00  0.0000E+00
     1   169     1     2        0  0.0000E+00  0.1002E-09  0.0000E+00  0.0000E+00
     1   170     1     1        0  0.0000E+00  0.3671E+02  0.0000E+00  0.0000E+00
     1   170     1     2        0  0.0000E+00  0.2631E-10  0.0000E+00  0.0000E+00
     1   171     1     1        0  0.0000E+00  0.4367E+02  0.0000E+00  0.0000E+00
     1   171     1     2        0  0.0000E+00  0.2341E-10  0.0000E+00  0.0000E+00
     1   172     1     1        0  0.0000E+00  0.9526E+02  0.0000E+00  0.0000E+00
     1   172     1     2        0  0.0000E+00  0.8445E-10  0.0000E+00  0.0000E+00
     1   173     1     1        0  0.0000E+00  0.2758E+02  0.0000E+00  0.0000E+00
     1   173     1     2        0  0.0000E+00  0.3263E-10  0.0000E+00  0.0000E+00
     1   174     1     1        0  0.0000E+00  0.3644E+02  0.0000E+00  0.0000E+00
     1   174     1     2        0  0.0000E+00  0.2873E-10  0.0000E+00  0.0000E+00
     1   175     1     1        0  0.0000E+00  0.5961E+02  0.0000E+00  0.0000E+00
     1   175     1     2        0  0.0000E+00  0.6958E-10  0.0000E+00  0.0000E+00
     1   176     1     1        0  0.0000E+00  0.5638E+02  0.0000E+00  0.0000E+00
     1   176     1     2        0  0.0000E+00  0.7403E-10  0.0000E+00  0.0000E+00
     1   177     1     1        0  0.0000E+00  0.1000E+03  0.0000E+00  0.0000E+00
     1   177     1     2        0  0.0000E+00  0.1116E-09  0.0000E+00  0.0000E+00
     1   178     1     1        0  0.0000E+00  0.1000E+03  0.0000E+00  0.0000E+00
     1   178     1     2        0  0.0000E+00  0.9477E-10  0.0000E+00  0.0000E+00
     1   179     1     1        0  0.0000E+00  0.1546E+02  0.0000E+00  0.0000E+00
     1   179     1     2        0  0.0000E+00  0.1910E-10  0.0000E+00  0.0000E+00
     1   180     1     1        0  0.0000E+00  0.4037E+02  0.0000E+00  0.0000E+00
     1   180     1     2        0  0.0000E+00  0.3084E-10  0.0000E+00  0.0000E+00
     1   181     1     1        0  0.0000E+00  0.3715E+02  0.0000E+00  0.0000E+00
     1   181     1     2        0  0.0000E+00  0.1120E-10  0.0000E+00  0.0000E+00
     1   182     1     1        0  0.0000E+00  0.1817E+01  0.0000E+00  0.0000E+00
     1   182     1     2        0  0.0000E+00  0.2394E-11  0.0000E+00  0.0000E+00
     1   183     1     1        0  0.0000E+00  0.9915E+01  0.0000E+00  0.0000E+00
     1   183     1     2        0  0.0000E+00  0.1151E-10  0.0000E+00  0.0000E+00
     1   184     1     1        0  0.0000E+00  0.3145E+02  0.0000E+00  0.0000E+00
     1   184     1     2        0  0.0000E+00  0.2510E-10  0.0000E+00  0.0000E+00
     1   185     1     1        0  0.0000E+00  0.1000E+03  0.0000E+00  0.0000E+00
     1   185     1     2        0  0.0000E+00  0.9247E-10  0.0000E+00  0.0000E+00
     1   186     1     1        0  0.0000E+00  0.6042E+01  0.0000E+00  0.0000E+00
     1   186     1     2        0  0.0000E+00  0.2502E-11  0.0000E+00  0.0000E+00
     1   187     1     1        0  0.0000E+00  0.9959E+01  0.0000E+00  0.0000E+00
     1   187     1     2        0  0.0000E+00  0.1604E-10  0.0000E+00  0.0000E+00
     1   188     1     1        0  0.0000E+00  0.2426E+02  0.0000E+00  0.0000E+00
     1   188     1     2        0  0.0000E+00  0.1668E-10  0.0000E+00  0.0000E+00
     1   189     1     1        0  0.0000E+00  0.1000E+03  0.0000E+00  0.0000E+00
     1   189     1     2        0  0.0000E+00  0.9056E-10  0.0000E+00  0.0000E+00
     1   190     1     1        0  0.0000E+00  0.9547E+01  0.0000E+00  0.0000E+00
     1   190     1     2        0  0.0000E+00  0.1554E-10  0.0000E+00  0.0000E+00
     1   191     1     1        0  0.0000E+00  0.7461E+01  0.0000E+00  0.0000E+00
     1   191     1     2        0  0.0000E+00  0.5728E-11  0.0000E+00  0.0000E+00
     1   192     1     1        0  0.0000E+00  0.2035E+02  0.0000E+00  0.0000E+00
     1   192     1     2        0  0.0000E+00  0.1814E-10  0.0000E+00  0.0000E+00
     1   193     1     1        0  0.0000E+00  0.6407E+02  0.0000E+00  0.0000E+00
     1   193     1     2        0  0.0000E+00  0.6333E-10  0.0000E+00  0.0000E+00
     1   194     1     1        0  0.0000E+00  0.1944E+02  0.0000E+00  0.0000E+00
     1   194     1     2        0  0.0000E+00  0.8232E-11  0.0000E+00  0.0000E+00
     1   195     1     1        0  0.0000E+00  0.5336E+01  0.0000E+00  0.0000E+00
     1   195     1     2        0  0.0000E+00  0.5504E-11  0.0000E+00  0.0000E+00
     1   196     1     1        0  0.0000E+00  0.1712E+02  0.0000E+00  0.0000E+00
     1   196     1     2        0  0.0000E+00  0.2099E-10  0.0000E+00  0.0000E+00
     1   197     1     1        0  0.0000E+00  0.4416E+02  0.0000E+00  0.0000E+00
     1   197     1     2        0  0.0000E+00  0.3998E-10  0.0000E+00  0.0000E+00
     1   198     1     1        0  0.0000E+00  0.3517E+02  0.0000E+00  0.0000E+00
     1   198     1     2        0  0.0000E+00  0.5621E-10  0.0000E+00  0.0000E+00
     1   199     1     1        0  0.0000E+00  0.2543E+01  0.0000E+00  0.0000E+00
     1   199     1     2        0  0.0000E+00  0.2647E-11  0.0000E+00  0.0000E+00
     1   200     1     1        0  0.0000E+00  0.1490E+02  0.0000E+00  0.0000E+00
     1   200     1     2        0  0.0000E+00  0.7507E-11  0.0000E+00  0.0000E+00
     1   201     1     1        0  0.0000E+00  0.3461E+02  0.0000E+00  0.0000E+00
     1   201     1     2        0  0.0000E+00  0.3036E-10  0.0000E+00  0.0000E+00
     1   202     1     1        0  0.0000E+00  0.7191E+02  0.0000E+00  0.0000E+00
     1   202     1     2        0  0.0000E+00  0.7600E-10  0.0000E+00  0.0000E+00
     1   203     1     1        0  0.0000E+00  0.6595E+00  0.0000E+00  0.0000E+00
     1   203     1     2        0  0.0000E+00  0.4808E-11  0.0000E+00  0.0000E+00
     1   204     1     1        0  0.0000E+00  0.1211E+02  0.0000E+00  0.0000E+00
     1   204     1     2        0  0.0000E+00  0.1724E-10  0.0000E+00  0.0000E+00
     1   205     1     1        0  0.0000E+00  0.2832E+02  0.0000E+00  0.0000E+00
     1   205     1     2        0  0.0000E+00  0.3202E-10  0.0000E+00  0.0000E+00
     1   206     1     1        0  0.0000E+00  0.1000E+03  0.0000E+00  0.0000E+00
     1   206     1     2        0  0.0000E+00  0.7453E-10  0.0000E+00  0.0000E+00
     1   207     1     1        0  0.0000E+00  0.4031E+01  0.0000E+00  0.0000E+00
     1   207     1     2        0  0.0000E+00  0.4485E-11  0.0000E+00  0.0000E+00
     1   208     1     1        0  0.0000E+00  0.9929E+01  0.0000E+00  0.0000E+00
     1   208     1     2        0  0.0000E+00  0.1418E-10  0.0000E+00  0.0000E+00
     1   209     1     1        0  0.0000E+00  0.2248E+02  0.0000E+00  0.0000E+00
     1   209     1     2        0  0.0000E+00  0.1749E-10  0.0000E+00  0.0000E+00
     1   210     1     1        0  0.0000E+00  0.1000E+03  0.0000E+00  0.0000E+00
     1   210     1     2        0  0.0000E+00  0.7332E-10  0.0000E+00  0.0000E+00
     1   211     1     1        0  0.0000E+00  0.8274E+01  0.0000E+00  0.0000E+00
     1   211     1     2        0  0.0000E+00  0.2128E-10  0.0000E+00  0.0000E+00
     1   212     1     1        0  0.0000E+00  0.6444E+01  0.0000E+00  0.0000E+00
     1   212     1     2        0  0.0000E+00  0.7408E-11  0.0000E+00  0.0000E+00
     1   213     1     1        0  0.0000E+00  0.2081E+02  0.0000E+00  0.0000E+00
     1   213     1     2        0  0.0000E+00  0.2024E-10  0.0000E+00  0.0000E+00
     1   214     1     1        0  0.0000E+00  0.6273E+02  0.0000E+00  0.0000E+00
     1   214     1     2        0  0.0000E+00  0.4803E-10  0.0000E+00  0.0000E+00
     1   215     1     1        0  0.0000E+00  0.2098E+02  0.0000E+00  0.0000E+00
     1   215     1     2        0  0.0000E+00  0.2719E-10  0.0000E+00  0.0000E+00
     1   216     1     1        0  0.0000E+00  0.6849E+01  0.0000E+00  0.0000E+00
     1   216     1     2        0  0.0000E+00  0.2153E-11  0.0000E+00  0.0000E+00
     1   217     1     1        0  0.0000E+00  0.1714E+02  0.0000E+00  0.0000E+00
     1   217     1     2        0  0.0000E+00  0.1716E-10  0.0000E+00  0.0000E+00
     1   218     1     1        0  0.0000E+00  0.5053E+02  0.0000E+00  0.0000E+00
     1   218     1     2        0  0.0000E+00  0.4436E-10  0.0000E+00  0.0000E+00
     1   219     1     1        0  0.0000E+00  0.2064E+02  0.0000E+00  0.0000E+00
     1   219     1     2        0  0.0000E+00  0.3064E-10  0.0000E+00  0.0000E+00
     1   220     1     1        0  0.0000E+00  0.2066E+01  0.0000E+00  0.0000E+00
     1   220     1     2        0  0.0000E+00  0.3098E-11  0.0000E+00  0.0000E+00
     1   221     1     1        0  0.0000E+00  0.1710E+02  0.0000E+00  0.0000E+00
     1   221     1     2        0  0.0000E+00  0.6716E-11  0.0000E+00  0.0000E+00
     1   222     1     1        0  0.0000E+00  0.3676E+02  0.0000E+00  0.0000E+00
     1   222     1     2        0  0.0000E+00  0.3070E-10  0.0000E+00  0.0000E+00
     1   223     1     1        0  0.0000E+00  0.6075E+02  0.0000E+00  0.0000E+00
     1   223     1     2        0  0.0000E+00  0.4597E-10  0.0000E+00  0.0000E+00
     1   224     1     1        0  0.0000E+00  0.4735E+01  0.0000E+00  0.0000E+00
     1   224     1     2        0  0.0000E+00  0.3024E-11  0.0000E+00  0.0000E+00
     1   225     1     1        0  0.0000E+00  0.1162E+02  0.0000E+00  0.0000E+00
     1   225     1     2        0  0.0000E+00  0.7743E-11  0.0000E+00  0.0000E+00
     1   226     1     1        0  0.0000E+00  0.3634E+02  0.0000E+00  0.0000E+00
     1   226     1     2        0  0.0000E+00  0.3386E-10  0.0000E+00  0.0000E+00
     1   227     1     1        0  0.0000E+00  0.6008E+02  0.0000E+00  0.0000E+00
     1   227     1     2        0  0.0000E+00  0.6331E-10  0.0000E+00  0.0000E+00
     1   228     1     1        0  0.0000E+00  0.4453E+01  0.0000E+00  0.0000E+00
     1   228     1     2        0  0.0000E+00  0.1492E-10  0.0000E+00  0.0000E+00
     1   229     1     1        0  0.0000E+00  0.1606E+02  0.0000E+00  0.0000E+00
     1   229     1     2        0  0.0000E+00  0.1494E-10  0.0000E+00  0.0000E+00
     1   230     1     1        0  0.0000E+00  0.2428E+02  0.0000E+00  0.0000E+00
     1   230     1     2        0  0.0000E+00  0.2030E-10  0.0000E+00  0.0000E+00
     1   231     1     1        0  0.0000E+00  0.1000E+03  0.0000E+00  0.0000E+00
     1   231     1     2        0  0.0000E+00  0.8388E-10  0.0000E+00  0.0000E+00
     1   232     1     1        0  0.0000E+00  0.5179E+01  0.0000E+00  0.0000E+00
     1   232     1     2        0  0.0000E+00  0.2467E-12  0.0000E+00  0.0000E+00
     1   233     1     1        0  0.0000E+00  0.4135E+01  0.0000E+00  0.0000E+00
     1   233     1     2        0  0.0000E+00  0.1410E-11  0.0000E+00  0.0000E+00
     1   234     1     1        0  0.0000E+00  0.2466E+02  0.0000E+00  0.0000E+00
     1   234     1     2        0  0.0000E+00  0.2331E-10  0.0000E+00  0.0000E+00
     1   235     1     1        0  0.0000E+00  0.8304E+02  0.0000E+00  0.0000E+00
     1   235     1     2        0  0.0000E+00  0.6777E-10  0.0000E+00  0.0000E+00
     1   236     1     1        0  0.0000E+00  0.2468E+02  0.0000E+00  0.0000E+00
     1   236     1     2        0  0.0000E+00  0.3318E-11  0.0000E+00  0.0000E+00
     1   237     1     1        0  0.0000E+00  0.1404E+02  0.0000E+00  0.0000E+00
     1   237     1     2        0  0.0000E+00  0.1053E-10  0.0000E+00  0.0000E+00
     1   238     1     1        0  0.0000E+00  0.1690E+02  0.0000E+00  0.0000E+00
     1   238     1     2        0  0.0000E+00  0.1448E-10  0.0000E+00  0.0000E+00
     1   239     1     1        0  0.0000E+00  0.1000E+03  0.0000E+00  0.0000E+00
     1   239     1     2        0  0.0000E+00  0.8266E-10  0.0000E+00  0.0000E+00
     1   240     1     1        0  0.0000E+00  0.1621E+02  0.0000E+00  0.0000E+00
     1   240     1     2        0  0.0000E+00  0.2162E-10  0.0000E+00  0.0000E+00
     1   241     1     1        0  0.0000E+00  0.4250E+02  0.0000E+00  0.0000E+00
     1   241     1     2        0  0.0000E+00  0.3429E-10  0.0000E+00  0.0000E+00
     1   242     1     1        0  0.0000E+00  0.3028E+02  0.0000E+00  0.0000E+00
     1   242     1     2        0  0.0000E+00  0.4372E-10  0.0000E+00  0.0000E+00
     1   243     1     1        0  0.0000E+00  0.1852E+01  0.0000E+00  0.0000E+00
     1   243     1     2        0  0.0000E+00  0.1843E-11  0.0000E+00  0.0000E+00
     1   244     1     1        0  0.0000E+00  0.1044E+02  0.0000E+00  0.0000E+00
     1   244     1     2        0  0.0000E+00  0.2279E-10  0.0000E+00  0.0000E+00
     1   245     1     1        0  0.0000E+00  0.3307E+02  0.0000E+00  0.0000E+00
     1   245     1     2        0  0.0000E+00  0.2639E-10  0.0000E+00  0.0000E+00
     1   246     1     1        0  0.0000E+00  0.1000E+03  0.0000E+00  0.0000E+00
     1   246     1     2        0  0.0000E+00  0.1340E-09  0.0000E+00  0.0000E+00
     1   247     1     1        0  0.0000E+00  0.4739E+01  0.0000E+00  0.0000E+00
     1   247     1     2        0  0.0000E+00  0.2029E-11  0.0000E+00  0.0000E+00
     1   248     1     1        0  0.0000E+00  0.1048E+02  0.0000E+00  0.0000E+00
     1   248     1     2        0  0.0000E+00  0.2628E-11  0.0000E+00  0.0000E+00
     1   249     1     1        0  0.0000E+00  0.2530E+02  0.0000E+00  0.0000E+00
     1   249     1     2        0  0.0000E+00  0.2453E-10  0.0000E+00  0.0000E+00
     1   250     1     1        0  0.0000E+00  0.1000E+03  0.0000E+00  0.0000E+00
     1   250     1     2        0  0.0000E+00  0.9563E-10  0.0000E+00  0.0000E+00
     1   251     1     1        0  0.0000E+00  0.8064E+01  0.0000E+00  0.0000E+00
     1   251     1     2        0  0.0000E+00  0.2107E-10  0.0000E+00  0.0000E+00
     1   252     1     1        0  0.0000E+00  0.8340E+01  0.0000E+00  0.0000E+00
     1   252     1     2        0  0.0000E+00  0.1369E-10  0.0000E+00  0.0000E+00
     1   253     1     1        0  0.0000E+00  0.2161E+02  0.0000E+00  0.0000E+00
     1   253     1     2        0  0.0000E+00  0.1758E-10  0.0000E+00  0.0000E+00
     1   254     1     1        0  0.0000E+00  0.7706E+02  0.0000E+00  0.0000E+00
     1   254     1     2        0  0.0000E+00  0.7261E-10  0.0000E+00  0.0000E+00
     1   255     1     1        0  0.0000E+00  0.1575E+02  0.0000E+00  0.0000E+00
     1   255     1     2        0  0.0000E+00  0.1727E-10  0.0000E+00  0.0000E+00
     1   256     1     1        0  0.0000E+00  0.6233E+01  0.0000E+00  0.0000E+00
     1   256     1     2        0  0.0000E+00  0.5800E-11  0.0000E+00  0.0000E+00
     1   257     1     1        0  0.0000E+00  0.1807E+02  0.0000E+00  0.0000E+00
     1   257     1     2        0  0.0000E+00  0.1473E-10  0.0000E+00  0.0000E+00
     1   258     1     1        0  0.0000E+00  0.4941E+02  0.0000E+00  0.0000E+00
     1   258     1     2        0  0.0000E+00  0.4094E-10  0.0000E+00  0.0000E+00
     1   259     1     1        0  0.0000E+00  0.2693E+02  0.0000E+00  0.0000E+00
     1   259     1     2        0  0.0000E+00  0.3103E-10  0.0000E+00  0.0000E+00
     1   260     1     1        0  0.0000E+00  0.3504E+01  0.0000E+00  0.0000E+00
     1   260     1     2        0  0.0000E+00  0.3181E-11  0.0000E+00  0.0000E+00
     1   261     1     1        0  0.0000E+00  0.1529E+02  0.0000E+00  0.0000E+00
     1   261     1     2        0  0.0000E+00  0.1950E-10  0.0000E+00  0.0000E+00
     1   262     1     1        0  0.0000E+00  0.3652E+02  0.0000E+00  0.0000E+00
     1   262     1     2        0  0.0000E+00  0.3531E-10  0.0000E+00  0.0000E+00
     1   263     1     1        0  0.0000E+00  0.6054E+02  0.0000E+00  0.0000E+00
     1   263     1     2        0  0.0000E+00  0.6640E-10  0.0000E+00  0.0000E+00
     1   264     1     1        0  0.0000E+00  0.7219E+00  0.0000E+00  0.0000E+00
     1   264     1     2        0  0.0000E+00  0.3394E-11  0.0000E+00  0.0000E+00
     1   265     1     1        0  0.0000E+00  0.1299E+02  0.0000E+00  0.0000E+00
     1   265     1     2        0  0.0000E+00  0.9589E-11  0.0000E+00  0.0000E+00
     1   266     1     1        0  0.0000E+00  0.3019E+02  0.0000E+00  0.0000E+00
     1   266     1     2        0  0.0000E+00  0.2950E-10  0.0000E+00  0.0000E+00
     1   267     1     1        0  0.0000E+00  0.1000E+03  0.0000E+00  0.0000E+00
     1   267     1     2        0  0.0000E+00  0.1202E-09  0.0000E+00  0.0000E+00
     1   268     1     1        0  0.0000E+00  0.3080E+01  0.0000E+00  0.0000E+00
     1   268     1     2        0  0.0000E+00  0.1530E-10  0.0000E+00  0.0000E+00
     1   269     1     1        0  0.0000E+00  0.1112E+02  0.0000E+00  0.0000E+00
     1   269     1     2        0  0.0000E+00  0.7715E-11  0.0000E+00  0.0000E+00
     1   270     1     1        0  0.0000E+00  0.2424E+02  0.0000E+00  0.0000E+00
     1   270     1     2        0  0.0000E+00  0.1655E-10  0.0000E+00  0.0000E+00
     1   271     1     1        0  0.0000E+00  0.1000E+03  0.0000E+00  0.0000E+00
     1   271     1     2        0  0.0000E+00  0.1054E-09  0.0000E+00  0.0000E+00
     1   272     1     1        0  0.0000E+00  0.6364E+01  0.0000E+00  0.0000E+00
     1   272     1     2        0  0.0000E+00  0.6872E-11  0.0000E+00  0.0000E+00
     1   273     1     1        0  0.0000E+00  0.7218E+01  0.0000E+00  0.0000E+00
     1   273     1     2        0  0.0000E+00  0.5642E-11  0.0000E+00  0.0000E+00
     1   274     1     1        0  0.0000E+00  0.2186E+02  0.0000E+00  0.0000E+00
     1   274     1     2        0  0.0000E+00  0.2454E-10  0.0000E+00  0.0000E+00
     1   275     1     1        0  0.0000E+00  0.7440E+02  0.0000E+00  0.0000E+00
     1   275     1     2        0  0.0000E+00  0.6457E-10  0.0000E+00  0.0000E+00
     1   276     1     1        0  0.0000E+00  0.1767E+02  0.0000E+00  0.0000E+00
     1   276     1     2        0  0.0000E+00  0.1205E-10  0.0000E+00  0.0000E+00
     1   277     1     1        0  0.0000E+00  0.8074E+01  0.0000E+00  0.0000E+00
     1   277     1     2        0  0.0000E+00  0.2468E-10  0.0000E+00  0.0000E+00
     1   278     1     1        0  0.0000E+00  0.1643E+02  0.0000E+00  0.0000E+00
     1   278     1     2        0  0.0000E+00  0.1232E-10  0.0000E+00  0.0000E+00
     1   279     1     1        0  0.0000E+00  0.5093E+02  0.0000E+00  0.0000E+00
     1   279     1     2        0  0.0000E+00  0.4833E-10  0.0000E+00  0.0000E+00
     1   280     1     1        0  0.0000E+00  0.2416E+02  0.0000E+00  0.0000E+00
     1   280     1     2        0  0.0000E+00  0.1713E-10  0.0000E+00  0.0000E+00
     1   281     1     1        0  0.0000E+00  0.1903E+01  0.0000E+00  0.0000E+00
     1   281     1     2        0  0.0000E+00  0.9905E-11  0.0000E+00  0.0000E+00
     1   282     1     1        0  0.0000E+00  0.1757E+02  0.0000E+00  0.0000E+00
     1   282     1     2        0  0.0000E+00  0.2091E-10  0.0000E+00  0.0000E+00
     1   283     1     1        0  0.0000E+00  0.3494E+02  0.0000E+00  0.0000E+00
     1   283     1     2        0  0.0000E+00  0.3454E-10  0.0000E+00  0.0000E+00
     1   284     1     1        0  0.0000E+00  0.6371E+02  0.0000E+00  0.0000E+00
     1   284     1     2        0  0.0000E+00  0.7628E-10  0.0000E+00  0.0000E+00
     1   285     1     1        0  0.0000E+00  0.3819E+01  0.0000E+00  0.0000E+00
     1   285     1     2        0  0.0000E+00  0.4185E-11  0.0000E+00  0.0000E+00
     1   286     1     1        0  0.0000E+00  0.1124E+02  0.0000E+00  0.0000E+00
     1   286     1     2        0  0.0000E+00  0.1124E-10  0.0000E+00  0.0000E+00
     1   287     1     1        0  0.0000E+00  0.3293E+02  0.0000E+00  0.0000E+00
     1   287     1     2        0  0.0000E+00  0.3916E-10  0.0000E+00  0.0000E+00
     1   288     1     1        0  0.0000E+00  0.1000E+03  0.0000E+00  0.0000E+00
     1   288     1     2        0  0.0000E+00  0.9497E-10  0.0000E+00  0.0000E+00
     1   289     1     1        0  0.0000E+00  0.6424E+01  0.0000E+00  0.0000E+00
     1   289     1     2        0  0.0000E+00  0.3207E-11  0.0000E+00  0.0000E+00
     1   290     1     1        0  0.0000E+00  0.1511E+02  0.0000E+00  0.0000E+00
     1   290     1     2        0  0.0000E+00  0.1430E-10  0.0000E+00  0.0000E+00
     1   291     1     1        0  0.0000E+00  0.2251E+02  0.0000E+00  0.0000E+00
     1   291     1     2        0  0.0000E+00  0.1739E-10  0.0000E+00  0.0000E+00
     1   292     1     1        0  0.0000E+00  0.1000E+03  0.0000E+00  0.0000E+00
     1   292     1     2        0  0.0000E+00  0.1057E-09  0.0000E+00  0.0000E+00
     1   293     1     1        0  0.0000E+00  0.5179E+01  0.0000E+00  0.0000E+00
     1   293     1     2        0  0.0000E+00  0.8350E-11  0.0000E+00  0.0000E+00
     1   294     1     1        0  0.0000E+00  0.6546E+01  0.0000E+00  0.0000E+00
     1   294     1     2        0  0.0000E+00  0.1987E-11  0.0000E+00  0.0000E+00
     1   295     1     1        0  0.0000E+00  0.2446E+02  0.0000E+00  0.0000E+00
     1   295     1     2        0  0.0000E+00  0.2709E-10  0.0000E+00  0.0000E+00
     1   296     1     1        0  0.0000E+00  0.8605E+02  0.0000E+00  0.0000E+00
     1   296     1     2        0  0.0000E+00  0.8134E-10  0.0000E+00  0.0000E+00
     1   297     1     1        0  0.0000E+00  0.2184E+02  0.0000E+00  0.0000E+00
     1   297     1     2        0  0.0000E+00  0.2984E-10  0.0000E+00  0.0000E+00
     1   298     1     1        0  0.0000E+00  0.1153E+02  0.0000E+00  0.0000E+00
     1   298     1     2        0  0.0000E+00  0.9263E-12  0.0000E+00  0.0000E+00
     1   299     1     1        0  0.0000E+00  0.1542E+02  0.0000E+00  0.0000E+00
     1   299     1     2        0  0.0000E+00  0.1178E-10  0.0000E+00  0.0000E+00
     1   300     1     1        0  0.0000E+00  0.4000E+02  0.0000E+00  0.0000E+00
     1   300     1     2        0  0.0000E+00  0.3776E-10  0.0000E+00  0.0000E+00
     1   301     1     1        0  0.0000E+00  0.7315E+02  0.0000E+00  0.0000E+00
     1   301     1     2        0  0.0000E+00  0.9237E-10  0.0000E+00  0.0000E+00
     1   302     1     1        0  0.0000E+00  0.3227E+01  0.0000E+00  0.0000E+00
     1   302     1     2        0  0.0000E+00  0.6265E-11  0.0000E+00  0.0000E+00
     1   303     1     1        0  0.0000E+00  0.1447E+02  0.0000E+00  0.0000E+00
     1   303     1     2        0  0.0000E+00  0.1445E-11  0.0000E+00  0.0000E+00
     1   304     1     1        0  0.0000E+00  0.2637E+02  0.0000E+00  0.0000E+00
     1   304     1     2        0  0.0000E+00  0.2264E-10  0.0000E+00  0.0000E+00
     1   305     1     1        0  0.0000E+00  0.1000E+03  0.0000E+00  0.0000E+00
     1   305     1     2        0  0.0000E+00  0.7881E-10  0.0000E+00  0.0000E+00
     1   306     1     1        0  0.0000E+00  0.7882E+01  0.0000E+00  0.0000E+00
     1   306     1     2        0  0.0000E+00  0.1792E-10  0.0000E+00  0.0000E+00
     1   307     1     1        0  0.0000E+00  0.1083E+02  0.0000E+00  0.0000E+00
     1   307     1     2        0  0.0000E+00  0.1580E-11  0.0000E+00  0.0000E+00
     1   308     1     1        0  0.0000E+00  0.1977E+02  0.0000E+00  0.0000E+00
     1   308     1     2        0  0.0000E+00  0.1044E-10  0.0000E+00  0.0000E+00
     1   309     1     1        0  0.0000E+00  0.9073E+02  0.0000E+00  0.0000E+00
     1   309     1     2        0  0.0000E+00  0.8727E-10  0.0000E+00  0.0000E+00
     1   310     1     1        0  0.0000E+00  0.6722E+01  0.0000E+00  0.0000E+00
     1   310     1     2        0  0.0000E+00  0.4211E-11  0.0000E+00  0.0000E+00
     1   311     1     1        0  0.0000E+00  0.3709E+01  0.0000E+00  0.0000E+00
     1   311     1     2        0  0.0000E+00  0.2116E-11  0.0000E+00  0.0000E+00
     1   312     1     1        0  0.0000E+00  0.2008E+02  0.0000E+00  0.0000E+00
     1   312     1     2        0  0.0000E+00  0.2887E-10  0.0000E+00  0.0000E+00
     1   313     1     1        0  0.0000E+00  0.3947E+02  0.0000E+00  0.0000E+00
     1   313     1     2        0  0.0000E+00  0.3331E-10  0.0000E+00  0.0000E+00
     1   314     1     1        0  0.0000E+00  0.5012E+02  0.0000E+00  0.0000E+00
     1   314     1     2        0  0.0000E+00  0.5144E-10  0.0000E+00  0.0000E+00
     1   315     1     1        0  0.0000E+00  0.6491E+01  0.0000E+00  0.0000E+00
     1   315     1     2        0  0.0000E+00  0.1516E-10  0.0000E+00  0.0000E+00
     1   316     1     1        0  0.0000E+00  0.1355E+02  0.0000E+00  0.0000E+00
     1   316     1     2        0  0.0000E+00  0.1260E-10  0.0000E+00  0.0000E+00
     1   317     1     1        0  0.0000E+00  0.3687E+02  0.0000E+00  0.0000E+00
     1   317     1     2        0  0.0000E+00  0.3136E-10  0.0000E+00  0.0000E+00
     1   318     1     1        0  0.0000E+00  0.4142E+02  0.0000E+00  0.0000E+00
     1   318     1     2        0  0.0000E+00  0.3270E-10  0.0000E+00  0.0000E+00
     1   319     1     1        0  0.0000E+00  0.1416E+02  0.0000E+00  0.0000E+00
     1   319     1     2        0  0.0000E+00  0.1070E-10  0.0000E+00  0.0000E+00
     1   320     1     1        0  0.0000E+00  0.2135E+02  0.0000E+00  0.0000E+00
     1   320     1     2        0  0.0000E+00  0.2648E-10  0.0000E+00  0.0000E+00
     1   321     1     1        0  0.0000E+00  0.2246E+02  0.0000E+00  0.0000E+00
     1   321     1     2        0  0.0000E+00  0.1724E-10  0.0000E+00  0.0000E+00
     1   322     1     1        0  0.0000E+00  0.1000E+03  0.0000E+00  0.0000E+00
     1   322     1     2        0  0.0000E+00  0.1029E-09  0.0000E+00  0.0000E+00
     1   323     1     1        0  0.0000E+00  0.1013E+02  0.0000E+00  0.0000E+00
     1   323     1     2        0  0.0000E+00  0.7843E-11  0.0000E+00  0.0000E+00
     1   324     1     1        0  0.0000E+00  0.6047E+01  0.0000E+00  0.0000E+00
     1   324     1     2        0  0.0000E+00  0.4101E-11  0.0000E+00  0.0000E+00
     1   325     1     1        0  0.0000E+00  0.2789E+02  0.0000E+00  0.0000E+00
     1   325     1     2        0  0.0000E+00  0.2725E-10  0.0000E+00  0.0000E+00
     1   326     1     1        0  0.0000E+00  0.1000E+03  0.0000E+00  0.0000E+00
     1   326     1     2        0  0.0000E+00  0.9641E-10  0.0000E+00  0.0000E+00
     1   327     1     1        0  0.0000E+00  0.1980E+02  0.0000E+00  0.0000E+00
     1   327     1     2        0  0.0000E+00  0.2036E-10  0.0000E+00  0.0000E+00
     1   328     1     1        0  0.0000E+00  0.1772E+02  0.0000E+00  0.0000E+00
     1   328     1     2        0  0.0000E+00  0.1655E-10  0.0000E+00  0.0000E+00
     1   329     1     1        0  0.0000E+00  0.1146E+02  0.0000E+00  0.0000E+00
     1   329     1     2        0  0.0000E+00  0.6466E-11  0.0000E+00  0.0000E+00
     1   330     1     1        0  0.0000E+00  0.6089E+02  0.0000E+00  0.0000E+00
     1   330     1     2        0  0.0000E+00  0.6229E-10  0.0000E+00  0.0000E+00
     1   331     1     1        0  0.0000E+00  0.4312E+02  0.0000E+00  0.0000E+00
     1   331     1     2        0  0.0000E+00  0.5364E-10  0.0000E+00  0.0000E+00
     1   332     1     1        0  0.0000E+00  0.8610E+02  0.0000E+00  0.0000E+00
     1   332     1     2        0  0.0000E+00  0.9602E-10  0.0000E+00  0.0000E+00
     1   333     1     1        0  0.0000E+00  0.2544E+02  0.0000E+00  0.0000E+00
     1   333     1     2        0  0.0000E+00  0.1920E-10  0.0000E+00  0.0000E+00
     1   334     1     1        0  0.0000E+00  0.2049E+02  0.0000E+00  0.0000E+00
     1   334     1     2        0  0.0000E+00  0.7226E-11  0.0000E+00  0.0000E+00
     1   335     1     1        0  0.0000E+00  0.6358E+02  0.0000E+00  0.0000E+00
     1   335     1     2        0  0.0000E+00  0.6553E-10  0.0000E+00  0.0000E+00
     1   336     1     1        0  0.0000E+00  0.3030E+02  0.0000E+00  0.0000E+00
     1   336     1     2        0  0.0000E+00  0.2076E-10  0.0000E+00  0.0000E+00
     1   337     1     1        0  0.0000E+00  0.6303E+02  0.0000E+00  0.0000E+00
     1   337     1     2        0  0.0000E+00  0.6759E-10  0.0000E+00  0.0000E+00
     1   338     1     1        0  0.0000E+00  0.2835E+02  0.0000E+00  0.0000E+00
     1   338     1     2        0  0.0000E+00  0.2324E-10  0.0000E+00  0.0000E+00
     1   339     1     1        0  0.0000E+00  0.4153E+02  0.0000E+00  0.0000E+00
     1   339     1     2        0  0.0000E+00  0.1368E-10  0.0000E+00  0.0000E+00
     1   340     1     1        0  0.0000E+00  0.9768E+02  0.0000E+00  0.0000E+00
     1   340     1     2        0  0.0000E+00  0.1148E-09  0.0000E+00  0.0000E+00
     1   341     1     1        0  0.0000E+00  0.1793E+02  0.0000E+00  0.0000E+00
     1   341     1     2        0  0.0000E+00  0.7629E-11  0.0000E+00  0.0000E+00
     1   342     1     1        0  0.0000E+00  0.1925E+02  0.0000E+00  0.0000E+00
     1   342     1     2        0  0.0000E+00  0.1265E-10  0.0000E+00  0.0000E+00
     1   343     1     1        0  0.0000E+00  0.4829E+02  0.0000E+00  0.0000E+00
     1   343     1     2        0  0.0000E+00  0.4641E-10  0.0000E+00  0.0000E+00
     1   344     1     1        0  0.0000E+00  0.5812E+02  0.0000E+00  0.0000E+00
     1   344     1     2        0  0.0000E+00  0.6965E-10  0.0000E+00  0.0000E+00
     1   345     1     1        0  0.0000E+00  0.1000E+03  0.0000E+00  0.0000E+00
     1   345     1     2        0  0.0000E+00  0.1140E-09  0.0000E+00  0.0000E+00
     1   346     1     1        0  0.0000E+00  0.2395E+02  0.0000E+00  0.0000E+00
     1   346     1     2        0  0.0000E+00  0.4147E-10  0.0000E+00  0.0000E+00
     1   347     1     1        0  0.0000E+00  0.2719E+02  0.0000E+00  0.0000E+00
     1   347     1     2        0  0.0000E+00  0.4418E-11  0.0000E+00  0.0000E+00
     1   348     1     1        0  0.0000E+00  0.1000E+03  0.0000E+00  0.0000E+00
     1   348     1     2        0  0.0000E+00  0.1117E-09  0.0000E+00  0.0000E+00
     1   349     1     1        0  0.0000E+00  0.2302E+02  0.0000E+00  0.0000E+00
     1   349     1     2        0  0.0000E+00  0.2775E-10  0.0000E+00  0.0000E+00
     1   350     1     1        0  0.0000E+00  0.2976E+02  0.0000E+00  0.0000E+00
     1   350     1     2        0  0.0000E+00  0.2988E-10  0.0000E+00  0.0000E+00
     1   351     1     1        0  0.0000E+00  0.3780E+02  0.0000E+00  0.0000E+00
     1   351     1     2        0  0.0000E+00  0.4889E-10  0.0000E+00  0.0000E+00
     1   352     1     1        0  0.0000E+00  0.9574E+02  0.0000E+00  0.0000E+00
     1   352     1     2        0  0.0000E+00  0.8447E-11  0.0000E+00  0.0000E+00
     1   353     1     1        0  0.0000E+00  0.3712E+02  0.0000E+00  0.0000E+00
     1   353     1     2        0  0.0000E+00  0.4283E-10  0.0000E+00  0.0000E+00
     1   354     1     1        0  0.0000E+00  0.2334E+02  0.0000E+00  0.0000E+00
     1   354     1     2        0  0.0000E+00  0.1640E-10  0.0000E+00  0.0000E+00
     1   355     1     1        0  0.0000E+00  0.3727E+02  0.0000E+00  0.0000E+00
     1   355     1     2        0  0.0000E+00  0.2312E-10  0.0000E+00  0.0000E+00
     1   356     1     1        0  0.0000E+00  0.7825E+02  0.0000E+00  0.0000E+00
     1   356     1     2        0  0.0000E+00  0.8338E-10  0.0000E+00  0.0000E+00
     1   357     1     1        0  0.0000E+00  0.3320E+02  0.0000E+00  0.0000E+00
     1   357     1     2        0  0.0000E+00  0.2309E-10  0.0000E+00  0.0000E+00
     1   358     1     1        0  0.0000E+00  0.2471E+02  0.0000E+00  0.0000E+00
     1   358     1     2        0  0.0000E+00  0.1947E-10  0.0000E+00  0.0000E+00
     1   359     1     1        0  0.0000E+00  0.2916E+02  0.0000E+00  0.0000E+00
     1   359     1     2        0  0.0000E+00  0.2244E-10  0.0000E+00  0.0000E+00
     1   360     1     1        0  0.0000E+00  0.8915E+02  0.0000E+00  0.0000E+00
     1   360     1     2        0  0.0000E+00  0.1231E-10  0.0000E+00  0.0000E+00
     1   361     1     1        0  0.0000E+00  0.1000E+03  0.0000E+00  0.0000E+00
     1   361     1     2        0  0.0000E+00  0.1111E-09  0.0000E+00  0.0000E+00
     1   362     1     1        0  0.0000E+00  0.1551E+02  0.0000E+00  0.0000E+00
     1   362     1     2        0  0.0000E+00  0.1531E-10  0.0000E+00  0.0000E+00
     1   363     1     1        0  0.0000E+00  0.2232E+02  0.0000E+00  0.0000E+00
     1   363     1     2        0  0.0000E+00  0.3108E-10  0.0000E+00  0.0000E+00
     1   364     1     1        0  0.0000E+00  0.5759E+02  0.0000E+00  0.0000E+00
     1   364     1     2        0  0.0000E+00  0.4900E-10  0.0000E+00  0.0000E+00
     1   365     1     1        0  0.0000E+00  0.2831E+02  0.0000E+00  0.0000E+00
     1   365     1     2        0  0.0000E+00  0.3313E-10  0.0000E+00  0.0000E+00
     1   366     1     1        0  0.0000E+00  0.1408E+02  0.0000E+00  0.0000E+00
     1   366     1     2        0  0.0000E+00  0.1638E-10  0.0000E+00  0.0000E+00
     1   367     1     1        0  0.0000E+00  0.1379E+02  0.0000E+00  0.0000E+00
     1   367     1     2        0  0.0000E+00  0.1796E-11  0.0000E+00  0.0000E+00
     1   368     1     1        0  0.0000E+00  0.4760E+02  0.0000E+00  0.0000E+00
     1   368     1     2        0  0.0000E+00  0.5780E-10  0.0000E+00  0.0000E+00
     1   369     1     1        0  0.0000E+00  0.2505E+02  0.0000E+00  0.0000E+00
     1   369     1     2        0  0.0000E+00  0.9486E-12  0.0000E+00  0.0000E+00
     1   370     1     1        0  0.0000E+00  0.3156E+02  0.0000E+00  0.0000E+00
     1   370     1     2        0  0.0000E+00  0.2490E-10  0.0000E+00  0.0000E+00
     1   371     1     1        0  0.0000E+00  0.2203E+02  0.0000E+00  0.0000E+00
     1   371     1     2        0  0.0000E+00  0.3165E-10  0.0000E+00  0.0000E+00
     1   372     1     1        0  0.0000E+00  0.3235E+02  0.0000E+00  0.0000E+00
     1   372     1     2        0  0.0000E+00  0.2518E-10  0.0000E+00  0.0000E+00
     1   373     1     1        0  0.0000E+00  0.6764E+02  0.0000E+00  0.0000E+00
     1   373     1     2        0  0.0000E+00  0.8264E-10  0.0000E+00  0.0000E+00
     1   374     1     1        0  0.0000E+00  0.2186E+02  0.0000E+00  0.0000E+00
     1   374     1     2        0  0.0000E+00  0.1105E-10  0.0000E+00  0.0000E+00
     1   375     1     1        0  0.0000E+00  0.2053E+02  0.0000E+00  0.0000E+00
     1   375     1     2        0  0.0000E+00  0.8313E-11  0.0000E+00  0.0000E+00
     1   376     1     1        0  0.0000E+00  0.4981E+02  0.0000E+00  0.0000E+00
     1   376     1     2        0  0.0000E+00  0.4880E-10  0.0000E+00  0.0000E+00
     1   377     1     1        0  0.0000E+00  0.6284E+02  0.0000E+00  0.0000E+00
     1   377     1     2        0  0.0000E+00  0.4118E-11  0.0000E+00  0.0000E+00
     1   378     1     1        0  0.0000E+00  0.2772E+02  0.0000E+00  0.0000E+00
     1   378     1     2        0  0.0000E+00  0.2480E-10  0.0000E+00  0.0000E+00
     1   379     1     1        0  0.0000E+00  0.1444E+02  0.0000E+00  0.0000E+00
     1   379     1     2        0  0.0000E+00  0.1657E-10  0.0000E+00  0.0000E+00
     1   380     1     1        0  0.0000E+00  0.1298E+02  0.0000E+00  0.0000E+00
     1   380     1     2        0  0.0000E+00  0.4639E-11  0.0000E+00  0.0000E+00
     1   381     1     1        0  0.0000E+00  0.8062E+02  0.0000E+00  0.0000E+00
     1   381     1     2        0  0.0000E+00  0.7286E-10  0.0000E+00  0.0000E+00
     1   382     1     1        0  0.0000E+00  0.1988E+02  0.0000E+00  0.0000E+00
     1   382     1     2        0  0.0000E+00  0.2293E-11  0.0000E+00  0.0000E+00
     1   383     1     1        0  0.0000E+00  0.1930E+02  0.0000E+00  0.0000E+00
     1   383     1     2        0  0.0000E+00  0.2260E-11  0.0000E+00  0.0000E+00
     1   384     1     1        0  0.0000E+00  0.3555E+02  0.0000E+00  0.0000E+00
     1   384     1     2        0  0.0000E+00  0.3603E-10  0.0000E+00  0.0000E+00
     1   385     1     1        0  0.0000E+00  0.1000E+03  0.0000E+00  0.0000E+00
     1   385     1     2        0  0.0000E+00  0.7311E-10  0.0000E+00  0.0000E+00
     1   386     1     1        0  0.0000E+00  0.1000E+03  0.0000E+00  0.0000E+00
     1   386     1     2        0  0.0000E+00  0.9596E-10  0.0000E+00  0.0000E+00
     1   387     1     1        0  0.0000E+00  0.3662E+02  0.0000E+00  0.0000E+00
     1   387     1     2        0  0.0000E+00  0.3761E-10  0.0000E+00  0.0000E+00
     1   388     1     1        0  0.0000E+00  0.1000E+03  0.0000E+00  0.0000E+00
     1   388     1     2        0  0.0000E+00  0.8777E-10  0.0000E+00  0.0000E+00
     1   389     1     1        0  0.0000E+00  0.5127E+02  0.0000E+00  0.0000E+00
     1   389     1     2        0  0.0000E+00  0.6315E-10  0.0000E+00  0.0000E+00
     1   390     1     1        0  0.0000E+00  0.9762E+02  0.0000E+00  0.0000E+00
     1   390     1     2        0  0.0000E+00  0.6694E-10  0.0000E+00  0.0000E+00
     1   391     1     1        0  0.0000E+00  0.1000E+03  0.0000E+00  0.0000E+00
     1   391     1     2        0  0.0000E+00  0.1016E-09  0.0000E+00  0.0000E+00
     1   392     1     1        0  0.0000E+00  0.6254E+02  0.0000E+00  0.0000E+00
     1   392     1     2        0  0.0000E+00  0.6626E-10  0.0000E+00  0.0000E+00
     1   393     1     1        0  0.0000E+00  0.9607E+02  0.0000E+00  0.0000E+00
     1   393     1     2        0  0.0000E+00  0.1127E-09  0.0000E+00  0.0000E+00
     1   394     1     1        0  0.0000E+00  0.7672E+02  0.0000E+00  0.0000E+00
     1   394     1     2        0  0.0000E+00  0.3786E-10  0.0000E+00  0.0000E+00
     1   395     1     1        0  0.0000E+00  0.5098E+02  0.0000E+00  0.0000E+00
     1   395     1     2        0  0.0000E+00  0.1933E-10  0.0000E+00  0.0000E+00
     1   396     1     1        0  0.0000E+00  0.1000E+03  0.0000E+00  0.0000E+00
     1   396     1     2        0  0.0000E+00  0.1062E-09  0.0000E+00  0.0000E+00
     1   397     1     1        0  0.0000E+00  0.4032E+02  0.0000E+00  0.0000E+00
     1   397     1     2        0  0.0000E+00  0.5002E-10  0.0000E+00  0.0000E+00
     1   398     1     1        0  0.0000E+00  0.1000E+03  0.0000E+00  0.0000E+00
     1   398     1     2        0  0.0000E+00  0.6716E-10  0.0000E+00  0.0000E+00
     1   399     1     1        0  0.0000E+00  0.1000E+03  0.0000E+00  0.0000E+00
     1   399     1     2        0  0.0000E+00  0.1162E-09  0.0000E+00  0.0000E+00
     1   400     1     1        0  0.0000E+00  0.4255E+02  0.0000E+00  0.0000E+00
     1   400     1     2        0  0.0000E+00  0.1720E-10  0.0000E+00  0.0000E+00
     1   401     1     1        0  0.0000E+00  0.4520E+02  0.0000E+00  0.0000E+00
     1   401     1     2        0  0.0000E+00  0.3877E-10  0.0000E+00  0.0000E+00
     1   402     1     1        0  0.0000E+00  0.5514E+02  0.0000E+00  0.0000E+00
     1   402     1     2        0  0.0000E+00  0.6318E-10  0.0000E+00  0.0000E+00
     1   403     1     1        0  0.0000E+00  0.5189E+02  0.0000E+00  0.0000E+00
     1   403     1     2        0  0.0000E+00  0.2359E-11  0.0000E+00  0.0000E+00
     1   404     1     1        0  0.0000E+00  0.2781E+02  0.0000E+00  0.0000E+00
     1   404     1     2        0  0.0000E+00  0.2997E-10  0.0000E+00  0.0000E+00
     1   405     1     1        0  0.0000E+00  0.4556E+02  0.0000E+00  0.0000E+00
     1   405     1     2        0  0.0000E+00  0.4532E-10  0.0000E+00  0.0000E+00
     1   406     1     1        0  0.0000E+00  0.8621E+02  0.0000E+00  0.0000E+00
     1   406     1     2        0  0.0000E+00  0.6639E-10  0.0000E+00  0.0000E+00
     1   407     1     1        0  0.0000E+00  0.6460E+02  0.0000E+00  0.0000E+00
     1   407     1     2        0  0.0000E+00  0.5608E-10  0.0000E+00  0.0000E+00
     1   408     1     1        0  0.0000E+00  0.2970E+02  0.0000E+00  0.0000E+00
     1   408     1     2        0  0.0000E+00  0.3655E-10  0.0000E+00  0.0000E+00
     1   409     1     1        0  0.0000E+00  0.3648E+02  0.0000E+00  0.0000E+00
     1   409     1     2        0  0.0000E+00  0.1835E-10  0.0000E+00  0.0000E+00
     1   410     1     1        0  0.0000E+00  0.5161E+02  0.0000E+00  0.0000E+00
     1   410     1     2        0  0.0000E+00  0.6046E-10  0.0000E+00  0.0000E+00
     1   411     1     1        0  0.0000E+00  0.7069E+02  0.0000E+00  0.0000E+00
     1   411     1     2        0  0.0000E+00  0.7695E-10  0.0000E+00  0.0000E+00
     1   412     1     1        0  0.0000E+00  0.1000E+03  0.0000E+00  0.0000E+00
     1   412     1     2        0  0.0000E+00  0.1118E-09  0.0000E+00  0.0000E+00
     1   413     1     1        0  0.0000E+00  0.2608E+02  0.0000E+00  0.0000E+00
     1   413     1     2        0  0.0000E+00  0.3006E-10  0.0000E+00  0.0000E+00
     1   414     1     1        0  0.0000E+00  0.2862E+02  0.0000E+00  0.0000E+00
     1   414     1     2        0  0.0000E+00  0.5778E-11  0.0000E+00  0.0000E+00
     1   415     1     1        0  0.0000E+00  0.1000E+03  0.0000E+00  0.0000E+00
     1   415     1     2        0  0.0000E+00  0.1154E-09  0.0000E+00  0.0000E+00
     1   416     1     1        0  0.0000E+00  0.2644E+02  0.0000E+00  0.0000E+00
     1   416     1     2        0  0.0000E+00  0.2592E-10  0.0000E+00  0.0000E+00
     1   417     1     1        0  0.0000E+00  0.3211E+02  0.0000E+00  0.0000E+00
     1   417     1     2        0  0.0000E+00  0.9455E-11  0.0000E+00  0.0000E+00
     1   418     1     1        0  0.0000E+00  0.6386E+02  0.0000E+00  0.0000E+00
     1   418     1     2        0  0.0000E+00  0.6084E-10  0.0000E+00  0.0000E+00
     1   419     1     1        0  0.0000E+00  0.4554E+02  0.0000E+00  0.0000E+00
     1   419     1     2        0  0.0000E+00  0.5575E-10  0.0000E+00  0.0000E+00
     1   420     1     1        0  0.0000E+00  0.7931E+02  0.0000E+00  0.0000E+00
     1   420     1     2        0  0.0000E+00  0.5246E-10  0.0000E+00  0.0000E+00
     1   421     1     1        0  0.0000E+00  0.5931E+02  0.0000E+00  0.0000E+00
     1   421     1     2        0  0.0000E+00  0.8572E-10  0.0000E+00  0.0000E+00
     1   422     1     1        0  0.0000E+00  0.1000E+03  0.0000E+00  0.0000E+00
     1   422     1     2        0  0.0000E+00  0.9592E-10  0.0000E+00  0.0000E+00
     1   423     1     1        0  0.0000E+00  0.4154E+02  0.0000E+00  0.0000E+00
     1   423     1     2        0  0.0000E+00  0.5645E-11  0.0000E+00  0.0000E+00
     1   424     1     1        0  0.0000E+00  0.6432E+02  0.0000E+00  0.0000E+00
     1   424     1     2        0  0.0000E+00  0.5611E-10  0.0000E+00  0.0000E+00
     1   425     1     1        0  0.0000E+00  0.3075E+02  0.0000E+00  0.0000E+00
     1   425     1     2        0  0.0000E+00  0.2687E-10  0.0000E+00  0.0000E+00
     1   426     1     1        0  0.0000E+00  0.3653E+02  0.0000E+00  0.0000E+00
     1   426     1     2        0  0.0000E+00  0.1943E-10  0.0000E+00  0.0000E+00
     1   427     1     1        0  0.0000E+00  0.5969E+02  0.0000E+00  0.0000E+00
     1   427     1     2        0  0.0000E+00  0.4215E-10  0.0000E+00  0.0000E+00
     1   428     1     1        0  0.0000E+00  0.7408E+02  0.0000E+00  0.0000E+00
     1   428     1     2        0  0.0000E+00  0.4007E-11  0.0000E+00  0.0000E+00
     1   429     1     1        0  0.0000E+00  0.1000E+03  0.0000E+00  0.0000E+00
     1   429     1     2        0  0.0000E+00  0.8085E-10  0.0000E+00  0.0000E+00
     1   430     1     1        0  0.0000E+00  0.2954E+02  0.0000E+00  0.0000E+00
     1   430     1     2        0  0.0000E+00  0.3194E-10  0.0000E+00  0.0000E+00
     1   431     1     1        0  0.0000E+00  0.7214E+02  0.0000E+00  0.0000E+00
     1   431     1     2        0  0.0000E+00  0.5691E-10  0.0000E+00  0.0000E+00
     1   432     1     1        0  0.0000E+00  0.5237E+02  0.0000E+00  0.0000E+00
     1   432     1     2        0  0.0000E+00  0.4742E-10  0.0000E+00  0.0000E+00
     1   433     1     1        0  0.0000E+00  0.7845E+02  0.0000E+00  0.0000E+00
     1   433     1     2        0  0.0000E+00  0.7242E-11  0.0000E+00  0.0000E+00
     1   434     1     1        0  0.0000E+00  0.7416E+02  0.0000E+00  0.0000E+00
     1   434     1     2        0  0.0000E+00  0.8390E-10  0.0000E+00  0.0000E+00
     1   435     1     1        0  0.0000E+00  0.1738E+02  0.0000E+00  0.0000E+00
     1   435     1     2        0  0.0000E+00  0.1987E-10  0.0000E+00  0.0000E+00
     1   436     1     1        0  0.0000E+00  0.1403E+02  0.0000E+00  0.0000E+00
     1   436     1     2        0  0.0000E+00  0.1104E-10  0.0000E+00  0.0000E+00
     1   437     1     1        0  0.0000E+00  0.1000E+03  0.0000E+00  0.0000E+00
     1   437     1     2        0  0.0000E+00  0.9821E-10  0.0000E+00  0.0000E+00
     1   438     1     1        0  0.0000E+00  0.1371E+02  0.0000E+00  0.0000E+00
     1   438     1     2        0  0.0000E+00  0.9653E-11  0.0000E+00  0.0000E+00
     1   439     1     1        0  0.0000E+00  0.1258E+02  0.0000E+00  0.0000E+00
     1   439     1     2        0  0.0000E+00  0.8679E-11  0.0000E+00  0.0000E+00
     1   440     1     1        0  0.0000E+00  0.3405E+02  0.0000E+00  0.0000E+00
     1   440     1     2        0  0.0000E+00  0.4086E-10  0.0000E+00  0.0000E+00
     1   441     1     1        0  0.0000E+00  0.1000E+03  0.0000E+00  0.0000E+00
     1   441     1     2        0  0.0000E+00  0.1034E-09  0.0000E+00  0.0000E+00
     1   442     1     1        0  0.0000E+00  0.3047E+02  0.0000E+00  0.0000E+00
     1   442     1     2        0  0.0000E+00  0.2469E-10  0.0000E+00  0.0000E+00
     1   443     1     1        0  0.0000E+00  0.1616E+02  0.0000E+00  0.0000E+00
     1   443     1     2        0  0.0000E+00  0.1387E-10  0.0000E+00  0.0000E+00
     1   444     1     1        0  0.0000E+00  0.2380E+02  0.0000E+00  0.0000E+00
     1   444     1     2        0  0.0000E+00  0.1574E-10  0.0000E+00  0.0000E+00
     1   445     1     1        0  0.0000E+00  0.1000E+03  0.0000E+00  0.0000E+00
     1   445     1     2        0  0.0000E+00  0.8863E-10  0.0000E+00  0.0000E+00
     1   446     1     1        0  0.0000E+00  0.7855E+01  0.0000E+00  0.0000E+00
     1   446     1     2        0  0.0000E+00  0.3726E-11  0.0000E+00  0.0000E+00
     1   447     1     1        0  0.0000E+00  0.1261E+02  0.0000E+00  0.0000E+00
     1   447     1     2        0  0.0000E+00  0.9527E-11  0.0000E+00  0.0000E+00
     1   448     1     1        0  0.0000E+00  0.4385E+02  0.0000E+00  0.0000E+00
     1   448     1     2        0  0.0000E+00  0.3731E-10  0.0000E+00  0.0000E+00
     1   449     1     1        0  0.0000E+00  0.1762E+02  0.0000E+00  0.0000E+00
     1   449     1     2        0  0.0000E+00  0.1437E-10  0.0000E+00  0.0000E+00
     1   450     1     1        0  0.0000E+00  0.1116E+02  0.0000E+00  0.0000E+00
     1   450     1     2        0  0.0000E+00  0.9576E-11  0.0000E+00  0.0000E+00
     1   451     1     1        0  0.0000E+00  0.1194E+02  0.0000E+00  0.0000E+00
     1   451     1     2        0  0.0000E+00  0.1149E-10  0.0000E+00  0.0000E+00
     1   452     1     1        0  0.0000E+00  0.2252E+02  0.0000E+00  0.0000E+00
     1   452     1     2        0  0.0000E+00  0.1297E-10  0.0000E+00  0.0000E+00
     1   453     1     1        0  0.0000E+00  0.1000E+03  0.0000E+00  0.0000E+00
     1   453     1     2        0  0.0000E+00  0.9137E-10  0.0000E+00  0.0000E+00
     1   454     1     1        0  0.0000E+00  0.2497E+02  0.0000E+00  0.0000E+00
     1   454     1     2        0  0.0000E+00  0.1589E-10  0.0000E+00  0.0000E+00
     1   455     1     1        0  0.0000E+00  0.3432E+02  0.0000E+00  0.0000E+00
     1   455     1     2        0  0.0000E+00  0.5327E-10  0.0000E+00  0.0000E+00
     1   456     1     1        0  0.0000E+00  0.3812E+02  0.0000E+00  0.0000E+00
     1   456     1     2        0  0.0000E+00  0.5920E-10  0.0000E+00  0.0000E+00
     1   457     1     1        0  0.0000E+00  0.8963E+02  0.0000E+00  0.0000E+00
     1   457     1     2        0  0.0000E+00  0.4709E-11  0.0000E+00  0.0000E+00
     1   458     1     1        0  0.0000E+00  0.6372E+02  0.0000E+00  0.0000E+00
     1   458     1     2        0  0.0000E+00  0.7693E-10  0.0000E+00  0.0000E+00
     1   459     1     1        0  0.0000E+00  0.2820E+02  0.0000E+00  0.0000E+00
     1   459     1     2        0  0.0000E+00  0.3821E-10  0.0000E+00  0.0000E+00
     1   460     1     1        0  0.0000E+00  0.4319E+02  0.0000E+00  0.0000E+00
     1   460     1     2        0  0.0000E+00  0.6004E-11  0.0000E+00  0.0000E+00
     1   461     1     1        0  0.0000E+00  0.1000E+03  0.0000E+00  0.0000E+00
     1   461     1     2        0  0.0000E+00  0.1081E-09  0.0000E+00  0.0000E+00
     1   462     1     1        0  0.0000E+00  0.3168E+02  0.0000E+00  0.0000E+00
     1   462     1     2        0  0.0000E+00  0.2064E-10  0.0000E+00  0.0000E+00
     1   463     1     1        0  0.0000E+00  0.5977E+02  0.0000E+00  0.0000E+00
     1   463     1     2        0  0.0000E+00  0.4590E-10  0.0000E+00  0.0000E+00
     1   464     1     1        0  0.0000E+00  0.1000E+03  0.0000E+00  0.0000E+00
     1   464     1     2        0  0.0000E+00  0.1072E-09  0.0000E+00  0.0000E+00
     1   465     1     1        0  0.0000E+00  0.3021E+02  0.0000E+00  0.0000E+00
     1   465     1     2        0  0.0000E+00  0.1809E-10  0.0000E+00  0.0000E+00
     1   466     1     1        0  0.0000E+00  0.2859E+02  0.0000E+00  0.0000E+00
     1   466     1     2        0  0.0000E+00  0.6264E-11  0.0000E+00  0.0000E+00
     1   467     1     1        0  0.0000E+00  0.8400E+02  0.0000E+00  0.0000E+00
     1   467     1     2        0  0.0000E+00  0.9164E-10  0.0000E+00  0.0000E+00
     1   468     1     1        0  0.0000E+00  0.4657E+02  0.0000E+00  0.0000E+00
     1   468     1     2        0  0.0000E+00  0.4661E-10  0.0000E+00  0.0000E+00
     1   469     1     1        0  0.0000E+00  0.1000E+03  0.0000E+00  0.0000E+00
     1   469     1     2        0  0.0000E+00  0.9069E-10  0.0000E+00  0.0000E+00
     1   470     1     1        0  0.0000E+00  0.7455E+02  0.0000E+00  0.0000E+00
     1   470     1     2        0  0.0000E+00  0.4380E-10  0.0000E+00  0.0000E+00
     1   471     1     1        0  0.0000E+00  0.1000E+03  0.0000E+00  0.0000E+00
     1   471     1     2        0  0.0000E+00  0.2748E-10  0.0000E+00  0.0000E+00
     1   472     1     1        0  0.0000E+00  0.1000E+03  0.0000E+00  0.0000E+00
     1   472     1     2        0  0.0000E+00  0.9238E-10  0.0000E+00  0.0000E+00
     1   473     1     1        0  0.0000E+00  0.5090E+02  0.0000E+00  0.0000E+00
     1   473     1     2        0  0.0000E+00  0.4899E-10  0.0000E+00  0.0000E+00
     1   474     1     1        0  0.0000E+00  0.1000E+03  0.0000E+00  0.0000E+00
     1   474     1     2        0  0.0000E+00  0.1047E-09  0.0000E+00  0.0000E+00
     1   475     1     1        0  0.0000E+00  0.9437E+02  0.0000E+00  0.0000E+00
     1   475     1     2        0  0.0000E+00  0.1061E-09  0.0000E+00  0.0000E+00
     1   476     1     1        0  0.0000E+00  0.8610E+02  0.0000E+00  0.0000E+00
     1   476     1     2        0  0.0000E+00  0.4041E-10  0.0000E+00  0.0000E+00
     1   477     1     1        0  0.0000E+00  0.1000E+03  0.0000E+00  0.0000E+00
     1   477     1     2        0  0.0000E+00  0.7723E-10  0.0000E+00  0.0000E+00
     1   478     1     1        0  0.0000E+00  0.7437E+02  0.0000E+00  0.0000E+00
     1   478     1     2        0  0.0000E+00  0.7922E-10  0.0000E+00  0.0000E+00
     1   479     1     1        0  0.0000E+00  0.8016E+02  0.0000E+00  0.0000E+00
     1   479     1     2        0  0.0000E+00  0.7282E-10  0.0000E+00  0.0000E+00
     1   480     1     1        0  0.0000E+00  0.9876E+02  0.0000E+00  0.0000E+00
     1   480     1     2        0  0.0000E+00  0.1176E-09  0.0000E+00  0.0000E+00
     1   481     1     1        0  0.0000E+00  0.9607E+02  0.0000E+00  0.0000E+00
     1   481     1     2        0  0.0000E+00  0.4738E-10  0.0000E+00  0.0000E+00
     1   482     1     1        0  0.0000E+00  0.1000E+03  0.0000E+00  0.0000E+00
     1   482     1     2        0  0.0000E+00  0.1078E-09  0.0000E+00  0.0000E+00
     1   483     1     1        0  0.0000E+00  0.7146E+02  0.0000E+00  0.0000E+00
     1   483     1     2        0  0.0000E+00  0.7021E-10  0.0000E+00  0.0000E+00
     1   484     1     1        0  0.0000E+00  0.4508E+02  0.0000E+00  0.0000E+00
     1   484     1     2        0  0.0000E+00  0.4537E-10  0.0000E+00  0.0000E+00
     1   485     1     1        0  0.0000E+00  0.2269E+02  0.0000E+00  0.0000E+00
     1   485     1     2        0  0.0000E+00  0.1746E-10  0.0000E+00  0.0000E+00
     1   486     1     1        0  0.0000E+00  0.3408E+02  0.0000E+00  0.0000E+00
     1   486     1     2        0  0.0000E+00  0.1833E-10  0.0000E+00  0.0000E+00
     1   487     1     1        0  0.0000E+00  0.6991E+02  0.0000E+00  0.0000E+00
     1   487     1     2        0  0.0000E+00  0.6770E-10  0.0000E+00  0.0000E+00
     1   488     1     1        0  0.0000E+00  0.1906E+02  0.0000E+00  0.0000E+00
     1   488     1     2        0  0.0000E+00  0.1634E-10  0.0000E+00  0.0000E+00
     1   489     1     1        0  0.0000E+00  0.1731E+02  0.0000E+00  0.0000E+00
     1   489     1     2        0  0.0000E+00  0.3279E-11  0.0000E+00  0.0000E+00
     1   490     1     1        0  0.0000E+00  0.3615E+02  0.0000E+00  0.0000E+00
     1   490     1     2        0  0.0000E+00  0.3930E-10  0.0000E+00  0.0000E+00
     1   491     1     1        0  0.0000E+00  0.7651E+02  0.0000E+00  0.0000E+00
     1   491     1     2        0  0.0000E+00  0.6212E-11  0.0000E+00  0.0000E+00
     1   492     1     1        0  0.0000E+00  0.3237E+02  0.0000E+00  0.0000E+00
     1   492     1     2        0  0.0000E+00  0.3691E-10  0.0000E+00  0.0000E+00
     1   493     1     1        0  0.0000E+00  0.1597E+02  0.0000E+00  0.0000E+00
     1   493     1     2        0  0.0000E+00  0.2802E-10  0.0000E+00  0.0000E+00
     1   494     1     1        0  0.0000E+00  0.1183E+02  0.0000E+00  0.0000E+00
     1   494     1     2        0  0.0000E+00  0.9458E-11  0.0000E+00  0.0000E+00
     1   495     1     1        0  0.0000E+00  0.1000E+03  0.0000E+00  0.0000E+00
     1   495     1     2        0  0.0000E+00  0.1023E-09  0.0000E+00  0.0000E+00
     1   496     1     1        0  0.0000E+00  0.1353E+02  0.0000E+00  0.0000E+00
     1   496     1     2        0  0.0000E+00  0.2111E-10  0.0000E+00  0.0000E+00
     1   497     1     1        0  0.0000E+00  0.1802E+02  0.0000E+00  0.0000E+00
     1   497     1     2        0  0.0000E+00  0.7191E-11  0.0000E+00  0.0000E+00
     1   498     1     1        0  0.0000E+00  0.1298E+02  0.0000E+00  0.0000E+00
     1   498     1     2        0  0.0000E+00  0.2291E-10  0.0000E+00  0.0000E+00
     1   499     1     1        0  0.0000E+00  0.1350E+02  0.0000E+00  0.0000E+00
     1   499     1     2        0  0.0000E+00  0.8037E-11  0.0000E+00  0.0000E+00
     1   500     1     1        0  0.0000E+00  0.1609E+02  0.0000E+00  0.0000E+00
     1   500     1     2        0  0.0000E+00  0.1170E-10  0.0000E+00  0.0000E+00
     1   501     1     1        0  0.0000E+00  0.4095E+02  0.0000E+00  0.0000E+00
     1   501     1     2        0  0.0000E+00  0.3950E-10  0.0000E+00  0.0000E+00
     1   502     1     1        0  0.0000E+00  0.9701E+01  0.0000E+00  0.0000E+00
     1   502     1     2        0  0.0000E+00  0.1755E-10  0.0000E+00  0.0000E+00
     1   503     1     1        0  0.0000E+00  0.3348E+02  0.0000E+00  0.0000E+00
     1   503     1     2        0  0.0000E+00  0.1632E-10  0.0000E+00  0.0000E+00
     1   504     1     1        0  0.0000E+00  0.3475E+01  0.0000E+00  0.0000E+00
     1   504     1     2        0  0.0000E+00  0.1004E-10  0.0000E+00  0.0000E+00
     1   505     1     1        0  0.0000E+00  0.5834E+01  0.0000E+00  0.0000E+00
     1   505     1     2        0  0.0000E+00  0.2851E-11  0.0000E+00  0.0000E+00
     1   506     1     1        0  0.0000E+00  0.2815E+02  0.0000E+00  0.0000E+00
     1   506     1     2        0  0.0000E+00  0.2902E-10  0.0000E+00  0.0000E+00
     1   507     1     1        0  0.0000E+00  0.1000E+03  0.0000E+00  0.0000E+00
     1   507     1     2        0  0.0000E+00  0.9379E-10  0.0000E+00  0.0000E+00
     1   508     1     1        0  0.0000E+00  0.2780E+02  0.0000E+00  0.0000E+00
     1   508     1     2        0  0.0000E+00  0.1770E-10  0.0000E+00  0.0000E+00
     1   509     1     1        0  0.0000E+00  0.5031E+01  0.0000E+00  0.0000E+00
     1   509     1     2        0  0.0000E+00  0.6234E-11  0.0000E+00  0.0000E+00
     1   510     1     1        0  0.0000E+00  0.8294E+01  0.0000E+00  0.0000E+00
     1   510     1     2        0  0.0000E+00  0.6676E-11  0.0000E+00  0.0000E+00
     1   511     1     1        0  0.0000E+00  0.9144E+01  0.0000E+00  0.0000E+00
     1   511     1     2        0  0.0000E+00  0.7329E-11  0.0000E+00  0.0000E+00
     1   512     1     1        0  0.0000E+00  0.2123E+01  0.0000E+00  0.0000E+00
     1   512     1     2        0  0.0000E+00  0.1081E-10  0.0000E+00  0.0000E+00
     1   513     1     1        0  0.0000E+00  0.1285E+02  0.0000E+00  0.0000E+00
     1   513     1     2        0  0.0000E+00  0.8492E-11  0.0000E+00  0.0000E+00
     1   514     1     1        0  0.0000E+00  0.4089E+02  0.0000E+00  0.0000E+00
     1   514     1     2        0  0.0000E+00  0.3681E-10  0.0000E+00  0.0000E+00
     1   515     1     1        0  0.0000E+00  0.9129E+02  0.0000E+00  0.0000E+00
     1   515     1     2        0  0.0000E+00  0.7918E-10  0.0000E+00  0.0000E+00
     1   516     1     1        0  0.0000E+00  0.1115E+02  0.0000E+00  0.0000E+00
     1   516     1     2        0  0.0000E+00  0.1894E-10  0.0000E+00  0.0000E+00
     1   517     1     1        0  0.0000E+00  0.2016E+01  0.0000E+00  0.0000E+00
     1   517     1     2        0  0.0000E+00  0.6501E-11  0.0000E+00  0.0000E+00
     1   518     1     1        0  0.0000E+00  0.2058E+01  0.0000E+00  0.0000E+00
     1   518     1     2        0  0.0000E+00  0.9938E-11  0.0000E+00  0.0000E+00
     1   519     1     1        0  0.0000E+00  0.4271E+00  0.0000E+00  0.0000E+00
     1   519     1     2        0  0.0000E+00  0.1290E-10  0.0000E+00  0.0000E+00
     1   520     1     1        0  0.0000E+00  0.4881E+01  0.0000E+00  0.0000E+00
     1   520     1     2        0  0.0000E+00  0.4300E-11  0.0000E+00  0.0000E+00
     1   521     1     1        0  0.0000E+00  0.3436E+02  0.0000E+00  0.0000E+00
     1   521     1     2        0  0.0000E+00  0.3206E-10  0.0000E+00  0.0000E+00
     1   522     1     1        0  0.0000E+00  0.1000E+03  0.0000E+00  0.0000E+00
     1   522     1     2        0  0.0000E+00  0.1146E-09  0.0000E+00  0.0000E+00
     1   523     1     1        0  0.0000E+00  0.1115E+02  0.0000E+00  0.0000E+00
     1   523     1     2        0  0.0000E+00  0.1921E-10  0.0000E+00  0.0000E+00
     1   524     1     1        0  0.0000E+00  0.3718E+01  0.0000E+00  0.0000E+00
     1   524     1     2        0  0.0000E+00  0.2324E-11  0.0000E+00  0.0000E+00
     1   525     1     1        0  0.0000E+00  0.1527E+02  0.0000E+00  0.0000E+00
     1   525     1     2        0  0.0000E+00  0.1765E-10  0.0000E+00  0.0000E+00
     1   526     1     1        0  0.0000E+00  0.4448E+02  0.0000E+00  0.0000E+00
     1   526     1     2        0  0.0000E+00  0.4054E-10  0.0000E+00  0.0000E+00
     1   527     1     1        0  0.0000E+00  0.5669E+02  0.0000E+00  0.0000E+00
     1   527     1     2        0  0.0000E+00  0.4417E-10  0.0000E+00  0.0000E+00
     1   528     1     1        0  0.0000E+00  0.4093E+01  0.0000E+00  0.0000E+00
     1   528     1     2        0  0.0000E+00  0.6990E-11  0.0000E+00  0.0000E+00
     1   529     1     1        0  0.0000E+00  0.1360E+01  0.0000E+00  0.0000E+00
     1   529     1     2        0  0.0000E+00  0.1014E-10  0.0000E+00  0.0000E+00
     1   530     1     1        0  0.0000E+00  0.1212E+01  0.0000E+00  0.0000E+00
     1   530     1     2        0  0.0000E+00  0.8993E-12  0.0000E+00  0.0000E+00
     1   531     1     1        0  0.0000E+00  0.8873E+01  0.0000E+00  0.0000E+00
     1   531     1     2        0  0.0000E+00  0.7542E-11  0.0000E+00  0.0000E+00
     1   532     1     1        0  0.0000E+00  0.2019E+02  0.0000E+00  0.0000E+00
     1   532     1     2        0  0.0000E+00  0.1671E-10  0.0000E+00  0.0000E+00
     1   533     1     1        0  0.0000E+00  0.3870E+02  0.0000E+00  0.0000E+00
     1   533     1     2        0  0.0000E+00  0.3626E-10  0.0000E+00  0.0000E+00
     1   534     1     1        0  0.0000E+00  0.9272E+02  0.0000E+00  0.0000E+00
     1   534     1     2        0  0.0000E+00  0.9009E-10  0.0000E+00  0.0000E+00
     1   535     1     1        0  0.0000E+00  0.3531E+02  0.0000E+00  0.0000E+00
     1   535     1     2        0  0.0000E+00  0.3754E-10  0.0000E+00  0.0000E+00
     1   536     1     1        0  0.0000E+00  0.1268E+01  0.0000E+00  0.0000E+00
     1   536     1     2        0  0.0000E+00  0.3311E-11  0.0000E+00  0.0000E+00
     1   537     1     1        0  0.0000E+00  0.1820E+02  0.0000E+00  0.0000E+00
     1   537     1     2        0  0.0000E+00  0.6240E-12  0.0000E+00  0.0000E+00
     1   538     1     1        0  0.0000E+00  0.3009E+02  0.0000E+00  0.0000E+00
     1   538     1     2        0  0.0000E+00  0.2592E-10  0.0000E+00  0.0000E+00
     1   539     1     1        0  0.0000E+00  0.1004E+02  0.0000E+00  0.0000E+00
     1   539     1     2        0  0.0000E+00  0.1671E-11  0.0000E+00  0.0000E+00
     1   540     1     1        0  0.0000E+00  0.1230E+02  0.0000E+00  0.0000E+00
     1   540     1     2        0  0.0000E+00  0.1639E-10  0.0000E+00  0.0000E+00
     1   541     1     1        0  0.0000E+00  0.2794E+02  0.0000E+00  0.0000E+00
     1   541     1     2        0  0.0000E+00  0.2069E-10  0.0000E+00  0.0000E+00
     1   542     1     1        0  0.0000E+00  0.2561E+01  0.0000E+00  0.0000E+00
     1   542     1     2        0  0.0000E+00  0.4957E-11  0.0000E+00  0.0000E+00
     1   543     1     1        0  0.0000E+00  0.1062E+02  0.0000E+00  0.0000E+00
     1   543     1     2        0  0.0000E+00  0.4059E-11  0.0000E+00  0.0000E+00
     1   544     1     1        0  0.0000E+00  0.2653E+01  0.0000E+00  0.0000E+00
     1   544     1     2        0  0.0000E+00  0.1412E-11  0.0000E+00  0.0000E+00
     1   545     1     1        0  0.0000E+00  0.9347E+01  0.0000E+00  0.0000E+00
     1   545     1     2        0  0.0000E+00  0.1003E-10  0.0000E+00  0.0000E+00
     1   546     1     1        0  0.0000E+00  0.5346E+02  0.0000E+00  0.0000E+00
     1   546     1     2        0  0.0000E+00  0.5055E-10  0.0000E+00  0.0000E+00
     1   547     1     1        0  0.0000E+00  0.9581E+02  0.0000E+00  0.0000E+00
     1   547     1     2        0  0.0000E+00  0.9711E-10  0.0000E+00  0.0000E+00
     1   548     1     1        0  0.0000E+00  0.7273E+01  0.0000E+00  0.0000E+00
     1   548     1     2        0  0.0000E+00  0.2966E-11  0.0000E+00  0.0000E+00
     1   549     1     1        0  0.0000E+00  0.4184E+01  0.0000E+00  0.0000E+00
     1   549     1     2        0  0.0000E+00  0.1055E-10  0.0000E+00  0.0000E+00
     1   550     1     1        0  0.0000E+00  0.9262E+01  0.0000E+00  0.0000E+00
     1   550     1     2        0  0.0000E+00  0.1230E-10  0.0000E+00  0.0000E+00
     1   551     1     1        0  0.0000E+00  0.1327E+02  0.0000E+00  0.0000E+00
     1   551     1     2        0  0.0000E+00  0.2020E-10  0.0000E+00  0.0000E+00
     1   552     1     1        0  0.0000E+00  0.4237E+02  0.0000E+00  0.0000E+00
     1   552     1     2        0  0.0000E+00  0.3448E-10  0.0000E+00  0.0000E+00
     1   553     1     1        0  0.0000E+00  0.1000E+03  0.0000E+00  0.0000E+00
     1   553     1     2        0  0.0000E+00  0.8917E-10  0.0000E+00  0.0000E+00
     1   554     1     1        0  0.0000E+00  0.2036E+02  0.0000E+00  0.0000E+00
     1   554     1     2        0  0.0000E+00  0.1251E-10  0.0000E+00  0.0000E+00
     1   555     1     1        0  0.0000E+00  0.3346E+00  0.0000E+00  0.0000E+00
     1   555     1     2        0  0.0000E+00  0.7850E-11  0.0000E+00  0.0000E+00
     1   556     1     1        0  0.0000E+00  0.1469E+02  0.0000E+00  0.0000E+00
     1   556     1     2        0  0.0000E+00  0.1433E-10  0.0000E+00  0.0000E+00
     1   557     1     1        0  0.0000E+00  0.4724E+02  0.0000E+00  0.0000E+00
     1   557     1     2        0  0.0000E+00  0.4192E-10  0.0000E+00  0.0000E+00
     1   558     1     1        0  0.0000E+00  0.3821E+02  0.0000E+00  0.0000E+00
     1   558     1     2        0  0.0000E+00  0.2999E-10  0.0000E+00  0.0000E+00
     1   559     1     1        0  0.0000E+00  0.7569E+01  0.0000E+00  0.0000E+00
     1   559     1     2        0  0.0000E+00  0.1966E-10  0.0000E+00  0.0000E+00
     1   560     1     1        0  0.0000E+00  0.1847E+02  0.0000E+00  0.0000E+00
     1   560     1     2        0  0.0000E+00  0.1350E-10  0.0000E+00  0.0000E+00
     1   561     1     1        0  0.0000E+00  0.3708E+02  0.0000E+00  0.0000E+00
     1   561     1     2        0  0.0000E+00  0.3055E-10  0.0000E+00  0.0000E+00
     1   562     1     1        0  0.0000E+00  0.2272E+02  0.0000E+00  0.0000E+00
     1   562     1     2        0  0.0000E+00  0.2600E-10  0.0000E+00  0.0000E+00
     1   563     1     1        0  0.0000E+00  0.2468E+01  0.0000E+00  0.0000E+00
     1   563     1     2        0  0.0000E+00  0.2310E-11  0.0000E+00  0.0000E+00
     1   564     1     1        0  0.0000E+00  0.9108E+01  0.0000E+00  0.0000E+00
     1   564     1     2        0  0.0000E+00  0.1017E-10  0.0000E+00  0.0000E+00
     1   565     1     1        0  0.0000E+00  0.2893E+02  0.0000E+00  0.0000E+00
     1   565     1     2        0  0.0000E+00  0.1753E-10  0.0000E+00  0.0000E+00
     1   566     1     1        0  0.0000E+00  0.1000E+03  0.0000E+00  0.0000E+00
     1   566     1     2        0  0.0000E+00  0.7373E-10  0.0000E+00  0.0000E+00
     1   567     1     1        0  0.0000E+00  0.2954E+01  0.0000E+00  0.0000E+00
     1   567     1     2        0  0.0000E+00  0.9527E-12  0.0000E+00  0.0000E+00
     1   568     1     1        0  0.0000E+00  0.6463E+00  0.0000E+00  0.0000E+00
     1   568     1     2        0  0.0000E+00  0.1321E-11  0.0000E+00  0.0000E+00
     1   569     1     1        0  0.0000E+00  0.8091E+00  0.0000E+00  0.0000E+00
     1   569     1     2        0  0.0000E+00  0.4479E-11  0.0000E+00  0.0000E+00
     1   570     1     1        0  0.0000E+00  0.2403E+02  0.0000E+00  0.0000E+00
     1   570     1     2        0  0.0000E+00  0.2034E-10  0.0000E+00  0.0000E+00
     1   571     1     1        0  0.0000E+00  0.1000E+03  0.0000E+00  0.0000E+00
     1   571     1     2        0  0.0000E+00  0.1026E-09  0.0000E+00  0.0000E+00
     1   572     1     1        0  0.0000E+00  0.2281E+02  0.0000E+00  0.0000E+00
     1   572     1     2        0  0.0000E+00  0.2081E-10  0.0000E+00  0.0000E+00
     1   573     1     1        0  0.0000E+00  0.9728E+01  0.0000E+00  0.0000E+00
     1   573     1     2        0  0.0000E+00  0.6249E-12  0.0000E+00  0.0000E+00
     1   574     1     1        0  0.0000E+00  0.2266E+02  0.0000E+00  0.0000E+00
     1   574     1     2        0  0.0000E+00  0.2715E-10  0.0000E+00  0.0000E+00
     1   575     1     1        0  0.0000E+00  0.8561E+02  0.0000E+00  0.0000E+00
     1   575     1     2        0  0.0000E+00  0.8087E-10  0.0000E+00  0.0000E+00
     1   576     1     1        0  0.0000E+00  0.1569E+02  0.0000E+00  0.0000E+00
     1   576     1     2        0  0.0000E+00  0.6411E-11  0.0000E+00  0.0000E+00
     1   577     1     1        0  0.0000E+00  0.4878E+00  0.0000E+00  0.0000E+00
     1   577     1     2        0  0.0000E+00  0.1488E-10  0.0000E+00  0.0000E+00
     1   578     1     1        0  0.0000E+00  0.1049E+02  0.0000E+00  0.0000E+00
     1   578     1     2        0  0.0000E+00  0.6944E-12  0.0000E+00  0.0000E+00
     1   579     1     1        0  0.0000E+00  0.2799E+02  0.0000E+00  0.0000E+00
     1   579     1     2        0  0.0000E+00  0.2686E-10  0.0000E+00  0.0000E+00
     1   580     1     1        0  0.0000E+00  0.1000E+03  0.0000E+00  0.0000E+00
     1   580     1     2        0  0.0000E+00  0.8885E-10  0.0000E+00  0.0000E+00
     1   581     1     1        0  0.0000E+00  0.3637E+01  0.0000E+00  0.0000E+00
     1   581     1     2        0  0.0000E+00  0.2981E-11  0.0000E+00  0.0000E+00
     1   582     1     1        0  0.0000E+00  0.5684E+01  0.0000E+00  0.0000E+00
     1   582     1     2        0  0.0000E+00  0.7966E-12  0.0000E+00  0.0000E+00
     1   583     1     1        0  0.0000E+00  0.2726E+01  0.0000E+00  0.0000E+00
     1   583     1     2        0  0.0000E+00  0.5345E-11  0.0000E+00  0.0000E+00
     1   584     1     1        0  0.0000E+00  0.2875E+02  0.0000E+00  0.0000E+00
     1   584     1     2        0  0.0000E+00  0.2284E-10  0.0000E+00  0.0000E+00
     1   585     1     1        0  0.0000E+00  0.1000E+03  0.0000E+00  0.0000E+00
     1   585     1     2        0  0.0000E+00  0.9137E-10  0.0000E+00  0.0000E+00
     1   586     1     1        0  0.0000E+00  0.7811E+01  0.0000E+00  0.0000E+00
     1   586     1     2        0  0.0000E+00  0.1738E-10  0.0000E+00  0.0000E+00
     1   587     1     1        0  0.0000E+00  0.1292E+02  0.0000E+00  0.0000E+00
     1   587     1     2        0  0.0000E+00  0.9239E-11  0.0000E+00  0.0000E+00
     1   588     1     1        0  0.0000E+00  0.2672E+02  0.0000E+00  0.0000E+00
     1   588     1     2        0  0.0000E+00  0.2878E-10  0.0000E+00  0.0000E+00
     1   589     1     1        0  0.0000E+00  0.1000E+03  0.0000E+00  0.0000E+00
     1   589     1     2        0  0.0000E+00  0.8236E-10  0.0000E+00  0.0000E+00
     1   590     1     1        0  0.0000E+00  0.1240E+02  0.0000E+00  0.0000E+00
     1   590     1     2        0  0.0000E+00  0.2123E-10  0.0000E+00  0.0000E+00
     1   591     1     1        0  0.0000E+00  0.8922E+01  0.0000E+00  0.0000E+00
     1   591     1     2        0  0.0000E+00  0.3997E-11  0.0000E+00  0.0000E+00
     1   592     1     1        0  0.0000E+00  0.2575E+02  0.0000E+00  0.0000E+00
     1   592     1     2        0  0.0000E+00  0.2554E-10  0.0000E+00  0.0000E+00
     1   593     1     1        0  0.0000E+00  0.1000E+03  0.0000E+00  0.0000E+00
     1   593     1     2        0  0.0000E+00  0.8831E-10  0.0000E+00  0.0000E+00
     1   594     1     1        0  0.0000E+00  0.1078E+02  0.0000E+00  0.0000E+00
     1   594     1     2        0  0.0000E+00  0.1435E-11  0.0000E+00  0.0000E+00
     1   595     1     1        0  0.0000E+00  0.1477E+01  0.0000E+00  0.0000E+00
     1   595     1     2        0  0.0000E+00  0.6974E-11  0.0000E+00  0.0000E+00
     1   596     1     1        0  0.0000E+00  0.7388E+01  0.0000E+00  0.0000E+00
     1   596     1     2        0  0.0000E+00  0.5651E-12  0.0000E+00  0.0000E+00
     1   597     1     1        0  0.0000E+00  0.2095E+02  0.0000E+00  0.0000E+00
     1   597     1     2        0  0.0000E+00  0.1649E-10  0.0000E+00  0.0000E+00
     1   598     1     1        0  0.0000E+00  0.1000E+03  0.0000E+00  0.0000E+00
     1   598     1     2        0  0.0000E+00  0.8431E-10  0.0000E+00  0.0000E+00
     1   599     1     1        0  0.0000E+00  0.2545E+02  0.0000E+00  0.0000E+00
     1   599     1     2        0  0.0000E+00  0.3518E-10  0.0000E+00  0.0000E+00
     1   600     1     1        0  0.0000E+00  0.5773E+01  0.0000E+00  0.0000E+00
     1   600     1     2        0  0.0000E+00  0.3511E-11  0.0000E+00  0.0000E+00
     1   601     1     1        0  0.0000E+00  0.1804E+02  0.0000E+00  0.0000E+00
     1   601     1     2        0  0.0000E+00  0.9983E-11  0.0000E+00  0.0000E+00
     1   602     1     1        0  0.0000E+00  0.3741E+02  0.0000E+00  0.0000E+00
     1   602     1     2        0  0.0000E+00  0.3175E-10  0.0000E+00  0.0000E+00
     1   603     1     1        0  0.0000E+00  0.4032E+02  0.0000E+00  0.0000E+00
     1   603     1     2        0  0.0000E+00  0.2204E-10  0.0000E+00  0.0000E+00
     1   604     1     1        0  0.0000E+00  0.1833E+01  0.0000E+00  0.0000E+00
     1   604     1     2        0  0.0000E+00  0.6954E-12  0.0000E+00  0.0000E+00
     1   605     1     1        0  0.0000E+00  0.1115E+02  0.0000E+00  0.0000E+00
     1   605     1     2        0  0.0000E+00  0.6719E-11  0.0000E+00  0.0000E+00
     1   606     1     1        0  0.0000E+00  0.2284E+02  0.0000E+00  0.0000E+00
     1   606     1     2        0  0.0000E+00  0.2679E-10  0.0000E+00  0.0000E+00
     1   607     1     1        0  0.0000E+00  0.1000E+03  0.0000E+00  0.0000E+00
     1   607     1     2        0  0.0000E+00  0.7672E-10  0.0000E+00  0.0000E+00
     1   608     1     1        0  0.0000E+00  0.8982E+00  0.0000E+00  0.0000E+00
     1   608     1     2        0  0.0000E+00  0.8614E-11  0.0000E+00  0.0000E+00
     1   609     1     1        0  0.0000E+00  0.1751E+02  0.0000E+00  0.0000E+00
     1   609     1     2        0  0.0000E+00  0.1197E-10  0.0000E+00  0.0000E+00
     1   610     1     1        0  0.0000E+00  0.2314E+02  0.0000E+00  0.0000E+00
     1   610     1     2        0  0.0000E+00  0.2121E-10  0.0000E+00  0.0000E+00
     1   611     1     1        0  0.0000E+00  0.1000E+03  0.0000E+00  0.0000E+00
     1   611     1     2        0  0.0000E+00  0.1218E-09  0.0000E+00  0.0000E+00
     1   612     1     1        0  0.0000E+00  0.5734E+01  0.0000E+00  0.0000E+00
     1   612     1     2        0  0.0000E+00  0.8865E-11  0.0000E+00  0.0000E+00
     1   613     1     1        0  0.0000E+00  0.2091E+02  0.0000E+00  0.0000E+00
     1   613     1     2        0  0.0000E+00  0.1770E-10  0.0000E+00  0.0000E+00
     1   614     1     1        0  0.0000E+00  0.5073E+02  0.0000E+00  0.0000E+00
     1   614     1     2        0  0.0000E+00  0.3663E-10  0.0000E+00  0.0000E+00
     1   615     1     1        0  0.0000E+00  0.3610E+02  0.0000E+00  0.0000E+00
     1   615     1     2        0  0.0000E+00  0.3640E-10  0.0000E+00  0.0000E+00
     1   616     1     1        0  0.0000E+00  0.6341E+01  0.0000E+00  0.0000E+00
     1   616     1     2        0  0.0000E+00  0.6301E-12  0.0000E+00  0.0000E+00
     1   617     1     1        0  0.0000E+00  0.1473E+02  0.0000E+00  0.0000E+00
     1   617     1     2        0  0.0000E+00  0.1469E-10  0.0000E+00  0.0000E+00
     1   618     1     1        0  0.0000E+00  0.4180E+02  0.0000E+00  0.0000E+00
     1   618     1     2        0  0.0000E+00  0.3456E-10  0.0000E+00  0.0000E+00
     1   619     1     1        0  0.0000E+00  0.5822E+02  0.0000E+00  0.0000E+00
     1   619     1     2        0  0.0000E+00  0.6803E-10  0.0000E+00  0.0000E+00
     1   620     1     1        0  0.0000E+00  0.4453E+01  0.0000E+00  0.0000E+00
     1   620     1     2        0  0.0000E+00  0.2038E-10  0.0000E+00  0.0000E+00
     1   621     1     1        0  0.0000E+00  0.9404E+01  0.0000E+00  0.0000E+00
     1   621     1     2        0  0.0000E+00  0.2119E-10  0.0000E+00  0.0000E+00
     1   622     1     1        0  0.0000E+00  0.1726E+02  0.0000E+00  0.0000E+00
     1   622     1     2        0  0.0000E+00  0.1664E-10  0.0000E+00  0.0000E+00
     1   623     1     1        0  0.0000E+00  0.4167E+02  0.0000E+00  0.0000E+00
     1   623     1     2        0  0.0000E+00  0.4073E-10  0.0000E+00  0.0000E+00
     1   624     1     1        0  0.0000E+00  0.8716E+02  0.0000E+00  0.0000E+00
     1   624     1     2        0  0.0000E+00  0.8604E-10  0.0000E+00  0.0000E+00
     1   625     1     1        0  0.0000E+00  0.1366E+02  0.0000E+00  0.0000E+00
     1   625     1     2        0  0.0000E+00  0.1706E-10  0.0000E+00  0.0000E+00
     1   626     1     1        0  0.0000E+00  0.3837E+01  0.0000E+00  0.0000E+00
     1   626     1     2        0  0.0000E+00  0.4136E-11  0.0000E+00  0.0000E+00
     1   627     1     1        0  0.0000E+00  0.1284E+02  0.0000E+00  0.0000E+00
     1   627     1     2        0  0.0000E+00  0.1128E-10  0.0000E+00  0.0000E+00
     1   628     1     1        0  0.0000E+00  0.2611E+02  0.0000E+00  0.0000E+00
     1   628     1     2        0  0.0000E+00  0.2373E-10  0.0000E+00  0.0000E+00
     1   629     1     1        0  0.0000E+00  0.1000E+03  0.0000E+00  0.0000E+00
     1   629     1     2        0  0.0000E+00  0.1014E-09  0.0000E+00  0.0000E+00
     1   630     1     1        0  0.0000E+00  0.2446E+02  0.0000E+00  0.0000E+00
     1   630     1     2        0  0.0000E+00  0.2597E-10  0.0000E+00  0.0000E+00
     1   631     1     1        0  0.0000E+00  0.8252E+01  0.0000E+00  0.0000E+00
     1   631     1     2        0  0.0000E+00  0.1654E-10  0.0000E+00  0.0000E+00
     1   632     1     1        0  0.0000E+00  0.1032E+02  0.0000E+00  0.0000E+00
     1   632     1     2        0  0.0000E+00  0.5577E-11  0.0000E+00  0.0000E+00
     1   633     1     1        0  0.0000E+00  0.2562E+02  0.0000E+00  0.0000E+00
     1   633     1     2        0  0.0000E+00  0.1865E-10  0.0000E+00  0.0000E+00
     1   634     1     1        0  0.0000E+00  0.1000E+03  0.0000E+00  0.0000E+00
     1   634     1     2        0  0.0000E+00  0.1061E-09  0.0000E+00  0.0000E+00
     1   635     1     1        0  0.0000E+00  0.7650E+01  0.0000E+00  0.0000E+00
     1   635     1     2        0  0.0000E+00  0.5296E-11  0.0000E+00  0.0000E+00
     1   636     1     1        0  0.0000E+00  0.4082E+01  0.0000E+00  0.0000E+00
     1   636     1     2        0  0.0000E+00  0.5174E-11  0.0000E+00  0.0000E+00
     1   637     1     1        0  0.0000E+00  0.3099E+01  0.0000E+00  0.0000E+00
     1   637     1     2        0  0.0000E+00  0.6302E-11  0.0000E+00  0.0000E+00
     1   638     1     1        0  0.0000E+00  0.8868E+01  0.0000E+00  0.0000E+00
     1   638     1     2        0  0.0000E+00  0.5501E-11  0.0000E+00  0.0000E+00
     1   639     1     1        0  0.0000E+00  0.2634E+02  0.0000E+00  0.0000E+00
     1   639     1     2        0  0.0000E+00  0.2759E-10  0.0000E+00  0.0000E+00
     1   640     1     1        0  0.0000E+00  0.1000E+03  0.0000E+00  0.0000E+00
     1   640     1     2        0  0.0000E+00  0.8462E-10  0.0000E+00  0.0000E+00
     1   641     1     1        0  0.0000E+00  0.7551E+01  0.0000E+00  0.0000E+00
     1   641     1     2        0  0.0000E+00  0.7358E-11  0.0000E+00  0.0000E+00
     1   642     1     1        0  0.0000E+00  0.8475E+01  0.0000E+00  0.0000E+00
     1   642     1     2        0  0.0000E+00  0.1349E-10  0.0000E+00  0.0000E+00
     1   643     1     1        0  0.0000E+00  0.1384E+02  0.0000E+00  0.0000E+00
     1   643     1     2        0  0.0000E+00  0.1513E-10  0.0000E+00  0.0000E+00
     1   644     1     1        0  0.0000E+00  0.2751E+02  0.0000E+00  0.0000E+00
     1   644     1     2        0  0.0000E+00  0.2652E-10  0.0000E+00  0.0000E+00
     1   645     1     1        0  0.0000E+00  0.1000E+03  0.0000E+00  0.0000E+00
     1   645     1     2        0  0.0000E+00  0.1094E-09  0.0000E+00  0.0000E+00
     1   646     1     1        0  0.0000E+00  0.3486E+01  0.0000E+00  0.0000E+00
     1   646     1     2        0  0.0000E+00  0.3077E-11  0.0000E+00  0.0000E+00
     1   647     1     1        0  0.0000E+00  0.1571E+02  0.0000E+00  0.0000E+00
     1   647     1     2        0  0.0000E+00  0.1037E-10  0.0000E+00  0.0000E+00
     1   648     1     1        0  0.0000E+00  0.4041E+02  0.0000E+00  0.0000E+00
     1   648     1     2        0  0.0000E+00  0.3461E-10  0.0000E+00  0.0000E+00
     1   649     1     1        0  0.0000E+00  0.2757E+02  0.0000E+00  0.0000E+00
     1   649     1     2        0  0.0000E+00  0.4312E-10  0.0000E+00  0.0000E+00
     1   650     1     1        0  0.0000E+00  0.5419E+01  0.0000E+00  0.0000E+00
     1   650     1     2        0  0.0000E+00  0.6604E-11  0.0000E+00  0.0000E+00
     1   651     1     1        0  0.0000E+00  0.3227E+01  0.0000E+00  0.0000E+00
     1   651     1     2        0  0.0000E+00  0.3831E-11  0.0000E+00  0.0000E+00
     1   652     1     1        0  0.0000E+00  0.8703E+01  0.0000E+00  0.0000E+00
     1   652     1     2        0  0.0000E+00  0.1605E-10  0.0000E+00  0.0000E+00
     1   653     1     1        0  0.0000E+00  0.3613E+02  0.0000E+00  0.0000E+00
     1   653     1     2        0  0.0000E+00  0.3429E-10  0.0000E+00  0.0000E+00
     1   654     1     1        0  0.0000E+00  0.1000E+03  0.0000E+00  0.0000E+00
     1   654     1     2        0  0.0000E+00  0.6980E-10  0.0000E+00  0.0000E+00
     1   655     1     1        0  0.0000E+00  0.1059E+02  0.0000E+00  0.0000E+00
     1   655     1     2        0  0.0000E+00  0.1256E-10  0.0000E+00  0.0000E+00
     1   656     1     1        0  0.0000E+00  0.3892E+02  0.0000E+00  0.0000E+00
     1   656     1     2        0  0.0000E+00  0.3328E-10  0.0000E+00  0.0000E+00
     1   657     1     1        0  0.0000E+00  0.3789E+02  0.0000E+00  0.0000E+00
     1   657     1     2        0  0.0000E+00  0.4803E-11  0.0000E+00  0.0000E+00
     1   658     1     1        0  0.0000E+00  0.8330E+01  0.0000E+00  0.0000E+00
     1   658     1     2        0  0.0000E+00  0.1883E-10  0.0000E+00  0.0000E+00
     1   659     1     1        0  0.0000E+00  0.2889E+01  0.0000E+00  0.0000E+00
     1   659     1     2        0  0.0000E+00  0.2435E-11  0.0000E+00  0.0000E+00
     1   660     1     1        0  0.0000E+00  0.7364E+01  0.0000E+00  0.0000E+00
     1   660     1     2        0  0.0000E+00  0.1119E-10  0.0000E+00  0.0000E+00
     1   661     1     1        0  0.0000E+00  0.4896E+02  0.0000E+00  0.0000E+00
     1   661     1     2        0  0.0000E+00  0.4634E-10  0.0000E+00  0.0000E+00
     1   662     1     1        0  0.0000E+00  0.1000E+03  0.0000E+00  0.0000E+00
     1   662     1     2        0  0.0000E+00  0.9136E-10  0.0000E+00  0.0000E+00
     1   663     1     1        0  0.0000E+00  0.4785E+01  0.0000E+00  0.0000E+00
     1   663     1     2        0  0.0000E+00  0.2715E-11  0.0000E+00  0.0000E+00
     1   664     1     1        0  0.0000E+00  0.1082E+02  0.0000E+00  0.0000E+00
     1   664     1     2        0  0.0000E+00  0.1116E-10  0.0000E+00  0.0000E+00
     1   665     1     1        0  0.0000E+00  0.2008E+02  0.0000E+00  0.0000E+00
     1   665     1     2        0  0.0000E+00  0.2083E-10  0.0000E+00  0.0000E+00
     1   666     1     1        0  0.0000E+00  0.6656E+02  0.0000E+00  0.0000E+00
     1   666     1     2        0  0.0000E+00  0.6263E-10  0.0000E+00  0.0000E+00
     1   667     1     1        0  0.0000E+00  0.1767E+02  0.0000E+00  0.0000E+00
     1   667     1     2        0  0.0000E+00  0.2006E-10  0.0000E+00  0.0000E+00
     1   668     1     1        0  0.0000E+00  0.7008E+01  0.0000E+00  0.0000E+00
     1   668     1     2        0  0.0000E+00  0.7001E-11  0.0000E+00  0.0000E+00
     1   669     1     1        0  0.0000E+00  0.2308E+02  0.0000E+00  0.0000E+00
     1   669     1     2        0  0.0000E+00  0.2156E-10  0.0000E+00  0.0000E+00
     1   670     1     1        0  0.0000E+00  0.8135E+02  0.0000E+00  0.0000E+00
     1   670     1     2        0  0.0000E+00  0.6845E-10  0.0000E+00  0.0000E+00
     1   671     1     1        0  0.0000E+00  0.2112E+01  0.0000E+00  0.0000E+00
     1   671     1     2        0  0.0000E+00  0.1410E-10  0.0000E+00  0.0000E+00
     1   672     1     1        0  0.0000E+00  0.1977E+02  0.0000E+00  0.0000E+00
     1   672     1     2        0  0.0000E+00  0.1910E-10  0.0000E+00  0.0000E+00
     1   673     1     1        0  0.0000E+00  0.3567E+02  0.0000E+00  0.0000E+00
     1   673     1     2        0  0.0000E+00  0.3250E-10  0.0000E+00  0.0000E+00
     1   674     1     1        0  0.0000E+00  0.4972E+02  0.0000E+00  0.0000E+00
     1   674     1     2        0  0.0000E+00  0.5538E-10  0.0000E+00  0.0000E+00
     1   675     1     1        0  0.0000E+00  0.2210E+01  0.0000E+00  0.0000E+00
     1   675     1     2        0  0.0000E+00  0.4403E-11  0.0000E+00  0.0000E+00
     1   676     1     1        0  0.0000E+00  0.1474E+02  0.0000E+00  0.0000E+00
     1   676     1     2        0  0.0000E+00  0.1844E-10  0.0000E+00  0.0000E+00
     1   677     1     1        0  0.0000E+00  0.4560E+02  0.0000E+00  0.0000E+00
     1   677     1     2        0  0.0000E+00  0.4387E-10  0.0000E+00  0.0000E+00
     1   678     1     1        0  0.0000E+00  0.6943E+02  0.0000E+00  0.0000E+00
     1   678     1     2        0  0.0000E+00  0.5288E-10  0.0000E+00  0.0000E+00
     1   679     1     1        0  0.0000E+00  0.9401E+00  0.0000E+00  0.0000E+00
     1   679     1     2        0  0.0000E+00  0.1144E-10  0.0000E+00  0.0000E+00
     1   680     1     1        0  0.0000E+00  0.1051E+02  0.0000E+00  0.0000E+00
     1   680     1     2        0  0.0000E+00  0.4505E-11  0.0000E+00  0.0000E+00
     1   681     1     1        0  0.0000E+00  0.2898E+02  0.0000E+00  0.0000E+00
     1   681     1     2        0  0.0000E+00  0.2899E-10  0.0000E+00  0.0000E+00
     1   682     1     1        0  0.0000E+00  0.1000E+03  0.0000E+00  0.0000E+00
     1   682     1     2        0  0.0000E+00  0.8447E-10  0.0000E+00  0.0000E+00
     1   683     1     1        0  0.0000E+00  0.8119E+01  0.0000E+00  0.0000E+00
     1   683     1     2        0  0.0000E+00  0.1553E-11  0.0000E+00  0.0000E+00
     1   684     1     1        0  0.0000E+00  0.1267E+02  0.0000E+00  0.0000E+00
     1   684     1     2        0  0.0000E+00  0.4469E-11  0.0000E+00  0.0000E+00
     1   685     1     1        0  0.0000E+00  0.2712E+02  0.0000E+00  0.0000E+00
     1   685     1     2        0  0.0000E+00  0.2240E-10  0.0000E+00  0.0000E+00
     1   686     1     1        0  0.0000E+00  0.1000E+03  0.0000E+00  0.0000E+00
     1   686     1     2        0  0.0000E+00  0.9898E-10  0.0000E+00  0.0000E+00
     1   687     1     1        0  0.0000E+00  0.1037E+02  0.0000E+00  0.0000E+00
     1   687     1     2        0  0.0000E+00  0.1444E-10  0.0000E+00  0.0000E+00
     1   688     1     1        0  0.0000E+00  0.4838E+00  0.0000E+00  0.0000E+00
     1   688     1     2        0  0.0000E+00  0.5257E-11  0.0000E+00  0.0000E+00
     1   689     1     1        0  0.0000E+00  0.1411E+02  0.0000E+00  0.0000E+00
     1   689     1     2        0  0.0000E+00  0.4868E-11  0.0000E+00  0.0000E+00
     1   690     1     1        0  0.0000E+00  0.3632E+02  0.0000E+00  0.0000E+00
     1   690     1     2        0  0.0000E+00  0.2902E-10  0.0000E+00  0.0000E+00
     1   691     1     1        0  0.0000E+00  0.5621E+02  0.0000E+00  0.0000E+00
     1   691     1     2        0  0.0000E+00  0.7314E-10  0.0000E+00  0.0000E+00
     1   692     1     1        0  0.0000E+00  0.1071E+02  0.0000E+00  0.0000E+00
     1   692     1     2        0  0.0000E+00  0.1317E-10  0.0000E+00  0.0000E+00
     1   693     1     1        0  0.0000E+00  0.2753E+02  0.0000E+00  0.0000E+00
     1   693     1     2        0  0.0000E+00  0.1893E-10  0.0000E+00  0.0000E+00
     1   694     1     1        0  0.0000E+00  0.1000E+03  0.0000E+00  0.0000E+00
     1   694     1     2        0  0.0000E+00  0.6151E-10  0.0000E+00  0.0000E+00
     1   695     1     1        0  0.0000E+00  0.4908E+01  0.0000E+00  0.0000E+00
     1   695     1     2        0  0.0000E+00  0.1473E-12  0.0000E+00  0.0000E+00
     1   696     1     1        0  0.0000E+00  0.1165E+02  0.0000E+00  0.0000E+00
     1   696     1     2        0  0.0000E+00  0.1063E-10  0.0000E+00  0.0000E+00
     1   697     1     1        0  0.0000E+00  0.5493E+02  0.0000E+00  0.0000E+00
     1   697     1     2        0  0.0000E+00  0.4988E-10  0.0000E+00  0.0000E+00
     1   698     1     1        0  0.0000E+00  0.4025E+02  0.0000E+00  0.0000E+00
     1   698     1     2        0  0.0000E+00  0.1358E-10  0.0000E+00  0.0000E+00
     1   699     1     1        0  0.0000E+00  0.4885E+01  0.0000E+00  0.0000E+00
     1   699     1     2        0  0.0000E+00  0.5187E-11  0.0000E+00  0.0000E+00
     1   700     1     1        0  0.0000E+00  0.1448E+02  0.0000E+00  0.0000E+00
     1   700     1     2        0  0.0000E+00  0.1615E-10  0.0000E+00  0.0000E+00
     1   701     1     1        0  0.0000E+00  0.9811E+01  0.0000E+00  0.0000E+00
     1   701     1     2        0  0.0000E+00  0.9200E-12  0.0000E+00  0.0000E+00
     1   702     1     1        0  0.0000E+00  0.4594E+02  0.0000E+00  0.0000E+00
     1   702     1     2        0  0.0000E+00  0.5268E-10  0.0000E+00  0.0000E+00
     1   703     1     1        0  0.0000E+00  0.2087E+01  0.0000E+00  0.0000E+00
     1   703     1     2        0  0.0000E+00  0.2400E-11  0.0000E+00  0.0000E+00
     1   704     1     1        0  0.0000E+00  0.8728E+01  0.0000E+00  0.0000E+00
     1   704     1     2        0  0.0000E+00  0.1365E-10  0.0000E+00  0.0000E+00
     1   705     1     1        0  0.0000E+00  0.2041E+02  0.0000E+00  0.0000E+00
     1   705     1     2        0  0.0000E+00  0.2579E-10  0.0000E+00  0.0000E+00
     1   706     1     1        0  0.0000E+00  0.1000E+03  0.0000E+00  0.0000E+00
     1   706     1     2        0  0.0000E+00  0.7546E-10  0.0000E+00  0.0000E+00
     1   707     1     1        0  0.0000E+00  0.2788E+02  0.0000E+00  0.0000E+00
     1   707     1     2        0  0.0000E+00  0.2336E-10  0.0000E+00  0.0000E+00
     1   708     1     1        0  0.0000E+00  0.1997E+01  0.0000E+00  0.0000E+00
     1   708     1     2        0  0.0000E+00  0.1509E-11  0.0000E+00  0.0000E+00
     1   709     1     1        0  0.0000E+00  0.1532E+02  0.0000E+00  0.0000E+00
     1   709     1     2        0  0.0000E+00  0.2023E-10  0.0000E+00  0.0000E+00
     1   710     1     1        0  0.0000E+00  0.1887E+02  0.0000E+00  0.0000E+00
     1   710     1     2        0  0.0000E+00  0.1343E-10  0.0000E+00  0.0000E+00
     1   711     1     1        0  0.0000E+00  0.1652E+02  0.0000E+00  0.0000E+00
     1   711     1     2        0  0.0000E+00  0.2575E-11  0.0000E+00  0.0000E+00
     1   712     1     1        0  0.0000E+00  0.1000E+03  0.0000E+00  0.0000E+00
     1   712     1     2        0  0.0000E+00  0.9193E-10  0.0000E+00  0.0000E+00
     1   713     1     1        0  0.0000E+00  0.4948E+02  0.0000E+00  0.0000E+00
     1   713     1     2        0  0.0000E+00  0.4195E-10  0.0000E+00  0.0000E+00
     1   714     1     1        0  0.0000E+00  0.2006E+01  0.0000E+00  0.0000E+00
     1   714     1     2        0  0.0000E+00  0.6318E-12  0.0000E+00  0.0000E+00
     1   715     1     1        0  0.0000E+00  0.8621E+01  0.0000E+00  0.0000E+00
     1   715     1     2        0  0.0000E+00  0.9934E-11  0.0000E+00  0.0000E+00
     1   716     1     1        0  0.0000E+00  0.2378E+02  0.0000E+00  0.0000E+00
     1   716     1     2        0  0.0000E+00  0.2304E-10  0.0000E+00  0.0000E+00
     1   717     1     1        0  0.0000E+00  0.1000E+03  0.0000E+00  0.0000E+00
     1   717     1     2        0  0.0000E+00  0.7666E-10  0.0000E+00  0.0000E+00
     1   718     1     1        0  0.0000E+00  0.2032E+02  0.0000E+00  0.0000E+00
     1   718     1     2        0  0.0000E+00  0.1094E-10  0.0000E+00  0.0000E+00
     1   719     1     1        0  0.0000E+00  0.5940E+01  0.0000E+00  0.0000E+00
     1   719     1     2        0  0.0000E+00  0.1328E-10  0.0000E+00  0.0000E+00
     1   720     1     1        0  0.0000E+00  0.2965E+02  0.0000E+00  0.0000E+00
     1   720     1     2        0  0.0000E+00  0.2738E-10  0.0000E+00  0.0000E+00
     1   721     1     1        0  0.0000E+00  0.1000E+03  0.0000E+00  0.0000E+00
     1   721     1     2        0  0.0000E+00  0.6653E-10  0.0000E+00  0.0000E+00
     1   722     1     1        0  0.0000E+00  0.1534E+01  0.0000E+00  0.0000E+00
     1   722     1     2        0  0.0000E+00  0.2259E-11  0.0000E+00  0.0000E+00
     1   723     1     1        0  0.0000E+00  0.1354E+02  0.0000E+00  0.0000E+00
     1   723     1     2        0  0.0000E+00  0.8140E-11  0.0000E+00  0.0000E+00
     1   724     1     1        0  0.0000E+00  0.2174E+02  0.0000E+00  0.0000E+00
     1   724     1     2        0  0.0000E+00  0.2179E-10  0.0000E+00  0.0000E+00
     1   725     1     1        0  0.0000E+00  0.1000E+03  0.0000E+00  0.0000E+00
     1   725     1     2        0  0.0000E+00  0.1055E-09  0.0000E+00  0.0000E+00
     1   726     1     1        0  0.0000E+00  0.1793E+02  0.0000E+00  0.0000E+00
     1   726     1     2        0  0.0000E+00  0.9554E-11  0.0000E+00  0.0000E+00
     1   727     1     1        0  0.0000E+00  0.1783E+01  0.0000E+00  0.0000E+00
     1   727     1     2        0  0.0000E+00  0.1449E-10  0.0000E+00  0.0000E+00
     1   728     1     1        0  0.0000E+00  0.1122E+02  0.0000E+00  0.0000E+00
     1   728     1     2        0  0.0000E+00  0.1323E-10  0.0000E+00  0.0000E+00
     1   729     1     1        0  0.0000E+00  0.3757E+02  0.0000E+00  0.0000E+00
     1   729     1     2        0  0.0000E+00  0.3814E-10  0.0000E+00  0.0000E+00
     1   730     1     1        0  0.0000E+00  0.8183E+02  0.0000E+00  0.0000E+00
     1   730     1     2        0  0.0000E+00  0.5745E-10  0.0000E+00  0.0000E+00
     1   731     1     1        0  0.0000E+00  0.9537E+01  0.0000E+00  0.0000E+00
     1   731     1     2        0  0.0000E+00  0.1422E-10  0.0000E+00  0.0000E+00
     1   732     1     1        0  0.0000E+00  0.2341E+02  0.0000E+00  0.0000E+00
     1   732     1     2        0  0.0000E+00  0.1790E-10  0.0000E+00  0.0000E+00
     1   733     1     1        0  0.0000E+00  0.1000E+03  0.0000E+00  0.0000E+00
     1   733     1     2        0  0.0000E+00  0.9382E-10  0.0000E+00  0.0000E+00
     1   734     1     1        0  0.0000E+00  0.5635E+01  0.0000E+00  0.0000E+00
     1   734     1     2        0  0.0000E+00  0.5651E-11  0.0000E+00  0.0000E+00
     1   735     1     1        0  0.0000E+00  0.8131E+01  0.0000E+00  0.0000E+00
     1   735     1     2        0  0.0000E+00  0.8115E-11  0.0000E+00  0.0000E+00
     1   736     1     1        0  0.0000E+00  0.8598E+00  0.0000E+00  0.0000E+00
     1   736     1     2        0  0.0000E+00  0.7208E-11  0.0000E+00  0.0000E+00
     1   737     1     1        0  0.0000E+00  0.1457E+02  0.0000E+00  0.0000E+00
     1   737     1     2        0  0.0000E+00  0.1739E-10  0.0000E+00  0.0000E+00
     1   738     1     1        0  0.0000E+00  0.4399E+02  0.0000E+00  0.0000E+00
     1   738     1     2        0  0.0000E+00  0.3400E-10  0.0000E+00  0.0000E+00
     1   739     1     1        0  0.0000E+00  0.2395E+02  0.0000E+00  0.0000E+00
     1   739     1     2        0  0.0000E+00  0.2839E-10  0.0000E+00  0.0000E+00
     1   740     1     1        0  0.0000E+00  0.7701E+01  0.0000E+00  0.0000E+00
     1   740     1     2        0  0.0000E+00  0.1480E-11  0.0000E+00  0.0000E+00
     1   741     1     1        0  0.0000E+00  0.8399E+01  0.0000E+00  0.0000E+00
     1   741     1     2        0  0.0000E+00  0.1404E-10  0.0000E+00  0.0000E+00
     1   742     1     1        0  0.0000E+00  0.3957E+02  0.0000E+00  0.0000E+00
     1   742     1     2        0  0.0000E+00  0.3916E-10  0.0000E+00  0.0000E+00
     1   743     1     1        0  0.0000E+00  0.1156E+02  0.0000E+00  0.0000E+00
     1   743     1     2        0  0.0000E+00  0.1396E-10  0.0000E+00  0.0000E+00
     1   744     1     1        0  0.0000E+00  0.5786E+01  0.0000E+00  0.0000E+00
     1   744     1     2        0  0.0000E+00  0.1246E-10  0.0000E+00  0.0000E+00
     1   745     1     1        0  0.0000E+00  0.1509E+02  0.0000E+00  0.0000E+00
     1   745     1     2        0  0.0000E+00  0.1542E-10  0.0000E+00  0.0000E+00
     1   746     1     1        0  0.0000E+00  0.2951E+02  0.0000E+00  0.0000E+00
     1   746     1     2        0  0.0000E+00  0.3096E-10  0.0000E+00  0.0000E+00
     1   747     1     1        0  0.0000E+00  0.1000E+03  0.0000E+00  0.0000E+00
     1   747     1     2        0  0.0000E+00  0.1139E-09  0.0000E+00  0.0000E+00
     1   748     1     1        0  0.0000E+00  0.7947E+00  0.0000E+00  0.0000E+00
     1   748     1     2        0  0.0000E+00  0.9030E-11  0.0000E+00  0.0000E+00
     1   749     1     1        0  0.0000E+00  0.1215E+02  0.0000E+00  0.0000E+00
     1   749     1     2        0  0.0000E+00  0.7003E-11  0.0000E+00  0.0000E+00
     1   750     1     1        0  0.0000E+00  0.1378E+02  0.0000E+00  0.0000E+00
     1   750     1     2        0  0.0000E+00  0.1728E-10  0.0000E+00  0.0000E+00
     1   751     1     1        0  0.0000E+00  0.3593E+01  0.0000E+00  0.0000E+00
     1   751     1     2        0  0.0000E+00  0.3436E-11  0.0000E+00  0.0000E+00
     1   752     1     1        0  0.0000E+00  0.5366E+01  0.0000E+00  0.0000E+00
     1   752     1     2        0  0.0000E+00  0.3924E-11  0.0000E+00  0.0000E+00
     1   753     1     1        0  0.0000E+00  0.9257E+01  0.0000E+00  0.0000E+00
     1   753     1     2        0  0.0000E+00  0.8608E-11  0.0000E+00  0.0000E+00
     1   754     1     1        0  0.0000E+00  0.2088E+02  0.0000E+00  0.0000E+00
     1   754     1     2        0  0.0000E+00  0.1431E-10  0.0000E+00  0.0000E+00
     1   755     1     1        0  0.0000E+00  0.1000E+03  0.0000E+00  0.0000E+00
     1   755     1     2        0  0.0000E+00  0.8690E-10  0.0000E+00  0.0000E+00
     1   756     1     1        0  0.0000E+00  0.6124E+02  0.0000E+00  0.0000E+00
     1   756     1     2        0  0.0000E+00  0.6880E-10  0.0000E+00  0.0000E+00
     1   757     1     1        0  0.0000E+00  0.1000E+03  0.0000E+00  0.0000E+00
     1   757     1     2        0  0.0000E+00  0.7835E-10  0.0000E+00  0.0000E+00
     1   758     1     1        0  0.0000E+00  0.1054E+02  0.0000E+00  0.0000E+00
     1   758     1     2        0  0.0000E+00  0.1104E-10  0.0000E+00  0.0000E+00
     1   759     1     1        0  0.0000E+00  0.3415E+02  0.0000E+00  0.0000E+00
     1   759     1     2        0  0.0000E+00  0.3531E-10  0.0000E+00  0.0000E+00
     1   760     1     1        0  0.0000E+00  0.1000E+03  0.0000E+00  0.0000E+00
     1   760     1     2        0  0.0000E+00  0.1101E-09  0.0000E+00  0.0000E+00
     1   761     1     1        0  0.0000E+00  0.3845E+01  0.0000E+00  0.0000E+00
     1   761     1     2        0  0.0000E+00  0.7755E-11  0.0000E+00  0.0000E+00
     1   762     1     1        0  0.0000E+00  0.2304E+02  0.0000E+00  0.0000E+00
     1   762     1     2        0  0.0000E+00  0.1994E-10  0.0000E+00  0.0000E+00
     1   763     1     1        0  0.0000E+00  0.7167E+02  0.0000E+00  0.0000E+00
     1   763     1     2        0  0.0000E+00  0.6958E-10  0.0000E+00  0.0000E+00
     1   764     1     1        0  0.0000E+00  0.3573E+02  0.0000E+00  0.0000E+00
     1   764     1     2        0  0.0000E+00  0.5320E-10  0.0000E+00  0.0000E+00
     1   765     1     1        0  0.0000E+00  0.1067E+02  0.0000E+00  0.0000E+00
     1   765     1     2        0  0.0000E+00  0.1970E-10  0.0000E+00  0.0000E+00
     1   766     1     1        0  0.0000E+00  0.4518E+01  0.0000E+00  0.0000E+00
     1   766     1     2        0  0.0000E+00  0.6940E-11  0.0000E+00  0.0000E+00
     1   767     1     1        0  0.0000E+00  0.1583E+02  0.0000E+00  0.0000E+00
     1   767     1     2        0  0.0000E+00  0.2403E-10  0.0000E+00  0.0000E+00
     1   768     1     1        0  0.0000E+00  0.3461E+02  0.0000E+00  0.0000E+00
     1   768     1     2        0  0.0000E+00  0.3104E-10  0.0000E+00  0.0000E+00
     1   769     1     1        0  0.0000E+00  0.5405E+02  0.0000E+00  0.0000E+00
     1   769     1     2        0  0.0000E+00  0.5696E-10  0.0000E+00  0.0000E+00
     1   770     1     1        0  0.0000E+00  0.4467E+01  0.0000E+00  0.0000E+00
     1   770     1     2        0  0.0000E+00  0.8973E-11  0.0000E+00  0.0000E+00
     1   771     1     1        0  0.0000E+00  0.4639E+01  0.0000E+00  0.0000E+00
     1   771     1     2        0  0.0000E+00  0.7945E-11  0.0000E+00  0.0000E+00
     1   772     1     1        0  0.0000E+00  0.1722E+02  0.0000E+00  0.0000E+00
     1   772     1     2        0  0.0000E+00  0.1977E-10  0.0000E+00  0.0000E+00
     1   773     1     1        0  0.0000E+00  0.4431E+02  0.0000E+00  0.0000E+00
     1   773     1     2        0  0.0000E+00  0.3420E-10  0.0000E+00  0.0000E+00
     1   774     1     1        0  0.0000E+00  0.2057E+01  0.0000E+00  0.0000E+00
     1   774     1     2        0  0.0000E+00  0.1750E-10  0.0000E+00  0.0000E+00
     1   775     1     1        0  0.0000E+00  0.3741E+02  0.0000E+00  0.0000E+00
     1   775     1     2        0  0.0000E+00  0.3900E-10  0.0000E+00  0.0000E+00
     1   776     1     1        0  0.0000E+00  0.1000E+03  0.0000E+00  0.0000E+00
     1   776     1     2        0  0.0000E+00  0.9052E-10  0.0000E+00  0.0000E+00
     1   777     1     1        0  0.0000E+00  0.7270E+01  0.0000E+00  0.0000E+00
     1   777     1     2        0  0.0000E+00  0.5641E-12  0.0000E+00  0.0000E+00
     1   778     1     1        0  0.0000E+00  0.1039E+02  0.0000E+00  0.0000E+00
     1   778     1     2        0  0.0000E+00  0.1831E-11  0.0000E+00  0.0000E+00
     1   779     1     1        0  0.0000E+00  0.1193E+02  0.0000E+00  0.0000E+00
     1   779     1     2        0  0.0000E+00  0.7918E-11  0.0000E+00  0.0000E+00
     1   780     1     1        0  0.0000E+00  0.4328E+02  0.0000E+00  0.0000E+00
     1   780     1     2        0  0.0000E+00  0.2919E-10  0.0000E+00  0.0000E+00
     1   781     1     1        0  0.0000E+00  0.5574E+02  0.0000E+00  0.0000E+00
     1   781     1     2        0  0.0000E+00  0.7159E-10  0.0000E+00  0.0000E+00
     1   782     1     1        0  0.0000E+00  0.5183E+01  0.0000E+00  0.0000E+00
     1   782     1     2        0  0.0000E+00  0.7486E-11  0.0000E+00  0.0000E+00
     1   783     1     1        0  0.0000E+00  0.1257E+02  0.0000E+00  0.0000E+00
     1   783     1     2        0  0.0000E+00  0.1231E-10  0.0000E+00  0.0000E+00
     1   784     1     1        0  0.0000E+00  0.1399E+02  0.0000E+00  0.0000E+00
     1   784     1     2        0  0.0000E+00  0.1658E-10  0.0000E+00  0.0000E+00
     1   785     1     1        0  0.0000E+00  0.9979E+01  0.0000E+00  0.0000E+00
     1   785     1     2        0  0.0000E+00  0.1564E-10  0.0000E+00  0.0000E+00
     1   786     1     1        0  0.0000E+00  0.1000E+03  0.0000E+00  0.0000E+00
     1   786     1     2        0  0.0000E+00  0.1011E-09  0.0000E+00  0.0000E+00
     1   787     1     1        0  0.0000E+00  0.2610E+02  0.0000E+00  0.0000E+00
     1   787     1     2        0  0.0000E+00  0.1029E-10  0.0000E+00  0.0000E+00
     1   788     1     1        0  0.0000E+00  0.1363E+02  0.0000E+00  0.0000E+00
     1   788     1     2        0  0.0000E+00  0.1528E-10  0.0000E+00  0.0000E+00
     1   789     1     1        0  0.0000E+00  0.1692E+02  0.0000E+00  0.0000E+00
     1   789     1     2        0  0.0000E+00  0.1400E-10  0.0000E+00  0.0000E+00
     1   790     1     1        0  0.0000E+00  0.1398E+02  0.0000E+00  0.0000E+00
     1   790     1     2        0  0.0000E+00  0.7425E-11  0.0000E+00  0.0000E+00
     1   791     1     1        0  0.0000E+00  0.4077E+02  0.0000E+00  0.0000E+00
     1   791     1     2        0  0.0000E+00  0.5418E-10  0.0000E+00  0.0000E+00
     1   792     1     1        0  0.0000E+00  0.5654E+01  0.0000E+00  0.0000E+00
     1   792     1     2        0  0.0000E+00  0.4823E-11  0.0000E+00  0.0000E+00
     1   793     1     1        0  0.0000E+00  0.7109E+01  0.0000E+00  0.0000E+00
     1   793     1     2        0  0.0000E+00  0.1193E-10  0.0000E+00  0.0000E+00
     1   794     1     1        0  0.0000E+00  0.1936E+02  0.0000E+00  0.0000E+00
     1   794     1     2        0  0.0000E+00  0.2545E-10  0.0000E+00  0.0000E+00
     1   795     1     1        0  0.0000E+00  0.1000E+03  0.0000E+00  0.0000E+00
     1   795     1     2        0  0.0000E+00  0.8700E-10  0.0000E+00  0.0000E+00
     1   796     1     1        0  0.0000E+00  0.4052E+02  0.0000E+00  0.0000E+00
     1   796     1     2        0  0.0000E+00  0.4701E-10  0.0000E+00  0.0000E+00
     1   797     1     1        0  0.0000E+00  0.3674E+01  0.0000E+00  0.0000E+00
     1   797     1     2        0  0.0000E+00  0.4732E-11  0.0000E+00  0.0000E+00
     1   798     1     1        0  0.0000E+00  0.1588E+02  0.0000E+00  0.0000E+00
     1   798     1     2        0  0.0000E+00  0.1420E-10  0.0000E+00  0.0000E+00
     1   799     1     1        0  0.0000E+00  0.3500E+02  0.0000E+00  0.0000E+00
     1   799     1     2        0  0.0000E+00  0.3929E-10  0.0000E+00  0.0000E+00
     1   800     1     1        0  0.0000E+00  0.4171E+02  0.0000E+00  0.0000E+00
     1   800     1     2        0  0.0000E+00  0.4698E-10  0.0000E+00  0.0000E+00
     1   801     1     1        0  0.0000E+00  0.3727E+01  0.0000E+00  0.0000E+00
     1   801     1     2        0  0.0000E+00  0.1201E-10  0.0000E+00  0.0000E+00
     1   802     1     1        0  0.0000E+00  0.8085E+01  0.0000E+00  0.0000E+00
     1   802     1     2        0  0.0000E+00  0.1892E-10  0.0000E+00  0.0000E+00
     1   803     1     1        0  0.0000E+00  0.2780E+02  0.0000E+00  0.0000E+00
     1   803     1     2        0  0.0000E+00  0.2842E-10  0.0000E+00  0.0000E+00
     1   804     1     1        0  0.0000E+00  0.1000E+03  0.0000E+00  0.0000E+00
     1   804     1     2        0  0.0000E+00  0.6494E-10  0.0000E+00  0.0000E+00
     1   805     1     1        0  0.0000E+00  0.1792E+02  0.0000E+00  0.0000E+00
     1   805     1     2        0  0.0000E+00  0.1441E-10  0.0000E+00  0.0000E+00
     1   806     1     1        0  0.0000E+00  0.2164E+02  0.0000E+00  0.0000E+00
     1   806     1     2        0  0.0000E+00  0.2201E-10  0.0000E+00  0.0000E+00
     1   807     1     1        0  0.0000E+00  0.1000E+03  0.0000E+00  0.0000E+00
     1   807     1     2        0  0.0000E+00  0.1185E-09  0.0000E+00  0.0000E+00
     1   808     1     1        0  0.0000E+00  0.1516E+02  0.0000E+00  0.0000E+00
     1   808     1     2        0  0.0000E+00  0.1125E-10  0.0000E+00  0.0000E+00
     1   809     1     1        0  0.0000E+00  0.3167E+01  0.0000E+00  0.0000E+00
     1   809     1     2        0  0.0000E+00  0.1169E-11  0.0000E+00  0.0000E+00
     1   810     1     1        0  0.0000E+00  0.2510E+02  0.0000E+00  0.0000E+00
     1   810     1     2        0  0.0000E+00  0.1974E-10  0.0000E+00  0.0000E+00
     1   811     1     1        0  0.0000E+00  0.1000E+03  0.0000E+00  0.0000E+00
     1   811     1     2        0  0.0000E+00  0.9421E-10  0.0000E+00  0.0000E+00
     1   812     1     1        0  0.0000E+00  0.9112E+01  0.0000E+00  0.0000E+00
     1   812     1     2        0  0.0000E+00  0.1502E-10  0.0000E+00  0.0000E+00
     1   813     1     1        0  0.0000E+00  0.1277E+02  0.0000E+00  0.0000E+00
     1   813     1     2        0  0.0000E+00  0.1171E-10  0.0000E+00  0.0000E+00
     1   814     1     1        0  0.0000E+00  0.3413E+02  0.0000E+00  0.0000E+00
     1   814     1     2        0  0.0000E+00  0.3095E-10  0.0000E+00  0.0000E+00
     1   815     1     1        0  0.0000E+00  0.1000E+03  0.0000E+00  0.0000E+00
     1   815     1     2        0  0.0000E+00  0.6436E-10  0.0000E+00  0.0000E+00
     1   816     1     1        0  0.0000E+00  0.3093E+01  0.0000E+00  0.0000E+00
     1   816     1     2        0  0.0000E+00  0.4744E-11  0.0000E+00  0.0000E+00
     1   817     1     1        0  0.0000E+00  0.1543E+02  0.0000E+00  0.0000E+00
     1   817     1     2        0  0.0000E+00  0.2598E-10  0.0000E+00  0.0000E+00
     1   818     1     1        0  0.0000E+00  0.2248E+02  0.0000E+00  0.0000E+00
     1   818     1     2        0  0.0000E+00  0.2559E-10  0.0000E+00  0.0000E+00
     1   819     1     1        0  0.0000E+00  0.1000E+03  0.0000E+00  0.0000E+00
     1   819     1     2        0  0.0000E+00  0.9451E-10  0.0000E+00  0.0000E+00
     1   820     1     1        0  0.0000E+00  0.1147E+02  0.0000E+00  0.0000E+00
     1   820     1     2        0  0.0000E+00  0.7141E-11  0.0000E+00  0.0000E+00
     1   821     1     1        0  0.0000E+00  0.2508E+01  0.0000E+00  0.0000E+00
     1   821     1     2        0  0.0000E+00  0.6757E-11  0.0000E+00  0.0000E+00
     1   822     1     1        0  0.0000E+00  0.6793E+01  0.0000E+00  0.0000E+00
     1   822     1     2        0  0.0000E+00  0.1222E-10  0.0000E+00  0.0000E+00
     1   823     1     1        0  0.0000E+00  0.3615E+02  0.0000E+00  0.0000E+00
     1   823     1     2        0  0.0000E+00  0.4088E-10  0.0000E+00  0.0000E+00
     1   824     1     1        0  0.0000E+00  0.1000E+03  0.0000E+00  0.0000E+00
     1   824     1     2        0  0.0000E+00  0.9413E-10  0.0000E+00  0.0000E+00
     1   825     1     1        0  0.0000E+00  0.3401E+01  0.0000E+00  0.0000E+00
     1   825     1     2        0  0.0000E+00  0.1377E-10  0.0000E+00  0.0000E+00
     1   826     1     1        0  0.0000E+00  0.8865E+01  0.0000E+00  0.0000E+00
     1   826     1     2        0  0.0000E+00  0.8723E-11  0.0000E+00  0.0000E+00
     1   827     1     1        0  0.0000E+00  0.1472E+02  0.0000E+00  0.0000E+00
     1   827     1     2        0  0.0000E+00  0.1520E-10  0.0000E+00  0.0000E+00
     1   828     1     1        0  0.0000E+00  0.6648E+02  0.0000E+00  0.0000E+00
     1   828     1     2        0  0.0000E+00  0.5574E-10  0.0000E+00  0.0000E+00
     1   829     1     1        0  0.0000E+00  0.4626E+02  0.0000E+00  0.0000E+00
     1   829     1     2        0  0.0000E+00  0.6362E-10  0.0000E+00  0.0000E+00
     1   830     1     1        0  0.0000E+00  0.5036E+01  0.0000E+00  0.0000E+00
     1   830     1     2        0  0.0000E+00  0.4243E-11  0.0000E+00  0.0000E+00
     1   831     1     1        0  0.0000E+00  0.1084E+02  0.0000E+00  0.0000E+00
     1   831     1     2        0  0.0000E+00  0.6732E-11  0.0000E+00  0.0000E+00
     1   832     1     1        0  0.0000E+00  0.2879E+02  0.0000E+00  0.0000E+00
     1   832     1     2        0  0.0000E+00  0.2248E-10  0.0000E+00  0.0000E+00
     1   833     1     1        0  0.0000E+00  0.1000E+03  0.0000E+00  0.0000E+00
     1   833     1     2        0  0.0000E+00  0.9580E-10  0.0000E+00  0.0000E+00
     1   834     1     1        0  0.0000E+00  0.9942E+01  0.0000E+00  0.0000E+00
     1   834     1     2        0  0.0000E+00  0.2772E-10  0.0000E+00  0.0000E+00
     1   835     1     1        0  0.0000E+00  0.2099E+01  0.0000E+00  0.0000E+00
     1   835     1     2        0  0.0000E+00  0.1297E-11  0.0000E+00  0.0000E+00
     1   836     1     1        0  0.0000E+00  0.2111E+02  0.0000E+00  0.0000E+00
     1   836     1     2        0  0.0000E+00  0.2127E-10  0.0000E+00  0.0000E+00
     1   837     1     1        0  0.0000E+00  0.7159E+02  0.0000E+00  0.0000E+00
     1   837     1     2        0  0.0000E+00  0.6736E-10  0.0000E+00  0.0000E+00
     1   838     1     1        0  0.0000E+00  0.5298E+01  0.0000E+00  0.0000E+00
     1   838     1     2        0  0.0000E+00  0.8815E-11  0.0000E+00  0.0000E+00
     1   839     1     1        0  0.0000E+00  0.1124E+02  0.0000E+00  0.0000E+00
     1   839     1     2        0  0.0000E+00  0.1761E-11  0.0000E+00  0.0000E+00
     1   840     1     1        0  0.0000E+00  0.1480E+02  0.0000E+00  0.0000E+00
     1   840     1     2        0  0.0000E+00  0.1679E-10  0.0000E+00  0.0000E+00
     1   841     1     1        0  0.0000E+00  0.2981E+02  0.0000E+00  0.0000E+00
     1   841     1     2        0  0.0000E+00  0.3035E-10  0.0000E+00  0.0000E+00
     1   842     1     1        0  0.0000E+00  0.1000E+03  0.0000E+00  0.0000E+00
     1   842     1     2        0  0.0000E+00  0.9190E-10  0.0000E+00  0.0000E+00
     1   843     1     1        0  0.0000E+00  0.2058E+02  0.0000E+00  0.0000E+00
     1   843     1     2        0  0.0000E+00  0.1572E-10  0.0000E+00  0.0000E+00
     1   844     1     1        0  0.0000E+00  0.4899E+01  0.0000E+00  0.0000E+00
     1   844     1     2        0  0.0000E+00  0.1748E-10  0.0000E+00  0.0000E+00
     1   845     1     1        0  0.0000E+00  0.2332E+02  0.0000E+00  0.0000E+00
     1   845     1     2        0  0.0000E+00  0.1761E-10  0.0000E+00  0.0000E+00
     1   846     1     1        0  0.0000E+00  0.7534E+02  0.0000E+00  0.0000E+00
     1   846     1     2        0  0.0000E+00  0.6297E-10  0.0000E+00  0.0000E+00
     1   847     1     1        0  0.0000E+00  0.1240E+02  0.0000E+00  0.0000E+00
     1   847     1     2        0  0.0000E+00  0.1053E-10  0.0000E+00  0.0000E+00
     1   848     1     1        0  0.0000E+00  0.9019E+00  0.0000E+00  0.0000E+00
     1   848     1     2        0  0.0000E+00  0.3830E-11  0.0000E+00  0.0000E+00
     1   849     1     1        0  0.0000E+00  0.1336E+02  0.0000E+00  0.0000E+00
     1   849     1     2        0  0.0000E+00  0.1186E-10  0.0000E+00  0.0000E+00
     1   850     1     1        0  0.0000E+00  0.4501E+02  0.0000E+00  0.0000E+00
     1   850     1     2        0  0.0000E+00  0.3815E-10  0.0000E+00  0.0000E+00
     1   851     1     1        0  0.0000E+00  0.5096E+02  0.0000E+00  0.0000E+00
     1   851     1     2        0  0.0000E+00  0.4780E-10  0.0000E+00  0.0000E+00
     1   852     1     1        0  0.0000E+00  0.1102E+01  0.0000E+00  0.0000E+00
     1   852     1     2        0  0.0000E+00  0.1640E-10  0.0000E+00  0.0000E+00
     1   853     1     1        0  0.0000E+00  0.1320E+02  0.0000E+00  0.0000E+00
     1   853     1     2        0  0.0000E+00  0.1713E-10  0.0000E+00  0.0000E+00
     1   854     1     1        0  0.0000E+00  0.2980E+02  0.0000E+00  0.0000E+00
     1   854     1     2        0  0.0000E+00  0.3492E-10  0.0000E+00  0.0000E+00
     1   855     1     1        0  0.0000E+00  0.1000E+03  0.0000E+00  0.0000E+00
     1   855     1     2        0  0.0000E+00  0.8790E-10  0.0000E+00  0.0000E+00
     1   856     1     1        0  0.0000E+00  0.3128E+01  0.0000E+00  0.0000E+00
     1   856     1     2        0  0.0000E+00  0.7134E-11  0.0000E+00  0.0000E+00
     1   857     1     1        0  0.0000E+00  0.7207E+01  0.0000E+00  0.0000E+00
     1   857     1     2        0  0.0000E+00  0.8702E-11  0.0000E+00  0.0000E+00
     1   858     1     1        0  0.0000E+00  0.1208E+02  0.0000E+00  0.0000E+00
     1   858     1     2        0  0.0000E+00  0.1424E-10  0.0000E+00  0.0000E+00
     1   859     1     1        0  0.0000E+00  0.9807E+01  0.0000E+00  0.0000E+00
     1   859     1     2        0  0.0000E+00  0.9667E-11  0.0000E+00  0.0000E+00
     1   860     1     1        0  0.0000E+00  0.3447E+02  0.0000E+00  0.0000E+00
     1   860     1     2        0  0.0000E+00  0.3816E-10  0.0000E+00  0.0000E+00
     1   861     1     1        0  0.0000E+00  0.5522E+02  0.0000E+00  0.0000E+00
     1   861     1     2        0  0.0000E+00  0.4461E-10  0.0000E+00  0.0000E+00
     1   862     1     1        0  0.0000E+00  0.3005E+02  0.0000E+00  0.0000E+00
     1   862     1     2        0  0.0000E+00  0.2596E-10  0.0000E+00  0.0000E+00
     1   863     1     1        0  0.0000E+00  0.6538E+02  0.0000E+00  0.0000E+00
     1   863     1     2        0  0.0000E+00  0.7310E-10  0.0000E+00  0.0000E+00
     1   864     1     1        0  0.0000E+00  0.1000E+03  0.0000E+00  0.0000E+00
     1   864     1     2        0  0.0000E+00  0.8240E-10  0.0000E+00  0.0000E+00
     1   865     1     1        0  0.0000E+00  0.3437E+02  0.0000E+00  0.0000E+00
     1   865     1     2        0  0.0000E+00  0.3503E-10  0.0000E+00  0.0000E+00
     1   866     1     1        0  0.0000E+00  0.3354E+01  0.0000E+00  0.0000E+00
     1   866     1     2        0  0.0000E+00  0.2067E-10  0.0000E+00  0.0000E+00
     1   867     1     1        0  0.0000E+00  0.1693E+02  0.0000E+00  0.0000E+00
     1   867     1     2        0  0.0000E+00  0.2268E-10  0.0000E+00  0.0000E+00
     1   868     1     1        0  0.0000E+00  0.3643E+02  0.0000E+00  0.0000E+00
     1   868     1     2        0  0.0000E+00  0.3365E-10  0.0000E+00  0.0000E+00
     1   869     1     1        0  0.0000E+00  0.6905E+02  0.0000E+00  0.0000E+00
     1   869     1     2        0  0.0000E+00  0.7862E-10  0.0000E+00  0.0000E+00
     1   870     1     1        0  0.0000E+00  0.3978E+01  0.0000E+00  0.0000E+00
     1   870     1     2        0  0.0000E+00  0.4541E-11  0.0000E+00  0.0000E+00
     1   871     1     1        0  0.0000E+00  0.1120E+02  0.0000E+00  0.0000E+00
     1   871     1     2        0  0.0000E+00  0.1245E-10  0.0000E+00  0.0000E+00
     1   872     1     1        0  0.0000E+00  0.2487E+02  0.0000E+00  0.0000E+00
     1   872     1     2        0  0.0000E+00  0.2541E-10  0.0000E+00  0.0000E+00
     1   873     1     1        0  0.0000E+00  0.1000E+03  0.0000E+00  0.0000E+00
     1   873     1     2        0  0.0000E+00  0.8711E-10  0.0000E+00  0.0000E+00
     1   874     1     1        0  0.0000E+00  0.1375E+02  0.0000E+00  0.0000E+00
     1   874     1     2        0  0.0000E+00  0.6058E-11  0.0000E+00  0.0000E+00
     1   875     1     1        0  0.0000E+00  0.1178E+02  0.0000E+00  0.0000E+00
     1   875     1     2        0  0.0000E+00  0.1445E-10  0.0000E+00  0.0000E+00
     1   876     1     1        0  0.0000E+00  0.2923E+02  0.0000E+00  0.0000E+00
     1   876     1     2        0  0.0000E+00  0.2929E-10  0.0000E+00  0.0000E+00
     1   877     1     1        0  0.0000E+00  0.1000E+03  0.0000E+00  0.0000E+00
     1   877     1     2        0  0.0000E+00  0.8275E-10  0.0000E+00  0.0000E+00
     1   878     1     1        0  0.0000E+00  0.1916E+01  0.0000E+00  0.0000E+00
     1   878     1     2        0  0.0000E+00  0.4073E-11  0.0000E+00  0.0000E+00
     1   879     1     1        0  0.0000E+00  0.1362E+02  0.0000E+00  0.0000E+00
     1   879     1     2        0  0.0000E+00  0.1232E-10  0.0000E+00  0.0000E+00
     1   880     1     1        0  0.0000E+00  0.1943E+02  0.0000E+00  0.0000E+00
     1   880     1     2        0  0.0000E+00  0.2113E-10  0.0000E+00  0.0000E+00
     1   881     1     1        0  0.0000E+00  0.7308E+02  0.0000E+00  0.0000E+00
     1   881     1     2        0  0.0000E+00  0.7910E-10  0.0000E+00  0.0000E+00
     1   882     1     1        0  0.0000E+00  0.6436E+02  0.0000E+00  0.0000E+00
     1   882     1     2        0  0.0000E+00  0.4838E-10  0.0000E+00  0.0000E+00
     1   883     1     1        0  0.0000E+00  0.3098E+01  0.0000E+00  0.0000E+00
     1   883     1     2        0  0.0000E+00  0.7029E-11  0.0000E+00  0.0000E+00
     1   884     1     1        0  0.0000E+00  0.2020E+02  0.0000E+00  0.0000E+00
     1   884     1     2        0  0.0000E+00  0.8335E-11  0.0000E+00  0.0000E+00
     1   885     1     1        0  0.0000E+00  0.5011E+02  0.0000E+00  0.0000E+00
     1   885     1     2        0  0.0000E+00  0.4160E-10  0.0000E+00  0.0000E+00
     1   886     1     1        0  0.0000E+00  0.2130E+02  0.0000E+00  0.0000E+00
     1   886     1     2        0  0.0000E+00  0.9057E-11  0.0000E+00  0.0000E+00
     1   887     1     1        0  0.0000E+00  0.4353E+01  0.0000E+00  0.0000E+00
     1   887     1     2        0  0.0000E+00  0.8234E-12  0.0000E+00  0.0000E+00
     1   888     1     1        0  0.0000E+00  0.1152E+02  0.0000E+00  0.0000E+00
     1   888     1     2        0  0.0000E+00  0.1209E-10  0.0000E+00  0.0000E+00
     1   889     1     1        0  0.0000E+00  0.1174E+02  0.0000E+00  0.0000E+00
     1   889     1     2        0  0.0000E+00  0.9740E-11  0.0000E+00  0.0000E+00
     1   890     1     1        0  0.0000E+00  0.6502E+02  0.0000E+00  0.0000E+00
     1   890     1     2        0  0.0000E+00  0.5890E-10  0.0000E+00  0.0000E+00
     1   891     1     1        0  0.0000E+00  0.6916E+02  0.0000E+00  0.0000E+00
     1   891     1     2        0  0.0000E+00  0.5825E-10  0.0000E+00  0.0000E+00
     1   892     1     1        0  0.0000E+00  0.9041E+01  0.0000E+00  0.0000E+00
     1   892     1     2        0  0.0000E+00  0.5713E-11  0.0000E+00  0.0000E+00
     1   893     1     1        0  0.0000E+00  0.2873E+02  0.0000E+00  0.0000E+00
     1   893     1     2        0  0.0000E+00  0.2784E-10  0.0000E+00  0.0000E+00
     1   894     1     1        0  0.0000E+00  0.1000E+03  0.0000E+00  0.0000E+00
     1   894     1     2        0  0.0000E+00  0.9540E-10  0.0000E+00  0.0000E+00
     1   895     1     1        0  0.0000E+00  0.1079E+02  0.0000E+00  0.0000E+00
     1   895     1     2        0  0.0000E+00  0.1545E-10  0.0000E+00  0.0000E+00
     1   896     1     1        0  0.0000E+00  0.5796E+01  0.0000E+00  0.0000E+00
     1   896     1     2        0  0.0000E+00  0.6184E-11  0.0000E+00  0.0000E+00
     1   897     1     1        0  0.0000E+00  0.1456E+02  0.0000E+00  0.0000E+00
     1   897     1     2        0  0.0000E+00  0.1283E-10  0.0000E+00  0.0000E+00
     1   898     1     1        0  0.0000E+00  0.3335E+02  0.0000E+00  0.0000E+00
     1   898     1     2        0  0.0000E+00  0.3127E-10  0.0000E+00  0.0000E+00
     1   899     1     1        0  0.0000E+00  0.1000E+03  0.0000E+00  0.0000E+00
     1   899     1     2        0  0.0000E+00  0.1242E-09  0.0000E+00  0.0000E+00
     1   900     1     1        0  0.0000E+00  0.9443E+01  0.0000E+00  0.0000E+00
     1   900     1     2        0  0.0000E+00  0.7281E-11  0.0000E+00  0.0000E+00
     1   901     1     1        0  0.0000E+00  0.6434E+01  0.0000E+00  0.0000E+00
     1   901     1     2        0  0.0000E+00  0.5759E-11  0.0000E+00  0.0000E+00
     1   902     1     1        0  0.0000E+00  0.1760E+02  0.0000E+00  0.0000E+00
     1   902     1     2        0  0.0000E+00  0.1719E-10  0.0000E+00  0.0000E+00
     1   903     1     1        0  0.0000E+00  0.4448E+02  0.0000E+00  0.0000E+00
     1   903     1     2        0  0.0000E+00  0.3973E-10  0.0000E+00  0.0000E+00
     1   904     1     1        0  0.0000E+00  0.3522E+02  0.0000E+00  0.0000E+00
     1   904     1     2        0  0.0000E+00  0.3143E-10  0.0000E+00  0.0000E+00
     1   905     1     1        0  0.0000E+00  0.1666E+01  0.0000E+00  0.0000E+00
     1   905     1     2        0  0.0000E+00  0.1240E-11  0.0000E+00  0.0000E+00
     1   906     1     1        0  0.0000E+00  0.9725E+01  0.0000E+00  0.0000E+00
     1   906     1     2        0  0.0000E+00  0.1142E-10  0.0000E+00  0.0000E+00
     1   907     1     1        0  0.0000E+00  0.1852E+02  0.0000E+00  0.0000E+00
     1   907     1     2        0  0.0000E+00  0.1545E-10  0.0000E+00  0.0000E+00
     1   908     1     1        0  0.0000E+00  0.2253E+02  0.0000E+00  0.0000E+00
     1   908     1     2        0  0.0000E+00  0.2152E-10  0.0000E+00  0.0000E+00
     1   909     1     1        0  0.0000E+00  0.1000E+03  0.0000E+00  0.0000E+00
     1   909     1     2        0  0.0000E+00  0.9520E-10  0.0000E+00  0.0000E+00
     1   910     1     1        0  0.0000E+00  0.1997E+02  0.0000E+00  0.0000E+00
     1   910     1     2        0  0.0000E+00  0.2851E-10  0.0000E+00  0.0000E+00
     1   911     1     1        0  0.0000E+00  0.1983E+02  0.0000E+00  0.0000E+00
     1   911     1     2        0  0.0000E+00  0.6374E-11  0.0000E+00  0.0000E+00
     1   912     1     1        0  0.0000E+00  0.4564E+02  0.0000E+00  0.0000E+00
     1   912     1     2        0  0.0000E+00  0.4417E-10  0.0000E+00  0.0000E+00
     1   913     1     1        0  0.0000E+00  0.5786E+02  0.0000E+00  0.0000E+00
     1   913     1     2        0  0.0000E+00  0.5504E-10  0.0000E+00  0.0000E+00
     1   914     1     1        0  0.0000E+00  0.3700E+01  0.0000E+00  0.0000E+00
     1   914     1     2        0  0.0000E+00  0.3127E-11  0.0000E+00  0.0000E+00
     1   915     1     1        0  0.0000E+00  0.1582E+02  0.0000E+00  0.0000E+00
     1   915     1     2        0  0.0000E+00  0.1536E-10  0.0000E+00  0.0000E+00
     1   916     1     1        0  0.0000E+00  0.3627E+02  0.0000E+00  0.0000E+00
     1   916     1     2        0  0.0000E+00  0.3821E-10  0.0000E+00  0.0000E+00
     1   917     1     1        0  0.0000E+00  0.9410E+02  0.0000E+00  0.0000E+00
     1   917     1     2        0  0.0000E+00  0.6858E-10  0.0000E+00  0.0000E+00
     1   918     1     1        0  0.0000E+00  0.1028E+02  0.0000E+00  0.0000E+00
     1   918     1     2        0  0.0000E+00  0.4062E-11  0.0000E+00  0.0000E+00
     1   919     1     1        0  0.0000E+00  0.3933E+02  0.0000E+00  0.0000E+00
     1   919     1     2        0  0.0000E+00  0.3565E-10  0.0000E+00  0.0000E+00
     1   920     1     1        0  0.0000E+00  0.9390E+02  0.0000E+00  0.0000E+00
     1   920     1     2        0  0.0000E+00  0.1013E-09  0.0000E+00  0.0000E+00
     1   921     1     1        0  0.0000E+00  0.1815E+01  0.0000E+00  0.0000E+00
     1   921     1     2        0  0.0000E+00  0.1922E-11  0.0000E+00  0.0000E+00
     1   922     1     1        0  0.0000E+00  0.7552E+01  0.0000E+00  0.0000E+00
     1   922     1     2        0  0.0000E+00  0.6757E-11  0.0000E+00  0.0000E+00
     1   923     1     1        0  0.0000E+00  0.1506E+02  0.0000E+00  0.0000E+00
     1   923     1     2        0  0.0000E+00  0.6906E-11  0.0000E+00  0.0000E+00
     1   924     1     1        0  0.0000E+00  0.3128E+02  0.0000E+00  0.0000E+00
     1   924     1     2        0  0.0000E+00  0.3306E-10  0.0000E+00  0.0000E+00
     1   925     1     1        0  0.0000E+00  0.1000E+03  0.0000E+00  0.0000E+00
     1   925     1     2        0  0.0000E+00  0.9014E-10  0.0000E+00  0.0000E+00
     1   926     1     1        0  0.0000E+00  0.1804E+02  0.0000E+00  0.0000E+00
     1   926     1     2        0  0.0000E+00  0.9747E-11  0.0000E+00  0.0000E+00
     1   927     1     1        0  0.0000E+00  0.2944E+01  0.0000E+00  0.0000E+00
     1   927     1     2        0  0.0000E+00  0.2061E-11  0.0000E+00  0.0000E+00
     1   928     1     1        0  0.0000E+00  0.2102E+02  0.0000E+00  0.0000E+00
     1   928     1     2        0  0.0000E+00  0.1655E-10  0.0000E+00  0.0000E+00
     1   929     1     1        0  0.0000E+00  0.6848E+02  0.0000E+00  0.0000E+00
     1   929     1     2        0  0.0000E+00  0.6271E-10  0.0000E+00  0.0000E+00
     1   930     1     1        0  0.0000E+00  0.3993E+01  0.0000E+00  0.0000E+00
     1   930     1     2        0  0.0000E+00  0.3487E-11  0.0000E+00  0.0000E+00
     1   931     1     1        0  0.0000E+00  0.1085E+02  0.0000E+00  0.0000E+00
     1   931     1     2        0  0.0000E+00  0.1072E-10  0.0000E+00  0.0000E+00
     1   932     1     1        0  0.0000E+00  0.8678E+01  0.0000E+00  0.0000E+00
     1   932     1     2        0  0.0000E+00  0.1210E-10  0.0000E+00  0.0000E+00
     1   933     1     1        0  0.0000E+00  0.2511E+02  0.0000E+00  0.0000E+00
     1   933     1     2        0  0.0000E+00  0.2396E-10  0.0000E+00  0.0000E+00
     1   934     1     1        0  0.0000E+00  0.1000E+03  0.0000E+00  0.0000E+00
     1   934     1     2        0  0.0000E+00  0.8860E-10  0.0000E+00  0.0000E+00
     1   935     1     1        0  0.0000E+00  0.3002E+02  0.0000E+00  0.0000E+00
     1   935     1     2        0  0.0000E+00  0.7309E-11  0.0000E+00  0.0000E+00
     1   936     1     1        0  0.0000E+00  0.8604E+00  0.0000E+00  0.0000E+00
     1   936     1     2        0  0.0000E+00  0.4829E-11  0.0000E+00  0.0000E+00
     1   937     1     1        0  0.0000E+00  0.1871E+02  0.0000E+00  0.0000E+00
     1   937     1     2        0  0.0000E+00  0.2934E-10  0.0000E+00  0.0000E+00
     1   938     1     1        0  0.0000E+00  0.4319E+02  0.0000E+00  0.0000E+00
     1   938     1     2        0  0.0000E+00  0.3810E-10  0.0000E+00  0.0000E+00
     1   939     1     1        0  0.0000E+00  0.1926E+02  0.0000E+00  0.0000E+00
     1   939     1     2        0  0.0000E+00  0.2020E-10  0.0000E+00  0.0000E+00
     1   940     1     1        0  0.0000E+00  0.9029E+01  0.0000E+00  0.0000E+00
     1   940     1     2        0  0.0000E+00  0.1648E-10  0.0000E+00  0.0000E+00
     1   941     1     1        0  0.0000E+00  0.2033E+02  0.0000E+00  0.0000E+00
     1   941     1     2        0  0.0000E+00  0.2096E-10  0.0000E+00  0.0000E+00
     1   942     1     1        0  0.0000E+00  0.2793E+02  0.0000E+00  0.0000E+00
     1   942     1     2        0  0.0000E+00  0.2403E-10  0.0000E+00  0.0000E+00
     1   943     1     1        0  0.0000E+00  0.7800E+02  0.0000E+00  0.0000E+00
     1   943     1     2        0  0.0000E+00  0.6610E-10  0.0000E+00  0.0000E+00
     1   944     1     1        0  0.0000E+00  0.3227E+02  0.0000E+00  0.0000E+00
     1   944     1     2        0  0.0000E+00  0.1894E-10  0.0000E+00  0.0000E+00
     1   945     1     1        0  0.0000E+00  0.9884E+01  0.0000E+00  0.0000E+00
     1   945     1     2        0  0.0000E+00  0.5256E-11  0.0000E+00  0.0000E+00
     1   946     1     1        0  0.0000E+00  0.2571E+02  0.0000E+00  0.0000E+00
     1   946     1     2        0  0.0000E+00  0.2041E-10  0.0000E+00  0.0000E+00
     1   947     1     1        0  0.0000E+00  0.1000E+03  0.0000E+00  0.0000E+00
     1   947     1     2        0  0.0000E+00  0.1094E-09  0.0000E+00  0.0000E+00
     1   948     1     1        0  0.0000E+00  0.6962E+01  0.0000E+00  0.0000E+00
     1   948     1     2        0  0.0000E+00  0.1274E-10  0.0000E+00  0.0000E+00
     1   949     1     1        0  0.0000E+00  0.1721E+02  0.0000E+00  0.0000E+00
     1   949     1     2        0  0.0000E+00  0.1192E-10  0.0000E+00  0.0000E+00
     1   950     1     1        0  0.0000E+00  0.5521E+02  0.0000E+00  0.0000E+00
     1   950     1     2        0  0.0000E+00  0.4672E-10  0.0000E+00  0.0000E+00
     1   951     1     1        0  0.0000E+00  0.1387E+02  0.0000E+00  0.0000E+00
     1   951     1     2        0  0.0000E+00  0.1512E-10  0.0000E+00  0.0000E+00
     1   952     1     1        0  0.0000E+00  0.4391E+01  0.0000E+00  0.0000E+00
     1   952     1     2        0  0.0000E+00  0.1012E-10  0.0000E+00  0.0000E+00
     1   953     1     1        0  0.0000E+00  0.3364E+01  0.0000E+00  0.0000E+00
     1   953     1     2        0  0.0000E+00  0.6219E-11  0.0000E+00  0.0000E+00
     1   954     1     1        0  0.0000E+00  0.3228E+02  0.0000E+00  0.0000E+00
     1   954     1     2        0  0.0000E+00  0.3143E-10  0.0000E+00  0.0000E+00
     1   955     1     1        0  0.0000E+00  0.1000E+03  0.0000E+00  0.0000E+00
     1   955     1     2        0  0.0000E+00  0.1031E-09  0.0000E+00  0.0000E+00
     1   956     1     1        0  0.0000E+00  0.1049E+02  0.0000E+00  0.0000E+00
     1   956     1     2        0  0.0000E+00  0.2173E-12  0.0000E+00  0.0000E+00
     1   957     1     1        0  0.0000E+00  0.7357E+01  0.0000E+00  0.0000E+00
     1   957     1     2        0  0.0000E+00  0.5121E-11  0.0000E+00  0.0000E+00
     1   958     1     1        0  0.0000E+00  0.2018E+02  0.0000E+00  0.0000E+00
     1   958     1     2        0  0.0000E+00  0.2133E-10  0.0000E+00  0.0000E+00
     1   959     1     1        0  0.0000E+00  0.5980E+02  0.0000E+00  0.0000E+00
     1   959     1     2        0  0.0000E+00  0.4978E-10  0.0000E+00  0.0000E+00
     1   960     1     1        0  0.0000E+00  0.1852E+02  0.0000E+00  0.0000E+00
     1   960     1     2        0  0.0000E+00  0.3088E-10  0.0000E+00  0.0000E+00
     1   961     1     1        0  0.0000E+00  0.1964E+00  0.0000E+00  0.0000E+00
     1   961     1     2        0  0.0000E+00  0.1386E-11  0.0000E+00  0.0000E+00
     1   962     1     1        0  0.0000E+00  0.8925E+01  0.0000E+00  0.0000E+00
     1   962     1     2        0  0.0000E+00  0.1374E-10  0.0000E+00  0.0000E+00
     1   963     1     1        0  0.0000E+00  0.2366E+02  0.0000E+00  0.0000E+00
     1   963     1     2        0  0.0000E+00  0.2251E-10  0.0000E+00  0.0000E+00
     1   964     1     1        0  0.0000E+00  0.1000E+03  0.0000E+00  0.0000E+00
     1   964     1     2        0  0.0000E+00  0.1115E-09  0.0000E+00  0.0000E+00
     1   965     1     1        0  0.0000E+00  0.1309E+02  0.0000E+00  0.0000E+00
     1   965     1     2        0  0.0000E+00  0.9326E-11  0.0000E+00  0.0000E+00
     1   966     1     1        0  0.0000E+00  0.6837E+01  0.0000E+00  0.0000E+00
     1   966     1     2        0  0.0000E+00  0.1236E-10  0.0000E+00  0.0000E+00
     1   967     1     1        0  0.0000E+00  0.8492E+01  0.0000E+00  0.0000E+00
     1   967     1     2        0  0.0000E+00  0.5374E-11  0.0000E+00  0.0000E+00
     1   968     1     1        0  0.0000E+00  0.3808E+01  0.0000E+00  0.0000E+00
     1   968     1     2        0  0.0000E+00  0.1830E-11  0.0000E+00  0.0000E+00
     1   969     1     1        0  0.0000E+00  0.1083E+02  0.0000E+00  0.0000E+00
     1   969     1     2        0  0.0000E+00  0.1566E-10  0.0000E+00  0.0000E+00
     1   970     1     1        0  0.0000E+00  0.1431E+02  0.0000E+00  0.0000E+00
     1   970     1     2        0  0.0000E+00  0.1668E-10  0.0000E+00  0.0000E+00
     1   971     1     1        0  0.0000E+00  0.1479E+02  0.0000E+00  0.0000E+00
     1   971     1     2        0  0.0000E+00  0.1755E-10  0.0000E+00  0.0000E+00
     1   972     1     1        0  0.0000E+00  0.3046E+02  0.0000E+00  0.0000E+00
     1   972     1     2        0  0.0000E+00  0.2624E-10  0.0000E+00  0.0000E+00
     1   973     1     1        0  0.0000E+00  0.1000E+03  0.0000E+00  0.0000E+00
     1   973     1     2        0  0.0000E+00  0.1089E-09  0.0000E+00  0.0000E+00
     1   974     1     1        0  0.0000E+00  0.3573E+02  0.0000E+00  0.0000E+00
     1   974     1     2        0  0.0000E+00  0.2717E-10  0.0000E+00  0.0000E+00
     1   975     1     1        0  0.0000E+00  0.7824E+01  0.0000E+00  0.0000E+00
     1   975     1     2        0  0.0000E+00  0.6387E-11  0.0000E+00  0.0000E+00
     1   976     1     1        0  0.0000E+00  0.2185E+01  0.0000E+00  0.0000E+00
     1   976     1     2        0  0.0000E+00  0.3776E-11  0.0000E+00  0.0000E+00
     1   977     1     1        0  0.0000E+00  0.1150E+02  0.0000E+00  0.0000E+00
     1   977     1     2        0  0.0000E+00  0.2101E-10  0.0000E+00  0.0000E+00
     1   978     1     1        0  0.0000E+00  0.3716E+02  0.0000E+00  0.0000E+00
     1   978     1     2        0  0.0000E+00  0.3437E-10  0.0000E+00  0.0000E+00
     1   979     1     1        0  0.0000E+00  0.8857E+02  0.0000E+00  0.0000E+00
     1   979     1     2        0  0.0000E+00  0.1131E-09  0.0000E+00  0.0000E+00
     1   980     1     1        0  0.0000E+00  0.2017E+01  0.0000E+00  0.0000E+00
     1   980     1     2        0  0.0000E+00  0.6109E-11  0.0000E+00  0.0000E+00
     1   981     1     1        0  0.0000E+00  0.1253E+02  0.0000E+00  0.0000E+00
     1   981     1     2        0  0.0000E+00  0.9658E-11  0.0000E+00  0.0000E+00
     1   982     1     1        0  0.0000E+00  0.3275E+02  0.0000E+00  0.0000E+00
     1   982     1     2        0  0.0000E+00  0.2985E-10  0.0000E+00  0.0000E+00
     1   983     1     1        0  0.0000E+00  0.8613E+02  0.0000E+00  0.0000E+00
     1   983     1     2        0  0.0000E+00  0.6461E-10  0.0000E+00  0.0000E+00
     1   984     1     1        0  0.0000E+00  0.1680E+02  0.0000E+00  0.0000E+00
     1   984     1     2        0  0.0000E+00  0.1847E-10  0.0000E+00  0.0000E+00
     1   985     1     1        0  0.0000E+00  0.4683E+02  0.0000E+00  0.0000E+00
     1   985     1     2        0  0.0000E+00  0.5002E-10  0.0000E+00  0.0000E+00
     1   986     1     1        0  0.0000E+00  0.5614E+02  0.0000E+00  0.0000E+00
     1   986     1     2        0  0.0000E+00  0.5801E-10  0.0000E+00  0.0000E+00
     1   987     1     1        0  0.0000E+00  0.3564E+01  0.0000E+00  0.0000E+00
     1   987     1     2        0  0.0000E+00  0.1496E-10  0.0000E+00  0.0000E+00
     1   988     1     1        0  0.0000E+00  0.1215E+02  0.0000E+00  0.0000E+00
     1   988     1     2        0  0.0000E+00  0.2814E-11  0.0000E+00  0.0000E+00
     1   989     1     1        0  0.0000E+00  0.2166E+02  0.0000E+00  0.0000E+00
     1   989     1     2        0  0.0000E+00  0.2279E-10  0.0000E+00  0.0000E+00
     1   990     1     1        0  0.0000E+00  0.1000E+03  0.0000E+00  0.0000E+00
     1   990     1     2        0  0.0000E+00  0.8894E-10  0.0000E+00  0.0000E+00
     1   991     1     1        0  0.0000E+00  0.2107E+02  0.0000E+00  0.0000E+00
     1   991     1     2        0  0.0000E+00  0.5554E-11  0.0000E+00  0.0000E+00
     1   992     1     1        0  0.0000E+00  0.9288E+01  0.0000E+00  0.0000E+00
     1   992     1     2        0  0.0000E+00  0.2599E-11  0.0000E+00  0.0000E+00
     1   993     1     1        0  0.0000E+00  0.1762E+02  0.0000E+00  0.0000E+00
     1   993     1     2        0  0.0000E+00  0.1111E-10  0.0000E+00  0.0000E+00
     1   994     1     1        0  0.0000E+00  0.2925E+02  0.0000E+00  0.0000E+00
     1   994     1     2        0  0.0000E+00  0.2765E-10  0.0000E+00  0.0000E+00
     1   995     1     1        0  0.0000E+00  0.3406E+02  0.0000E+00  0.0000E+00
     1   995     1     2        0  0.0000E+00  0.3214E-10  0.0000E+00  0.0000E+00
     1   996     1     1        0  0.0000E+00  0.1733E+02  0.0000E+00  0.0000E+00
     1   996     1     2        0  0.0000E+00  0.4392E-11  0.0000E+00  0.0000E+00
     1   997     1     1        0  0.0000E+00  0.2730E+02  0.0000E+00  0.0000E+00
     1   997     1     2        0  0.0000E+00  0.1954E-10  0.0000E+00  0.0000E+00
     1   998     1     1        0  0.0000E+00  0.1000E+03  0.0000E+00  0.0000E+00
     1   998     1     2        0  0.0000E+00  0.6036E-10  0.0000E+00  0.0000E+00
     1   999     1     1        0  0.0000E+00  0.1561E+02  0.0000E+00  0.0000E+00
     1   999     1     2        0  0.0000E+00  0.5721E-10  0.0000E+00  0.0000E+00
     1  1000     1     1        0  0.0000E+00  0.1000E+03  0.0000E+00  0.0000E+00
     1  1000     1     2        0  0.0000E+00  0.8456E-10  0.0000E+00  0.0000E+00
     1  1001     1     1        0  0.0000E+00  0.2913E+01  0.0000E+00  0.0000E+00
     1  1001     1     2        0  0.0000E+00  0.1019E-10  0.0000E+00  0.0000E+00
     1  1002     1     1        0  0.0000E+00  0.3712E+02  0.0000E+00  0.0000E+00
     1  1002     1     2        0  0.0000E+00  0.3279E-10  0.0000E+00  0.0000E+00
     1  1003     1     1        0  0.0000E+00  0.1000E+03  0.0000E+00  0.0000E+00
     1  1003     1     2        0  0.0000E+00  0.8956E-10  0.0000E+00  0.0000E+00
     1  1004     1     1        0  0.0000E+00  0.3753E+01  0.0000E+00  0.0000E+00
     1  1004     1     2        0  0.0000E+00  0.1126E-10  0.0000E+00  0.0000E+00
     1  1005     1     1        0  0.0000E+00  0.8302E+01  0.0000E+00  0.0000E+00
     1  1005     1     2        0  0.0000E+00  0.8747E-11  0.0000E+00  0.0000E+00
     1  1006     1     1        0  0.0000E+00  0.2430E+02  0.0000E+00  0.0000E+00
     1  1006     1     2        0  0.0000E+00  0.2268E-10  0.0000E+00  0.0000E+00
     1  1007     1     1        0  0.0000E+00  0.1000E+03  0.0000E+00  0.0000E+00
     1  1007     1     2        0  0.0000E+00  0.9904E-10  0.0000E+00  0.0000E+00
     1  1008     1     1        0  0.0000E+00  0.2666E+02  0.0000E+00  0.0000E+00
     1  1008     1     2        0  0.0000E+00  0.1041E-10  0.0000E+00  0.0000E+00
     1  1009     1     1        0  0.0000E+00  0.9788E+01  0.0000E+00  0.0000E+00
     1  1009     1     2        0  0.0000E+00  0.1249E-10  0.0000E+00  0.0000E+00
     1  1010     1     1        0  0.0000E+00  0.4107E+02  0.0000E+00  0.0000E+00
     1  1010     1     2        0  0.0000E+00  0.4064E-10  0.0000E+00  0.0000E+00
     1  1011     1     1        0  0.0000E+00  0.1000E+03  0.0000E+00  0.0000E+00
     1  1011     1     2        0  0.0000E+00  0.8325E-10  0.0000E+00  0.0000E+00
     1  1012     1     1        0  0.0000E+00  0.2464E+02  0.0000E+00  0.0000E+00
     1  1012     1     2        0  0.0000E+00  0.1390E-10  0.0000E+00  0.0000E+00
     1  1013     1     1        0  0.0000E+00  0.1872E+01  0.0000E+00  0.0000E+00
     1  1013     1     2        0  0.0000E+00  0.4781E-11  0.0000E+00  0.0000E+00
     1  1014     1     1        0  0.0000E+00  0.1112E+02  0.0000E+00  0.0000E+00
     1  1014     1     2        0  0.0000E+00  0.8590E-11  0.0000E+00  0.0000E+00
     1  1015     1     1        0  0.0000E+00  0.2422E+02  0.0000E+00  0.0000E+00
     1  1015     1     2        0  0.0000E+00  0.2039E-10  0.0000E+00  0.0000E+00
     1  1016     1     1        0  0.0000E+00  0.1000E+03  0.0000E+00  0.0000E+00
     1  1016     1     2        0  0.0000E+00  0.6391E-10  0.0000E+00  0.0000E+00
     1  1017     1     1        0  0.0000E+00  0.6520E+01  0.0000E+00  0.0000E+00
     1  1017     1     2        0  0.0000E+00  0.7464E-11  0.0000E+00  0.0000E+00
     1  1018     1     1        0  0.0000E+00  0.1274E+02  0.0000E+00  0.0000E+00
     1  1018     1     2        0  0.0000E+00  0.3939E-11  0.0000E+00  0.0000E+00
     1  1019     1     1        0  0.0000E+00  0.3077E+02  0.0000E+00  0.0000E+00
     1  1019     1     2        0  0.0000E+00  0.2726E-10  0.0000E+00  0.0000E+00
     1  1020     1     1        0  0.0000E+00  0.1000E+03  0.0000E+00  0.0000E+00
     1  1020     1     2        0  0.0000E+00  0.1003E-09  0.0000E+00  0.0000E+00
     1  1021     1     1        0  0.0000E+00  0.6098E+01  0.0000E+00  0.0000E+00
     1  1021     1     2        0  0.0000E+00  0.9933E-11  0.0000E+00  0.0000E+00
     1  1022     1     1        0  0.0000E+00  0.1023E+02  0.0000E+00  0.0000E+00
     1  1022     1     2        0  0.0000E+00  0.1226E-10  0.0000E+00  0.0000E+00
     1  1023     1     1        0  0.0000E+00  0.2837E+02  0.0000E+00  0.0000E+00
     1  1023     1     2        0  0.0000E+00  0.3027E-10  0.0000E+00  0.0000E+00
     1  1024     1     1        0  0.0000E+00  0.1000E+03  0.0000E+00  0.0000E+00
     1  1024     1     2        0  0.0000E+00  0.6469E-10  0.0000E+00  0.0000E+00
     1  1025     1     1        0  0.0000E+00  0.7621E+01  0.0000E+00  0.0000E+00
     1  1025     1     2        0  0.0000E+00  0.1292E-10  0.0000E+00  0.0000E+00
     1  1026     1     1        0  0.0000E+00  0.8398E+01  0.0000E+00  0.0000E+00
     1  1026     1     2        0  0.0000E+00  0.1287E-10  0.0000E+00  0.0000E+00
     1  1027     1     1        0  0.0000E+00  0.1982E+02  0.0000E+00  0.0000E+00
     1  1027     1     2        0  0.0000E+00  0.9735E-11  0.0000E+00  0.0000E+00
     1  1028     1     1        0  0.0000E+00  0.5331E+02  0.0000E+00  0.0000E+00
     1  1028     1     2        0  0.0000E+00  0.4871E-10  0.0000E+00  0.0000E+00
     1  1029     1     1        0  0.0000E+00  0.2825E+01  0.0000E+00  0.0000E+00
     1  1029     1     2        0  0.0000E+00  0.5641E-12  0.0000E+00  0.0000E+00
     1  1030     1     1        0  0.0000E+00  0.2016E+02  0.0000E+00  0.0000E+00
     1  1030     1     2        0  0.0000E+00  0.2076E-10  0.0000E+00  0.0000E+00
     1  1031     1     1        0  0.0000E+00  0.4872E+02  0.0000E+00  0.0000E+00
     1  1031     1     2        0  0.0000E+00  0.4306E-10  0.0000E+00  0.0000E+00
     1  1032     1     1        0  0.0000E+00  0.2432E+02  0.0000E+00  0.0000E+00
     1  1032     1     2        0  0.0000E+00  0.2215E-10  0.0000E+00  0.0000E+00
     1  1033     1     1        0  0.0000E+00  0.2550E+01  0.0000E+00  0.0000E+00
     1  1033     1     2        0  0.0000E+00  0.6219E-11  0.0000E+00  0.0000E+00
     1  1034     1     1        0  0.0000E+00  0.6188E+01  0.0000E+00  0.0000E+00
     1  1034     1     2        0  0.0000E+00  0.9714E-11  0.0000E+00  0.0000E+00
     1  1035     1     1        0  0.0000E+00  0.1905E+02  0.0000E+00  0.0000E+00
     1  1035     1     2        0  0.0000E+00  0.1700E-10  0.0000E+00  0.0000E+00
     1  1036     1     1        0  0.0000E+00  0.6743E+02  0.0000E+00  0.0000E+00
     1  1036     1     2        0  0.0000E+00  0.5833E-10  0.0000E+00  0.0000E+00
     1  1037     1     1        0  0.0000E+00  0.2720E+02  0.0000E+00  0.0000E+00
     1  1037     1     2        0  0.0000E+00  0.9051E-11  0.0000E+00  0.0000E+00
     1  1038     1     1        0  0.0000E+00  0.1664E+01  0.0000E+00  0.0000E+00
     1  1038     1     2        0  0.0000E+00  0.7193E-11  0.0000E+00  0.0000E+00
     1  1039     1     1        0  0.0000E+00  0.8091E+01  0.0000E+00  0.0000E+00
     1  1039     1     2        0  0.0000E+00  0.5089E-12  0.0000E+00  0.0000E+00
     1  1040     1     1        0  0.0000E+00  0.1089E+02  0.0000E+00  0.0000E+00
     1  1040     1     2        0  0.0000E+00  0.1621E-10  0.0000E+00  0.0000E+00
     1  1041     1     1        0  0.0000E+00  0.1721E+02  0.0000E+00  0.0000E+00
     1  1041     1     2        0  0.0000E+00  0.1461E-10  0.0000E+00  0.0000E+00
     1  1042     1     1        0  0.0000E+00  0.5160E+02  0.0000E+00  0.0000E+00
     1  1042     1     2        0  0.0000E+00  0.4612E-10  0.0000E+00  0.0000E+00
     1  1043     1     1        0  0.0000E+00  0.1603E+02  0.0000E+00  0.0000E+00
     1  1043     1     2        0  0.0000E+00  0.1035E-11  0.0000E+00  0.0000E+00
     1  1044     1     1        0  0.0000E+00  0.3187E+02  0.0000E+00  0.0000E+00
     1  1044     1     2        0  0.0000E+00  0.2434E-10  0.0000E+00  0.0000E+00
     1  1045     1     1        0  0.0000E+00  0.1000E+03  0.0000E+00  0.0000E+00
     1  1045     1     2        0  0.0000E+00  0.7962E-10  0.0000E+00  0.0000E+00
     1  1046     1     1        0  0.0000E+00  0.1859E+02  0.0000E+00  0.0000E+00
     1  1046     1     2        0  0.0000E+00  0.2814E-10  0.0000E+00  0.0000E+00
     1  1047     1     1        0  0.0000E+00  0.2312E+01  0.0000E+00  0.0000E+00
     1  1047     1     2        0  0.0000E+00  0.6258E-11  0.0000E+00  0.0000E+00
     1  1048     1     1        0  0.0000E+00  0.9689E+01  0.0000E+00  0.0000E+00
     1  1048     1     2        0  0.0000E+00  0.8157E-11  0.0000E+00  0.0000E+00
     1  1049     1     1        0  0.0000E+00  0.2217E+02  0.0000E+00  0.0000E+00
     1  1049     1     2        0  0.0000E+00  0.1561E-10  0.0000E+00  0.0000E+00
     1  1050     1     1        0  0.0000E+00  0.4565E+02  0.0000E+00  0.0000E+00
     1  1050     1     2        0  0.0000E+00  0.5206E-10  0.0000E+00  0.0000E+00
     1  1051     1     1        0  0.0000E+00  0.4309E+01  0.0000E+00  0.0000E+00
     1  1051     1     2        0  0.0000E+00  0.1111E-10  0.0000E+00  0.0000E+00
     1  1052     1     1        0  0.0000E+00  0.1019E+02  0.0000E+00  0.0000E+00
     1  1052     1     2        0  0.0000E+00  0.1137E-10  0.0000E+00  0.0000E+00
     1  1053     1     1        0  0.0000E+00  0.4327E+02  0.0000E+00  0.0000E+00
     1  1053     1     2        0  0.0000E+00  0.3616E-10  0.0000E+00  0.0000E+00
     1  1054     1     1        0  0.0000E+00  0.8515E+02  0.0000E+00  0.0000E+00
     1  1054     1     2        0  0.0000E+00  0.8234E-10  0.0000E+00  0.0000E+00
     1  1055     1     1        0  0.0000E+00  0.1388E+01  0.0000E+00  0.0000E+00
     1  1055     1     2        0  0.0000E+00  0.1095E-10  0.0000E+00  0.0000E+00
     1  1056     1     1        0  0.0000E+00  0.1518E+02  0.0000E+00  0.0000E+00
     1  1056     1     2        0  0.0000E+00  0.1529E-10  0.0000E+00  0.0000E+00
     1  1057     1     1        0  0.0000E+00  0.4227E+02  0.0000E+00  0.0000E+00
     1  1057     1     2        0  0.0000E+00  0.3637E-10  0.0000E+00  0.0000E+00
     1  1058     1     1        0  0.0000E+00  0.6800E+02  0.0000E+00  0.0000E+00
     1  1058     1     2        0  0.0000E+00  0.6095E-10  0.0000E+00  0.0000E+00
     1  1059     1     1        0  0.0000E+00  0.9876E+01  0.0000E+00  0.0000E+00
     1  1059     1     2        0  0.0000E+00  0.7522E-12  0.0000E+00  0.0000E+00
     1  1060     1     1        0  0.0000E+00  0.1510E+01  0.0000E+00  0.0000E+00
     1  1060     1     2        0  0.0000E+00  0.3098E-11  0.0000E+00  0.0000E+00
     1  1061     1     1        0  0.0000E+00  0.4805E+01  0.0000E+00  0.0000E+00
     1  1061     1     2        0  0.0000E+00  0.8241E-11  0.0000E+00  0.0000E+00
     1  1062     1     1        0  0.0000E+00  0.1082E+02  0.0000E+00  0.0000E+00
     1  1062     1     2        0  0.0000E+00  0.5732E-11  0.0000E+00  0.0000E+00
     1  1063     1     1        0  0.0000E+00  0.9842E+01  0.0000E+00  0.0000E+00
     1  1063     1     2        0  0.0000E+00  0.4614E-11  0.0000E+00  0.0000E+00
     1  1064     1     1        0  0.0000E+00  0.2703E+02  0.0000E+00  0.0000E+00
     1  1064     1     2        0  0.0000E+00  0.2351E-10  0.0000E+00  0.0000E+00
     1  1065     1     1        0  0.0000E+00  0.5572E+02  0.0000E+00  0.0000E+00
     1  1065     1     2        0  0.0000E+00  0.5283E-10  0.0000E+00  0.0000E+00
     1  1066     1     1        0  0.0000E+00  0.2081E+02  0.0000E+00  0.0000E+00
     1  1066     1     2        0  0.0000E+00  0.2244E-10  0.0000E+00  0.0000E+00
     1  1067     1     1        0  0.0000E+00  0.1908E+01  0.0000E+00  0.0000E+00
     1  1067     1     2        0  0.0000E+00  0.6589E-11  0.0000E+00  0.0000E+00
     1  1068     1     1        0  0.0000E+00  0.1503E+02  0.0000E+00  0.0000E+00
     1  1068     1     2        0  0.0000E+00  0.1038E-10  0.0000E+00  0.0000E+00
     1  1069     1     1        0  0.0000E+00  0.3390E+02  0.0000E+00  0.0000E+00
     1  1069     1     2        0  0.0000E+00  0.3446E-10  0.0000E+00  0.0000E+00
     1  1070     1     1        0  0.0000E+00  0.7982E+02  0.0000E+00  0.0000E+00
     1  1070     1     2        0  0.0000E+00  0.6356E-10  0.0000E+00  0.0000E+00
     1  1071     1     1        0  0.0000E+00  0.5325E+01  0.0000E+00  0.0000E+00
     1  1071     1     2        0  0.0000E+00  0.1026E-10  0.0000E+00  0.0000E+00
     1  1072     1     1        0  0.0000E+00  0.2518E+02  0.0000E+00  0.0000E+00
     1  1072     1     2        0  0.0000E+00  0.2492E-10  0.0000E+00  0.0000E+00
     1  1073     1     1        0  0.0000E+00  0.9944E+02  0.0000E+00  0.0000E+00
     1  1073     1     2        0  0.0000E+00  0.7904E-10  0.0000E+00  0.0000E+00
     1  1074     1     1        0  0.0000E+00  0.1816E+02  0.0000E+00  0.0000E+00
     1  1074     1     2        0  0.0000E+00  0.1202E-10  0.0000E+00  0.0000E+00
     1  1075     1     1        0  0.0000E+00  0.8079E+01  0.0000E+00  0.0000E+00
     1  1075     1     2        0  0.0000E+00  0.9806E-11  0.0000E+00  0.0000E+00
     1  1076     1     1        0  0.0000E+00  0.6031E-01  0.0000E+00  0.0000E+00
     1  1076     1     2        0  0.0000E+00  0.7042E-11  0.0000E+00  0.0000E+00
     1  1077     1     1        0  0.0000E+00  0.6000E+01  0.0000E+00  0.0000E+00
     1  1077     1     2        0  0.0000E+00  0.1736E-10  0.0000E+00  0.0000E+00
     1  1078     1     1        0  0.0000E+00  0.9802E+01  0.0000E+00  0.0000E+00
     1  1078     1     2        0  0.0000E+00  0.1323E-11  0.0000E+00  0.0000E+00
     1  1079     1     1        0  0.0000E+00  0.1432E+02  0.0000E+00  0.0000E+00
     1  1079     1     2        0  0.0000E+00  0.1070E-10  0.0000E+00  0.0000E+00
     1  1080     1     1        0  0.0000E+00  0.1364E+02  0.0000E+00  0.0000E+00
     1  1080     1     2        0  0.0000E+00  0.1516E-10  0.0000E+00  0.0000E+00
     1  1081     1     1        0  0.0000E+00  0.6100E+02  0.0000E+00  0.0000E+00
     1  1081     1     2        0  0.0000E+00  0.5740E-10  0.0000E+00  0.0000E+00
     1  1082     1     1        0  0.0000E+00  0.9650E+02  0.0000E+00  0.0000E+00
     1  1082     1     2        0  0.0000E+00  0.9133E-10  0.0000E+00  0.0000E+00
     1  1083     1     1        0  0.0000E+00  0.1767E+02  0.0000E+00  0.0000E+00
     1  1083     1     2        0  0.0000E+00  0.1055E-10  0.0000E+00  0.0000E+00
     1  1084     1     1        0  0.0000E+00  0.1645E+02  0.0000E+00  0.0000E+00
     1  1084     1     2        0  0.0000E+00  0.9764E-12  0.0000E+00  0.0000E+00
     1  1085     1     1        0  0.0000E+00  0.1563E+02  0.0000E+00  0.0000E+00
     1  1085     1     2        0  0.0000E+00  0.2332E-10  0.0000E+00  0.0000E+00
     1  1086     1     1        0  0.0000E+00  0.3888E+01  0.0000E+00  0.0000E+00
     1  1086     1     2        0  0.0000E+00  0.5926E-11  0.0000E+00  0.0000E+00
     1  1087     1     1        0  0.0000E+00  0.1074E+02  0.0000E+00  0.0000E+00
     1  1087     1     2        0  0.0000E+00  0.1365E-10  0.0000E+00  0.0000E+00
     1  1088     1     1        0  0.0000E+00  0.3277E+02  0.0000E+00  0.0000E+00
     1  1088     1     2        0  0.0000E+00  0.3129E-10  0.0000E+00  0.0000E+00
     1  1089     1     1        0  0.0000E+00  0.1000E+03  0.0000E+00  0.0000E+00
     1  1089     1     2        0  0.0000E+00  0.1137E-09  0.0000E+00  0.0000E+00
     1  1090     1     1        0  0.0000E+00  0.1426E+01  0.0000E+00  0.0000E+00
     1  1090     1     2        0  0.0000E+00  0.4202E-11  0.0000E+00  0.0000E+00
     1  1091     1     1        0  0.0000E+00  0.1481E+02  0.0000E+00  0.0000E+00
     1  1091     1     2        0  0.0000E+00  0.1957E-10  0.0000E+00  0.0000E+00
     1  1092     1     1        0  0.0000E+00  0.3573E+02  0.0000E+00  0.0000E+00
     1  1092     1     2        0  0.0000E+00  0.3496E-10  0.0000E+00  0.0000E+00
     1  1093     1     1        0  0.0000E+00  0.7106E+02  0.0000E+00  0.0000E+00
     1  1093     1     2        0  0.0000E+00  0.5916E-10  0.0000E+00  0.0000E+00
     1  1094     1     1        0  0.0000E+00  0.1275E+01  0.0000E+00  0.0000E+00
     1  1094     1     2        0  0.0000E+00  0.4474E-11  0.0000E+00  0.0000E+00
     1  1095     1     1        0  0.0000E+00  0.1665E+02  0.0000E+00  0.0000E+00
     1  1095     1     2        0  0.0000E+00  0.1675E-10  0.0000E+00  0.0000E+00
     1  1096     1     1        0  0.0000E+00  0.3835E+02  0.0000E+00  0.0000E+00
     1  1096     1     2        0  0.0000E+00  0.3592E-10  0.0000E+00  0.0000E+00
     1  1097     1     1        0  0.0000E+00  0.3656E+02  0.0000E+00  0.0000E+00
     1  1097     1     2        0  0.0000E+00  0.4955E-10  0.0000E+00  0.0000E+00
     1  1098     1     1        0  0.0000E+00  0.3810E+01  0.0000E+00  0.0000E+00
     1  1098     1     2        0  0.0000E+00  0.6803E-11  0.0000E+00  0.0000E+00
     1  1099     1     1        0  0.0000E+00  0.1482E+02  0.0000E+00  0.0000E+00
     1  1099     1     2        0  0.0000E+00  0.1403E-11  0.0000E+00  0.0000E+00
     1  1100     1     1        0  0.0000E+00  0.3120E+02  0.0000E+00  0.0000E+00
     1  1100     1     2        0  0.0000E+00  0.2564E-10  0.0000E+00  0.0000E+00
     1  1101     1     1        0  0.0000E+00  0.8711E+02  0.0000E+00  0.0000E+00
     1  1101     1     2        0  0.0000E+00  0.8967E-10  0.0000E+00  0.0000E+00
     1  1102     1     1        0  0.0000E+00  0.2220E+01  0.0000E+00  0.0000E+00
     1  1102     1     2        0  0.0000E+00  0.9826E-12  0.0000E+00  0.0000E+00
     1  1103     1     1        0  0.0000E+00  0.7355E+01  0.0000E+00  0.0000E+00
     1  1103     1     2        0  0.0000E+00  0.7553E-11  0.0000E+00  0.0000E+00
     1  1104     1     1        0  0.0000E+00  0.1582E+02  0.0000E+00  0.0000E+00
     1  1104     1     2        0  0.0000E+00  0.1361E-10  0.0000E+00  0.0000E+00
     1  1105     1     1        0  0.0000E+00  0.3623E+02  0.0000E+00  0.0000E+00
     1  1105     1     2        0  0.0000E+00  0.3478E-10  0.0000E+00  0.0000E+00
     1  1106     1     1        0  0.0000E+00  0.1484E+02  0.0000E+00  0.0000E+00
     1  1106     1     2        0  0.0000E+00  0.2280E-12  0.0000E+00  0.0000E+00
     1  1107     1     1        0  0.0000E+00  0.2209E+02  0.0000E+00  0.0000E+00
     1  1107     1     2        0  0.0000E+00  0.2217E-10  0.0000E+00  0.0000E+00
     1  1108     1     1        0  0.0000E+00  0.5601E+02  0.0000E+00  0.0000E+00
     1  1108     1     2        0  0.0000E+00  0.5270E-10  0.0000E+00  0.0000E+00
     1  1109     1     1        0  0.0000E+00  0.1871E+02  0.0000E+00  0.0000E+00
     1  1109     1     2        0  0.0000E+00  0.1906E-10  0.0000E+00  0.0000E+00
     1  1110     1     1        0  0.0000E+00  0.2254E+01  0.0000E+00  0.0000E+00
     1  1110     1     2        0  0.0000E+00  0.1535E-11  0.0000E+00  0.0000E+00
     1  1111     1     1        0  0.0000E+00  0.2450E+00  0.0000E+00  0.0000E+00
     1  1111     1     2        0  0.0000E+00  0.1546E-11  0.0000E+00  0.0000E+00
     1  1112     1     1        0  0.0000E+00  0.6249E+01  0.0000E+00  0.0000E+00
     1  1112     1     2        0  0.0000E+00  0.8979E-12  0.0000E+00  0.0000E+00
     1  1113     1     1        0  0.0000E+00  0.1633E+02  0.0000E+00  0.0000E+00
     1  1113     1     2        0  0.0000E+00  0.1235E-10  0.0000E+00  0.0000E+00
     1  1114     1     1        0  0.0000E+00  0.2887E+02  0.0000E+00  0.0000E+00
     1  1114     1     2        0  0.0000E+00  0.2947E-10  0.0000E+00  0.0000E+00
     1  1115     1     1        0  0.0000E+00  0.7491E+01  0.0000E+00  0.0000E+00
     1  1115     1     2        0  0.0000E+00  0.7823E-11  0.0000E+00  0.0000E+00
     1  1116     1     1        0  0.0000E+00  0.5598E+02  0.0000E+00  0.0000E+00
     1  1116     1     2        0  0.0000E+00  0.5405E-10  0.0000E+00  0.0000E+00
     1  1117     1     1        0  0.0000E+00  0.1000E+03  0.0000E+00  0.0000E+00
     1  1117     1     2        0  0.0000E+00  0.8060E-10  0.0000E+00  0.0000E+00
     1  1118     1     1        0  0.0000E+00  0.1833E+02  0.0000E+00  0.0000E+00
     1  1118     1     2        0  0.0000E+00  0.7040E-11  0.0000E+00  0.0000E+00
     1  1119     1     1        0  0.0000E+00  0.3985E+00  0.0000E+00  0.0000E+00
     1  1119     1     2        0  0.0000E+00  0.5998E-11  0.0000E+00  0.0000E+00
     1  1120     1     1        0  0.0000E+00  0.1014E+02  0.0000E+00  0.0000E+00
     1  1120     1     2        0  0.0000E+00  0.4676E-11  0.0000E+00  0.0000E+00
     1  1121     1     1        0  0.0000E+00  0.1579E+02  0.0000E+00  0.0000E+00
     1  1121     1     2        0  0.0000E+00  0.1359E-10  0.0000E+00  0.0000E+00
     1  1122     1     1        0  0.0000E+00  0.1567E+02  0.0000E+00  0.0000E+00
     1  1122     1     2        0  0.0000E+00  0.1758E-10  0.0000E+00  0.0000E+00
     1  1123     1     1        0  0.0000E+00  0.5745E+02  0.0000E+00  0.0000E+00
     1  1123     1     2        0  0.0000E+00  0.6357E-10  0.0000E+00  0.0000E+00
     1  1124     1     1        0  0.0000E+00  0.7481E+02  0.0000E+00  0.0000E+00
     1  1124     1     2        0  0.0000E+00  0.6140E-10  0.0000E+00  0.0000E+00
     1  1125     1     1        0  0.0000E+00  0.1424E+02  0.0000E+00  0.0000E+00
     1  1125     1     2        0  0.0000E+00  0.1511E-10  0.0000E+00  0.0000E+00
     1  1126     1     1        0  0.0000E+00  0.9805E+01  0.0000E+00  0.0000E+00
     1  1126     1     2        0  0.0000E+00  0.6302E-11  0.0000E+00  0.0000E+00
     1  1127     1     1        0  0.0000E+00  0.3231E+02  0.0000E+00  0.0000E+00
     1  1127     1     2        0  0.0000E+00  0.2869E-10  0.0000E+00  0.0000E+00
     1  1128     1     1        0  0.0000E+00  0.1000E+03  0.0000E+00  0.0000E+00
     1  1128     1     2        0  0.0000E+00  0.7780E-10  0.0000E+00  0.0000E+00
     1  1129     1     1        0  0.0000E+00  0.1780E+02  0.0000E+00  0.0000E+00
     1  1129     1     2        0  0.0000E+00  0.2092E-10  0.0000E+00  0.0000E+00
     1  1130     1     1        0  0.0000E+00  0.8288E+02  0.0000E+00  0.0000E+00
     1  1130     1     2        0  0.0000E+00  0.7598E-10  0.0000E+00  0.0000E+00
     1  1131     1     1        0  0.0000E+00  0.4111E+02  0.0000E+00  0.0000E+00
     1  1131     1     2        0  0.0000E+00  0.3330E-10  0.0000E+00  0.0000E+00
     1  1132     1     1        0  0.0000E+00  0.7803E+00  0.0000E+00  0.0000E+00
     1  1132     1     2        0  0.0000E+00  0.8442E-11  0.0000E+00  0.0000E+00
     1  1133     1     1        0  0.0000E+00  0.8058E+01  0.0000E+00  0.0000E+00
     1  1133     1     2        0  0.0000E+00  0.1972E-10  0.0000E+00  0.0000E+00
     1  1134     1     1        0  0.0000E+00  0.1186E+02  0.0000E+00  0.0000E+00
     1  1134     1     2        0  0.0000E+00  0.1090E-10  0.0000E+00  0.0000E+00
     1  1135     1     1        0  0.0000E+00  0.1183E+02  0.0000E+00  0.0000E+00
     1  1135     1     2        0  0.0000E+00  0.1122E-10  0.0000E+00  0.0000E+00
     1  1136     1     1        0  0.0000E+00  0.2248E+02  0.0000E+00  0.0000E+00
     1  1136     1     2        0  0.0000E+00  0.2315E-10  0.0000E+00  0.0000E+00
     1  1137     1     1        0  0.0000E+00  0.3489E+02  0.0000E+00  0.0000E+00
     1  1137     1     2        0  0.0000E+00  0.3044E-10  0.0000E+00  0.0000E+00
     1  1138     1     1        0  0.0000E+00  0.1492E+02  0.0000E+00  0.0000E+00
     1  1138     1     2        0  0.0000E+00  0.1371E-10  0.0000E+00  0.0000E+00
     1  1139     1     1        0  0.0000E+00  0.7302E+01  0.0000E+00  0.0000E+00
     1  1139     1     2        0  0.0000E+00  0.8752E-11  0.0000E+00  0.0000E+00
     1  1140     1     1        0  0.0000E+00  0.3368E+01  0.0000E+00  0.0000E+00
     1  1140     1     2        0  0.0000E+00  0.1173E-10  0.0000E+00  0.0000E+00
     1  1141     1     1        0  0.0000E+00  0.1730E+02  0.0000E+00  0.0000E+00
     1  1141     1     2        0  0.0000E+00  0.7129E-11  0.0000E+00  0.0000E+00
     1  1142     1     1        0  0.0000E+00  0.4717E+02  0.0000E+00  0.0000E+00
     1  1142     1     2        0  0.0000E+00  0.4481E-10  0.0000E+00  0.0000E+00
     1  1143     1     1        0  0.0000E+00  0.3838E+02  0.0000E+00  0.0000E+00
     1  1143     1     2        0  0.0000E+00  0.3028E-10  0.0000E+00  0.0000E+00
     1  1144     1     1        0  0.0000E+00  0.3488E+00  0.0000E+00  0.0000E+00
     1  1144     1     2        0  0.0000E+00  0.2647E-11  0.0000E+00  0.0000E+00
     1  1145     1     1        0  0.0000E+00  0.1313E+02  0.0000E+00  0.0000E+00
     1  1145     1     2        0  0.0000E+00  0.1006E-10  0.0000E+00  0.0000E+00
     1  1146     1     1        0  0.0000E+00  0.3279E+02  0.0000E+00  0.0000E+00
     1  1146     1     2        0  0.0000E+00  0.3128E-10  0.0000E+00  0.0000E+00
     1  1147     1     1        0  0.0000E+00  0.1000E+03  0.0000E+00  0.0000E+00
     1  1147     1     2        0  0.0000E+00  0.1021E-09  0.0000E+00  0.0000E+00
     1  1148     1     1        0  0.0000E+00  0.2489E+00  0.0000E+00  0.0000E+00
     1  1148     1     2        0  0.0000E+00  0.2283E-11  0.0000E+00  0.0000E+00
     1  1149     1     1        0  0.0000E+00  0.1597E+02  0.0000E+00  0.0000E+00
     1  1149     1     2        0  0.0000E+00  0.1578E-10  0.0000E+00  0.0000E+00
     1  1150     1     1        0  0.0000E+00  0.4072E+02  0.0000E+00  0.0000E+00
     1  1150     1     2        0  0.0000E+00  0.3516E-10  0.0000E+00  0.0000E+00
     1  1151     1     1        0  0.0000E+00  0.5610E+02  0.0000E+00  0.0000E+00
     1  1151     1     2        0  0.0000E+00  0.3745E-10  0.0000E+00  0.0000E+00
     1  1152     1     1        0  0.0000E+00  0.4568E+01  0.0000E+00  0.0000E+00
     1  1152     1     2        0  0.0000E+00  0.7055E-11  0.0000E+00  0.0000E+00
     1  1153     1     1        0  0.0000E+00  0.2411E+02  0.0000E+00  0.0000E+00
     1  1153     1     2        0  0.0000E+00  0.2595E-10  0.0000E+00  0.0000E+00
     1  1154     1     1        0  0.0000E+00  0.1000E+03  0.0000E+00  0.0000E+00
     1  1154     1     2        0  0.0000E+00  0.8571E-10  0.0000E+00  0.0000E+00
     1  1155     1     1        0  0.0000E+00  0.1242E+02  0.0000E+00  0.0000E+00
     1  1155     1     2        0  0.0000E+00  0.8925E-11  0.0000E+00  0.0000E+00
     1  1156     1     1        0  0.0000E+00  0.7491E+01  0.0000E+00  0.0000E+00
     1  1156     1     2        0  0.0000E+00  0.7398E-12  0.0000E+00  0.0000E+00
     1  1157     1     1        0  0.0000E+00  0.2464E+02  0.0000E+00  0.0000E+00
     1  1157     1     2        0  0.0000E+00  0.2356E-10  0.0000E+00  0.0000E+00
     1  1158     1     1        0  0.0000E+00  0.1000E+03  0.0000E+00  0.0000E+00
     1  1158     1     2        0  0.0000E+00  0.1004E-09  0.0000E+00  0.0000E+00
     1  1159     1     1        0  0.0000E+00  0.1853E+02  0.0000E+00  0.0000E+00
     1  1159     1     2        0  0.0000E+00  0.2452E-10  0.0000E+00  0.0000E+00
     1  1160     1     1        0  0.0000E+00  0.2166E+01  0.0000E+00  0.0000E+00
     1  1160     1     2        0  0.0000E+00  0.1573E-10  0.0000E+00  0.0000E+00
     1  1161     1     1        0  0.0000E+00  0.1067E+02  0.0000E+00  0.0000E+00
     1  1161     1     2        0  0.0000E+00  0.1375E-10  0.0000E+00  0.0000E+00
     1  1162     1     1        0  0.0000E+00  0.2270E+02  0.0000E+00  0.0000E+00
     1  1162     1     2        0  0.0000E+00  0.1826E-10  0.0000E+00  0.0000E+00
     1  1163     1     1        0  0.0000E+00  0.1000E+03  0.0000E+00  0.0000E+00
     1  1163     1     2        0  0.0000E+00  0.1016E-09  0.0000E+00  0.0000E+00
     1  1164     1     1        0  0.0000E+00  0.7940E+01  0.0000E+00  0.0000E+00
     1  1164     1     2        0  0.0000E+00  0.1863E-10  0.0000E+00  0.0000E+00
     1  1165     1     1        0  0.0000E+00  0.1218E+02  0.0000E+00  0.0000E+00
     1  1165     1     2        0  0.0000E+00  0.1672E-10  0.0000E+00  0.0000E+00
     1  1166     1     1        0  0.0000E+00  0.2912E+02  0.0000E+00  0.0000E+00
     1  1166     1     2        0  0.0000E+00  0.2843E-10  0.0000E+00  0.0000E+00
     1  1167     1     1        0  0.0000E+00  0.1000E+03  0.0000E+00  0.0000E+00
     1  1167     1     2        0  0.0000E+00  0.9042E-10  0.0000E+00  0.0000E+00
     1  1168     1     1        0  0.0000E+00  0.7222E+01  0.0000E+00  0.0000E+00
     1  1168     1     2        0  0.0000E+00  0.7075E-11  0.0000E+00  0.0000E+00
     1  1169     1     1        0  0.0000E+00  0.9024E+01  0.0000E+00  0.0000E+00
     1  1169     1     2        0  0.0000E+00  0.2563E-11  0.0000E+00  0.0000E+00
     1  1170     1     1        0  0.0000E+00  0.2334E+02  0.0000E+00  0.0000E+00
     1  1170     1     2        0  0.0000E+00  0.1973E-10  0.0000E+00  0.0000E+00
     1  1171     1     1        0  0.0000E+00  0.1000E+03  0.0000E+00  0.0000E+00
     1  1171     1     2        0  0.0000E+00  0.9221E-10  0.0000E+00  0.0000E+00
     1  1172     1     1        0  0.0000E+00  0.1426E+02  0.0000E+00  0.0000E+00
     1  1172     1     2        0  0.0000E+00  0.5831E-11  0.0000E+00  0.0000E+00
     1  1173     1     1        0  0.0000E+00  0.6152E+01  0.0000E+00  0.0000E+00
     1  1173     1     2        0  0.0000E+00  0.2483E-11  0.0000E+00  0.0000E+00
     1  1174     1     1        0  0.0000E+00  0.1635E+02  0.0000E+00  0.0000E+00
     1  1174     1     2        0  0.0000E+00  0.1430E-10  0.0000E+00  0.0000E+00
     1  1175     1     1        0  0.0000E+00  0.3198E+02  0.0000E+00  0.0000E+00
     1  1175     1     2        0  0.0000E+00  0.2703E-10  0.0000E+00  0.0000E+00
     1  1176     1     1        0  0.0000E+00  0.3545E+02  0.0000E+00  0.0000E+00
     1  1176     1     2        0  0.0000E+00  0.3754E-10  0.0000E+00  0.0000E+00
     1  1177     1     1        0  0.0000E+00  0.9560E+01  0.0000E+00  0.0000E+00
     1  1177     1     2        0  0.0000E+00  0.2208E-10  0.0000E+00  0.0000E+00
     1  1178     1     1        0  0.0000E+00  0.2916E+02  0.0000E+00  0.0000E+00
     1  1178     1     2        0  0.0000E+00  0.2518E-10  0.0000E+00  0.0000E+00
     1  1179     1     1        0  0.0000E+00  0.1000E+03  0.0000E+00  0.0000E+00
     1  1179     1     2        0  0.0000E+00  0.8546E-10  0.0000E+00  0.0000E+00
     1  1180     1     1        0  0.0000E+00  0.1059E+02  0.0000E+00  0.0000E+00
     1  1180     1     2        0  0.0000E+00  0.1945E-11  0.0000E+00  0.0000E+00
     1  1181     1     1        0  0.0000E+00  0.6628E+01  0.0000E+00  0.0000E+00
     1  1181     1     2        0  0.0000E+00  0.9656E-11  0.0000E+00  0.0000E+00
     1  1182     1     1        0  0.0000E+00  0.1636E+02  0.0000E+00  0.0000E+00
     1  1182     1     2        0  0.0000E+00  0.1538E-10  0.0000E+00  0.0000E+00
     1  1183     1     1        0  0.0000E+00  0.4072E+02  0.0000E+00  0.0000E+00
     1  1183     1     2        0  0.0000E+00  0.3905E-10  0.0000E+00  0.0000E+00
     1  1184     1     1        0  0.0000E+00  0.5692E+02  0.0000E+00  0.0000E+00
     1  1184     1     2        0  0.0000E+00  0.5700E-10  0.0000E+00  0.0000E+00
     1  1185     1     1        0  0.0000E+00  0.4009E+01  0.0000E+00  0.0000E+00
     1  1185     1     2        0  0.0000E+00  0.5451E-12  0.0000E+00  0.0000E+00
     1  1186     1     1        0  0.0000E+00  0.1557E+02  0.0000E+00  0.0000E+00
     1  1186     1     2        0  0.0000E+00  0.3206E-11  0.0000E+00  0.0000E+00
     1  1187     1     1        0  0.0000E+00  0.4420E+02  0.0000E+00  0.0000E+00
     1  1187     1     2        0  0.0000E+00  0.3594E-10  0.0000E+00  0.0000E+00
     1  1188     1     1        0  0.0000E+00  0.3997E+02  0.0000E+00  0.0000E+00
     1  1188     1     2        0  0.0000E+00  0.3973E-10  0.0000E+00  0.0000E+00
     1  1189     1     1        0  0.0000E+00  0.7069E+01  0.0000E+00  0.0000E+00
     1  1189     1     2        0  0.0000E+00  0.1711E-10  0.0000E+00  0.0000E+00
     1  1190     1     1        0  0.0000E+00  0.2141E+02  0.0000E+00  0.0000E+00
     1  1190     1     2        0  0.0000E+00  0.1756E-10  0.0000E+00  0.0000E+00
     1  1191     1     1        0  0.0000E+00  0.7672E+02  0.0000E+00  0.0000E+00
     1  1191     1     2        0  0.0000E+00  0.6914E-10  0.0000E+00  0.0000E+00
     1  1192     1     1        0  0.0000E+00  0.1255E+02  0.0000E+00  0.0000E+00
     1  1192     1     2        0  0.0000E+00  0.1350E-10  0.0000E+00  0.0000E+00
     1  1193     1     1        0  0.0000E+00  0.6534E+01  0.0000E+00  0.0000E+00
     1  1193     1     2        0  0.0000E+00  0.1233E-10  0.0000E+00  0.0000E+00
     1  1194     1     1        0  0.0000E+00  0.1166E+02  0.0000E+00  0.0000E+00
     1  1194     1     2        0  0.0000E+00  0.8959E-11  0.0000E+00  0.0000E+00
     1  1195     1     1        0  0.0000E+00  0.2373E+02  0.0000E+00  0.0000E+00
     1  1195     1     2        0  0.0000E+00  0.2499E-10  0.0000E+00  0.0000E+00
     1  1196     1     1        0  0.0000E+00  0.1000E+03  0.0000E+00  0.0000E+00
     1  1196     1     2        0  0.0000E+00  0.8288E-10  0.0000E+00  0.0000E+00
     1  1197     1     1        0  0.0000E+00  0.1719E+02  0.0000E+00  0.0000E+00
     1  1197     1     2        0  0.0000E+00  0.1855E-10  0.0000E+00  0.0000E+00
     1  1198     1     1        0  0.0000E+00  0.6090E+01  0.0000E+00  0.0000E+00
     1  1198     1     2        0  0.0000E+00  0.1538E-10  0.0000E+00  0.0000E+00
     1  1199     1     1        0  0.0000E+00  0.2307E+02  0.0000E+00  0.0000E+00
     1  1199     1     2        0  0.0000E+00  0.2931E-10  0.0000E+00  0.0000E+00
     1  1200     1     1        0  0.0000E+00  0.1000E+03  0.0000E+00  0.0000E+00
     1  1200     1     2        0  0.0000E+00  0.9125E-10  0.0000E+00  0.0000E+00
     1  1201     1     1        0  0.0000E+00  0.1021E+02  0.0000E+00  0.0000E+00
     1  1201     1     2        0  0.0000E+00  0.3375E-12  0.0000E+00  0.0000E+00
     1  1202     1     1        0  0.0000E+00  0.1041E+02  0.0000E+00  0.0000E+00
     1  1202     1     2        0  0.0000E+00  0.1041E-10  0.0000E+00  0.0000E+00
     1  1203     1     1        0  0.0000E+00  0.2054E+02  0.0000E+00  0.0000E+00
     1  1203     1     2        0  0.0000E+00  0.1903E-10  0.0000E+00  0.0000E+00
     1  1204     1     1        0  0.0000E+00  0.7216E+02  0.0000E+00  0.0000E+00
     1  1204     1     2        0  0.0000E+00  0.6224E-10  0.0000E+00  0.0000E+00
     1  1205     1     1        0  0.0000E+00  0.1860E+02  0.0000E+00  0.0000E+00
     1  1205     1     2        0  0.0000E+00  0.3566E-10  0.0000E+00  0.0000E+00
     1  1206     1     1        0  0.0000E+00  0.2876E+01  0.0000E+00  0.0000E+00
     1  1206     1     2        0  0.0000E+00  0.7093E-11  0.0000E+00  0.0000E+00
     1  1207     1     1        0  0.0000E+00  0.1192E+02  0.0000E+00  0.0000E+00
     1  1207     1     2        0  0.0000E+00  0.1136E-10  0.0000E+00  0.0000E+00
     1  1208     1     1        0  0.0000E+00  0.2803E+02  0.0000E+00  0.0000E+00
     1  1208     1     2        0  0.0000E+00  0.2178E-10  0.0000E+00  0.0000E+00
     1  1209     1     1        0  0.0000E+00  0.1000E+03  0.0000E+00  0.0000E+00
     1  1209     1     2        0  0.0000E+00  0.1026E-09  0.0000E+00  0.0000E+00
     1  1210     1     1        0  0.0000E+00  0.4418E+01  0.0000E+00  0.0000E+00
     1  1210     1     2        0  0.0000E+00  0.1404E-10  0.0000E+00  0.0000E+00
     1  1211     1     1        0  0.0000E+00  0.8918E+01  0.0000E+00  0.0000E+00
     1  1211     1     2        0  0.0000E+00  0.3805E-11  0.0000E+00  0.0000E+00
     1  1212     1     1        0  0.0000E+00  0.2308E+02  0.0000E+00  0.0000E+00
     1  1212     1     2        0  0.0000E+00  0.2368E-10  0.0000E+00  0.0000E+00
     1  1213     1     1        0  0.0000E+00  0.1000E+03  0.0000E+00  0.0000E+00
     1  1213     1     2        0  0.0000E+00  0.8656E-10  0.0000E+00  0.0000E+00
     1  1214     1     1        0  0.0000E+00  0.1898E+02  0.0000E+00  0.0000E+00
     1  1214     1     2        0  0.0000E+00  0.3395E-10  0.0000E+00  0.0000E+00
     1  1215     1     1        0  0.0000E+00  0.6564E+01  0.0000E+00  0.0000E+00
     1  1215     1     2        0  0.0000E+00  0.3400E-11  0.0000E+00  0.0000E+00
     1  1216     1     1        0  0.0000E+00  0.1779E+02  0.0000E+00  0.0000E+00
     1  1216     1     2        0  0.0000E+00  0.8146E-11  0.0000E+00  0.0000E+00
     1  1217     1     1        0  0.0000E+00  0.2987E+02  0.0000E+00  0.0000E+00
     1  1217     1     2        0  0.0000E+00  0.2378E-10  0.0000E+00  0.0000E+00
     1  1218     1     1        0  0.0000E+00  0.1074E+02  0.0000E+00  0.0000E+00
     1  1218     1     2        0  0.0000E+00  0.1199E-10  0.0000E+00  0.0000E+00
     1  1219     1     1        0  0.0000E+00  0.1041E+02  0.0000E+00  0.0000E+00
     1  1219     1     2        0  0.0000E+00  0.3091E-11  0.0000E+00  0.0000E+00
     1  1220     1     1        0  0.0000E+00  0.1898E+02  0.0000E+00  0.0000E+00
     1  1220     1     2        0  0.0000E+00  0.1691E-10  0.0000E+00  0.0000E+00
     1  1221     1     1        0  0.0000E+00  0.7941E+02  0.0000E+00  0.0000E+00
     1  1221     1     2        0  0.0000E+00  0.7005E-10  0.0000E+00  0.0000E+00
     1  1222     1     1        0  0.0000E+00  0.1865E+02  0.0000E+00  0.0000E+00
     1  1222     1     2        0  0.0000E+00  0.6502E-11  0.0000E+00  0.0000E+00
     1  1223     1     1        0  0.0000E+00  0.9035E+01  0.0000E+00  0.0000E+00
     1  1223     1     2        0  0.0000E+00  0.8476E-11  0.0000E+00  0.0000E+00
     1  1224     1     1        0  0.0000E+00  0.2287E+02  0.0000E+00  0.0000E+00
     1  1224     1     2        0  0.0000E+00  0.2720E-10  0.0000E+00  0.0000E+00
     1  1225     1     1        0  0.0000E+00  0.1000E+03  0.0000E+00  0.0000E+00
     1  1225     1     2        0  0.0000E+00  0.9776E-10  0.0000E+00  0.0000E+00
     1  1226     1     1        0  0.0000E+00  0.2379E+02  0.0000E+00  0.0000E+00
     1  1226     1     2        0  0.0000E+00  0.2393E-10  0.0000E+00  0.0000E+00
     1  1227     1     1        0  0.0000E+00  0.5247E+01  0.0000E+00  0.0000E+00
     1  1227     1     2        0  0.0000E+00  0.7762E-11  0.0000E+00  0.0000E+00
     1  1228     1     1        0  0.0000E+00  0.1729E+02  0.0000E+00  0.0000E+00
     1  1228     1     2        0  0.0000E+00  0.1440E-10  0.0000E+00  0.0000E+00
     1  1229     1     1        0  0.0000E+00  0.3813E+02  0.0000E+00  0.0000E+00
     1  1229     1     2        0  0.0000E+00  0.3384E-10  0.0000E+00  0.0000E+00
     1  1230     1     1        0  0.0000E+00  0.2853E+02  0.0000E+00  0.0000E+00
     1  1230     1     2        0  0.0000E+00  0.1713E-10  0.0000E+00  0.0000E+00
     1  1231     1     1        0  0.0000E+00  0.5260E+01  0.0000E+00  0.0000E+00
     1  1231     1     2        0  0.0000E+00  0.9293E-12  0.0000E+00  0.0000E+00
     1  1232     1     1        0  0.0000E+00  0.1231E+02  0.0000E+00  0.0000E+00
     1  1232     1     2        0  0.0000E+00  0.1348E-10  0.0000E+00  0.0000E+00
     1  1233     1     1        0  0.0000E+00  0.2185E+02  0.0000E+00  0.0000E+00
     1  1233     1     2        0  0.0000E+00  0.2348E-10  0.0000E+00  0.0000E+00
     1  1234     1     1        0  0.0000E+00  0.5411E+02  0.0000E+00  0.0000E+00
     1  1234     1     2        0  0.0000E+00  0.4466E-10  0.0000E+00  0.0000E+00
     1  1235     1     1        0  0.0000E+00  0.3274E+02  0.0000E+00  0.0000E+00
     1  1235     1     2        0  0.0000E+00  0.1903E-10  0.0000E+00  0.0000E+00
     1  1236     1     1        0  0.0000E+00  0.9801E+02  0.0000E+00  0.0000E+00
     1  1236     1     2        0  0.0000E+00  0.9907E-10  0.0000E+00  0.0000E+00
     1  1237     1     1        0  0.0000E+00  0.2148E+02  0.0000E+00  0.0000E+00
     1  1237     1     2        0  0.0000E+00  0.1273E-10  0.0000E+00  0.0000E+00
     1  1238     1     1        0  0.0000E+00  0.5439E+02  0.0000E+00  0.0000E+00
     1  1238     1     2        0  0.0000E+00  0.4977E-10  0.0000E+00  0.0000E+00
     1  1239     1     1        0  0.0000E+00  0.1000E+03  0.0000E+00  0.0000E+00
     1  1239     1     2        0  0.0000E+00  0.7671E-10  0.0000E+00  0.0000E+00
     1  1240     1     1        0  0.0000E+00  0.1192E+02  0.0000E+00  0.0000E+00
     1  1240     1     2        0  0.0000E+00  0.1840E-11  0.0000E+00  0.0000E+00
     1  1241     1     1        0  0.0000E+00  0.1059E+02  0.0000E+00  0.0000E+00
     1  1241     1     2        0  0.0000E+00  0.1027E-11  0.0000E+00  0.0000E+00
     1  1242     1     1        0  0.0000E+00  0.2050E+02  0.0000E+00  0.0000E+00
     1  1242     1     2        0  0.0000E+00  0.1754E-10  0.0000E+00  0.0000E+00
     1  1243     1     1        0  0.0000E+00  0.4241E+02  0.0000E+00  0.0000E+00
     1  1243     1     2        0  0.0000E+00  0.4010E-10  0.0000E+00  0.0000E+00
     1  1244     1     1        0  0.0000E+00  0.1177E+02  0.0000E+00  0.0000E+00
     1  1244     1     2        0  0.0000E+00  0.6012E-11  0.0000E+00  0.0000E+00
     1  1245     1     1        0  0.0000E+00  0.3493E+02  0.0000E+00  0.0000E+00
     1  1245     1     2        0  0.0000E+00  0.3584E-10  0.0000E+00  0.0000E+00
     1  1246     1     1        0  0.0000E+00  0.9471E+02  0.0000E+00  0.0000E+00
     1  1246     1     2        0  0.0000E+00  0.1014E-09  0.0000E+00  0.0000E+00
     1  1247     1     1        0  0.0000E+00  0.6384E+01  0.0000E+00  0.0000E+00
     1  1247     1     2        0  0.0000E+00  0.2766E-11  0.0000E+00  0.0000E+00
     1  1248     1     1        0  0.0000E+00  0.2277E+02  0.0000E+00  0.0000E+00
     1  1248     1     2        0  0.0000E+00  0.9516E-11  0.0000E+00  0.0000E+00
     1  1249     1     1        0  0.0000E+00  0.2491E+01  0.0000E+00  0.0000E+00
     1  1249     1     2        0  0.0000E+00  0.2372E-11  0.0000E+00  0.0000E+00
     1  1250     1     1        0  0.0000E+00  0.2223E+02  0.0000E+00  0.0000E+00
     1  1250     1     2        0  0.0000E+00  0.2772E-10  0.0000E+00  0.0000E+00
     1  1251     1     1        0  0.0000E+00  0.3255E+02  0.0000E+00  0.0000E+00
     1  1251     1     2        0  0.0000E+00  0.2786E-10  0.0000E+00  0.0000E+00
     1  1252     1     1        0  0.0000E+00  0.1547E+02  0.0000E+00  0.0000E+00
     1  1252     1     2        0  0.0000E+00  0.1328E-10  0.0000E+00  0.0000E+00
     1  1253     1     1        0  0.0000E+00  0.4134E+02  0.0000E+00  0.0000E+00
     1  1253     1     2        0  0.0000E+00  0.4232E-10  0.0000E+00  0.0000E+00
     1  1254     1     1        0  0.0000E+00  0.2236E+02  0.0000E+00  0.0000E+00
     1  1254     1     2        0  0.0000E+00  0.2441E-10  0.0000E+00  0.0000E+00
     1  1255     1     1        0  0.0000E+00  0.1749E+02  0.0000E+00  0.0000E+00
     1  1255     1     2        0  0.0000E+00  0.7952E-11  0.0000E+00  0.0000E+00
     1  1256     1     1        0  0.0000E+00  0.1395E+02  0.0000E+00  0.0000E+00
     1  1256     1     2        0  0.0000E+00  0.8400E-11  0.0000E+00  0.0000E+00
     1  1257     1     1        0  0.0000E+00  0.1000E+03  0.0000E+00  0.0000E+00
     1  1257     1     2        0  0.0000E+00  0.9692E-10  0.0000E+00  0.0000E+00
     1  1258     1     1        0  0.0000E+00  0.2688E+02  0.0000E+00  0.0000E+00
     1  1258     1     2        0  0.0000E+00  0.3098E-10  0.0000E+00  0.0000E+00
     1  1259     1     1        0  0.0000E+00  0.6224E+01  0.0000E+00  0.0000E+00
     1  1259     1     2        0  0.0000E+00  0.1361E-10  0.0000E+00  0.0000E+00
     1  1260     1     1        0  0.0000E+00  0.1876E+02  0.0000E+00  0.0000E+00
     1  1260     1     2        0  0.0000E+00  0.2160E-10  0.0000E+00  0.0000E+00
     1  1261     1     1        0  0.0000E+00  0.1395E+02  0.0000E+00  0.0000E+00
     1  1261     1     2        0  0.0000E+00  0.1189E-10  0.0000E+00  0.0000E+00
     1  1262     1     1        0  0.0000E+00  0.3916E+02  0.0000E+00  0.0000E+00
     1  1262     1     2        0  0.0000E+00  0.3220E-10  0.0000E+00  0.0000E+00
     1  1263     1     1        0  0.0000E+00  0.8969E+02  0.0000E+00  0.0000E+00
     1  1263     1     2        0  0.0000E+00  0.5389E-10  0.0000E+00  0.0000E+00
     1  1264     1     1        0  0.0000E+00  0.9257E+01  0.0000E+00  0.0000E+00
     1  1264     1     2        0  0.0000E+00  0.1460E-10  0.0000E+00  0.0000E+00
     1  1265     1     1        0  0.0000E+00  0.3277E+01  0.0000E+00  0.0000E+00
     1  1265     1     2        0  0.0000E+00  0.1051E-11  0.0000E+00  0.0000E+00
     1  1266     1     1        0  0.0000E+00  0.2277E+02  0.0000E+00  0.0000E+00
     1  1266     1     2        0  0.0000E+00  0.1831E-10  0.0000E+00  0.0000E+00
     1  1267     1     1        0  0.0000E+00  0.1000E+03  0.0000E+00  0.0000E+00
     1  1267     1     2        0  0.0000E+00  0.8063E-10  0.0000E+00  0.0000E+00
     1  1268     1     1        0  0.0000E+00  0.3208E+02  0.0000E+00  0.0000E+00
     1  1268     1     2        0  0.0000E+00  0.2636E-10  0.0000E+00  0.0000E+00
     1  1269     1     1        0  0.0000E+00  0.1540E+01  0.0000E+00  0.0000E+00
     1  1269     1     2        0  0.0000E+00  0.7515E-11  0.0000E+00  0.0000E+00
     1  1270     1     1        0  0.0000E+00  0.1946E+02  0.0000E+00  0.0000E+00
     1  1270     1     2        0  0.0000E+00  0.1254E-10  0.0000E+00  0.0000E+00
     1  1271     1     1        0  0.0000E+00  0.6830E+02  0.0000E+00  0.0000E+00
     1  1271     1     2        0  0.0000E+00  0.6308E-10  0.0000E+00  0.0000E+00
     1  1272     1     1        0  0.0000E+00  0.3308E+02  0.0000E+00  0.0000E+00
     1  1272     1     2        0  0.0000E+00  0.1495E-10  0.0000E+00  0.0000E+00
     1  1273     1     1        0  0.0000E+00  0.4074E+01  0.0000E+00  0.0000E+00
     1  1273     1     2        0  0.0000E+00  0.5503E-11  0.0000E+00  0.0000E+00
     1  1274     1     1        0  0.0000E+00  0.2902E+01  0.0000E+00  0.0000E+00
     1  1274     1     2        0  0.0000E+00  0.1566E-10  0.0000E+00  0.0000E+00
     1  1275     1     1        0  0.0000E+00  0.9452E+01  0.0000E+00  0.0000E+00
     1  1275     1     2        0  0.0000E+00  0.3109E-11  0.0000E+00  0.0000E+00
     1  1276     1     1        0  0.0000E+00  0.1871E+02  0.0000E+00  0.0000E+00
     1  1276     1     2        0  0.0000E+00  0.2325E-10  0.0000E+00  0.0000E+00
     1  1277     1     1        0  0.0000E+00  0.3083E+02  0.0000E+00  0.0000E+00
     1  1277     1     2        0  0.0000E+00  0.2964E-10  0.0000E+00  0.0000E+00
     1  1278     1     1        0  0.0000E+00  0.3185E+02  0.0000E+00  0.0000E+00
     1  1278     1     2        0  0.0000E+00  0.3621E-10  0.0000E+00  0.0000E+00
     1  1279     1     1        0  0.0000E+00  0.1000E+03  0.0000E+00  0.0000E+00
     1  1279     1     2        0  0.0000E+00  0.9594E-10  0.0000E+00  0.0000E+00
     1  1280     1     1        0  0.0000E+00  0.3847E+02  0.0000E+00  0.0000E+00
     1  1280     1     2        0  0.0000E+00  0.4862E-10  0.0000E+00  0.0000E+00
     1  1281     1     1        0  0.0000E+00  0.1858E+01  0.0000E+00  0.0000E+00
     1  1281     1     2        0  0.0000E+00  0.3286E-11  0.0000E+00  0.0000E+00
     1  1282     1     1        0  0.0000E+00  0.1594E+02  0.0000E+00  0.0000E+00
     1  1282     1     2        0  0.0000E+00  0.1665E-10  0.0000E+00  0.0000E+00
     1  1283     1     1        0  0.0000E+00  0.2105E+02  0.0000E+00  0.0000E+00
     1  1283     1     2        0  0.0000E+00  0.2218E-10  0.0000E+00  0.0000E+00
     1  1284     1     1        0  0.0000E+00  0.1000E+03  0.0000E+00  0.0000E+00
     1  1284     1     2        0  0.0000E+00  0.8502E-10  0.0000E+00  0.0000E+00
     1  1285     1     1        0  0.0000E+00  0.1000E+03  0.0000E+00  0.0000E+00
     1  1285     1     2        0  0.0000E+00  0.9757E-10  0.0000E+00  0.0000E+00
     1  1286     1     1        0  0.0000E+00  0.8808E+01  0.0000E+00  0.0000E+00
     1  1286     1     2        0  0.0000E+00  0.3433E-11  0.0000E+00  0.0000E+00
     1  1287     1     1        0  0.0000E+00  0.8602E+00  0.0000E+00  0.0000E+00
     1  1287     1     2        0  0.0000E+00  0.6254E-11  0.0000E+00  0.0000E+00
     1  1288     1     1        0  0.0000E+00  0.7405E+01  0.0000E+00  0.0000E+00
     1  1288     1     2        0  0.0000E+00  0.8116E-11  0.0000E+00  0.0000E+00
     1  1289     1     1        0  0.0000E+00  0.1170E+02  0.0000E+00  0.0000E+00
     1  1289     1     2        0  0.0000E+00  0.4174E-11  0.0000E+00  0.0000E+00
     1  1290     1     1        0  0.0000E+00  0.1014E+02  0.0000E+00  0.0000E+00
     1  1290     1     2        0  0.0000E+00  0.1384E-11  0.0000E+00  0.0000E+00
     1  1291     1     1        0  0.0000E+00  0.1816E+02  0.0000E+00  0.0000E+00
     1  1291     1     2        0  0.0000E+00  0.2225E-10  0.0000E+00  0.0000E+00
     1  1292     1     1        0  0.0000E+00  0.5677E+02  0.0000E+00  0.0000E+00
     1  1292     1     2        0  0.0000E+00  0.6831E-10  0.0000E+00  0.0000E+00
     1  1293     1     1        0  0.0000E+00  0.1000E+03  0.0000E+00  0.0000E+00
     1  1293     1     2        0  0.0000E+00  0.7654E-10  0.0000E+00  0.0000E+00
     1  1294     1     1        0  0.0000E+00  0.1835E+02  0.0000E+00  0.0000E+00
     1  1294     1     2        0  0.0000E+00  0.2966E-10  0.0000E+00  0.0000E+00
     1  1295     1     1        0  0.0000E+00  0.6792E+01  0.0000E+00  0.0000E+00
     1  1295     1     2        0  0.0000E+00  0.3798E-11  0.0000E+00  0.0000E+00
     1  1296     1     1        0  0.0000E+00  0.2200E+02  0.0000E+00  0.0000E+00
     1  1296     1     2        0  0.0000E+00  0.1955E-10  0.0000E+00  0.0000E+00
     1  1297     1     1        0  0.0000E+00  0.5809E+02  0.0000E+00  0.0000E+00
     1  1297     1     2        0  0.0000E+00  0.5291E-10  0.0000E+00  0.0000E+00
     1  1298     1     1        0  0.0000E+00  0.7016E+01  0.0000E+00  0.0000E+00
     1  1298     1     2        0  0.0000E+00  0.1422E-11  0.0000E+00  0.0000E+00
     1  1299     1     1        0  0.0000E+00  0.1530E+02  0.0000E+00  0.0000E+00
     1  1299     1     2        0  0.0000E+00  0.1408E-10  0.0000E+00  0.0000E+00
     1  1300     1     1        0  0.0000E+00  0.3947E+01  0.0000E+00  0.0000E+00
     1  1300     1     2        0  0.0000E+00  0.6309E-11  0.0000E+00  0.0000E+00
     1  1301     1     1        0  0.0000E+00  0.3220E+01  0.0000E+00  0.0000E+00
     1  1301     1     2        0  0.0000E+00  0.1390E-10  0.0000E+00  0.0000E+00
     1  1302     1     1        0  0.0000E+00  0.1842E+02  0.0000E+00  0.0000E+00
     1  1302     1     2        0  0.0000E+00  0.1405E-10  0.0000E+00  0.0000E+00
     1  1303     1     1        0  0.0000E+00  0.1411E+02  0.0000E+00  0.0000E+00
     1  1303     1     2        0  0.0000E+00  0.1465E-10  0.0000E+00  0.0000E+00
     1  1304     1     1        0  0.0000E+00  0.2568E+02  0.0000E+00  0.0000E+00
     1  1304     1     2        0  0.0000E+00  0.2218E-10  0.0000E+00  0.0000E+00
     1  1305     1     1        0  0.0000E+00  0.8167E+02  0.0000E+00  0.0000E+00
     1  1305     1     2        0  0.0000E+00  0.7012E-10  0.0000E+00  0.0000E+00
     1  1306     1     1        0  0.0000E+00  0.1000E+03  0.0000E+00  0.0000E+00
     1  1306     1     2        0  0.0000E+00  0.8463E-10  0.0000E+00  0.0000E+00
     1  1307     1     1        0  0.0000E+00  0.1017E+02  0.0000E+00  0.0000E+00
     1  1307     1     2        0  0.0000E+00  0.1945E-10  0.0000E+00  0.0000E+00
     1  1308     1     1        0  0.0000E+00  0.7419E+02  0.0000E+00  0.0000E+00
     1  1308     1     2        0  0.0000E+00  0.6884E-10  0.0000E+00  0.0000E+00
     1  1309     1     1        0  0.0000E+00  0.5938E+02  0.0000E+00  0.0000E+00
     1  1309     1     2        0  0.0000E+00  0.4394E-10  0.0000E+00  0.0000E+00
     1  1310     1     1        0  0.0000E+00  0.3622E+01  0.0000E+00  0.0000E+00
     1  1310     1     2        0  0.0000E+00  0.2260E-10  0.0000E+00  0.0000E+00
     1  1311     1     1        0  0.0000E+00  0.5587E+01  0.0000E+00  0.0000E+00
     1  1311     1     2        0  0.0000E+00  0.9686E-11  0.0000E+00  0.0000E+00
     1  1312     1     1        0  0.0000E+00  0.8190E+01  0.0000E+00  0.0000E+00
     1  1312     1     2        0  0.0000E+00  0.1324E-10  0.0000E+00  0.0000E+00
     1  1313     1     1        0  0.0000E+00  0.1735E+02  0.0000E+00  0.0000E+00
     1  1313     1     2        0  0.0000E+00  0.1539E-10  0.0000E+00  0.0000E+00
     1  1314     1     1        0  0.0000E+00  0.4538E+02  0.0000E+00  0.0000E+00
     1  1314     1     2        0  0.0000E+00  0.4627E-10  0.0000E+00  0.0000E+00
     1  1315     1     1        0  0.0000E+00  0.3137E+02  0.0000E+00  0.0000E+00
     1  1315     1     2        0  0.0000E+00  0.3409E-10  0.0000E+00  0.0000E+00
     1  1316     1     1        0  0.0000E+00  0.3269E+01  0.0000E+00  0.0000E+00
     1  1316     1     2        0  0.0000E+00  0.1258E-10  0.0000E+00  0.0000E+00
     1  1317     1     1        0  0.0000E+00  0.9382E+01  0.0000E+00  0.0000E+00
     1  1317     1     2        0  0.0000E+00  0.5961E-11  0.0000E+00  0.0000E+00
     1  1318     1     1        0  0.0000E+00  0.3311E+02  0.0000E+00  0.0000E+00
     1  1318     1     2        0  0.0000E+00  0.3506E-10  0.0000E+00  0.0000E+00
     1  1319     1     1        0  0.0000E+00  0.1000E+03  0.0000E+00  0.0000E+00
     1  1319     1     2        0  0.0000E+00  0.1068E-09  0.0000E+00  0.0000E+00
     1  1320     1     1        0  0.0000E+00  0.1390E+02  0.0000E+00  0.0000E+00
     1  1320     1     2        0  0.0000E+00  0.1493E-10  0.0000E+00  0.0000E+00
     1  1321     1     1        0  0.0000E+00  0.3880E+01  0.0000E+00  0.0000E+00
     1  1321     1     2        0  0.0000E+00  0.5465E-11  0.0000E+00  0.0000E+00
     1  1322     1     1        0  0.0000E+00  0.2197E+02  0.0000E+00  0.0000E+00
     1  1322     1     2        0  0.0000E+00  0.1956E-10  0.0000E+00  0.0000E+00
     1  1323     1     1        0  0.0000E+00  0.8041E+02  0.0000E+00  0.0000E+00
     1  1323     1     2        0  0.0000E+00  0.8111E-10  0.0000E+00  0.0000E+00
     1  1324     1     1        0  0.0000E+00  0.1348E+02  0.0000E+00  0.0000E+00
     1  1324     1     2        0  0.0000E+00  0.8565E-11  0.0000E+00  0.0000E+00
     1  1325     1     1        0  0.0000E+00  0.7574E+01  0.0000E+00  0.0000E+00
     1  1325     1     2        0  0.0000E+00  0.5680E-11  0.0000E+00  0.0000E+00
     1  1326     1     1        0  0.0000E+00  0.1751E+02  0.0000E+00  0.0000E+00
     1  1326     1     2        0  0.0000E+00  0.1872E-10  0.0000E+00  0.0000E+00
     1  1327     1     1        0  0.0000E+00  0.3695E+02  0.0000E+00  0.0000E+00
     1  1327     1     2        0  0.0000E+00  0.3736E-10  0.0000E+00  0.0000E+00
     1  1328     1     1        0  0.0000E+00  0.2614E+02  0.0000E+00  0.0000E+00
     1  1328     1     2        0  0.0000E+00  0.2494E-10  0.0000E+00  0.0000E+00
     1  1329     1     1        0  0.0000E+00  0.9620E+00  0.0000E+00  0.0000E+00
     1  1329     1     2        0  0.0000E+00  0.3531E-11  0.0000E+00  0.0000E+00
     1  1330     1     1        0  0.0000E+00  0.7181E+01  0.0000E+00  0.0000E+00
     1  1330     1     2        0  0.0000E+00  0.2139E-11  0.0000E+00  0.0000E+00
     1  1331     1     1        0  0.0000E+00  0.2425E+02  0.0000E+00  0.0000E+00
     1  1331     1     2        0  0.0000E+00  0.2265E-10  0.0000E+00  0.0000E+00
     1  1332     1     1        0  0.0000E+00  0.1000E+03  0.0000E+00  0.0000E+00
     1  1332     1     2        0  0.0000E+00  0.1012E-09  0.0000E+00  0.0000E+00
     1  1333     1     1        0  0.0000E+00  0.2849E+01  0.0000E+00  0.0000E+00
     1  1333     1     2        0  0.0000E+00  0.5047E-11  0.0000E+00  0.0000E+00
     1  1334     1     1        0  0.0000E+00  0.2615E+02  0.0000E+00  0.0000E+00
     1  1334     1     2        0  0.0000E+00  0.1925E-10  0.0000E+00  0.0000E+00
     1  1335     1     1        0  0.0000E+00  0.1000E+03  0.0000E+00  0.0000E+00
     1  1335     1     2        0  0.0000E+00  0.1029E-09  0.0000E+00  0.0000E+00
     1  1336     1     1        0  0.0000E+00  0.1556E+02  0.0000E+00  0.0000E+00
     1  1336     1     2        0  0.0000E+00  0.1660E-10  0.0000E+00  0.0000E+00
     1  1337     1     1        0  0.0000E+00  0.5337E+01  0.0000E+00  0.0000E+00
     1  1337     1     2        0  0.0000E+00  0.4317E-11  0.0000E+00  0.0000E+00
     1  1338     1     1        0  0.0000E+00  0.1164E+02  0.0000E+00  0.0000E+00
     1  1338     1     2        0  0.0000E+00  0.1476E-10  0.0000E+00  0.0000E+00
     1  1339     1     1        0  0.0000E+00  0.1574E+02  0.0000E+00  0.0000E+00
     1  1339     1     2        0  0.0000E+00  0.1505E-10  0.0000E+00  0.0000E+00
     1  1340     1     1        0  0.0000E+00  0.2906E+02  0.0000E+00  0.0000E+00
     1  1340     1     2        0  0.0000E+00  0.2519E-10  0.0000E+00  0.0000E+00
     1  1341     1     1        0  0.0000E+00  0.7503E+02  0.0000E+00  0.0000E+00
     1  1341     1     2        0  0.0000E+00  0.8883E-10  0.0000E+00  0.0000E+00
     1  1342     1     1        0  0.0000E+00  0.1662E+01  0.0000E+00  0.0000E+00
     1  1342     1     2        0  0.0000E+00  0.9921E-11  0.0000E+00  0.0000E+00
     1  1343     1     1        0  0.0000E+00  0.2320E+02  0.0000E+00  0.0000E+00
     1  1343     1     2        0  0.0000E+00  0.2059E-10  0.0000E+00  0.0000E+00
     1  1344     1     1        0  0.0000E+00  0.1000E+03  0.0000E+00  0.0000E+00
     1  1344     1     2        0  0.0000E+00  0.8898E-10  0.0000E+00  0.0000E+00
     1  1345     1     1        0  0.0000E+00  0.1710E+02  0.0000E+00  0.0000E+00
     1  1345     1     2        0  0.0000E+00  0.3194E-10  0.0000E+00  0.0000E+00
     1  1346     1     1        0  0.0000E+00  0.1065E+02  0.0000E+00  0.0000E+00
     1  1346     1     2        0  0.0000E+00  0.8418E-11  0.0000E+00  0.0000E+00
     1  1347     1     1        0  0.0000E+00  0.3691E+02  0.0000E+00  0.0000E+00
     1  1347     1     2        0  0.0000E+00  0.2914E-10  0.0000E+00  0.0000E+00
     1  1348     1     1        0  0.0000E+00  0.1000E+03  0.0000E+00  0.0000E+00
     1  1348     1     2        0  0.0000E+00  0.9112E-10  0.0000E+00  0.0000E+00
     1  1349     1     1        0  0.0000E+00  0.2924E+01  0.0000E+00  0.0000E+00
     1  1349     1     2        0  0.0000E+00  0.5880E-11  0.0000E+00  0.0000E+00
     1  1350     1     1        0  0.0000E+00  0.9171E+01  0.0000E+00  0.0000E+00
     1  1350     1     2        0  0.0000E+00  0.1102E-10  0.0000E+00  0.0000E+00
     1  1351     1     1        0  0.0000E+00  0.1422E+02  0.0000E+00  0.0000E+00
     1  1351     1     2        0  0.0000E+00  0.1677E-10  0.0000E+00  0.0000E+00
     1  1352     1     1        0  0.0000E+00  0.3092E+02  0.0000E+00  0.0000E+00
     1  1352     1     2        0  0.0000E+00  0.2714E-10  0.0000E+00  0.0000E+00
     1  1353     1     1        0  0.0000E+00  0.1000E+03  0.0000E+00  0.0000E+00
     1  1353     1     2        0  0.0000E+00  0.7085E-10  0.0000E+00  0.0000E+00
     1  1354     1     1        0  0.0000E+00  0.9610E+01  0.0000E+00  0.0000E+00
     1  1354     1     2        0  0.0000E+00  0.1244E-10  0.0000E+00  0.0000E+00
     1  1355     1     1        0  0.0000E+00  0.2116E+02  0.0000E+00  0.0000E+00
     1  1355     1     2        0  0.0000E+00  0.2017E-10  0.0000E+00  0.0000E+00
     1  1356     1     1        0  0.0000E+00  0.1589E+02  0.0000E+00  0.0000E+00
     1  1356     1     2        0  0.0000E+00  0.6157E-11  0.0000E+00  0.0000E+00
     1  1357     1     1        0  0.0000E+00  0.6909E+02  0.0000E+00  0.0000E+00
     1  1357     1     2        0  0.0000E+00  0.6882E-10  0.0000E+00  0.0000E+00
     1  1358     1     1        0  0.0000E+00  0.3525E+02  0.0000E+00  0.0000E+00
     1  1358     1     2        0  0.0000E+00  0.3982E-11  0.0000E+00  0.0000E+00
     1  1359     1     1        0  0.0000E+00  0.2241E+02  0.0000E+00  0.0000E+00
     1  1359     1     2        0  0.0000E+00  0.3096E-10  0.0000E+00  0.0000E+00
     1  1360     1     1        0  0.0000E+00  0.9688E+01  0.0000E+00  0.0000E+00
     1  1360     1     2        0  0.0000E+00  0.1965E-11  0.0000E+00  0.0000E+00
     1  1361     1     1        0  0.0000E+00  0.1941E+02  0.0000E+00  0.0000E+00
     1  1361     1     2        0  0.0000E+00  0.1154E-10  0.0000E+00  0.0000E+00
     1  1362     1     1        0  0.0000E+00  0.2289E+02  0.0000E+00  0.0000E+00
     1  1362     1     2        0  0.0000E+00  0.1869E-10  0.0000E+00  0.0000E+00
     1  1363     1     1        0  0.0000E+00  0.7092E+02  0.0000E+00  0.0000E+00
     1  1363     1     2        0  0.0000E+00  0.4666E-10  0.0000E+00  0.0000E+00
     1  1364     1     1        0  0.0000E+00  0.6290E+02  0.0000E+00  0.0000E+00
     1  1364     1     2        0  0.0000E+00  0.2460E-10  0.0000E+00  0.0000E+00
     1  1365     1     1        0  0.0000E+00  0.1140E+02  0.0000E+00  0.0000E+00
     1  1365     1     2        0  0.0000E+00  0.1107E-10  0.0000E+00  0.0000E+00
     1  1366     1     1        0  0.0000E+00  0.7086E+02  0.0000E+00  0.0000E+00
     1  1366     1     2        0  0.0000E+00  0.7490E-10  0.0000E+00  0.0000E+00
     1  1367     1     1        0  0.0000E+00  0.1000E+03  0.0000E+00  0.0000E+00
     1  1367     1     2        0  0.0000E+00  0.7865E-10  0.0000E+00  0.0000E+00
     1  1368     1     1        0  0.0000E+00  0.1319E+02  0.0000E+00  0.0000E+00
     1  1368     1     2        0  0.0000E+00  0.1448E-10  0.0000E+00  0.0000E+00
     1  1369     1     1        0  0.0000E+00  0.3206E+01  0.0000E+00  0.0000E+00
     1  1369     1     2        0  0.0000E+00  0.2485E-11  0.0000E+00  0.0000E+00
     1  1370     1     1        0  0.0000E+00  0.1132E+02  0.0000E+00  0.0000E+00
     1  1370     1     2        0  0.0000E+00  0.9661E-11  0.0000E+00  0.0000E+00
     1  1371     1     1        0  0.0000E+00  0.2068E+02  0.0000E+00  0.0000E+00
     1  1371     1     2        0  0.0000E+00  0.1575E-10  0.0000E+00  0.0000E+00
     1  1372     1     1        0  0.0000E+00  0.6525E+02  0.0000E+00  0.0000E+00
     1  1372     1     2        0  0.0000E+00  0.5806E-10  0.0000E+00  0.0000E+00
     1  1373     1     1        0  0.0000E+00  0.8680E+01  0.0000E+00  0.0000E+00
     1  1373     1     2        0  0.0000E+00  0.1440E-10  0.0000E+00  0.0000E+00
     1  1374     1     1        0  0.0000E+00  0.6245E+01  0.0000E+00  0.0000E+00
     1  1374     1     2        0  0.0000E+00  0.6798E-12  0.0000E+00  0.0000E+00
     1  1375     1     1        0  0.0000E+00  0.2293E+02  0.0000E+00  0.0000E+00
     1  1375     1     2        0  0.0000E+00  0.2355E-10  0.0000E+00  0.0000E+00
     1  1376     1     1        0  0.0000E+00  0.8766E+02  0.0000E+00  0.0000E+00
     1  1376     1     2        0  0.0000E+00  0.7109E-10  0.0000E+00  0.0000E+00
     1  1377     1     1        0  0.0000E+00  0.1607E+02  0.0000E+00  0.0000E+00
     1  1377     1     2        0  0.0000E+00  0.1649E-10  0.0000E+00  0.0000E+00
     1  1378     1     1        0  0.0000E+00  0.3656E+02  0.0000E+00  0.0000E+00
     1  1378     1     2        0  0.0000E+00  0.3362E-10  0.0000E+00  0.0000E+00
     1  1379     1     1        0  0.0000E+00  0.7400E+01  0.0000E+00  0.0000E+00
     1  1379     1     2        0  0.0000E+00  0.1612E-10  0.0000E+00  0.0000E+00
     1  1380     1     1        0  0.0000E+00  0.2342E+02  0.0000E+00  0.0000E+00
     1  1380     1     2        0  0.0000E+00  0.1951E-10  0.0000E+00  0.0000E+00
     1  1381     1     1        0  0.0000E+00  0.1000E+03  0.0000E+00  0.0000E+00
     1  1381     1     2        0  0.0000E+00  0.1051E-09  0.0000E+00  0.0000E+00
     1  1382     1     1        0  0.0000E+00  0.2902E+02  0.0000E+00  0.0000E+00
     1  1382     1     2        0  0.0000E+00  0.1272E-10  0.0000E+00  0.0000E+00
     1  1383     1     1        0  0.0000E+00  0.1415E+02  0.0000E+00  0.0000E+00
     1  1383     1     2        0  0.0000E+00  0.1912E-10  0.0000E+00  0.0000E+00
     1  1384     1     1        0  0.0000E+00  0.7214E+02  0.0000E+00  0.0000E+00
     1  1384     1     2        0  0.0000E+00  0.7167E-10  0.0000E+00  0.0000E+00
     1  1385     1     1        0  0.0000E+00  0.5191E+02  0.0000E+00  0.0000E+00
     1  1385     1     2        0  0.0000E+00  0.3651E-10  0.0000E+00  0.0000E+00
     1  1386     1     1        0  0.0000E+00  0.1210E+01  0.0000E+00  0.0000E+00
     1  1386     1     2        0  0.0000E+00  0.2851E-11  0.0000E+00  0.0000E+00
     1  1387     1     1        0  0.0000E+00  0.1367E+02  0.0000E+00  0.0000E+00
     1  1387     1     2        0  0.0000E+00  0.1820E-10  0.0000E+00  0.0000E+00
     1  1388     1     1        0  0.0000E+00  0.2990E+02  0.0000E+00  0.0000E+00
     1  1388     1     2        0  0.0000E+00  0.2845E-10  0.0000E+00  0.0000E+00
     1  1389     1     1        0  0.0000E+00  0.7064E+02  0.0000E+00  0.0000E+00
     1  1389     1     2        0  0.0000E+00  0.2977E-10  0.0000E+00  0.0000E+00
     1  1390     1     1        0  0.0000E+00  0.1280E+02  0.0000E+00  0.0000E+00
     1  1390     1     2        0  0.0000E+00  0.1840E-10  0.0000E+00  0.0000E+00
     1  1391     1     1        0  0.0000E+00  0.3863E+01  0.0000E+00  0.0000E+00
     1  1391     1     2        0  0.0000E+00  0.1233E-10  0.0000E+00  0.0000E+00
     1  1392     1     1        0  0.0000E+00  0.1596E+02  0.0000E+00  0.0000E+00
     1  1392     1     2        0  0.0000E+00  0.9185E-11  0.0000E+00  0.0000E+00
     1  1393     1     1        0  0.0000E+00  0.7049E+02  0.0000E+00  0.0000E+00
     1  1393     1     2        0  0.0000E+00  0.5388E-10  0.0000E+00  0.0000E+00
     1  1394     1     1        0  0.0000E+00  0.1846E+01  0.0000E+00  0.0000E+00
     1  1394     1     2        0  0.0000E+00  0.9343E-11  0.0000E+00  0.0000E+00
     1  1395     1     1        0  0.0000E+00  0.1512E+02  0.0000E+00  0.0000E+00
     1  1395     1     2        0  0.0000E+00  0.1328E-10  0.0000E+00  0.0000E+00
     1  1396     1     1        0  0.0000E+00  0.6666E+02  0.0000E+00  0.0000E+00
     1  1396     1     2        0  0.0000E+00  0.6426E-10  0.0000E+00  0.0000E+00
     1  1397     1     1        0  0.0000E+00  0.6808E+02  0.0000E+00  0.0000E+00
     1  1397     1     2        0  0.0000E+00  0.6485E-10  0.0000E+00  0.0000E+00
     1  1398     1     1        0  0.0000E+00  0.1821E+01  0.0000E+00  0.0000E+00
     1  1398     1     2        0  0.0000E+00  0.1082E-10  0.0000E+00  0.0000E+00
     1  1399     1     1        0  0.0000E+00  0.9814E+01  0.0000E+00  0.0000E+00
     1  1399     1     2        0  0.0000E+00  0.1042E-10  0.0000E+00  0.0000E+00
     1  1400     1     1        0  0.0000E+00  0.2644E+02  0.0000E+00  0.0000E+00
     1  1400     1     2        0  0.0000E+00  0.2424E-10  0.0000E+00  0.0000E+00
     1  1401     1     1        0  0.0000E+00  0.1000E+03  0.0000E+00  0.0000E+00
     1  1401     1     2        0  0.0000E+00  0.1123E-09  0.0000E+00  0.0000E+00
     1  1402     1     1        0  0.0000E+00  0.1180E+02  0.0000E+00  0.0000E+00
     1  1402     1     2        0  0.0000E+00  0.2823E-11  0.0000E+00  0.0000E+00
     1  1403     1     1        0  0.0000E+00  0.1474E+02  0.0000E+00  0.0000E+00
     1  1403     1     2        0  0.0000E+00  0.1375E-10  0.0000E+00  0.0000E+00
     1  1404     1     1        0  0.0000E+00  0.1014E+02  0.0000E+00  0.0000E+00
     1  1404     1     2        0  0.0000E+00  0.4994E-11  0.0000E+00  0.0000E+00
     1  1405     1     1        0  0.0000E+00  0.8281E+01  0.0000E+00  0.0000E+00
     1  1405     1     2        0  0.0000E+00  0.3111E-11  0.0000E+00  0.0000E+00
     1  1406     1     1        0  0.0000E+00  0.4873E+02  0.0000E+00  0.0000E+00
     1  1406     1     2        0  0.0000E+00  0.3861E-10  0.0000E+00  0.0000E+00
     1  1407     1     1        0  0.0000E+00  0.3311E+02  0.0000E+00  0.0000E+00
     1  1407     1     2        0  0.0000E+00  0.4478E-10  0.0000E+00  0.0000E+00
     1  1408     1     1        0  0.0000E+00  0.5212E+01  0.0000E+00  0.0000E+00
     1  1408     1     2        0  0.0000E+00  0.8552E-11  0.0000E+00  0.0000E+00
     1  1409     1     1        0  0.0000E+00  0.1804E+02  0.0000E+00  0.0000E+00
     1  1409     1     2        0  0.0000E+00  0.1120E-10  0.0000E+00  0.0000E+00
     1  1410     1     1        0  0.0000E+00  0.4853E+02  0.0000E+00  0.0000E+00
     1  1410     1     2        0  0.0000E+00  0.4179E-10  0.0000E+00  0.0000E+00
     1  1411     1     1        0  0.0000E+00  0.2470E+02  0.0000E+00  0.0000E+00
     1  1411     1     2        0  0.0000E+00  0.1994E-10  0.0000E+00  0.0000E+00
     1  1412     1     1        0  0.0000E+00  0.1600E+02  0.0000E+00  0.0000E+00
     1  1412     1     2        0  0.0000E+00  0.1647E-10  0.0000E+00  0.0000E+00
     1  1413     1     1        0  0.0000E+00  0.1058E+02  0.0000E+00  0.0000E+00
     1  1413     1     2        0  0.0000E+00  0.4161E-11  0.0000E+00  0.0000E+00
     1  1414     1     1        0  0.0000E+00  0.1298E+02  0.0000E+00  0.0000E+00
     1  1414     1     2        0  0.0000E+00  0.4514E-11  0.0000E+00  0.0000E+00
     1  1415     1     1        0  0.0000E+00  0.9021E+01  0.0000E+00  0.0000E+00
     1  1415     1     2        0  0.0000E+00  0.7121E-12  0.0000E+00  0.0000E+00
     1  1416     1     1        0  0.0000E+00  0.1908E+02  0.0000E+00  0.0000E+00
     1  1416     1     2        0  0.0000E+00  0.9145E-11  0.0000E+00  0.0000E+00
     1  1417     1     1        0  0.0000E+00  0.9402E+01  0.0000E+00  0.0000E+00
     1  1417     1     2        0  0.0000E+00  0.2927E-10  0.0000E+00  0.0000E+00
     1  1418     1     1        0  0.0000E+00  0.2003E+02  0.0000E+00  0.0000E+00
     1  1418     1     2        0  0.0000E+00  0.1472E-10  0.0000E+00  0.0000E+00
     1  1419     1     1        0  0.0000E+00  0.1000E+03  0.0000E+00  0.0000E+00
     1  1419     1     2        0  0.0000E+00  0.9712E-10  0.0000E+00  0.0000E+00
     1  1420     1     1        0  0.0000E+00  0.2603E+02  0.0000E+00  0.0000E+00
     1  1420     1     2        0  0.0000E+00  0.1756E-10  0.0000E+00  0.0000E+00
     1  1421     1     1        0  0.0000E+00  0.1059E+02  0.0000E+00  0.0000E+00
     1  1421     1     2        0  0.0000E+00  0.7314E-11  0.0000E+00  0.0000E+00
     1  1422     1     1        0  0.0000E+00  0.1688E+02  0.0000E+00  0.0000E+00
     1  1422     1     2        0  0.0000E+00  0.9098E-11  0.0000E+00  0.0000E+00
     1  1423     1     1        0  0.0000E+00  0.1647E+02  0.0000E+00  0.0000E+00
     1  1423     1     2        0  0.0000E+00  0.1512E-10  0.0000E+00  0.0000E+00
     1  1424     1     1        0  0.0000E+00  0.2100E+02  0.0000E+00  0.0000E+00
     1  1424     1     2        0  0.0000E+00  0.2484E-10  0.0000E+00  0.0000E+00
     1  1425     1     1        0  0.0000E+00  0.6701E+01  0.0000E+00  0.0000E+00
     1  1425     1     2        0  0.0000E+00  0.1670E-10  0.0000E+00  0.0000E+00
     1  1426     1     1        0  0.0000E+00  0.1896E+02  0.0000E+00  0.0000E+00
     1  1426     1     2        0  0.0000E+00  0.2026E-10  0.0000E+00  0.0000E+00
     1  1427     1     1        0  0.0000E+00  0.6613E+02  0.0000E+00  0.0000E+00
     1  1427     1     2        0  0.0000E+00  0.5582E-10  0.0000E+00  0.0000E+00
     1  1428     1     1        0  0.0000E+00  0.7054E+01  0.0000E+00  0.0000E+00
     1  1428     1     2        0  0.0000E+00  0.9374E-11  0.0000E+00  0.0000E+00
     1  1429     1     1        0  0.0000E+00  0.2334E+02  0.0000E+00  0.0000E+00
     1  1429     1     2        0  0.0000E+00  0.2170E-10  0.0000E+00  0.0000E+00
     1  1430     1     1        0  0.0000E+00  0.4812E+02  0.0000E+00  0.0000E+00
     1  1430     1     2        0  0.0000E+00  0.4191E-10  0.0000E+00  0.0000E+00
     1  1431     1     1        0  0.0000E+00  0.2507E+02  0.0000E+00  0.0000E+00
     1  1431     1     2        0  0.0000E+00  0.2520E-10  0.0000E+00  0.0000E+00
     1  1432     1     1        0  0.0000E+00  0.1000E+03  0.0000E+00  0.0000E+00
     1  1432     1     2        0  0.0000E+00  0.9779E-10  0.0000E+00  0.0000E+00
     1  1433     1     1        0  0.0000E+00  0.1287E+02  0.0000E+00  0.0000E+00
     1  1433     1     2        0  0.0000E+00  0.1167E-10  0.0000E+00  0.0000E+00
     1  1434     1     1        0  0.0000E+00  0.1034E+02  0.0000E+00  0.0000E+00
     1  1434     1     2        0  0.0000E+00  0.6337E-11  0.0000E+00  0.0000E+00
     1  1435     1     1        0  0.0000E+00  0.7571E+01  0.0000E+00  0.0000E+00
     1  1435     1     2        0  0.0000E+00  0.1320E-10  0.0000E+00  0.0000E+00
     1  1436     1     1        0  0.0000E+00  0.1662E+02  0.0000E+00  0.0000E+00
     1  1436     1     2        0  0.0000E+00  0.1507E-10  0.0000E+00  0.0000E+00
     1  1437     1     1        0  0.0000E+00  0.5648E+02  0.0000E+00  0.0000E+00
     1  1437     1     2        0  0.0000E+00  0.4473E-10  0.0000E+00  0.0000E+00
     1  1438     1     1        0  0.0000E+00  0.6294E+01  0.0000E+00  0.0000E+00
     1  1438     1     2        0  0.0000E+00  0.1573E-10  0.0000E+00  0.0000E+00
     1  1439     1     1        0  0.0000E+00  0.3212E+02  0.0000E+00  0.0000E+00
     1  1439     1     2        0  0.0000E+00  0.2917E-10  0.0000E+00  0.0000E+00
     1  1440     1     1        0  0.0000E+00  0.1000E+03  0.0000E+00  0.0000E+00
     1  1440     1     2        0  0.0000E+00  0.8836E-10  0.0000E+00  0.0000E+00
     1  1441     1     1        0  0.0000E+00  0.1713E+02  0.0000E+00  0.0000E+00
     1  1441     1     2        0  0.0000E+00  0.2452E-11  0.0000E+00  0.0000E+00
     1  1442     1     1        0  0.0000E+00  0.1880E+02  0.0000E+00  0.0000E+00
     1  1442     1     2        0  0.0000E+00  0.1836E-10  0.0000E+00  0.0000E+00
     1  1443     1     1        0  0.0000E+00  0.4575E+02  0.0000E+00  0.0000E+00
     1  1443     1     2        0  0.0000E+00  0.4097E-10  0.0000E+00  0.0000E+00
     1  1444     1     1        0  0.0000E+00  0.5015E+01  0.0000E+00  0.0000E+00
     1  1444     1     2        0  0.0000E+00  0.7820E-11  0.0000E+00  0.0000E+00
     1  1445     1     1        0  0.0000E+00  0.1340E+02  0.0000E+00  0.0000E+00
     1  1445     1     2        0  0.0000E+00  0.1237E-10  0.0000E+00  0.0000E+00
     1  1446     1     1        0  0.0000E+00  0.2152E+02  0.0000E+00  0.0000E+00
     1  1446     1     2        0  0.0000E+00  0.1566E-10  0.0000E+00  0.0000E+00
     1  1447     1     1        0  0.0000E+00  0.1000E+03  0.0000E+00  0.0000E+00
     1  1447     1     2        0  0.0000E+00  0.7099E-10  0.0000E+00  0.0000E+00
     1  1448     1     1        0  0.0000E+00  0.7312E+00  0.0000E+00  0.0000E+00
     1  1448     1     2        0  0.0000E+00  0.7400E-11  0.0000E+00  0.0000E+00
     1  1449     1     1        0  0.0000E+00  0.3290E+02  0.0000E+00  0.0000E+00
     1  1449     1     2        0  0.0000E+00  0.2982E-10  0.0000E+00  0.0000E+00
     1  1450     1     1        0  0.0000E+00  0.1000E+03  0.0000E+00  0.0000E+00
     1  1450     1     2        0  0.0000E+00  0.8511E-10  0.0000E+00  0.0000E+00
     1  1451     1     1        0  0.0000E+00  0.4249E+01  0.0000E+00  0.0000E+00
     1  1451     1     2        0  0.0000E+00  0.6075E-11  0.0000E+00  0.0000E+00
     1  1452     1     1        0  0.0000E+00  0.1371E+02  0.0000E+00  0.0000E+00
     1  1452     1     2        0  0.0000E+00  0.1581E-10  0.0000E+00  0.0000E+00
     1  1453     1     1        0  0.0000E+00  0.1793E+02  0.0000E+00  0.0000E+00
     1  1453     1     2        0  0.0000E+00  0.1611E-10  0.0000E+00  0.0000E+00
     1  1454     1     1        0  0.0000E+00  0.1095E+02  0.0000E+00  0.0000E+00
     1  1454     1     2        0  0.0000E+00  0.1165E-10  0.0000E+00  0.0000E+00
     1  1455     1     1        0  0.0000E+00  0.1125E+02  0.0000E+00  0.0000E+00
     1  1455     1     2        0  0.0000E+00  0.6243E-11  0.0000E+00  0.0000E+00
     1  1456     1     1        0  0.0000E+00  0.3356E+02  0.0000E+00  0.0000E+00
     1  1456     1     2        0  0.0000E+00  0.3841E-10  0.0000E+00  0.0000E+00
     1  1457     1     1        0  0.0000E+00  0.1000E+03  0.0000E+00  0.0000E+00
     1  1457     1     2        0  0.0000E+00  0.7295E-10  0.0000E+00  0.0000E+00
     1  1458     1     1        0  0.0000E+00  0.1600E+02  0.0000E+00  0.0000E+00
     1  1458     1     2        0  0.0000E+00  0.9401E-11  0.0000E+00  0.0000E+00
     1  1459     1     1        0  0.0000E+00  0.2676E+02  0.0000E+00  0.0000E+00
     1  1459     1     2        0  0.0000E+00  0.1701E-10  0.0000E+00  0.0000E+00
     1  1460     1     1        0  0.0000E+00  0.1000E+03  0.0000E+00  0.0000E+00
     1  1460     1     2        0  0.0000E+00  0.7047E-10  0.0000E+00  0.0000E+00
     1  1461     1     1        0  0.0000E+00  0.2316E+02  0.0000E+00  0.0000E+00
     1  1461     1     2        0  0.0000E+00  0.1531E-10  0.0000E+00  0.0000E+00
     1  1462     1     1        0  0.0000E+00  0.1198E+02  0.0000E+00  0.0000E+00
     1  1462     1     2        0  0.0000E+00  0.1367E-10  0.0000E+00  0.0000E+00
     1  1463     1     1        0  0.0000E+00  0.1993E+02  0.0000E+00  0.0000E+00
     1  1463     1     2        0  0.0000E+00  0.2231E-10  0.0000E+00  0.0000E+00
     1  1464     1     1        0  0.0000E+00  0.8547E+02  0.0000E+00  0.0000E+00
     1  1464     1     2        0  0.0000E+00  0.1039E-09  0.0000E+00  0.0000E+00
     1  1465     1     1        0  0.0000E+00  0.5945E+02  0.0000E+00  0.0000E+00
     1  1465     1     2        0  0.0000E+00  0.3138E-10  0.0000E+00  0.0000E+00
     1  1466     1     1        0  0.0000E+00  0.1603E+02  0.0000E+00  0.0000E+00
     1  1466     1     2        0  0.0000E+00  0.9662E-11  0.0000E+00  0.0000E+00
     1  1467     1     1        0  0.0000E+00  0.1436E+01  0.0000E+00  0.0000E+00
     1  1467     1     2        0  0.0000E+00  0.4770E-11  0.0000E+00  0.0000E+00
     1  1468     1     1        0  0.0000E+00  0.1314E+02  0.0000E+00  0.0000E+00
     1  1468     1     2        0  0.0000E+00  0.1660E-10  0.0000E+00  0.0000E+00
     1  1469     1     1        0  0.0000E+00  0.3918E+02  0.0000E+00  0.0000E+00
     1  1469     1     2        0  0.0000E+00  0.3624E-10  0.0000E+00  0.0000E+00
     1  1470     1     1        0  0.0000E+00  0.7053E+02  0.0000E+00  0.0000E+00
     1  1470     1     2        0  0.0000E+00  0.8650E-10  0.0000E+00  0.0000E+00
     1  1471     1     1        0  0.0000E+00  0.3087E+01  0.0000E+00  0.0000E+00
     1  1471     1     2        0  0.0000E+00  0.7944E-11  0.0000E+00  0.0000E+00
     1  1472     1     1        0  0.0000E+00  0.1860E+02  0.0000E+00  0.0000E+00
     1  1472     1     2        0  0.0000E+00  0.2063E-10  0.0000E+00  0.0000E+00
     1  1473     1     1        0  0.0000E+00  0.4400E+02  0.0000E+00  0.0000E+00
     1  1473     1     2        0  0.0000E+00  0.4040E-10  0.0000E+00  0.0000E+00
     1  1474     1     1        0  0.0000E+00  0.2124E+02  0.0000E+00  0.0000E+00
     1  1474     1     2        0  0.0000E+00  0.9028E-11  0.0000E+00  0.0000E+00
     1  1475     1     1        0  0.0000E+00  0.7987E+01  0.0000E+00  0.0000E+00
     1  1475     1     2        0  0.0000E+00  0.7061E-11  0.0000E+00  0.0000E+00
     1  1476     1     1        0  0.0000E+00  0.2007E+02  0.0000E+00  0.0000E+00
     1  1476     1     2        0  0.0000E+00  0.1367E-10  0.0000E+00  0.0000E+00
     1  1477     1     1        0  0.0000E+00  0.7575E+02  0.0000E+00  0.0000E+00
     1  1477     1     2        0  0.0000E+00  0.6720E-10  0.0000E+00  0.0000E+00
     1  1478     1     1        0  0.0000E+00  0.2667E+02  0.0000E+00  0.0000E+00
     1  1478     1     2        0  0.0000E+00  0.5058E-10  0.0000E+00  0.0000E+00
     1  1479     1     1        0  0.0000E+00  0.3398E+01  0.0000E+00  0.0000E+00
     1  1479     1     2        0  0.0000E+00  0.1704E-10  0.0000E+00  0.0000E+00
     1  1480     1     1        0  0.0000E+00  0.1985E+02  0.0000E+00  0.0000E+00
     1  1480     1     2        0  0.0000E+00  0.1652E-10  0.0000E+00  0.0000E+00
     1  1481     1     1        0  0.0000E+00  0.5228E+02  0.0000E+00  0.0000E+00
     1  1481     1     2        0  0.0000E+00  0.5012E-10  0.0000E+00  0.0000E+00
     1  1482     1     1        0  0.0000E+00  0.1858E+02  0.0000E+00  0.0000E+00
     1  1482     1     2        0  0.0000E+00  0.1044E-10  0.0000E+00  0.0000E+00
     1  1483     1     1        0  0.0000E+00  0.1043E+01  0.0000E+00  0.0000E+00
     1  1483     1     2        0  0.0000E+00  0.6149E-11  0.0000E+00  0.0000E+00
     1  1484     1     1        0  0.0000E+00  0.8884E+01  0.0000E+00  0.0000E+00
     1  1484     1     2        0  0.0000E+00  0.1115E-11  0.0000E+00  0.0000E+00
     1  1485     1     1        0  0.0000E+00  0.2428E+02  0.0000E+00  0.0000E+00
     1  1485     1     2        0  0.0000E+00  0.2234E-10  0.0000E+00  0.0000E+00
     1  1486     1     1        0  0.0000E+00  0.1000E+03  0.0000E+00  0.0000E+00
     1  1486     1     2        0  0.0000E+00  0.9220E-10  0.0000E+00  0.0000E+00
     1  1487     1     1        0  0.0000E+00  0.7408E+01  0.0000E+00  0.0000E+00
     1  1487     1     2        0  0.0000E+00  0.8564E-11  0.0000E+00  0.0000E+00
     1  1488     1     1        0  0.0000E+00  0.2498E+02  0.0000E+00  0.0000E+00
     1  1488     1     2        0  0.0000E+00  0.2207E-10  0.0000E+00  0.0000E+00
     1  1489     1     1        0  0.0000E+00  0.1000E+03  0.0000E+00  0.0000E+00
     1  1489     1     2        0  0.0000E+00  0.8656E-10  0.0000E+00  0.0000E+00
     1  1490     1     1        0  0.0000E+00  0.1796E+01  0.0000E+00  0.0000E+00
     1  1490     1     2        0  0.0000E+00  0.6730E-11  0.0000E+00  0.0000E+00
     1  1491     1     1        0  0.0000E+00  0.3662E+01  0.0000E+00  0.0000E+00
     1  1491     1     2        0  0.0000E+00  0.9029E-11  0.0000E+00  0.0000E+00
     1  1492     1     1        0  0.0000E+00  0.4108E+01  0.0000E+00  0.0000E+00
     1  1492     1     2        0  0.0000E+00  0.3841E-11  0.0000E+00  0.0000E+00
     1  1493     1     1        0  0.0000E+00  0.1539E+02  0.0000E+00  0.0000E+00
     1  1493     1     2        0  0.0000E+00  0.1409E-10  0.0000E+00  0.0000E+00
     1  1494     1     1        0  0.0000E+00  0.4375E+02  0.0000E+00  0.0000E+00
     1  1494     1     2        0  0.0000E+00  0.3633E-10  0.0000E+00  0.0000E+00
     1  1495     1     1        0  0.0000E+00  0.5628E+02  0.0000E+00  0.0000E+00
     1  1495     1     2        0  0.0000E+00  0.3891E-10  0.0000E+00  0.0000E+00
     1  1496     1     1        0  0.0000E+00  0.2722E+01  0.0000E+00  0.0000E+00
     1  1496     1     2        0  0.0000E+00  0.6283E-11  0.0000E+00  0.0000E+00
     1  1497     1     1        0  0.0000E+00  0.1281E+02  0.0000E+00  0.0000E+00
     1  1497     1     2        0  0.0000E+00  0.1067E-10  0.0000E+00  0.0000E+00
     1  1498     1     1        0  0.0000E+00  0.2918E+02  0.0000E+00  0.0000E+00
     1  1498     1     2        0  0.0000E+00  0.2502E-10  0.0000E+00  0.0000E+00
     1  1499     1     1        0  0.0000E+00  0.1000E+03  0.0000E+00  0.0000E+00
     1  1499     1     2        0  0.0000E+00  0.9210E-10  0.0000E+00  0.0000E+00
     1  1500     1     1        0  0.0000E+00  0.9322E+01  0.0000E+00  0.0000E+00
     1  1500     1     2        0  0.0000E+00  0.5123E-11  0.0000E+00  0.0000E+00
     1  1501     1     1        0  0.0000E+00  0.5215E+01  0.0000E+00  0.0000E+00
     1  1501     1     2        0  0.0000E+00  0.5692E-11  0.0000E+00  0.0000E+00
     1  1502     1     1        0  0.0000E+00  0.1092E+02  0.0000E+00  0.0000E+00
     1  1502     1     2        0  0.0000E+00  0.1261E-10  0.0000E+00  0.0000E+00
     1  1503     1     1        0  0.0000E+00  0.6309E+01  0.0000E+00  0.0000E+00
     1  1503     1     2        0  0.0000E+00  0.5032E-11  0.0000E+00  0.0000E+00
     1  1504     1     1        0  0.0000E+00  0.4386E+01  0.0000E+00  0.0000E+00
     1  1504     1     2        0  0.0000E+00  0.3724E-11  0.0000E+00  0.0000E+00
     1  1505     1     1        0  0.0000E+00  0.1223E+02  0.0000E+00  0.0000E+00
     1  1505     1     2        0  0.0000E+00  0.1675E-10  0.0000E+00  0.0000E+00
     1  1506     1     1        0  0.0000E+00  0.3317E+02  0.0000E+00  0.0000E+00
     1  1506     1     2        0  0.0000E+00  0.2510E-10  0.0000E+00  0.0000E+00
     1  1507     1     1        0  0.0000E+00  0.1057E+02  0.0000E+00  0.0000E+00
     1  1507     1     2        0  0.0000E+00  0.1831E-10  0.0000E+00  0.0000E+00
     1  1508     1     1        0  0.0000E+00  0.6151E+02  0.0000E+00  0.0000E+00
     1  1508     1     2        0  0.0000E+00  0.5810E-10  0.0000E+00  0.0000E+00
     1  1509     1     1        0  0.0000E+00  0.6687E+02  0.0000E+00  0.0000E+00
     1  1509     1     2        0  0.0000E+00  0.8071E-10  0.0000E+00  0.0000E+00
     1  1510     1     1        0  0.0000E+00  0.1677E+02  0.0000E+00  0.0000E+00
     1  1510     1     2        0  0.0000E+00  0.7641E-11  0.0000E+00  0.0000E+00
     1  1511     1     1        0  0.0000E+00  0.9806E+01  0.0000E+00  0.0000E+00
     1  1511     1     2        0  0.0000E+00  0.1461E-10  0.0000E+00  0.0000E+00
     1  1512     1     1        0  0.0000E+00  0.1084E+02  0.0000E+00  0.0000E+00
     1  1512     1     2        0  0.0000E+00  0.1417E-10  0.0000E+00  0.0000E+00
     1  1513     1     1        0  0.0000E+00  0.3170E+02  0.0000E+00  0.0000E+00
     1  1513     1     2        0  0.0000E+00  0.3238E-10  0.0000E+00  0.0000E+00
     1  1514     1     1        0  0.0000E+00  0.1000E+03  0.0000E+00  0.0000E+00
     1  1514     1     2        0  0.0000E+00  0.8938E-10  0.0000E+00  0.0000E+00
     1  1515     1     1        0  0.0000E+00  0.1301E+01  0.0000E+00  0.0000E+00
     1  1515     1     2        0  0.0000E+00  0.6229E-11  0.0000E+00  0.0000E+00
     1  1516     1     1        0  0.0000E+00  0.1378E+02  0.0000E+00  0.0000E+00
     1  1516     1     2        0  0.0000E+00  0.1873E-10  0.0000E+00  0.0000E+00
     1  1517     1     1        0  0.0000E+00  0.4667E+02  0.0000E+00  0.0000E+00
     1  1517     1     2        0  0.0000E+00  0.4146E-10  0.0000E+00  0.0000E+00
     1  1518     1     1        0  0.0000E+00  0.4444E+02  0.0000E+00  0.0000E+00
     1  1518     1     2        0  0.0000E+00  0.5355E-10  0.0000E+00  0.0000E+00
     1  1519     1     1        0  0.0000E+00  0.4902E+01  0.0000E+00  0.0000E+00
     1  1519     1     2        0  0.0000E+00  0.2043E-11  0.0000E+00  0.0000E+00
     1  1520     1     1        0  0.0000E+00  0.2517E+02  0.0000E+00  0.0000E+00
     1  1520     1     2        0  0.0000E+00  0.2184E-10  0.0000E+00  0.0000E+00
     1  1521     1     1        0  0.0000E+00  0.1000E+03  0.0000E+00  0.0000E+00
     1  1521     1     2        0  0.0000E+00  0.8490E-10  0.0000E+00  0.0000E+00
     1  1522     1     1        0  0.0000E+00  0.1174E+02  0.0000E+00  0.0000E+00
     1  1522     1     2        0  0.0000E+00  0.2373E-10  0.0000E+00  0.0000E+00
     1  1523     1     1        0  0.0000E+00  0.6340E+01  0.0000E+00  0.0000E+00
     1  1523     1     2        0  0.0000E+00  0.5895E-12  0.0000E+00  0.0000E+00
     1  1524     1     1        0  0.0000E+00  0.1157E+02  0.0000E+00  0.0000E+00
     1  1524     1     2        0  0.0000E+00  0.1185E-10  0.0000E+00  0.0000E+00
     1  1525     1     1        0  0.0000E+00  0.1494E+02  0.0000E+00  0.0000E+00
     1  1525     1     2        0  0.0000E+00  0.1330E-10  0.0000E+00  0.0000E+00
     1  1526     1     1        0  0.0000E+00  0.1079E+02  0.0000E+00  0.0000E+00
     1  1526     1     2        0  0.0000E+00  0.6329E-11  0.0000E+00  0.0000E+00
     1  1527     1     1        0  0.0000E+00  0.7028E+02  0.0000E+00  0.0000E+00
     1  1527     1     2        0  0.0000E+00  0.6561E-10  0.0000E+00  0.0000E+00
     1  1528     1     1        0  0.0000E+00  0.1254E+02  0.0000E+00  0.0000E+00
     1  1528     1     2        0  0.0000E+00  0.7405E-11  0.0000E+00  0.0000E+00
     1  1529     1     1        0  0.0000E+00  0.1713E+01  0.0000E+00  0.0000E+00
     1  1529     1     2        0  0.0000E+00  0.7599E-11  0.0000E+00  0.0000E+00
     1  1530     1     1        0  0.0000E+00  0.8682E+01  0.0000E+00  0.0000E+00
     1  1530     1     2        0  0.0000E+00  0.1976E-10  0.0000E+00  0.0000E+00
     1  1531     1     1        0  0.0000E+00  0.1951E+02  0.0000E+00  0.0000E+00
     1  1531     1     2        0  0.0000E+00  0.2049E-10  0.0000E+00  0.0000E+00
     1  1532     1     1        0  0.0000E+00  0.6909E+02  0.0000E+00  0.0000E+00
     1  1532     1     2        0  0.0000E+00  0.5928E-10  0.0000E+00  0.0000E+00
     1  1533     1     1        0  0.0000E+00  0.2010E+02  0.0000E+00  0.0000E+00
     1  1533     1     2        0  0.0000E+00  0.2738E-10  0.0000E+00  0.0000E+00
     1  1534     1     1        0  0.0000E+00  0.7775E+00  0.0000E+00  0.0000E+00
     1  1534     1     2        0  0.0000E+00  0.2058E-11  0.0000E+00  0.0000E+00
     1  1535     1     1        0  0.0000E+00  0.6203E+01  0.0000E+00  0.0000E+00
     1  1535     1     2        0  0.0000E+00  0.2178E-11  0.0000E+00  0.0000E+00
     1  1536     1     1        0  0.0000E+00  0.9259E+01  0.0000E+00  0.0000E+00
     1  1536     1     2        0  0.0000E+00  0.1072E-10  0.0000E+00  0.0000E+00
     1  1537     1     1        0  0.0000E+00  0.1109E+02  0.0000E+00  0.0000E+00
     1  1537     1     2        0  0.0000E+00  0.5694E-11  0.0000E+00  0.0000E+00
     1  1538     1     1        0  0.0000E+00  0.1908E+02  0.0000E+00  0.0000E+00
     1  1538     1     2        0  0.0000E+00  0.2003E-10  0.0000E+00  0.0000E+00
     1  1539     1     1        0  0.0000E+00  0.8272E+02  0.0000E+00  0.0000E+00
     1  1539     1     2        0  0.0000E+00  0.7916E-10  0.0000E+00  0.0000E+00
     1  1540     1     1        0  0.0000E+00  0.7727E+01  0.0000E+00  0.0000E+00
     1  1540     1     2        0  0.0000E+00  0.1421E-11  0.0000E+00  0.0000E+00
     1  1541     1     1        0  0.0000E+00  0.4799E+02  0.0000E+00  0.0000E+00
     1  1541     1     2        0  0.0000E+00  0.4340E-10  0.0000E+00  0.0000E+00
     1  1542     1     1        0  0.0000E+00  0.2570E+02  0.0000E+00  0.0000E+00
     1  1542     1     2        0  0.0000E+00  0.3115E-12  0.0000E+00  0.0000E+00
     1  1543     1     1        0  0.0000E+00  0.6227E+02  0.0000E+00  0.0000E+00
     1  1543     1     2        0  0.0000E+00  0.5608E-10  0.0000E+00  0.0000E+00
     1  1544     1     1        0  0.0000E+00  0.1000E+03  0.0000E+00  0.0000E+00
     1  1544     1     2        0  0.0000E+00  0.1393E-09  0.0000E+00  0.0000E+00
     1  1545     1     1        0  0.0000E+00  0.8301E+01  0.0000E+00  0.0000E+00
     1  1545     1     2        0  0.0000E+00  0.2449E-11  0.0000E+00  0.0000E+00
     1  1546     1     1        0  0.0000E+00  0.4432E+01  0.0000E+00  0.0000E+00
     1  1546     1     2        0  0.0000E+00  0.2983E-11  0.0000E+00  0.0000E+00
     1  1547     1     1        0  0.0000E+00  0.1034E+02  0.0000E+00  0.0000E+00
     1  1547     1     2        0  0.0000E+00  0.1452E-10  0.0000E+00  0.0000E+00
     1  1548     1     1        0  0.0000E+00  0.2723E+02  0.0000E+00  0.0000E+00
     1  1548     1     2        0  0.0000E+00  0.2748E-10  0.0000E+00  0.0000E+00
     1  1549     1     1        0  0.0000E+00  0.1000E+03  0.0000E+00  0.0000E+00
     1  1549     1     2        0  0.0000E+00  0.9021E-10  0.0000E+00  0.0000E+00
     1  1550     1     1        0  0.0000E+00  0.1812E+02  0.0000E+00  0.0000E+00
     1  1550     1     2        0  0.0000E+00  0.9319E-11  0.0000E+00  0.0000E+00
     1  1551     1     1        0  0.0000E+00  0.3013E+00  0.0000E+00  0.0000E+00
     1  1551     1     2        0  0.0000E+00  0.5772E-11  0.0000E+00  0.0000E+00
     1  1552     1     1        0  0.0000E+00  0.4845E+01  0.0000E+00  0.0000E+00
     1  1552     1     2        0  0.0000E+00  0.7953E-11  0.0000E+00  0.0000E+00
     1  1553     1     1        0  0.0000E+00  0.6125E+01  0.0000E+00  0.0000E+00
     1  1553     1     2        0  0.0000E+00  0.9924E-11  0.0000E+00  0.0000E+00
     1  1554     1     1        0  0.0000E+00  0.1011E+02  0.0000E+00  0.0000E+00
     1  1554     1     2        0  0.0000E+00  0.1004E-10  0.0000E+00  0.0000E+00
     1  1555     1     1        0  0.0000E+00  0.3213E+02  0.0000E+00  0.0000E+00
     1  1555     1     2        0  0.0000E+00  0.3048E-10  0.0000E+00  0.0000E+00
     1  1556     1     1        0  0.0000E+00  0.1000E+03  0.0000E+00  0.0000E+00
     1  1556     1     2        0  0.0000E+00  0.1135E-09  0.0000E+00  0.0000E+00
     1  1557     1     1        0  0.0000E+00  0.3086E+01  0.0000E+00  0.0000E+00
     1  1557     1     2        0  0.0000E+00  0.1187E-10  0.0000E+00  0.0000E+00
     1  1558     1     1        0  0.0000E+00  0.1456E+02  0.0000E+00  0.0000E+00
     1  1558     1     2        0  0.0000E+00  0.7754E-11  0.0000E+00  0.0000E+00
     1  1559     1     1        0  0.0000E+00  0.3616E+02  0.0000E+00  0.0000E+00
     1  1559     1     2        0  0.0000E+00  0.3152E-10  0.0000E+00  0.0000E+00
     1  1560     1     1        0  0.0000E+00  0.4712E+02  0.0000E+00  0.0000E+00
     1  1560     1     2        0  0.0000E+00  0.3288E-10  0.0000E+00  0.0000E+00
     1  1561     1     1        0  0.0000E+00  0.6590E+01  0.0000E+00  0.0000E+00
     1  1561     1     2        0  0.0000E+00  0.8743E-11  0.0000E+00  0.0000E+00
     1  1562     1     1        0  0.0000E+00  0.1179E+01  0.0000E+00  0.0000E+00
     1  1562     1     2        0  0.0000E+00  0.3807E-11  0.0000E+00  0.0000E+00
     1  1563     1     1        0  0.0000E+00  0.4114E+01  0.0000E+00  0.0000E+00
     1  1563     1     2        0  0.0000E+00  0.1115E-10  0.0000E+00  0.0000E+00
     1  1564     1     1        0  0.0000E+00  0.1972E+02  0.0000E+00  0.0000E+00
     1  1564     1     2        0  0.0000E+00  0.1466E-10  0.0000E+00  0.0000E+00
     1  1565     1     1        0  0.0000E+00  0.3677E+02  0.0000E+00  0.0000E+00
     1  1565     1     2        0  0.0000E+00  0.3317E-10  0.0000E+00  0.0000E+00
     1  1566     1     1        0  0.0000E+00  0.8635E+01  0.0000E+00  0.0000E+00
     1  1566     1     2        0  0.0000E+00  0.2532E-10  0.0000E+00  0.0000E+00
     1  1567     1     1        0  0.0000E+00  0.1946E+02  0.0000E+00  0.0000E+00
     1  1567     1     2        0  0.0000E+00  0.1926E-10  0.0000E+00  0.0000E+00
     1  1568     1     1        0  0.0000E+00  0.6930E+02  0.0000E+00  0.0000E+00
     1  1568     1     2        0  0.0000E+00  0.6808E-10  0.0000E+00  0.0000E+00
     1  1569     1     1        0  0.0000E+00  0.3637E+01  0.0000E+00  0.0000E+00
     1  1569     1     2        0  0.0000E+00  0.8225E-11  0.0000E+00  0.0000E+00
     1  1570     1     1        0  0.0000E+00  0.9836E+01  0.0000E+00  0.0000E+00
     1  1570     1     2        0  0.0000E+00  0.2848E-11  0.0000E+00  0.0000E+00
     1  1571     1     1        0  0.0000E+00  0.1670E+02  0.0000E+00  0.0000E+00
     1  1571     1     2        0  0.0000E+00  0.7502E-11  0.0000E+00  0.0000E+00
     1  1572     1     1        0  0.0000E+00  0.2850E+02  0.0000E+00  0.0000E+00
     1  1572     1     2        0  0.0000E+00  0.2595E-10  0.0000E+00  0.0000E+00
     1  1573     1     1        0  0.0000E+00  0.1000E+03  0.0000E+00  0.0000E+00
     1  1573     1     2        0  0.0000E+00  0.7524E-10  0.0000E+00  0.0000E+00
     1  1574     1     1        0  0.0000E+00  0.2012E+02  0.0000E+00  0.0000E+00
     1  1574     1     2        0  0.0000E+00  0.1087E-10  0.0000E+00  0.0000E+00
     1  1575     1     1        0  0.0000E+00  0.1143E+01  0.0000E+00  0.0000E+00
     1  1575     1     2        0  0.0000E+00  0.1534E-11  0.0000E+00  0.0000E+00
     1  1576     1     1        0  0.0000E+00  0.1015E+02  0.0000E+00  0.0000E+00
     1  1576     1     2        0  0.0000E+00  0.1558E-10  0.0000E+00  0.0000E+00
     1  1577     1     1        0  0.0000E+00  0.2541E+02  0.0000E+00  0.0000E+00
     1  1577     1     2        0  0.0000E+00  0.1953E-10  0.0000E+00  0.0000E+00
     1  1578     1     1        0  0.0000E+00  0.1000E+03  0.0000E+00  0.0000E+00
     1  1578     1     2        0  0.0000E+00  0.8475E-10  0.0000E+00  0.0000E+00
     1  1579     1     1        0  0.0000E+00  0.1022E+02  0.0000E+00  0.0000E+00
     1  1579     1     2        0  0.0000E+00  0.1415E-10  0.0000E+00  0.0000E+00
     1  1580     1     1        0  0.0000E+00  0.9842E+01  0.0000E+00  0.0000E+00
     1  1580     1     2        0  0.0000E+00  0.4040E-12  0.0000E+00  0.0000E+00
     1  1581     1     1        0  0.0000E+00  0.2305E+02  0.0000E+00  0.0000E+00
     1  1581     1     2        0  0.0000E+00  0.1058E-10  0.0000E+00  0.0000E+00
     1  1582     1     1        0  0.0000E+00  0.8297E+02  0.0000E+00  0.0000E+00
     1  1582     1     2        0  0.0000E+00  0.7360E-10  0.0000E+00  0.0000E+00
     1  1583     1     1        0  0.0000E+00  0.6858E+01  0.0000E+00  0.0000E+00
     1  1583     1     2        0  0.0000E+00  0.2053E-11  0.0000E+00  0.0000E+00
     1  1584     1     1        0  0.0000E+00  0.3676E+01  0.0000E+00  0.0000E+00
     1  1584     1     2        0  0.0000E+00  0.1958E-11  0.0000E+00  0.0000E+00
     1  1585     1     1        0  0.0000E+00  0.6800E+01  0.0000E+00  0.0000E+00
     1  1585     1     2        0  0.0000E+00  0.3433E-11  0.0000E+00  0.0000E+00
     1  1586     1     1        0  0.0000E+00  0.1711E+02  0.0000E+00  0.0000E+00
     1  1586     1     2        0  0.0000E+00  0.1270E-10  0.0000E+00  0.0000E+00
     1  1587     1     1        0  0.0000E+00  0.2479E+02  0.0000E+00  0.0000E+00
     1  1587     1     2        0  0.0000E+00  0.2247E-10  0.0000E+00  0.0000E+00
     1  1588     1     1        0  0.0000E+00  0.3712E+02  0.0000E+00  0.0000E+00
     1  1588     1     2        0  0.0000E+00  0.1702E-10  0.0000E+00  0.0000E+00
     1  1589     1     1        0  0.0000E+00  0.8995E+02  0.0000E+00  0.0000E+00
     1  1589     1     2        0  0.0000E+00  0.8720E-10  0.0000E+00  0.0000E+00
     1  1590     1     1        0  0.0000E+00  0.7161E+02  0.0000E+00  0.0000E+00
     1  1590     1     2        0  0.0000E+00  0.5308E-10  0.0000E+00  0.0000E+00
     1  1591     1     1        0  0.0000E+00  0.1661E+01  0.0000E+00  0.0000E+00
     1  1591     1     2        0  0.0000E+00  0.2167E-10  0.0000E+00  0.0000E+00
     1  1592     1     1        0  0.0000E+00  0.7165E+01  0.0000E+00  0.0000E+00
     1  1592     1     2        0  0.0000E+00  0.2382E-11  0.0000E+00  0.0000E+00
     1  1593     1     1        0  0.0000E+00  0.7194E+01  0.0000E+00  0.0000E+00
     1  1593     1     2        0  0.0000E+00  0.8665E-11  0.0000E+00  0.0000E+00
     1  1594     1     1        0  0.0000E+00  0.1807E+02  0.0000E+00  0.0000E+00
     1  1594     1     2        0  0.0000E+00  0.2234E-10  0.0000E+00  0.0000E+00
     1  1595     1     1        0  0.0000E+00  0.2963E+02  0.0000E+00  0.0000E+00
     1  1595     1     2        0  0.0000E+00  0.2486E-10  0.0000E+00  0.0000E+00
     1  1596     1     1        0  0.0000E+00  0.1421E+02  0.0000E+00  0.0000E+00
     1  1596     1     2        0  0.0000E+00  0.1968E-11  0.0000E+00  0.0000E+00
     1  1597     1     1        0  0.0000E+00  0.4558E+01  0.0000E+00  0.0000E+00
     1  1597     1     2        0  0.0000E+00  0.1104E-10  0.0000E+00  0.0000E+00
     1  1598     1     1        0  0.0000E+00  0.8656E+02  0.0000E+00  0.0000E+00
     1  1598     1     2        0  0.0000E+00  0.6721E-10  0.0000E+00  0.0000E+00
     1  1599     1     1        0  0.0000E+00  0.1980E+02  0.0000E+00  0.0000E+00
     1  1599     1     2        0  0.0000E+00  0.1645E-11  0.0000E+00  0.0000E+00
     1  1600     1     1        0  0.0000E+00  0.1517E+02  0.0000E+00  0.0000E+00
     1  1600     1     2        0  0.0000E+00  0.2023E-10  0.0000E+00  0.0000E+00
     1  1601     1     1        0  0.0000E+00  0.4600E+02  0.0000E+00  0.0000E+00
     1  1601     1     2        0  0.0000E+00  0.3758E-10  0.0000E+00  0.0000E+00
     1  1602     1     1        0  0.0000E+00  0.3892E+02  0.0000E+00  0.0000E+00
     1  1602     1     2        0  0.0000E+00  0.1916E-10  0.0000E+00  0.0000E+00
     1  1603     1     1        0  0.0000E+00  0.1160E+02  0.0000E+00  0.0000E+00
     1  1603     1     2        0  0.0000E+00  0.1331E-10  0.0000E+00  0.0000E+00
     1  1604     1     1        0  0.0000E+00  0.3047E+02  0.0000E+00  0.0000E+00
     1  1604     1     2        0  0.0000E+00  0.2881E-10  0.0000E+00  0.0000E+00
     1  1605     1     1        0  0.0000E+00  0.1000E+03  0.0000E+00  0.0000E+00
     1  1605     1     2        0  0.0000E+00  0.1321E-09  0.0000E+00  0.0000E+00
     1  1606     1     1        0  0.0000E+00  0.8995E+01  0.0000E+00  0.0000E+00
     1  1606     1     2        0  0.0000E+00  0.1013E-10  0.0000E+00  0.0000E+00
     1  1607     1     1        0  0.0000E+00  0.2489E+01  0.0000E+00  0.0000E+00
     1  1607     1     2        0  0.0000E+00  0.8794E-11  0.0000E+00  0.0000E+00
     1  1608     1     1        0  0.0000E+00  0.7929E+01  0.0000E+00  0.0000E+00
     1  1608     1     2        0  0.0000E+00  0.1345E-10  0.0000E+00  0.0000E+00
     1  1609     1     1        0  0.0000E+00  0.1326E+02  0.0000E+00  0.0000E+00
     1  1609     1     2        0  0.0000E+00  0.1890E-10  0.0000E+00  0.0000E+00
     1  1610     1     1        0  0.0000E+00  0.4258E+02  0.0000E+00  0.0000E+00
     1  1610     1     2        0  0.0000E+00  0.4165E-10  0.0000E+00  0.0000E+00
     1  1611     1     1        0  0.0000E+00  0.5352E+02  0.0000E+00  0.0000E+00
     1  1611     1     2        0  0.0000E+00  0.5874E-10  0.0000E+00  0.0000E+00
     1  1612     1     1        0  0.0000E+00  0.3859E+01  0.0000E+00  0.0000E+00
     1  1612     1     2        0  0.0000E+00  0.9322E-11  0.0000E+00  0.0000E+00
     1  1613     1     1        0  0.0000E+00  0.2135E+02  0.0000E+00  0.0000E+00
     1  1613     1     2        0  0.0000E+00  0.1598E-10  0.0000E+00  0.0000E+00
     1  1614     1     1        0  0.0000E+00  0.2017E+02  0.0000E+00  0.0000E+00
     1  1614     1     2        0  0.0000E+00  0.1442E-10  0.0000E+00  0.0000E+00
     1  1615     1     1        0  0.0000E+00  0.1000E+03  0.0000E+00  0.0000E+00
     1  1615     1     2        0  0.0000E+00  0.9525E-10  0.0000E+00  0.0000E+00
     1  1616     1     1        0  0.0000E+00  0.3698E+02  0.0000E+00  0.0000E+00
     1  1616     1     2        0  0.0000E+00  0.2475E-10  0.0000E+00  0.0000E+00
     1  1617     1     1        0  0.0000E+00  0.4600E+01  0.0000E+00  0.0000E+00
     1  1617     1     2        0  0.0000E+00  0.4022E-11  0.0000E+00  0.0000E+00
     1  1618     1     1        0  0.0000E+00  0.1502E+02  0.0000E+00  0.0000E+00
     1  1618     1     2        0  0.0000E+00  0.1148E-10  0.0000E+00  0.0000E+00
     1  1619     1     1        0  0.0000E+00  0.2259E+02  0.0000E+00  0.0000E+00
     1  1619     1     2        0  0.0000E+00  0.2167E-10  0.0000E+00  0.0000E+00
     1  1620     1     1        0  0.0000E+00  0.1000E+03  0.0000E+00  0.0000E+00
     1  1620     1     2        0  0.0000E+00  0.7133E-10  0.0000E+00  0.0000E+00
     1  1621     1     1        0  0.0000E+00  0.3539E+02  0.0000E+00  0.0000E+00
     1  1621     1     2        0  0.0000E+00  0.3393E-10  0.0000E+00  0.0000E+00
     1  1622     1     1        0  0.0000E+00  0.1000E+03  0.0000E+00  0.0000E+00
     1  1622     1     2        0  0.0000E+00  0.8220E-10  0.0000E+00  0.0000E+00
     1  1623     1     1        0  0.0000E+00  0.1798E+02  0.0000E+00  0.0000E+00
     1  1623     1     2        0  0.0000E+00  0.1623E-10  0.0000E+00  0.0000E+00
     1  1624     1     1        0  0.0000E+00  0.1832E+02  0.0000E+00  0.0000E+00
     1  1624     1     2        0  0.0000E+00  0.1880E-10  0.0000E+00  0.0000E+00
     1  1625     1     1        0  0.0000E+00  0.1260E+02  0.0000E+00  0.0000E+00
     1  1625     1     2        0  0.0000E+00  0.5014E-11  0.0000E+00  0.0000E+00
     1  1626     1     1        0  0.0000E+00  0.8579E+02  0.0000E+00  0.0000E+00
     1  1626     1     2        0  0.0000E+00  0.8403E-10  0.0000E+00  0.0000E+00
     1  1627     1     1        0  0.0000E+00  0.3484E+02  0.0000E+00  0.0000E+00
     1  1627     1     2        0  0.0000E+00  0.2799E-10  0.0000E+00  0.0000E+00
     1  1628     1     1        0  0.0000E+00  0.3129E+01  0.0000E+00  0.0000E+00
     1  1628     1     2        0  0.0000E+00  0.2508E-10  0.0000E+00  0.0000E+00
     1  1629     1     1        0  0.0000E+00  0.1041E+02  0.0000E+00  0.0000E+00
     1  1629     1     2        0  0.0000E+00  0.8867E-11  0.0000E+00  0.0000E+00
     1  1630     1     1        0  0.0000E+00  0.9811E+01  0.0000E+00  0.0000E+00
     1  1630     1     2        0  0.0000E+00  0.1065E-10  0.0000E+00  0.0000E+00
     1  1631     1     1        0  0.0000E+00  0.6159E+01  0.0000E+00  0.0000E+00
     1  1631     1     2        0  0.0000E+00  0.1013E-10  0.0000E+00  0.0000E+00
     1  1632     1     1        0  0.0000E+00  0.3206E+02  0.0000E+00  0.0000E+00
     1  1632     1     2        0  0.0000E+00  0.2833E-10  0.0000E+00  0.0000E+00
     1  1633     1     1        0  0.0000E+00  0.1000E+03  0.0000E+00  0.0000E+00
     1  1633     1     2        0  0.0000E+00  0.8719E-10  0.0000E+00  0.0000E+00
     1  1634     1     1        0  0.0000E+00  0.1527E+02  0.0000E+00  0.0000E+00
     1  1634     1     2        0  0.0000E+00  0.7757E-11  0.0000E+00  0.0000E+00
     1  1635     1     1        0  0.0000E+00  0.5182E+01  0.0000E+00  0.0000E+00
     1  1635     1     2        0  0.0000E+00  0.4805E-11  0.0000E+00  0.0000E+00
     1  1636     1     1        0  0.0000E+00  0.3730E+01  0.0000E+00  0.0000E+00
     1  1636     1     2        0  0.0000E+00  0.6336E-11  0.0000E+00  0.0000E+00
     1  1637     1     1        0  0.0000E+00  0.2107E+01  0.0000E+00  0.0000E+00
     1  1637     1     2        0  0.0000E+00  0.2343E-11  0.0000E+00  0.0000E+00
     1  1638     1     1        0  0.0000E+00  0.1168E+02  0.0000E+00  0.0000E+00
     1  1638     1     2        0  0.0000E+00  0.1864E-10  0.0000E+00  0.0000E+00
     1  1639     1     1        0  0.0000E+00  0.1860E+02  0.0000E+00  0.0000E+00
     1  1639     1     2        0  0.0000E+00  0.1741E-10  0.0000E+00  0.0000E+00
     1  1640     1     1        0  0.0000E+00  0.8844E+01  0.0000E+00  0.0000E+00
     1  1640     1     2        0  0.0000E+00  0.7065E-11  0.0000E+00  0.0000E+00
     1  1641     1     1        0  0.0000E+00  0.1000E+03  0.0000E+00  0.0000E+00
     1  1641     1     2        0  0.0000E+00  0.9600E-10  0.0000E+00  0.0000E+00
     1  1642     1     1        0  0.0000E+00  0.9211E+02  0.0000E+00  0.0000E+00
     1  1642     1     2        0  0.0000E+00  0.9186E-10  0.0000E+00  0.0000E+00
     1  1643     1     1        0  0.0000E+00  0.1879E+02  0.0000E+00  0.0000E+00
     1  1643     1     2        0  0.0000E+00  0.6969E-11  0.0000E+00  0.0000E+00
     1  1644     1     1        0  0.0000E+00  0.1271E+02  0.0000E+00  0.0000E+00
     1  1644     1     2        0  0.0000E+00  0.8714E-11  0.0000E+00  0.0000E+00
     1  1645     1     1        0  0.0000E+00  0.3866E+02  0.0000E+00  0.0000E+00
     1  1645     1     2        0  0.0000E+00  0.3795E-10  0.0000E+00  0.0000E+00
     1  1646     1     1        0  0.0000E+00  0.2751E+02  0.0000E+00  0.0000E+00
     1  1646     1     2        0  0.0000E+00  0.1277E-10  0.0000E+00  0.0000E+00
     1  1647     1     1        0  0.0000E+00  0.2433E+02  0.0000E+00  0.0000E+00
     1  1647     1     2        0  0.0000E+00  0.2414E-10  0.0000E+00  0.0000E+00
     1  1648     1     1        0  0.0000E+00  0.4148E+02  0.0000E+00  0.0000E+00
     1  1648     1     2        0  0.0000E+00  0.3542E-10  0.0000E+00  0.0000E+00
     1  1649     1     1        0  0.0000E+00  0.2973E+02  0.0000E+00  0.0000E+00
     1  1649     1     2        0  0.0000E+00  0.2876E-10  0.0000E+00  0.0000E+00
     1  1650     1     1        0  0.0000E+00  0.9321E+02  0.0000E+00  0.0000E+00
     1  1650     1     2        0  0.0000E+00  0.7555E-10  0.0000E+00  0.0000E+00
     1  1651     1     1        0  0.0000E+00  0.3691E+02  0.0000E+00  0.0000E+00
     1  1651     1     2        0  0.0000E+00  0.1877E-10  0.0000E+00  0.0000E+00
     1  1652     1     1        0  0.0000E+00  0.1665E+01  0.0000E+00  0.0000E+00
     1  1652     1     2        0  0.0000E+00  0.2816E-12  0.0000E+00  0.0000E+00
     1  1653     1     1        0  0.0000E+00  0.6841E+01  0.0000E+00  0.0000E+00
     1  1653     1     2        0  0.0000E+00  0.9737E-11  0.0000E+00  0.0000E+00
     1  1654     1     1        0  0.0000E+00  0.5826E+01  0.0000E+00  0.0000E+00
     1  1654     1     2        0  0.0000E+00  0.1394E-10  0.0000E+00  0.0000E+00
     1  1655     1     1        0  0.0000E+00  0.4715E+01  0.0000E+00  0.0000E+00
     1  1655     1     2        0  0.0000E+00  0.6688E-11  0.0000E+00  0.0000E+00
     1  1656     1     1        0  0.0000E+00  0.4450E+01  0.0000E+00  0.0000E+00
     1  1656     1     2        0  0.0000E+00  0.1076E-10  0.0000E+00  0.0000E+00
     1  1657     1     1        0  0.0000E+00  0.1133E+02  0.0000E+00  0.0000E+00
     1  1657     1     2        0  0.0000E+00  0.1213E-10  0.0000E+00  0.0000E+00
     1  1658     1     1        0  0.0000E+00  0.1239E+02  0.0000E+00  0.0000E+00
     1  1658     1     2        0  0.0000E+00  0.7168E-11  0.0000E+00  0.0000E+00
     1  1659     1     1        0  0.0000E+00  0.4659E+01  0.0000E+00  0.0000E+00
     1  1659     1     2        0  0.0000E+00  0.2713E-12  0.0000E+00  0.0000E+00
     1  1660     1     1        0  0.0000E+00  0.7982E+01  0.0000E+00  0.0000E+00
     1  1660     1     2        0  0.0000E+00  0.6682E-11  0.0000E+00  0.0000E+00
     1  1661     1     1        0  0.0000E+00  0.2513E+02  0.0000E+00  0.0000E+00
     1  1661     1     2        0  0.0000E+00  0.2993E-10  0.0000E+00  0.0000E+00
     1  1662     1     1        0  0.0000E+00  0.5049E+02  0.0000E+00  0.0000E+00
     1  1662     1     2        0  0.0000E+00  0.4260E-10  0.0000E+00  0.0000E+00
     1  1663     1     1        0  0.0000E+00  0.5360E+01  0.0000E+00  0.0000E+00
     1  1663     1     2        0  0.0000E+00  0.8208E-11  0.0000E+00  0.0000E+00
     1  1664     1     1        0  0.0000E+00  0.2145E+01  0.0000E+00  0.0000E+00
     1  1664     1     2        0  0.0000E+00  0.4815E-11  0.0000E+00  0.0000E+00
     1  1665     1     1        0  0.0000E+00  0.9302E+01  0.0000E+00  0.0000E+00
     1  1665     1     2        0  0.0000E+00  0.2008E-11  0.0000E+00  0.0000E+00
     1  1666     1     1        0  0.0000E+00  0.6123E+01  0.0000E+00  0.0000E+00
     1  1666     1     2        0  0.0000E+00  0.9945E-11  0.0000E+00  0.0000E+00
     1  1667     1     1        0  0.0000E+00  0.6073E+00  0.0000E+00  0.0000E+00
     1  1667     1     2        0  0.0000E+00  0.1898E-11  0.0000E+00  0.0000E+00
     1  1668     1     1        0  0.0000E+00  0.1220E+02  0.0000E+00  0.0000E+00
     1  1668     1     2        0  0.0000E+00  0.1685E-10  0.0000E+00  0.0000E+00
     1  1669     1     1        0  0.0000E+00  0.3744E+02  0.0000E+00  0.0000E+00
     1  1669     1     2        0  0.0000E+00  0.3498E-10  0.0000E+00  0.0000E+00
     1  1670     1     1        0  0.0000E+00  0.5078E+02  0.0000E+00  0.0000E+00
     1  1670     1     2        0  0.0000E+00  0.6932E-10  0.0000E+00  0.0000E+00
     1  1671     1     1        0  0.0000E+00  0.7874E+01  0.0000E+00  0.0000E+00
     1  1671     1     2        0  0.0000E+00  0.1336E-10  0.0000E+00  0.0000E+00
     1  1672     1     1        0  0.0000E+00  0.1136E+01  0.0000E+00  0.0000E+00
     1  1672     1     2        0  0.0000E+00  0.2377E-11  0.0000E+00  0.0000E+00
     1  1673     1     1        0  0.0000E+00  0.2454E+01  0.0000E+00  0.0000E+00
     1  1673     1     2        0  0.0000E+00  0.5607E-11  0.0000E+00  0.0000E+00
     1  1674     1     1        0  0.0000E+00  0.1588E+02  0.0000E+00  0.0000E+00
     1  1674     1     2        0  0.0000E+00  0.1402E-10  0.0000E+00  0.0000E+00
     1  1675     1     1        0  0.0000E+00  0.2714E+02  0.0000E+00  0.0000E+00
     1  1675     1     2        0  0.0000E+00  0.1892E-10  0.0000E+00  0.0000E+00
     1  1676     1     1        0  0.0000E+00  0.1000E+03  0.0000E+00  0.0000E+00
     1  1676     1     2        0  0.0000E+00  0.9979E-10  0.0000E+00  0.0000E+00
     1  1677     1     1        0  0.0000E+00  0.1000E+03  0.0000E+00  0.0000E+00
     1  1677     1     2        0  0.0000E+00  0.8226E-10  0.0000E+00  0.0000E+00
     1  1678     1     1        0  0.0000E+00  0.1547E+02  0.0000E+00  0.0000E+00
     1  1678     1     2        0  0.0000E+00  0.1555E-10  0.0000E+00  0.0000E+00
     1  1679     1     1        0  0.0000E+00  0.1002E+02  0.0000E+00  0.0000E+00
     1  1679     1     2        0  0.0000E+00  0.3572E-12  0.0000E+00  0.0000E+00
     1  1680     1     1        0  0.0000E+00  0.2201E+02  0.0000E+00  0.0000E+00
     1  1680     1     2        0  0.0000E+00  0.2124E-10  0.0000E+00  0.0000E+00
     1  1681     1     1        0  0.0000E+00  0.4982E+02  0.0000E+00  0.0000E+00
     1  1681     1     2        0  0.0000E+00  0.4093E-10  0.0000E+00  0.0000E+00
     1  1682     1     1        0  0.0000E+00  0.3052E+02  0.0000E+00  0.0000E+00
     1  1682     1     2        0  0.0000E+00  0.2607E-10  0.0000E+00  0.0000E+00
     1  1683     1     1        0  0.0000E+00  0.1000E+03  0.0000E+00  0.0000E+00
     1  1683     1     2        0  0.0000E+00  0.1050E-09  0.0000E+00  0.0000E+00
     1  1684     1     1        0  0.0000E+00  0.1995E+02  0.0000E+00  0.0000E+00
     1  1684     1     2        0  0.0000E+00  0.1627E-10  0.0000E+00  0.0000E+00
     1  1685     1     1        0  0.0000E+00  0.4801E+01  0.0000E+00  0.0000E+00
     1  1685     1     2        0  0.0000E+00  0.1707E-10  0.0000E+00  0.0000E+00
     1  1686     1     1        0  0.0000E+00  0.1765E+02  0.0000E+00  0.0000E+00
     1  1686     1     2        0  0.0000E+00  0.2469E-10  0.0000E+00  0.0000E+00
     1  1687     1     1        0  0.0000E+00  0.6033E+02  0.0000E+00  0.0000E+00
     1  1687     1     2        0  0.0000E+00  0.6046E-10  0.0000E+00  0.0000E+00
     1  1688     1     1        0  0.0000E+00  0.5028E+02  0.0000E+00  0.0000E+00
     1  1688     1     2        0  0.0000E+00  0.5019E-10  0.0000E+00  0.0000E+00
     1  1689     1     1        0  0.0000E+00  0.6132E+01  0.0000E+00  0.0000E+00
     1  1689     1     2        0  0.0000E+00  0.1533E-11  0.0000E+00  0.0000E+00
     1  1690     1     1        0  0.0000E+00  0.8806E+01  0.0000E+00  0.0000E+00
     1  1690     1     2        0  0.0000E+00  0.5721E-11  0.0000E+00  0.0000E+00
     1  1691     1     1        0  0.0000E+00  0.1683E+02  0.0000E+00  0.0000E+00
     1  1691     1     2        0  0.0000E+00  0.1217E-10  0.0000E+00  0.0000E+00
     1  1692     1     1        0  0.0000E+00  0.2624E+02  0.0000E+00  0.0000E+00
     1  1692     1     2        0  0.0000E+00  0.2237E-10  0.0000E+00  0.0000E+00
     1  1693     1     1        0  0.0000E+00  0.1823E+02  0.0000E+00  0.0000E+00
     1  1693     1     2        0  0.0000E+00  0.2997E-11  0.0000E+00  0.0000E+00
     1  1694     1     1        0  0.0000E+00  0.2224E+02  0.0000E+00  0.0000E+00
     1  1694     1     2        0  0.0000E+00  0.1060E-10  0.0000E+00  0.0000E+00
     1  1695     1     1        0  0.0000E+00  0.7452E+02  0.0000E+00  0.0000E+00
     1  1695     1     2        0  0.0000E+00  0.6722E-10  0.0000E+00  0.0000E+00
     1  1696     1     1        0  0.0000E+00  0.3194E+02  0.0000E+00  0.0000E+00
     1  1696     1     2        0  0.0000E+00  0.1223E-10  0.0000E+00  0.0000E+00
     1  1697     1     1        0  0.0000E+00  0.3138E+01  0.0000E+00  0.0000E+00
     1  1697     1     2        0  0.0000E+00  0.9644E-11  0.0000E+00  0.0000E+00
     1  1698     1     1        0  0.0000E+00  0.9225E+01  0.0000E+00  0.0000E+00
     1  1698     1     2        0  0.0000E+00  0.1337E-10  0.0000E+00  0.0000E+00
     1  1699     1     1        0  0.0000E+00  0.1512E+02  0.0000E+00  0.0000E+00
     1  1699     1     2        0  0.0000E+00  0.1133E-10  0.0000E+00  0.0000E+00
     1  1700     1     1        0  0.0000E+00  0.2384E+02  0.0000E+00  0.0000E+00
     1  1700     1     2        0  0.0000E+00  0.2288E-10  0.0000E+00  0.0000E+00
     1  1701     1     1        0  0.0000E+00  0.1000E+03  0.0000E+00  0.0000E+00
     1  1701     1     2        0  0.0000E+00  0.8542E-10  0.0000E+00  0.0000E+00
     1  1702     1     1        0  0.0000E+00  0.1757E+02  0.0000E+00  0.0000E+00
     1  1702     1     2        0  0.0000E+00  0.1192E-10  0.0000E+00  0.0000E+00
     1  1703     1     1        0  0.0000E+00  0.7729E+01  0.0000E+00  0.0000E+00
     1  1703     1     2        0  0.0000E+00  0.1126E-10  0.0000E+00  0.0000E+00
     1  1704     1     1        0  0.0000E+00  0.2337E+02  0.0000E+00  0.0000E+00
     1  1704     1     2        0  0.0000E+00  0.1455E-10  0.0000E+00  0.0000E+00
     1  1705     1     1        0  0.0000E+00  0.1000E+03  0.0000E+00  0.0000E+00
     1  1705     1     2        0  0.0000E+00  0.1053E-09  0.0000E+00  0.0000E+00
     1  1706     1     1        0  0.0000E+00  0.7475E+01  0.0000E+00  0.0000E+00
     1  1706     1     2        0  0.0000E+00  0.1566E-10  0.0000E+00  0.0000E+00
     1  1707     1     1        0  0.0000E+00  0.1274E+02  0.0000E+00  0.0000E+00
     1  1707     1     2        0  0.0000E+00  0.1764E-10  0.0000E+00  0.0000E+00
     1  1708     1     1        0  0.0000E+00  0.9210E+01  0.0000E+00  0.0000E+00
     1  1708     1     2        0  0.0000E+00  0.7465E-11  0.0000E+00  0.0000E+00
     1  1709     1     1        0  0.0000E+00  0.2078E+02  0.0000E+00  0.0000E+00
     1  1709     1     2        0  0.0000E+00  0.1964E-10  0.0000E+00  0.0000E+00
     1  1710     1     1        0  0.0000E+00  0.1000E+03  0.0000E+00  0.0000E+00
     1  1710     1     2        0  0.0000E+00  0.9329E-10  0.0000E+00  0.0000E+00
     1  1711     1     1        0  0.0000E+00  0.4669E+02  0.0000E+00  0.0000E+00
     1  1711     1     2        0  0.0000E+00  0.3123E-10  0.0000E+00  0.0000E+00
     1  1712     1     1        0  0.0000E+00  0.7355E+01  0.0000E+00  0.0000E+00
     1  1712     1     2        0  0.0000E+00  0.4450E-11  0.0000E+00  0.0000E+00
     1  1713     1     1        0  0.0000E+00  0.7567E+01  0.0000E+00  0.0000E+00
     1  1713     1     2        0  0.0000E+00  0.2251E-10  0.0000E+00  0.0000E+00
     1  1714     1     1        0  0.0000E+00  0.1393E+02  0.0000E+00  0.0000E+00
     1  1714     1     2        0  0.0000E+00  0.1330E-10  0.0000E+00  0.0000E+00
     1  1715     1     1        0  0.0000E+00  0.1591E+02  0.0000E+00  0.0000E+00
     1  1715     1     2        0  0.0000E+00  0.1174E-10  0.0000E+00  0.0000E+00
     1  1716     1     1        0  0.0000E+00  0.1852E+02  0.0000E+00  0.0000E+00
     1  1716     1     2        0  0.0000E+00  0.1577E-10  0.0000E+00  0.0000E+00
     1  1717     1     1        0  0.0000E+00  0.5942E+02  0.0000E+00  0.0000E+00
     1  1717     1     2        0  0.0000E+00  0.5280E-10  0.0000E+00  0.0000E+00
     1  1718     1     1        0  0.0000E+00  0.1000E+03  0.0000E+00  0.0000E+00
     1  1718     1     2        0  0.0000E+00  0.1116E-09  0.0000E+00  0.0000E+00
     1  1719     1     1        0  0.0000E+00  0.6928E+02  0.0000E+00  0.0000E+00
     1  1719     1     2        0  0.0000E+00  0.5795E-10  0.0000E+00  0.0000E+00
     1  1720     1     1        0  0.0000E+00  0.5708E+01  0.0000E+00  0.0000E+00
     1  1720     1     2        0  0.0000E+00  0.7145E-11  0.0000E+00  0.0000E+00
     1  1721     1     1        0  0.0000E+00  0.4256E+01  0.0000E+00  0.0000E+00
     1  1721     1     2        0  0.0000E+00  0.5242E-11  0.0000E+00  0.0000E+00
     1  1722     1     1        0  0.0000E+00  0.9774E+01  0.0000E+00  0.0000E+00
     1  1722     1     2        0  0.0000E+00  0.2493E-11  0.0000E+00  0.0000E+00
     1  1723     1     1        0  0.0000E+00  0.5641E+01  0.0000E+00  0.0000E+00
     1  1723     1     2        0  0.0000E+00  0.8732E-12  0.0000E+00  0.0000E+00
     1  1724     1     1        0  0.0000E+00  0.2663E+01  0.0000E+00  0.0000E+00
     1  1724     1     2        0  0.0000E+00  0.4239E-11  0.0000E+00  0.0000E+00
     1  1725     1     1        0  0.0000E+00  0.2901E+01  0.0000E+00  0.0000E+00
     1  1725     1     2        0  0.0000E+00  0.8541E-11  0.0000E+00  0.0000E+00
     1  1726     1     1        0  0.0000E+00  0.1531E+02  0.0000E+00  0.0000E+00
     1  1726     1     2        0  0.0000E+00  0.1125E-10  0.0000E+00  0.0000E+00
     1  1727     1     1        0  0.0000E+00  0.3143E+02  0.0000E+00  0.0000E+00
     1  1727     1     2        0  0.0000E+00  0.3036E-10  0.0000E+00  0.0000E+00
     1  1728     1     1        0  0.0000E+00  0.3278E+02  0.0000E+00  0.0000E+00
     1  1728     1     2        0  0.0000E+00  0.4679E-10  0.0000E+00  0.0000E+00
     1  1729     1     1        0  0.0000E+00  0.1153E+02  0.0000E+00  0.0000E+00
     1  1729     1     2        0  0.0000E+00  0.7491E-11  0.0000E+00  0.0000E+00
     1  1730     1     1        0  0.0000E+00  0.1782E+02  0.0000E+00  0.0000E+00
     1  1730     1     2        0  0.0000E+00  0.1584E-10  0.0000E+00  0.0000E+00
     1  1731     1     1        0  0.0000E+00  0.1818E+02  0.0000E+00  0.0000E+00
     1  1731     1     2        0  0.0000E+00  0.1696E-10  0.0000E+00  0.0000E+00
     1  1732     1     1        0  0.0000E+00  0.1000E+03  0.0000E+00  0.0000E+00
     1  1732     1     2        0  0.0000E+00  0.4855E-10  0.0000E+00  0.0000E+00
     1  1733     1     1        0  0.0000E+00  0.7213E+02  0.0000E+00  0.0000E+00
     1  1733     1     2        0  0.0000E+00  0.7922E-10  0.0000E+00  0.0000E+00
     1  1734     1     1        0  0.0000E+00  0.1499E+02  0.0000E+00  0.0000E+00
     1  1734     1     2        0  0.0000E+00  0.4516E-11  0.0000E+00  0.0000E+00
     1  1735     1     1        0  0.0000E+00  0.1293E+01  0.0000E+00  0.0000E+00
     1  1735     1     2        0  0.0000E+00  0.1881E-11  0.0000E+00  0.0000E+00
     1  1736     1     1        0  0.0000E+00  0.9389E+01  0.0000E+00  0.0000E+00
     1  1736     1     2        0  0.0000E+00  0.6797E-11  0.0000E+00  0.0000E+00
     1  1737     1     1        0  0.0000E+00  0.2349E+02  0.0000E+00  0.0000E+00
     1  1737     1     2        0  0.0000E+00  0.2162E-10  0.0000E+00  0.0000E+00
     1  1738     1     1        0  0.0000E+00  0.2348E+02  0.0000E+00  0.0000E+00
     1  1738     1     2        0  0.0000E+00  0.1580E-10  0.0000E+00  0.0000E+00
     1  1739     1     1        0  0.0000E+00  0.9708E+02  0.0000E+00  0.0000E+00
     1  1739     1     2        0  0.0000E+00  0.7855E-10  0.0000E+00  0.0000E+00
     1  1740     1     1        0  0.0000E+00  0.4147E+02  0.0000E+00  0.0000E+00
     1  1740     1     2        0  0.0000E+00  0.2906E-10  0.0000E+00  0.0000E+00
     1  1741     1     1        0  0.0000E+00  0.3343E+01  0.0000E+00  0.0000E+00
     1  1741     1     2        0  0.0000E+00  0.1793E-11  0.0000E+00  0.0000E+00
     1  1742     1     1        0  0.0000E+00  0.2439E+02  0.0000E+00  0.0000E+00
     1  1742     1     2        0  0.0000E+00  0.2942E-10  0.0000E+00  0.0000E+00
     1  1743     1     1        0  0.0000E+00  0.1000E+03  0.0000E+00  0.0000E+00
     1  1743     1     2        0  0.0000E+00  0.1027E-09  0.0000E+00  0.0000E+00
     1  1744     1     1        0  0.0000E+00  0.3291E+02  0.0000E+00  0.0000E+00
     1  1744     1     2        0  0.0000E+00  0.2647E-10  0.0000E+00  0.0000E+00
     1  1745     1     1        0  0.0000E+00  0.1551E+02  0.0000E+00  0.0000E+00
     1  1745     1     2        0  0.0000E+00  0.1853E-10  0.0000E+00  0.0000E+00
     1  1746     1     1        0  0.0000E+00  0.9811E+01  0.0000E+00  0.0000E+00
     1  1746     1     2        0  0.0000E+00  0.1661E-10  0.0000E+00  0.0000E+00
     1  1747     1     1        0  0.0000E+00  0.2507E+01  0.0000E+00  0.0000E+00
     1  1747     1     2        0  0.0000E+00  0.6782E-11  0.0000E+00  0.0000E+00
     1  1748     1     1        0  0.0000E+00  0.6171E+01  0.0000E+00  0.0000E+00
     1  1748     1     2        0  0.0000E+00  0.7984E-11  0.0000E+00  0.0000E+00
     1  1749     1     1        0  0.0000E+00  0.1340E+02  0.0000E+00  0.0000E+00
     1  1749     1     2        0  0.0000E+00  0.1363E-10  0.0000E+00  0.0000E+00
     1  1750     1     1        0  0.0000E+00  0.1802E+02  0.0000E+00  0.0000E+00
     1  1750     1     2        0  0.0000E+00  0.1457E-10  0.0000E+00  0.0000E+00
     1  1751     1     1        0  0.0000E+00  0.2894E+01  0.0000E+00  0.0000E+00
     1  1751     1     2        0  0.0000E+00  0.3323E-11  0.0000E+00  0.0000E+00
     1  1752     1     1        0  0.0000E+00  0.1000E+03  0.0000E+00  0.0000E+00
     1  1752     1     2        0  0.0000E+00  0.9917E-10  0.0000E+00  0.0000E+00
     1  1753     1     1        0  0.0000E+00  0.2254E+02  0.0000E+00  0.0000E+00
     1  1753     1     2        0  0.0000E+00  0.2300E-10  0.0000E+00  0.0000E+00
     1  1754     1     1        0  0.0000E+00  0.1201E+02  0.0000E+00  0.0000E+00
     1  1754     1     2        0  0.0000E+00  0.9099E-11  0.0000E+00  0.0000E+00
     1  1755     1     1        0  0.0000E+00  0.3251E+02  0.0000E+00  0.0000E+00
     1  1755     1     2        0  0.0000E+00  0.2398E-10  0.0000E+00  0.0000E+00
     1  1756     1     1        0  0.0000E+00  0.1000E+03  0.0000E+00  0.0000E+00
     1  1756     1     2        0  0.0000E+00  0.1212E-09  0.0000E+00  0.0000E+00
     1  1757     1     1        0  0.0000E+00  0.1646E+01  0.0000E+00  0.0000E+00
     1  1757     1     2        0  0.0000E+00  0.3898E-11  0.0000E+00  0.0000E+00
     1  1758     1     1        0  0.0000E+00  0.1209E+01  0.0000E+00  0.0000E+00
     1  1758     1     2        0  0.0000E+00  0.3143E-11  0.0000E+00  0.0000E+00
     1  1759     1     1        0  0.0000E+00  0.1976E+02  0.0000E+00  0.0000E+00
     1  1759     1     2        0  0.0000E+00  0.2424E-10  0.0000E+00  0.0000E+00
     1  1760     1     1        0  0.0000E+00  0.1547E+02  0.0000E+00  0.0000E+00
     1  1760     1     2        0  0.0000E+00  0.1210E-10  0.0000E+00  0.0000E+00
     1  1761     1     1        0  0.0000E+00  0.3515E+01  0.0000E+00  0.0000E+00
     1  1761     1     2        0  0.0000E+00  0.7757E-11  0.0000E+00  0.0000E+00
     1  1762     1     1        0  0.0000E+00  0.2116E+01  0.0000E+00  0.0000E+00
     1  1762     1     2        0  0.0000E+00  0.2117E-11  0.0000E+00  0.0000E+00
     1  1763     1     1        0  0.0000E+00  0.8185E+01  0.0000E+00  0.0000E+00
     1  1763     1     2        0  0.0000E+00  0.1261E-10  0.0000E+00  0.0000E+00
     1  1764     1     1        0  0.0000E+00  0.1724E+02  0.0000E+00  0.0000E+00
     1  1764     1     2        0  0.0000E+00  0.1909E-10  0.0000E+00  0.0000E+00
     1  1765     1     1        0  0.0000E+00  0.4165E+02  0.0000E+00  0.0000E+00
     1  1765     1     2        0  0.0000E+00  0.4358E-10  0.0000E+00  0.0000E+00
     1  1766     1     1        0  0.0000E+00  0.2079E+02  0.0000E+00  0.0000E+00
     1  1766     1     2        0  0.0000E+00  0.1220E-10  0.0000E+00  0.0000E+00
     1  1767     1     1        0  0.0000E+00  0.1791E+02  0.0000E+00  0.0000E+00
     1  1767     1     2        0  0.0000E+00  0.2064E-10  0.0000E+00  0.0000E+00
     1  1768     1     1        0  0.0000E+00  0.4937E+02  0.0000E+00  0.0000E+00
     1  1768     1     2        0  0.0000E+00  0.4840E-10  0.0000E+00  0.0000E+00
     1  1769     1     1        0  0.0000E+00  0.2721E+02  0.0000E+00  0.0000E+00
     1  1769     1     2        0  0.0000E+00  0.4247E-10  0.0000E+00  0.0000E+00
     1  1770     1     1        0  0.0000E+00  0.7313E+01  0.0000E+00  0.0000E+00
     1  1770     1     2        0  0.0000E+00  0.4455E-11  0.0000E+00  0.0000E+00
     1  1771     1     1        0  0.0000E+00  0.1730E+02  0.0000E+00  0.0000E+00
     1  1771     1     2        0  0.0000E+00  0.9058E-11  0.0000E+00  0.0000E+00
     1  1772     1     1        0  0.0000E+00  0.4409E+02  0.0000E+00  0.0000E+00
     1  1772     1     2        0  0.0000E+00  0.4125E-10  0.0000E+00  0.0000E+00
     1  1773     1     1        0  0.0000E+00  0.5990E+02  0.0000E+00  0.0000E+00
     1  1773     1     2        0  0.0000E+00  0.4635E-10  0.0000E+00  0.0000E+00
     1  1774     1     1        0  0.0000E+00  0.2133E+02  0.0000E+00  0.0000E+00
     1  1774     1     2        0  0.0000E+00  0.1011E-10  0.0000E+00  0.0000E+00
     1  1775     1     1        0  0.0000E+00  0.4503E+01  0.0000E+00  0.0000E+00
     1  1775     1     2        0  0.0000E+00  0.1038E-10  0.0000E+00  0.0000E+00
     1  1776     1     1        0  0.0000E+00  0.3564E+01  0.0000E+00  0.0000E+00
     1  1776     1     2        0  0.0000E+00  0.1242E-11  0.0000E+00  0.0000E+00
     1  1777     1     1        0  0.0000E+00  0.5434E+01  0.0000E+00  0.0000E+00
     1  1777     1     2        0  0.0000E+00  0.1912E-10  0.0000E+00  0.0000E+00
     1  1778     1     1        0  0.0000E+00  0.2586E+01  0.0000E+00  0.0000E+00
     1  1778     1     2        0  0.0000E+00  0.2350E-11  0.0000E+00  0.0000E+00
     1  1779     1     1        0  0.0000E+00  0.3347E+01  0.0000E+00  0.0000E+00
     1  1779     1     2        0  0.0000E+00  0.6833E-11  0.0000E+00  0.0000E+00
     1  1780     1     1        0  0.0000E+00  0.2703E+01  0.0000E+00  0.0000E+00
     1  1780     1     2        0  0.0000E+00  0.1142E-10  0.0000E+00  0.0000E+00
     1  1781     1     1        0  0.0000E+00  0.5294E+01  0.0000E+00  0.0000E+00
     1  1781     1     2        0  0.0000E+00  0.1176E-10  0.0000E+00  0.0000E+00
     1  1782     1     1        0  0.0000E+00  0.1586E+02  0.0000E+00  0.0000E+00
     1  1782     1     2        0  0.0000E+00  0.1858E-10  0.0000E+00  0.0000E+00
     1  1783     1     1        0  0.0000E+00  0.2973E+02  0.0000E+00  0.0000E+00
     1  1783     1     2        0  0.0000E+00  0.3041E-10  0.0000E+00  0.0000E+00
     1  1784     1     1        0  0.0000E+00  0.1689E+02  0.0000E+00  0.0000E+00
     1  1784     1     2        0  0.0000E+00  0.1645E-10  0.0000E+00  0.0000E+00
     1  1785     1     1        0  0.0000E+00  0.8874E+01  0.0000E+00  0.0000E+00
     1  1785     1     2        0  0.0000E+00  0.2329E-10  0.0000E+00  0.0000E+00
     1  1786     1     1        0  0.0000E+00  0.1158E+02  0.0000E+00  0.0000E+00
     1  1786     1     2        0  0.0000E+00  0.2324E-10  0.0000E+00  0.0000E+00
     1  1787     1     1        0  0.0000E+00  0.7955E+01  0.0000E+00  0.0000E+00
     1  1787     1     2        0  0.0000E+00  0.1188E-11  0.0000E+00  0.0000E+00
     1  1788     1     1        0  0.0000E+00  0.1323E+02  0.0000E+00  0.0000E+00
     1  1788     1     2        0  0.0000E+00  0.6659E-11  0.0000E+00  0.0000E+00
     1  1789     1     1        0  0.0000E+00  0.1503E+02  0.0000E+00  0.0000E+00
     1  1789     1     2        0  0.0000E+00  0.2288E-10  0.0000E+00  0.0000E+00
     1  1790     1     1        0  0.0000E+00  0.4991E+02  0.0000E+00  0.0000E+00
     1  1790     1     2        0  0.0000E+00  0.5489E-10  0.0000E+00  0.0000E+00
     1  1791     1     1        0  0.0000E+00  0.2560E+02  0.0000E+00  0.0000E+00
     1  1791     1     2        0  0.0000E+00  0.3469E-10  0.0000E+00  0.0000E+00
     1  1792     1     1        0  0.0000E+00  0.6864E+01  0.0000E+00  0.0000E+00
     1  1792     1     2        0  0.0000E+00  0.1472E-11  0.0000E+00  0.0000E+00
     1  1793     1     1        0  0.0000E+00  0.4170E+01  0.0000E+00  0.0000E+00
     1  1793     1     2        0  0.0000E+00  0.6360E-11  0.0000E+00  0.0000E+00
     1  1794     1     1        0  0.0000E+00  0.1016E+02  0.0000E+00  0.0000E+00
     1  1794     1     2        0  0.0000E+00  0.1922E-10  0.0000E+00  0.0000E+00
     1  1795     1     1        0  0.0000E+00  0.1608E+02  0.0000E+00  0.0000E+00
     1  1795     1     2        0  0.0000E+00  0.1852E-10  0.0000E+00  0.0000E+00
     1  1796     1     1        0  0.0000E+00  0.3461E+02  0.0000E+00  0.0000E+00
     1  1796     1     2        0  0.0000E+00  0.3561E-10  0.0000E+00  0.0000E+00
     1  1797     1     1        0  0.0000E+00  0.2883E+02  0.0000E+00  0.0000E+00
     1  1797     1     2        0  0.0000E+00  0.2410E-10  0.0000E+00  0.0000E+00
     1  1798     1     1        0  0.0000E+00  0.4134E+01  0.0000E+00  0.0000E+00
     1  1798     1     2        0  0.0000E+00  0.1250E-10  0.0000E+00  0.0000E+00
     1  1799     1     1        0  0.0000E+00  0.1150E+02  0.0000E+00  0.0000E+00
     1  1799     1     2        0  0.0000E+00  0.1231E-10  0.0000E+00  0.0000E+00
     1  1800     1     1        0  0.0000E+00  0.1989E+02  0.0000E+00  0.0000E+00
     1  1800     1     2        0  0.0000E+00  0.1489E-10  0.0000E+00  0.0000E+00
     1  1801     1     1        0  0.0000E+00  0.5398E+02  0.0000E+00  0.0000E+00
     1  1801     1     2        0  0.0000E+00  0.4938E-10  0.0000E+00  0.0000E+00
     1  1802     1     1        0  0.0000E+00  0.9965E+01  0.0000E+00  0.0000E+00
     1  1802     1     2        0  0.0000E+00  0.5624E-11  0.0000E+00  0.0000E+00
     1  1803     1     1        0  0.0000E+00  0.8657E+02  0.0000E+00  0.0000E+00
     1  1803     1     2        0  0.0000E+00  0.8548E-10  0.0000E+00  0.0000E+00
     1  1804     1     1        0  0.0000E+00  0.7392E+02  0.0000E+00  0.0000E+00
     1  1804     1     2        0  0.0000E+00  0.8696E-10  0.0000E+00  0.0000E+00
     1  1805     1     1        0  0.0000E+00  0.1551E+02  0.0000E+00  0.0000E+00
     1  1805     1     2        0  0.0000E+00  0.1580E-10  0.0000E+00  0.0000E+00
     1  1806     1     1        0  0.0000E+00  0.5465E+01  0.0000E+00  0.0000E+00
     1  1806     1     2        0  0.0000E+00  0.1724E-10  0.0000E+00  0.0000E+00
     1  1807     1     1        0  0.0000E+00  0.2251E+01  0.0000E+00  0.0000E+00
     1  1807     1     2        0  0.0000E+00  0.1382E-10  0.0000E+00  0.0000E+00
     1  1808     1     1        0  0.0000E+00  0.9775E+01  0.0000E+00  0.0000E+00
     1  1808     1     2        0  0.0000E+00  0.1827E-10  0.0000E+00  0.0000E+00
     1  1809     1     1        0  0.0000E+00  0.1284E+02  0.0000E+00  0.0000E+00
     1  1809     1     2        0  0.0000E+00  0.9890E-11  0.0000E+00  0.0000E+00
     1  1810     1     1        0  0.0000E+00  0.1377E+02  0.0000E+00  0.0000E+00
     1  1810     1     2        0  0.0000E+00  0.1267E-10  0.0000E+00  0.0000E+00
     1  1811     1     1        0  0.0000E+00  0.9967E+01  0.0000E+00  0.0000E+00
     1  1811     1     2        0  0.0000E+00  0.4094E-11  0.0000E+00  0.0000E+00
     1  1812     1     1        0  0.0000E+00  0.3930E+02  0.0000E+00  0.0000E+00
     1  1812     1     2        0  0.0000E+00  0.2917E-10  0.0000E+00  0.0000E+00
     1  1813     1     1        0  0.0000E+00  0.2840E+01  0.0000E+00  0.0000E+00
     1  1813     1     2        0  0.0000E+00  0.1439E-10  0.0000E+00  0.0000E+00
     1  1814     1     1        0  0.0000E+00  0.2600E+02  0.0000E+00  0.0000E+00
     1  1814     1     2        0  0.0000E+00  0.1543E-10  0.0000E+00  0.0000E+00
     1  1815     1     1        0  0.0000E+00  0.1000E+03  0.0000E+00  0.0000E+00
     1  1815     1     2        0  0.0000E+00  0.1005E-09  0.0000E+00  0.0000E+00
     1  1816     1     1        0  0.0000E+00  0.5074E+02  0.0000E+00  0.0000E+00
     1  1816     1     2        0  0.0000E+00  0.5659E-10  0.0000E+00  0.0000E+00
     1  1817     1     1        0  0.0000E+00  0.2091E+02  0.0000E+00  0.0000E+00
     1  1817     1     2        0  0.0000E+00  0.2024E-10  0.0000E+00  0.0000E+00
     1  1818     1     1        0  0.0000E+00  0.1563E+02  0.0000E+00  0.0000E+00
     1  1818     1     2        0  0.0000E+00  0.1192E-10  0.0000E+00  0.0000E+00
     1  1819     1     1        0  0.0000E+00  0.5100E+01  0.0000E+00  0.0000E+00
     1  1819     1     2        0  0.0000E+00  0.2310E-11  0.0000E+00  0.0000E+00
     1  1820     1     1        0  0.0000E+00  0.6176E+01  0.0000E+00  0.0000E+00
     1  1820     1     2        0  0.0000E+00  0.1130E-10  0.0000E+00  0.0000E+00
     1  1821     1     1        0  0.0000E+00  0.1541E+02  0.0000E+00  0.0000E+00
     1  1821     1     2        0  0.0000E+00  0.1733E-10  0.0000E+00  0.0000E+00
     1  1822     1     1        0  0.0000E+00  0.3459E+02  0.0000E+00  0.0000E+00
     1  1822     1     2        0  0.0000E+00  0.2628E-10  0.0000E+00  0.0000E+00
     1  1823     1     1        0  0.0000E+00  0.4756E+02  0.0000E+00  0.0000E+00
     1  1823     1     2        0  0.0000E+00  0.5214E-10  0.0000E+00  0.0000E+00
     1  1824     1     1        0  0.0000E+00  0.6621E+01  0.0000E+00  0.0000E+00
     1  1824     1     2        0  0.0000E+00  0.1603E-10  0.0000E+00  0.0000E+00
     1  1825     1     1        0  0.0000E+00  0.1717E+02  0.0000E+00  0.0000E+00
     1  1825     1     2        0  0.0000E+00  0.1379E-10  0.0000E+00  0.0000E+00
     1  1826     1     1        0  0.0000E+00  0.3411E+02  0.0000E+00  0.0000E+00
     1  1826     1     2        0  0.0000E+00  0.3329E-10  0.0000E+00  0.0000E+00
     1  1827     1     1        0  0.0000E+00  0.2998E+02  0.0000E+00  0.0000E+00
     1  1827     1     2        0  0.0000E+00  0.2697E-10  0.0000E+00  0.0000E+00
     1  1828     1     1        0  0.0000E+00  0.1253E+02  0.0000E+00  0.0000E+00
     1  1828     1     2        0  0.0000E+00  0.1580E-10  0.0000E+00  0.0000E+00
     1  1829     1     1        0  0.0000E+00  0.2349E+02  0.0000E+00  0.0000E+00
     1  1829     1     2        0  0.0000E+00  0.2056E-10  0.0000E+00  0.0000E+00
     1  1830     1     1        0  0.0000E+00  0.1689E+02  0.0000E+00  0.0000E+00
     1  1830     1     2        0  0.0000E+00  0.1395E-10  0.0000E+00  0.0000E+00
     1  1831     1     1        0  0.0000E+00  0.1000E+03  0.0000E+00  0.0000E+00
     1  1831     1     2        0  0.0000E+00  0.8347E-10  0.0000E+00  0.0000E+00
     1  1832     1     1        0  0.0000E+00  0.1739E+02  0.0000E+00  0.0000E+00
     1  1832     1     2        0  0.0000E+00  0.2920E-10  0.0000E+00  0.0000E+00
     1  1833     1     1        0  0.0000E+00  0.9764E+00  0.0000E+00  0.0000E+00
     1  1833     1     2        0  0.0000E+00  0.5860E-12  0.0000E+00  0.0000E+00
     1  1834     1     1        0  0.0000E+00  0.7199E+01  0.0000E+00  0.0000E+00
     1  1834     1     2        0  0.0000E+00  0.6183E-11  0.0000E+00  0.0000E+00
     1  1835     1     1        0  0.0000E+00  0.9828E+01  0.0000E+00  0.0000E+00
     1  1835     1     2        0  0.0000E+00  0.1372E-10  0.0000E+00  0.0000E+00
     1  1836     1     1        0  0.0000E+00  0.9956E+00  0.0000E+00  0.0000E+00
     1  1836     1     2        0  0.0000E+00  0.7363E-11  0.0000E+00  0.0000E+00
     1  1837     1     1        0  0.0000E+00  0.1347E+01  0.0000E+00  0.0000E+00
     1  1837     1     2        0  0.0000E+00  0.3472E-11  0.0000E+00  0.0000E+00
     1  1838     1     1        0  0.0000E+00  0.2602E+01  0.0000E+00  0.0000E+00
     1  1838     1     2        0  0.0000E+00  0.5164E-11  0.0000E+00  0.0000E+00
     1  1839     1     1        0  0.0000E+00  0.1120E+02  0.0000E+00  0.0000E+00
     1  1839     1     2        0  0.0000E+00  0.1395E-10  0.0000E+00  0.0000E+00
     1  1840     1     1        0  0.0000E+00  0.2167E+02  0.0000E+00  0.0000E+00
     1  1840     1     2        0  0.0000E+00  0.2497E-10  0.0000E+00  0.0000E+00
     1  1841     1     1        0  0.0000E+00  0.6425E+02  0.0000E+00  0.0000E+00
     1  1841     1     2        0  0.0000E+00  0.5687E-10  0.0000E+00  0.0000E+00
     1  1842     1     1        0  0.0000E+00  0.2756E+02  0.0000E+00  0.0000E+00
     1  1842     1     2        0  0.0000E+00  0.1673E-10  0.0000E+00  0.0000E+00
     1  1843     1     1        0  0.0000E+00  0.1000E+03  0.0000E+00  0.0000E+00
     1  1843     1     2        0  0.0000E+00  0.8522E-10  0.0000E+00  0.0000E+00
     1  1844     1     1        0  0.0000E+00  0.2369E+01  0.0000E+00  0.0000E+00
     1  1844     1     2        0  0.0000E+00  0.3390E-11  0.0000E+00  0.0000E+00
     1  1845     1     1        0  0.0000E+00  0.3060E+02  0.0000E+00  0.0000E+00
     1  1845     1     2        0  0.0000E+00  0.2499E-10  0.0000E+00  0.0000E+00
     1  1846     1     1        0  0.0000E+00  0.1000E+03  0.0000E+00  0.0000E+00
     1  1846     1     2        0  0.0000E+00  0.7835E-10  0.0000E+00  0.0000E+00
     1  1847     1     1        0  0.0000E+00  0.1965E+02  0.0000E+00  0.0000E+00
     1  1847     1     2        0  0.0000E+00  0.2675E-10  0.0000E+00  0.0000E+00
     1  1848     1     1        0  0.0000E+00  0.3751E+02  0.0000E+00  0.0000E+00
     1  1848     1     2        0  0.0000E+00  0.3612E-10  0.0000E+00  0.0000E+00
     1  1849     1     1        0  0.0000E+00  0.1916E+02  0.0000E+00  0.0000E+00
     1  1849     1     2        0  0.0000E+00  0.1977E-10  0.0000E+00  0.0000E+00
     1  1850     1     1        0  0.0000E+00  0.2809E+02  0.0000E+00  0.0000E+00
     1  1850     1     2        0  0.0000E+00  0.2552E-10  0.0000E+00  0.0000E+00
     1  1851     1     1        0  0.0000E+00  0.1000E+03  0.0000E+00  0.0000E+00
     1  1851     1     2        0  0.0000E+00  0.9442E-10  0.0000E+00  0.0000E+00
     1  1852     1     1        0  0.0000E+00  0.3550E+02  0.0000E+00  0.0000E+00
     1  1852     1     2        0  0.0000E+00  0.2779E-10  0.0000E+00  0.0000E+00
     1  1853     1     1        0  0.0000E+00  0.1779E+02  0.0000E+00  0.0000E+00
     1  1853     1     2        0  0.0000E+00  0.2414E-10  0.0000E+00  0.0000E+00
     1  1854     1     1        0  0.0000E+00  0.9909E+01  0.0000E+00  0.0000E+00
     1  1854     1     2        0  0.0000E+00  0.5279E-11  0.0000E+00  0.0000E+00
     1  1855     1     1        0  0.0000E+00  0.1327E+01  0.0000E+00  0.0000E+00
     1  1855     1     2        0  0.0000E+00  0.7496E-11  0.0000E+00  0.0000E+00
     1  1856     1     1        0  0.0000E+00  0.5292E+01  0.0000E+00  0.0000E+00
     1  1856     1     2        0  0.0000E+00  0.1488E-10  0.0000E+00  0.0000E+00
     1  1857     1     1        0  0.0000E+00  0.8891E+01  0.0000E+00  0.0000E+00
     1  1857     1     2        0  0.0000E+00  0.1183E-10  0.0000E+00  0.0000E+00
     1  1858     1     1        0  0.0000E+00  0.1203E+02  0.0000E+00  0.0000E+00
     1  1858     1     2        0  0.0000E+00  0.1074E-10  0.0000E+00  0.0000E+00
     1  1859     1     1        0  0.0000E+00  0.2840E+02  0.0000E+00  0.0000E+00
     1  1859     1     2        0  0.0000E+00  0.2533E-10  0.0000E+00  0.0000E+00
     1  1860     1     1        0  0.0000E+00  0.1000E+03  0.0000E+00  0.0000E+00
     1  1860     1     2        0  0.0000E+00  0.1081E-09  0.0000E+00  0.0000E+00
     1  1861     1     1        0  0.0000E+00  0.5420E+01  0.0000E+00  0.0000E+00
     1  1861     1     2        0  0.0000E+00  0.3289E-11  0.0000E+00  0.0000E+00
     1  1862     1     1        0  0.0000E+00  0.1279E+02  0.0000E+00  0.0000E+00
     1  1862     1     2        0  0.0000E+00  0.6972E-11  0.0000E+00  0.0000E+00
     1  1863     1     1        0  0.0000E+00  0.2810E+02  0.0000E+00  0.0000E+00
     1  1863     1     2        0  0.0000E+00  0.2703E-10  0.0000E+00  0.0000E+00
     1  1864     1     1        0  0.0000E+00  0.1000E+03  0.0000E+00  0.0000E+00
     1  1864     1     2        0  0.0000E+00  0.7264E-10  0.0000E+00  0.0000E+00
     1  1865     1     1        0  0.0000E+00  0.2557E+02  0.0000E+00  0.0000E+00
     1  1865     1     2        0  0.0000E+00  0.2320E-10  0.0000E+00  0.0000E+00
     1  1866     1     1        0  0.0000E+00  0.1000E+03  0.0000E+00  0.0000E+00
     1  1866     1     2        0  0.0000E+00  0.9431E-10  0.0000E+00  0.0000E+00
     1  1867     1     1        0  0.0000E+00  0.2067E+02  0.0000E+00  0.0000E+00
     1  1867     1     2        0  0.0000E+00  0.3467E-10  0.0000E+00  0.0000E+00
     1  1868     1     1        0  0.0000E+00  0.1216E+01  0.0000E+00  0.0000E+00
     1  1868     1     2        0  0.0000E+00  0.4194E-11  0.0000E+00  0.0000E+00
     1  1869     1     1        0  0.0000E+00  0.4434E+01  0.0000E+00  0.0000E+00
     1  1869     1     2        0  0.0000E+00  0.2038E-10  0.0000E+00  0.0000E+00
     1  1870     1     1        0  0.0000E+00  0.1090E+02  0.0000E+00  0.0000E+00
     1  1870     1     2        0  0.0000E+00  0.8659E-11  0.0000E+00  0.0000E+00
     1  1871     1     1        0  0.0000E+00  0.1854E+02  0.0000E+00  0.0000E+00
     1  1871     1     2        0  0.0000E+00  0.1540E-10  0.0000E+00  0.0000E+00
     1  1872     1     1        0  0.0000E+00  0.2332E+02  0.0000E+00  0.0000E+00
     1  1872     1     2        0  0.0000E+00  0.2201E-10  0.0000E+00  0.0000E+00
     1  1873     1     1        0  0.0000E+00  0.1195E+02  0.0000E+00  0.0000E+00
     1  1873     1     2        0  0.0000E+00  0.1378E-10  0.0000E+00  0.0000E+00
     1  1874     1     1        0  0.0000E+00  0.5248E+02  0.0000E+00  0.0000E+00
     1  1874     1     2        0  0.0000E+00  0.4879E-10  0.0000E+00  0.0000E+00
     1  1875     1     1        0  0.0000E+00  0.7265E+02  0.0000E+00  0.0000E+00
     1  1875     1     2        0  0.0000E+00  0.6265E-10  0.0000E+00  0.0000E+00
     1  1876     1     1        0  0.0000E+00  0.9017E+01  0.0000E+00  0.0000E+00
     1  1876     1     2        0  0.0000E+00  0.1796E-10  0.0000E+00  0.0000E+00
     1  1877     1     1        0  0.0000E+00  0.1639E+02  0.0000E+00  0.0000E+00
     1  1877     1     2        0  0.0000E+00  0.1420E-10  0.0000E+00  0.0000E+00
     1  1878     1     1        0  0.0000E+00  0.6199E+02  0.0000E+00  0.0000E+00
     1  1878     1     2        0  0.0000E+00  0.5534E-10  0.0000E+00  0.0000E+00
     1  1879     1     1        0  0.0000E+00  0.5728E+02  0.0000E+00  0.0000E+00
     1  1879     1     2        0  0.0000E+00  0.4948E-10  0.0000E+00  0.0000E+00
     1  1880     1     1        0  0.0000E+00  0.1035E+02  0.0000E+00  0.0000E+00
     1  1880     1     2        0  0.0000E+00  0.1855E-10  0.0000E+00  0.0000E+00
     1  1881     1     1        0  0.0000E+00  0.3442E+02  0.0000E+00  0.0000E+00
     1  1881     1     2        0  0.0000E+00  0.3354E-10  0.0000E+00  0.0000E+00
     1  1882     1     1        0  0.0000E+00  0.1000E+03  0.0000E+00  0.0000E+00
     1  1882     1     2        0  0.0000E+00  0.1125E-09  0.0000E+00  0.0000E+00
     1  1883     1     1        0  0.0000E+00  0.3008E+00  0.0000E+00  0.0000E+00
     1  1883     1     2        0  0.0000E+00  0.1220E-10  0.0000E+00  0.0000E+00
     1  1884     1     1        0  0.0000E+00  0.3602E+01  0.0000E+00  0.0000E+00
     1  1884     1     2        0  0.0000E+00  0.1100E-11  0.0000E+00  0.0000E+00
     1  1885     1     1        0  0.0000E+00  0.1134E+02  0.0000E+00  0.0000E+00
     1  1885     1     2        0  0.0000E+00  0.1682E-10  0.0000E+00  0.0000E+00
     1  1886     1     1        0  0.0000E+00  0.5842E+01  0.0000E+00  0.0000E+00
     1  1886     1     2        0  0.0000E+00  0.2476E-11  0.0000E+00  0.0000E+00
     1  1887     1     1        0  0.0000E+00  0.1548E+02  0.0000E+00  0.0000E+00
     1  1887     1     2        0  0.0000E+00  0.1544E-10  0.0000E+00  0.0000E+00
     1  1888     1     1        0  0.0000E+00  0.4158E+02  0.0000E+00  0.0000E+00
     1  1888     1     2        0  0.0000E+00  0.4098E-10  0.0000E+00  0.0000E+00
     1  1889     1     1        0  0.0000E+00  0.4054E+02  0.0000E+00  0.0000E+00
     1  1889     1     2        0  0.0000E+00  0.3743E-10  0.0000E+00  0.0000E+00
     1  1890     1     1        0  0.0000E+00  0.1338E+02  0.0000E+00  0.0000E+00
     1  1890     1     2        0  0.0000E+00  0.5426E-11  0.0000E+00  0.0000E+00
     1  1891     1     1        0  0.0000E+00  0.4914E+02  0.0000E+00  0.0000E+00
     1  1891     1     2        0  0.0000E+00  0.3983E-10  0.0000E+00  0.0000E+00
     1  1892     1     1        0  0.0000E+00  0.4758E+02  0.0000E+00  0.0000E+00
     1  1892     1     2        0  0.0000E+00  0.7129E-10  0.0000E+00  0.0000E+00
     1  1893     1     1        0  0.0000E+00  0.8728E+01  0.0000E+00  0.0000E+00
     1  1893     1     2        0  0.0000E+00  0.1517E-11  0.0000E+00  0.0000E+00
     1  1894     1     1        0  0.0000E+00  0.2242E+02  0.0000E+00  0.0000E+00
     1  1894     1     2        0  0.0000E+00  0.2094E-10  0.0000E+00  0.0000E+00
     1  1895     1     1        0  0.0000E+00  0.8620E+02  0.0000E+00  0.0000E+00
     1  1895     1     2        0  0.0000E+00  0.7475E-10  0.0000E+00  0.0000E+00
     1  1896     1     1        0  0.0000E+00  0.2403E+02  0.0000E+00  0.0000E+00
     1  1896     1     2        0  0.0000E+00  0.3058E-10  0.0000E+00  0.0000E+00
     1  1897     1     1        0  0.0000E+00  0.7658E+01  0.0000E+00  0.0000E+00
     1  1897     1     2        0  0.0000E+00  0.3980E-12  0.0000E+00  0.0000E+00
     1  1898     1     1        0  0.0000E+00  0.3447E+01  0.0000E+00  0.0000E+00
     1  1898     1     2        0  0.0000E+00  0.1799E-10  0.0000E+00  0.0000E+00
     1  1899     1     1        0  0.0000E+00  0.2564E+00  0.0000E+00  0.0000E+00
     1  1899     1     2        0  0.0000E+00  0.4298E-11  0.0000E+00  0.0000E+00
     1  1900     1     1        0  0.0000E+00  0.2058E+01  0.0000E+00  0.0000E+00
     1  1900     1     2        0  0.0000E+00  0.4363E-11  0.0000E+00  0.0000E+00
     1  1901     1     1        0  0.0000E+00  0.2698E+01  0.0000E+00  0.0000E+00
     1  1901     1     2        0  0.0000E+00  0.9073E-11  0.0000E+00  0.0000E+00
     1  1902     1     1        0  0.0000E+00  0.5250E+01  0.0000E+00  0.0000E+00
     1  1902     1     2        0  0.0000E+00  0.1023E-10  0.0000E+00  0.0000E+00
     1  1903     1     1        0  0.0000E+00  0.3069E+01  0.0000E+00  0.0000E+00
     1  1903     1     2        0  0.0000E+00  0.1243E-10  0.0000E+00  0.0000E+00
     1  1904     1     1        0  0.0000E+00  0.2964E+01  0.0000E+00  0.0000E+00
     1  1904     1     2        0  0.0000E+00  0.3248E-11  0.0000E+00  0.0000E+00
     1  1905     1     1        0  0.0000E+00  0.5122E+00  0.0000E+00  0.0000E+00
     1  1905     1     2        0  0.0000E+00  0.7123E-11  0.0000E+00  0.0000E+00
     1  1906     1     1        0  0.0000E+00  0.4798E+01  0.0000E+00  0.0000E+00
     1  1906     1     2        0  0.0000E+00  0.9469E-11  0.0000E+00  0.0000E+00
     1  1907     1     1        0  0.0000E+00  0.7169E+01  0.0000E+00  0.0000E+00
     1  1907     1     2        0  0.0000E+00  0.1119E-10  0.0000E+00  0.0000E+00
     1  1908     1     1        0  0.0000E+00  0.5220E+01  0.0000E+00  0.0000E+00
     1  1908     1     2        0  0.0000E+00  0.2587E-11  0.0000E+00  0.0000E+00
     1  1909     1     1        0  0.0000E+00  0.3912E+01  0.0000E+00  0.0000E+00
     1  1909     1     2        0  0.0000E+00  0.9491E-11  0.0000E+00  0.0000E+00
     1  1910     1     1        0  0.0000E+00  0.2575E+01  0.0000E+00  0.0000E+00
     1  1910     1     2        0  0.0000E+00  0.1261E-11  0.0000E+00  0.0000E+00
     1  1911     1     1        0  0.0000E+00  0.1993E+02  0.0000E+00  0.0000E+00
     1  1911     1     2        0  0.0000E+00  0.1710E-10  0.0000E+00  0.0000E+00
     1  1912     1     1        0  0.0000E+00  0.5953E+02  0.0000E+00  0.0000E+00
     1  1912     1     2        0  0.0000E+00  0.5331E-10  0.0000E+00  0.0000E+00
     1  1913     1     1        0  0.0000E+00  0.2486E+02  0.0000E+00  0.0000E+00
     1  1913     1     2        0  0.0000E+00  0.3689E-10  0.0000E+00  0.0000E+00
     1  1914     1     1        0  0.0000E+00  0.1418E+02  0.0000E+00  0.0000E+00
     1  1914     1     2        0  0.0000E+00  0.6526E-11  0.0000E+00  0.0000E+00
     1  1915     1     1        0  0.0000E+00  0.1405E+02  0.0000E+00  0.0000E+00
     1  1915     1     2        0  0.0000E+00  0.2211E-10  0.0000E+00  0.0000E+00
     1  1916     1     1        0  0.0000E+00  0.4645E+01  0.0000E+00  0.0000E+00
     1  1916     1     2        0  0.0000E+00  0.1903E-11  0.0000E+00  0.0000E+00
     1  1917     1     1        0  0.0000E+00  0.3221E+01  0.0000E+00  0.0000E+00
     1  1917     1     2        0  0.0000E+00  0.1139E-10  0.0000E+00  0.0000E+00
     1  1918     1     1        0  0.0000E+00  0.6667E+01  0.0000E+00  0.0000E+00
     1  1918     1     2        0  0.0000E+00  0.1064E-10  0.0000E+00  0.0000E+00
     1  1919     1     1        0  0.0000E+00  0.5953E+01  0.0000E+00  0.0000E+00
     1  1919     1     2        0  0.0000E+00  0.7571E-12  0.0000E+00  0.0000E+00
     1  1920     1     1        0  0.0000E+00  0.4840E+01  0.0000E+00  0.0000E+00
     1  1920     1     2        0  0.0000E+00  0.9236E-12  0.0000E+00  0.0000E+00
     1  1921     1     1        0  0.0000E+00  0.1047E+02  0.0000E+00  0.0000E+00
     1  1921     1     2        0  0.0000E+00  0.3362E-11  0.0000E+00  0.0000E+00
     1  1922     1     1        0  0.0000E+00  0.2562E+02  0.0000E+00  0.0000E+00
     1  1922     1     2        0  0.0000E+00  0.2826E-10  0.0000E+00  0.0000E+00
     1  1923     1     1        0  0.0000E+00  0.1000E+03  0.0000E+00  0.0000E+00
     1  1923     1     2        0  0.0000E+00  0.7206E-10  0.0000E+00  0.0000E+00
     1  1924     1     1        0  0.0000E+00  0.9447E+01  0.0000E+00  0.0000E+00
     1  1924     1     2        0  0.0000E+00  0.2091E-10  0.0000E+00  0.0000E+00
     1  1925     1     1        0  0.0000E+00  0.7462E+01  0.0000E+00  0.0000E+00
     1  1925     1     2        0  0.0000E+00  0.6284E-11  0.0000E+00  0.0000E+00
     1  1926     1     1        0  0.0000E+00  0.8336E+01  0.0000E+00  0.0000E+00
     1  1926     1     2        0  0.0000E+00  0.5029E-12  0.0000E+00  0.0000E+00
     1  1927     1     1        0  0.0000E+00  0.9431E+01  0.0000E+00  0.0000E+00
     1  1927     1     2        0  0.0000E+00  0.5447E-11  0.0000E+00  0.0000E+00
     1  1928     1     1        0  0.0000E+00  0.1177E+02  0.0000E+00  0.0000E+00
     1  1928     1     2        0  0.0000E+00  0.1244E-10  0.0000E+00  0.0000E+00
     1  1929     1     1        0  0.0000E+00  0.2744E+01  0.0000E+00  0.0000E+00
     1  1929     1     2        0  0.0000E+00  0.6018E-11  0.0000E+00  0.0000E+00
     1  1930     1     1        0  0.0000E+00  0.8486E+00  0.0000E+00  0.0000E+00
     1  1930     1     2        0  0.0000E+00  0.2297E-11  0.0000E+00  0.0000E+00
     1  1931     1     1        0  0.0000E+00  0.8000E+01  0.0000E+00  0.0000E+00
     1  1931     1     2        0  0.0000E+00  0.7933E-11  0.0000E+00  0.0000E+00
     1  1932     1     1        0  0.0000E+00  0.5038E+01  0.0000E+00  0.0000E+00
     1  1932     1     2        0  0.0000E+00  0.1537E-10  0.0000E+00  0.0000E+00
     1  1933     1     1        0  0.0000E+00  0.4245E+01  0.0000E+00  0.0000E+00
     1  1933     1     2        0  0.0000E+00  0.1803E-11  0.0000E+00  0.0000E+00
     1  1934     1     1        0  0.0000E+00  0.7286E+01  0.0000E+00  0.0000E+00
     1  1934     1     2        0  0.0000E+00  0.1850E-11  0.0000E+00  0.0000E+00
     1  1935     1     1        0  0.0000E+00  0.5853E+00  0.0000E+00  0.0000E+00
     1  1935     1     2        0  0.0000E+00  0.1071E-10  0.0000E+00  0.0000E+00
     1  1936     1     1        0  0.0000E+00  0.8303E+01  0.0000E+00  0.0000E+00
     1  1936     1     2        0  0.0000E+00  0.1222E-10  0.0000E+00  0.0000E+00
     1  1937     1     1        0  0.0000E+00  0.8928E+01  0.0000E+00  0.0000E+00
     1  1937     1     2        0  0.0000E+00  0.1105E-10  0.0000E+00  0.0000E+00
     1  1938     1     1        0  0.0000E+00  0.3752E+01  0.0000E+00  0.0000E+00
     1  1938     1     2        0  0.0000E+00  0.2535E-11  0.0000E+00  0.0000E+00
     1  1939     1     1        0  0.0000E+00  0.7364E+01  0.0000E+00  0.0000E+00
     1  1939     1     2        0  0.0000E+00  0.9859E-11  0.0000E+00  0.0000E+00
     1  1940     1     1        0  0.0000E+00  0.5455E+01  0.0000E+00  0.0000E+00
     1  1940     1     2        0  0.0000E+00  0.4111E-11  0.0000E+00  0.0000E+00
     1  1941     1     1        0  0.0000E+00  0.2515E+01  0.0000E+00  0.0000E+00
     1  1941     1     2        0  0.0000E+00  0.7570E-11  0.0000E+00  0.0000E+00
     1  1942     1     1        0  0.0000E+00  0.2043E+02  0.0000E+00  0.0000E+00
     1  1942     1     2        0  0.0000E+00  0.2537E-10  0.0000E+00  0.0000E+00
     1  1943     1     1        0  0.0000E+00  0.1000E+03  0.0000E+00  0.0000E+00
     1  1943     1     2        0  0.0000E+00  0.8214E-10  0.0000E+00  0.0000E+00
     1  1944     1     1        0  0.0000E+00  0.8527E+02  0.0000E+00  0.0000E+00
     1  1944     1     2        0  0.0000E+00  0.6175E-10  0.0000E+00  0.0000E+00
     1  1945     1     1        0  0.0000E+00  0.2872E+02  0.0000E+00  0.0000E+00
     1  1945     1     2        0  0.0000E+00  0.3093E-10  0.0000E+00  0.0000E+00
     1  1946     1     1        0  0.0000E+00  0.4596E+01  0.0000E+00  0.0000E+00
     1  1946     1     2        0  0.0000E+00  0.1242E-10  0.0000E+00  0.0000E+00
     1  1947     1     1        0  0.0000E+00  0.7835E+01  0.0000E+00  0.0000E+00
     1  1947     1     2        0  0.0000E+00  0.6686E-11  0.0000E+00  0.0000E+00
     1  1948     1     1        0  0.0000E+00  0.1498E+02  0.0000E+00  0.0000E+00
     1  1948     1     2        0  0.0000E+00  0.1436E-10  0.0000E+00  0.0000E+00
     1  1949     1     1        0  0.0000E+00  0.2501E+02  0.0000E+00  0.0000E+00
     1  1949     1     2        0  0.0000E+00  0.2265E-10  0.0000E+00  0.0000E+00
     1  1950     1     1        0  0.0000E+00  0.5462E+02  0.0000E+00  0.0000E+00
     1  1950     1     2        0  0.0000E+00  0.1248E-10  0.0000E+00  0.0000E+00
     1  1951     1     1        0  0.0000E+00  0.3387E+02  0.0000E+00  0.0000E+00
     1  1951     1     2        0  0.0000E+00  0.2612E-10  0.0000E+00  0.0000E+00
     1  1952     1     1        0  0.0000E+00  0.1000E+03  0.0000E+00  0.0000E+00
     1  1952     1     2        0  0.0000E+00  0.9978E-10  0.0000E+00  0.0000E+00
     1  1953     1     1        0  0.0000E+00  0.1023E+02  0.0000E+00  0.0000E+00
     1  1953     1     2        0  0.0000E+00  0.7244E-11  0.0000E+00  0.0000E+00
     1  1954     1     1        0  0.0000E+00  0.1930E+02  0.0000E+00  0.0000E+00
     1  1954     1     2        0  0.0000E+00  0.1392E-10  0.0000E+00  0.0000E+00
     1  1955     1     1        0  0.0000E+00  0.2558E+02  0.0000E+00  0.0000E+00
     1  1955     1     2        0  0.0000E+00  0.2395E-10  0.0000E+00  0.0000E+00
     1  1956     1     1        0  0.0000E+00  0.5806E+02  0.0000E+00  0.0000E+00
     1  1956     1     2        0  0.0000E+00  0.4369E-10  0.0000E+00  0.0000E+00
     1  1957     1     1        0  0.0000E+00  0.2629E+02  0.0000E+00  0.0000E+00
     1  1957     1     2        0  0.0000E+00  0.3836E-10  0.0000E+00  0.0000E+00
     1  1958     1     1        0  0.0000E+00  0.4236E+01  0.0000E+00  0.0000E+00
     1  1958     1     2        0  0.0000E+00  0.1710E-10  0.0000E+00  0.0000E+00
     1  1959     1     1        0  0.0000E+00  0.1045E+02  0.0000E+00  0.0000E+00
     1  1959     1     2        0  0.0000E+00  0.1194E-11  0.0000E+00  0.0000E+00
     1  1960     1     1        0  0.0000E+00  0.2411E+02  0.0000E+00  0.0000E+00
     1  1960     1     2        0  0.0000E+00  0.2162E-10  0.0000E+00  0.0000E+00
     1  1961     1     1        0  0.0000E+00  0.1000E+03  0.0000E+00  0.0000E+00
     1  1961     1     2        0  0.0000E+00  0.8954E-10  0.0000E+00  0.0000E+00
     1  1962     1     1        0  0.0000E+00  0.3297E+01  0.0000E+00  0.0000E+00
     1  1962     1     2        0  0.0000E+00  0.3625E-11  0.0000E+00  0.0000E+00
     1  1963     1     1        0  0.0000E+00  0.3897E+02  0.0000E+00  0.0000E+00
     1  1963     1     2        0  0.0000E+00  0.3553E-10  0.0000E+00  0.0000E+00
     1  1964     1     1        0  0.0000E+00  0.1000E+03  0.0000E+00  0.0000E+00
     1  1964     1     2        0  0.0000E+00  0.7667E-10  0.0000E+00  0.0000E+00
     1  1965     1     1        0  0.0000E+00  0.1900E+02  0.0000E+00  0.0000E+00
     1  1965     1     2        0  0.0000E+00  0.1557E-10  0.0000E+00  0.0000E+00
     1  1966     1     1        0  0.0000E+00  0.5103E+01  0.0000E+00  0.0000E+00
     1  1966     1     2        0  0.0000E+00  0.1796E-10  0.0000E+00  0.0000E+00
     1  1967     1     1        0  0.0000E+00  0.8360E+01  0.0000E+00  0.0000E+00
     1  1967     1     2        0  0.0000E+00  0.9600E-11  0.0000E+00  0.0000E+00
     1  1968     1     1        0  0.0000E+00  0.2115E+02  0.0000E+00  0.0000E+00
     1  1968     1     2        0  0.0000E+00  0.2313E-10  0.0000E+00  0.0000E+00
     1  1969     1     1        0  0.0000E+00  0.6099E+02  0.0000E+00  0.0000E+00
     1  1969     1     2        0  0.0000E+00  0.5996E-10  0.0000E+00  0.0000E+00
     1  1970     1     1        0  0.0000E+00  0.1983E+02  0.0000E+00  0.0000E+00
     1  1970     1     2        0  0.0000E+00  0.1603E-10  0.0000E+00  0.0000E+00
     1  1971     1     1        0  0.0000E+00  0.2920E+01  0.0000E+00  0.0000E+00
     1  1971     1     2        0  0.0000E+00  0.1619E-10  0.0000E+00  0.0000E+00
     1  1972     1     1        0  0.0000E+00  0.2365E+01  0.0000E+00  0.0000E+00
     1  1972     1     2        0  0.0000E+00  0.6394E-11  0.0000E+00  0.0000E+00
     1  1973     1     1        0  0.0000E+00  0.5370E+01  0.0000E+00  0.0000E+00
     1  1973     1     2        0  0.0000E+00  0.2595E-11  0.0000E+00  0.0000E+00
     1  1974     1     1        0  0.0000E+00  0.4269E+01  0.0000E+00  0.0000E+00
     1  1974     1     2        0  0.0000E+00  0.9860E-11  0.0000E+00  0.0000E+00
     1  1975     1     1        0  0.0000E+00  0.3741E+01  0.0000E+00  0.0000E+00
     1  1975     1     2        0  0.0000E+00  0.8273E-11  0.0000E+00  0.0000E+00
     1  1976     1     1        0  0.0000E+00  0.8021E+01  0.0000E+00  0.0000E+00
     1  1976     1     2        0  0.0000E+00  0.1230E-10  0.0000E+00  0.0000E+00
     1  1977     1     1        0  0.0000E+00  0.1439E+01  0.0000E+00  0.0000E+00
     1  1977     1     2        0  0.0000E+00  0.3407E-11  0.0000E+00  0.0000E+00
     1  1978     1     1        0  0.0000E+00  0.1057E+02  0.0000E+00  0.0000E+00
     1  1978     1     2        0  0.0000E+00  0.6400E-12  0.0000E+00  0.0000E+00
     1  1979     1     1        0  0.0000E+00  0.9923E+01  0.0000E+00  0.0000E+00
     1  1979     1     2        0  0.0000E+00  0.3185E-11  0.0000E+00  0.0000E+00
     1  1980     1     1        0  0.0000E+00  0.2440E+01  0.0000E+00  0.0000E+00
     1  1980     1     2        0  0.0000E+00  0.2317E-11  0.0000E+00  0.0000E+00
     1  1981     1     1        0  0.0000E+00  0.2230E+02  0.0000E+00  0.0000E+00
     1  1981     1     2        0  0.0000E+00  0.1862E-10  0.0000E+00  0.0000E+00
     1  1982     1     1        0  0.0000E+00  0.1000E+03  0.0000E+00  0.0000E+00
     1  1982     1     2        0  0.0000E+00  0.9392E-10  0.0000E+00  0.0000E+00
     1  1983     1     1        0  0.0000E+00  0.4780E+02  0.0000E+00  0.0000E+00
     1  1983     1     2        0  0.0000E+00  0.2769E-10  0.0000E+00  0.0000E+00
     1  1984     1     1        0  0.0000E+00  0.2044E+02  0.0000E+00  0.0000E+00
     1  1984     1     2        0  0.0000E+00  0.7953E-11  0.0000E+00  0.0000E+00
     1  1985     1     1        0  0.0000E+00  0.7929E+01  0.0000E+00  0.0000E+00
     1  1985     1     2        0  0.0000E+00  0.2362E-10  0.0000E+00  0.0000E+00
     1  1986     1     1        0  0.0000E+00  0.1814E+00  0.0000E+00  0.0000E+00
     1  1986     1     2        0  0.0000E+00  0.5851E-11  0.0000E+00  0.0000E+00
     1  1987     1     1        0  0.0000E+00  0.8414E+01  0.0000E+00  0.0000E+00
     1  1987     1     2        0  0.0000E+00  0.6904E-11  0.0000E+00  0.0000E+00
     1  1988     1     1        0  0.0000E+00  0.1322E+02  0.0000E+00  0.0000E+00
     1  1988     1     2        0  0.0000E+00  0.1425E-10  0.0000E+00  0.0000E+00
     1  1989     1     1        0  0.0000E+00  0.1409E+02  0.0000E+00  0.0000E+00
     1  1989     1     2        0  0.0000E+00  0.8896E-11  0.0000E+00  0.0000E+00
     1  1990     1     1        0  0.0000E+00  0.8513E+01  0.0000E+00  0.0000E+00
     1  1990     1     2        0  0.0000E+00  0.5109E-11  0.0000E+00  0.0000E+00
     1  1991     1     1        0  0.0000E+00  0.1000E+03  0.0000E+00  0.0000E+00
     1  1991     1     2        0  0.0000E+00  0.9196E-10  0.0000E+00  0.0000E+00
     1  1992     1     1        0  0.0000E+00  0.4635E+02  0.0000E+00  0.0000E+00
     1  1992     1     2        0  0.0000E+00  0.3112E-10  0.0000E+00  0.0000E+00
     1  1993     1     1        0  0.0000E+00  0.4154E+01  0.0000E+00  0.0000E+00
     1  1993     1     2        0  0.0000E+00  0.9556E-11  0.0000E+00  0.0000E+00
     1  1994     1     1        0  0.0000E+00  0.1146E+02  0.0000E+00  0.0000E+00
     1  1994     1     2        0  0.0000E+00  0.4820E-11  0.0000E+00  0.0000E+00
     1  1995     1     1        0  0.0000E+00  0.2981E+02  0.0000E+00  0.0000E+00
     1  1995     1     2        0  0.0000E+00  0.3291E-10  0.0000E+00  0.0000E+00
     1  1996     1     1        0  0.0000E+00  0.1000E+03  0.0000E+00  0.0000E+00
     1  1996     1     2        0  0.0000E+00  0.9760E-10  0.0000E+00  0.0000E+00
     1  1997     1     1        0  0.0000E+00  0.1221E+02  0.0000E+00  0.0000E+00
     1  1997     1     2        0  0.0000E+00  0.1829E-10  0.0000E+00  0.0000E+00
     1  1998     1     1        0  0.0000E+00  0.1688E+01  0.0000E+00  0.0000E+00
     1  1998     1     2        0  0.0000E+00  0.7312E-11  0.0000E+00  0.0000E+00
     1  1999     1     1        0  0.0000E+00  0.7621E+01  0.0000E+00  0.0000E+00
     1  1999     1     2        0  0.0000E+00  0.2138E-11  0.0000E+00  0.0000E+00
     1  2000     1     1        0  0.0000E+00  0.1258E+02  0.0000E+00  0.0000E+00
     1  2000     1     2        0  0.0000E+00  0.1125E-10  0.0000E+00  0.0000E+00
     1  2001     1     1        0  0.0000E+00  0.2390E+02  0.0000E+00  0.0000E+00
     1  2001     1     2        0  0.0000E+00  0.2970E-10  0.0000E+00  0.0000E+00
     1  2002     1     1        0  0.0000E+00  0.1000E+03  0.0000E+00  0.0000E+00
     1  2002     1     2        0  0.0000E+00  0.1083E-09  0.0000E+00  0.0000E+00
     1  2003     1     1        0  0.0000E+00  0.5461E+01  0.0000E+00  0.0000E+00
     1  2003     1     2        0  0.0000E+00  0.2118E-10  0.0000E+00  0.0000E+00
     1  2004     1     1        0  0.0000E+00  0.3882E+02  0.0000E+00  0.0000E+00
     1  2004     1     2        0  0.0000E+00  0.3631E-10  0.0000E+00  0.0000E+00
     1  2005     1     1        0  0.0000E+00  0.1000E+03  0.0000E+00  0.0000E+00
     1  2005     1     2        0  0.0000E+00  0.8453E-10  0.0000E+00  0.0000E+00
     1  2006     1     1        0  0.0000E+00  0.1010E+01  0.0000E+00  0.0000E+00
     1  2006     1     2        0  0.0000E+00  0.3762E-11  0.0000E+00  0.0000E+00
     1  2007     1     1        0  0.0000E+00  0.1200E+02  0.0000E+00  0.0000E+00
     1  2007     1     2        0  0.0000E+00  0.1551E-10  0.0000E+00  0.0000E+00
     1  2008     1     1        0  0.0000E+00  0.2219E+02  0.0000E+00  0.0000E+00
     1  2008     1     2        0  0.0000E+00  0.2251E-10  0.0000E+00  0.0000E+00
     1  2009     1     1        0  0.0000E+00  0.6889E+02  0.0000E+00  0.0000E+00
     1  2009     1     2        0  0.0000E+00  0.6280E-10  0.0000E+00  0.0000E+00
     1  2010     1     1        0  0.0000E+00  0.2070E+01  0.0000E+00  0.0000E+00
     1  2010     1     2        0  0.0000E+00  0.1808E-10  0.0000E+00  0.0000E+00
     1  2011     1     1        0  0.0000E+00  0.2775E+01  0.0000E+00  0.0000E+00
     1  2011     1     2        0  0.0000E+00  0.1491E-10  0.0000E+00  0.0000E+00
     1  2012     1     1        0  0.0000E+00  0.3731E+01  0.0000E+00  0.0000E+00
     1  2012     1     2        0  0.0000E+00  0.1283E-10  0.0000E+00  0.0000E+00
     1  2013     1     1        0  0.0000E+00  0.2869E+02  0.0000E+00  0.0000E+00
     1  2013     1     2        0  0.0000E+00  0.3300E-10  0.0000E+00  0.0000E+00
     1  2014     1     1        0  0.0000E+00  0.1000E+03  0.0000E+00  0.0000E+00
     1  2014     1     2        0  0.0000E+00  0.1034E-09  0.0000E+00  0.0000E+00
     1  2015     1     1        0  0.0000E+00  0.1780E+02  0.0000E+00  0.0000E+00
     1  2015     1     2        0  0.0000E+00  0.1519E-10  0.0000E+00  0.0000E+00
     1  2016     1     1        0  0.0000E+00  0.1937E+01  0.0000E+00  0.0000E+00
     1  2016     1     2        0  0.0000E+00  0.1078E-10  0.0000E+00  0.0000E+00
     1  2017     1     1        0  0.0000E+00  0.1160E+02  0.0000E+00  0.0000E+00
     1  2017     1     2        0  0.0000E+00  0.8078E-11  0.0000E+00  0.0000E+00
     1  2018     1     1        0  0.0000E+00  0.2004E+02  0.0000E+00  0.0000E+00
     1  2018     1     2        0  0.0000E+00  0.1009E-10  0.0000E+00  0.0000E+00
     1  2019     1     1        0  0.0000E+00  0.6907E+02  0.0000E+00  0.0000E+00
     1  2019     1     2        0  0.0000E+00  0.6852E-10  0.0000E+00  0.0000E+00
     1  2020     1     1        0  0.0000E+00  0.1268E+02  0.0000E+00  0.0000E+00
     1  2020     1     2        0  0.0000E+00  0.9590E-11  0.0000E+00  0.0000E+00
     1  2021     1     1        0  0.0000E+00  0.8632E+01  0.0000E+00  0.0000E+00
     1  2021     1     2        0  0.0000E+00  0.7098E-11  0.0000E+00  0.0000E+00
     1  2022     1     1        0  0.0000E+00  0.2106E+02  0.0000E+00  0.0000E+00
     1  2022     1     2        0  0.0000E+00  0.1544E-10  0.0000E+00  0.0000E+00
     1  2023     1     1        0  0.0000E+00  0.6999E+02  0.0000E+00  0.0000E+00
     1  2023     1     2        0  0.0000E+00  0.6319E-10  0.0000E+00  0.0000E+00
     1  2024     1     1        0  0.0000E+00  0.5100E+01  0.0000E+00  0.0000E+00
     1  2024     1     2        0  0.0000E+00  0.8195E-11  0.0000E+00  0.0000E+00
     1  2025     1     1        0  0.0000E+00  0.4309E+02  0.0000E+00  0.0000E+00
     1  2025     1     2        0  0.0000E+00  0.4101E-10  0.0000E+00  0.0000E+00
     1  2026     1     1        0  0.0000E+00  0.1000E+03  0.0000E+00  0.0000E+00
     1  2026     1     2        0  0.0000E+00  0.9359E-10  0.0000E+00  0.0000E+00
     1  2027     1     1        0  0.0000E+00  0.1382E+02  0.0000E+00  0.0000E+00
     1  2027     1     2        0  0.0000E+00  0.9740E-12  0.0000E+00  0.0000E+00
     1  2028     1     1        0  0.0000E+00  0.5879E+01  0.0000E+00  0.0000E+00
     1  2028     1     2        0  0.0000E+00  0.8697E-11  0.0000E+00  0.0000E+00
     1  2029     1     1        0  0.0000E+00  0.1781E+02  0.0000E+00  0.0000E+00
     1  2029     1     2        0  0.0000E+00  0.1662E-10  0.0000E+00  0.0000E+00
     1  2030     1     1        0  0.0000E+00  0.4458E+02  0.0000E+00  0.0000E+00
     1  2030     1     2        0  0.0000E+00  0.4284E-10  0.0000E+00  0.0000E+00
     1  2031     1     1        0  0.0000E+00  0.1991E+02  0.0000E+00  0.0000E+00
     1  2031     1     2        0  0.0000E+00  0.1159E-11  0.0000E+00  0.0000E+00
     1  2032     1     1        0  0.0000E+00  0.9232E+01  0.0000E+00  0.0000E+00
     1  2032     1     2        0  0.0000E+00  0.1804E-10  0.0000E+00  0.0000E+00
     1  2033     1     1        0  0.0000E+00  0.2018E+02  0.0000E+00  0.0000E+00
     1  2033     1     2        0  0.0000E+00  0.1839E-10  0.0000E+00  0.0000E+00
     1  2034     1     1        0  0.0000E+00  0.6941E+02  0.0000E+00  0.0000E+00
     1  2034     1     2        0  0.0000E+00  0.6314E-10  0.0000E+00  0.0000E+00
     1  2035     1     1        0  0.0000E+00  0.2505E+02  0.0000E+00  0.0000E+00
     1  2035     1     2        0  0.0000E+00  0.1180E-10  0.0000E+00  0.0000E+00
     1  2036     1     1        0  0.0000E+00  0.1066E+02  0.0000E+00  0.0000E+00
     1  2036     1     2        0  0.0000E+00  0.7239E-11  0.0000E+00  0.0000E+00
     1  2037     1     1        0  0.0000E+00  0.3836E+02  0.0000E+00  0.0000E+00
     1  2037     1     2        0  0.0000E+00  0.3278E-10  0.0000E+00  0.0000E+00
     1  2038     1     1        0  0.0000E+00  0.9631E+02  0.0000E+00  0.0000E+00
     1  2038     1     2        0  0.0000E+00  0.1003E-09  0.0000E+00  0.0000E+00
     1  2039     1     1        0  0.0000E+00  0.3245E+01  0.0000E+00  0.0000E+00
     1  2039     1     2        0  0.0000E+00  0.1618E-10  0.0000E+00  0.0000E+00
     1  2040     1     1        0  0.0000E+00  0.1454E+02  0.0000E+00  0.0000E+00
     1  2040     1     2        0  0.0000E+00  0.1907E-10  0.0000E+00  0.0000E+00
     1  2041     1     1        0  0.0000E+00  0.2440E+02  0.0000E+00  0.0000E+00
     1  2041     1     2        0  0.0000E+00  0.2449E-10  0.0000E+00  0.0000E+00
     1  2042     1     1        0  0.0000E+00  0.1000E+03  0.0000E+00  0.0000E+00
     1  2042     1     2        0  0.0000E+00  0.9910E-10  0.0000E+00  0.0000E+00
     1  2043     1     1        0  0.0000E+00  0.4437E+00  0.0000E+00  0.0000E+00
     1  2043     1     2        0  0.0000E+00  0.2480E-11  0.0000E+00  0.0000E+00
     1  2044     1     1        0  0.0000E+00  0.9649E+01  0.0000E+00  0.0000E+00
     1  2044     1     2        0  0.0000E+00  0.5168E-11  0.0000E+00  0.0000E+00
     1  2045     1     1        0  0.0000E+00  0.1618E+02  0.0000E+00  0.0000E+00
     1  2045     1     2        0  0.0000E+00  0.1755E-10  0.0000E+00  0.0000E+00
     1  2046     1     1        0  0.0000E+00  0.6537E+02  0.0000E+00  0.0000E+00
     1  2046     1     2        0  0.0000E+00  0.5939E-10  0.0000E+00  0.0000E+00
     1  2047     1     1        0  0.0000E+00  0.5313E+02  0.0000E+00  0.0000E+00
     1  2047     1     2        0  0.0000E+00  0.5102E-10  0.0000E+00  0.0000E+00
     1  2048     1     1        0  0.0000E+00  0.2773E+01  0.0000E+00  0.0000E+00
     1  2048     1     2        0  0.0000E+00  0.4675E-11  0.0000E+00  0.0000E+00
     1  2049     1     1        0  0.0000E+00  0.1374E+02  0.0000E+00  0.0000E+00
     1  2049     1     2        0  0.0000E+00  0.1090E-10  0.0000E+00  0.0000E+00
     1  2050     1     1        0  0.0000E+00  0.3635E+02  0.0000E+00  0.0000E+00
     1  2050     1     2        0  0.0000E+00  0.3698E-10  0.0000E+00  0.0000E+00
     1  2051     1     1        0  0.0000E+00  0.3306E+02  0.0000E+00  0.0000E+00
     1  2051     1     2        0  0.0000E+00  0.1643E-10  0.0000E+00  0.0000E+00
     1  2052     1     1        0  0.0000E+00  0.2410E+02  0.0000E+00  0.0000E+00
     1  2052     1     2        0  0.0000E+00  0.1475E-10  0.0000E+00  0.0000E+00
     1  2053     1     1        0  0.0000E+00  0.7848E+02  0.0000E+00  0.0000E+00
     1  2053     1     2        0  0.0000E+00  0.7482E-10  0.0000E+00  0.0000E+00
     1  2054     1     1        0  0.0000E+00  0.2149E+02  0.0000E+00  0.0000E+00
     1  2054     1     2        0  0.0000E+00  0.2120E-10  0.0000E+00  0.0000E+00
     1  2055     1     1        0  0.0000E+00  0.2041E+01  0.0000E+00  0.0000E+00
     1  2055     1     2        0  0.0000E+00  0.6101E-11  0.0000E+00  0.0000E+00
     1  2056     1     1        0  0.0000E+00  0.1314E+02  0.0000E+00  0.0000E+00
     1  2056     1     2        0  0.0000E+00  0.1526E-10  0.0000E+00  0.0000E+00
     1  2057     1     1        0  0.0000E+00  0.2004E+02  0.0000E+00  0.0000E+00
     1  2057     1     2        0  0.0000E+00  0.2278E-10  0.0000E+00  0.0000E+00
     1  2058     1     1        0  0.0000E+00  0.1015E+02  0.0000E+00  0.0000E+00
     1  2058     1     2        0  0.0000E+00  0.9422E-11  0.0000E+00  0.0000E+00
     1  2059     1     1        0  0.0000E+00  0.1665E+02  0.0000E+00  0.0000E+00
     1  2059     1     2        0  0.0000E+00  0.7003E-11  0.0000E+00  0.0000E+00
     1  2060     1     1        0  0.0000E+00  0.4858E+02  0.0000E+00  0.0000E+00
     1  2060     1     2        0  0.0000E+00  0.3930E-10  0.0000E+00  0.0000E+00
     1  2061     1     1        0  0.0000E+00  0.3530E+02  0.0000E+00  0.0000E+00
     1  2061     1     2        0  0.0000E+00  0.3264E-10  0.0000E+00  0.0000E+00
     1  2062     1     1        0  0.0000E+00  0.1000E+03  0.0000E+00  0.0000E+00
     1  2062     1     2        0  0.0000E+00  0.9598E-10  0.0000E+00  0.0000E+00
     1  2063     1     1        0  0.0000E+00  0.2393E+02  0.0000E+00  0.0000E+00
     1  2063     1     2        0  0.0000E+00  0.8987E-11  0.0000E+00  0.0000E+00
     1  2064     1     1        0  0.0000E+00  0.9683E+00  0.0000E+00  0.0000E+00
     1  2064     1     2        0  0.0000E+00  0.9772E-11  0.0000E+00  0.0000E+00
     1  2065     1     1        0  0.0000E+00  0.1217E+02  0.0000E+00  0.0000E+00
     1  2065     1     2        0  0.0000E+00  0.2206E-10  0.0000E+00  0.0000E+00
     1  2066     1     1        0  0.0000E+00  0.2349E+02  0.0000E+00  0.0000E+00
     1  2066     1     2        0  0.0000E+00  0.1956E-10  0.0000E+00  0.0000E+00
     1  2067     1     1        0  0.0000E+00  0.1000E+03  0.0000E+00  0.0000E+00
     1  2067     1     2        0  0.0000E+00  0.8270E-10  0.0000E+00  0.0000E+00
     1  2068     1     1        0  0.0000E+00  0.1143E+02  0.0000E+00  0.0000E+00
     1  2068     1     2        0  0.0000E+00  0.9828E-11  0.0000E+00  0.0000E+00
     1  2069     1     1        0  0.0000E+00  0.4980E+01  0.0000E+00  0.0000E+00
     1  2069     1     2        0  0.0000E+00  0.1150E-11  0.0000E+00  0.0000E+00
     1  2070     1     1        0  0.0000E+00  0.1455E+02  0.0000E+00  0.0000E+00
     1  2070     1     2        0  0.0000E+00  0.1213E-10  0.0000E+00  0.0000E+00
     1  2071     1     1        0  0.0000E+00  0.3808E+02  0.0000E+00  0.0000E+00
     1  2071     1     2        0  0.0000E+00  0.3289E-10  0.0000E+00  0.0000E+00
     1  2072     1     1        0  0.0000E+00  0.7117E+02  0.0000E+00  0.0000E+00
     1  2072     1     2        0  0.0000E+00  0.9573E-10  0.0000E+00  0.0000E+00
     1  2073     1     1        0  0.0000E+00  0.3458E+01  0.0000E+00  0.0000E+00
     1  2073     1     2        0  0.0000E+00  0.5073E-11  0.0000E+00  0.0000E+00
     1  2074     1     1        0  0.0000E+00  0.1070E+02  0.0000E+00  0.0000E+00
     1  2074     1     2        0  0.0000E+00  0.2134E-10  0.0000E+00  0.0000E+00
     1  2075     1     1        0  0.0000E+00  0.3857E+02  0.0000E+00  0.0000E+00
     1  2075     1     2        0  0.0000E+00  0.3373E-10  0.0000E+00  0.0000E+00
     1  2076     1     1        0  0.0000E+00  0.1000E+03  0.0000E+00  0.0000E+00
     1  2076     1     2        0  0.0000E+00  0.1298E-09  0.0000E+00  0.0000E+00
     1  2077     1     1        0  0.0000E+00  0.3069E+00  0.0000E+00  0.0000E+00
     1  2077     1     2        0  0.0000E+00  0.1911E-11  0.0000E+00  0.0000E+00
     1  2078     1     1        0  0.0000E+00  0.1090E+02  0.0000E+00  0.0000E+00
     1  2078     1     2        0  0.0000E+00  0.8021E-11  0.0000E+00  0.0000E+00
     1  2079     1     1        0  0.0000E+00  0.2168E+02  0.0000E+00  0.0000E+00
     1  2079     1     2        0  0.0000E+00  0.2124E-10  0.0000E+00  0.0000E+00
     1  2080     1     1        0  0.0000E+00  0.1000E+03  0.0000E+00  0.0000E+00
     1  2080     1     2        0  0.0000E+00  0.8684E-10  0.0000E+00  0.0000E+00
     1  2081     1     1        0  0.0000E+00  0.6075E+01  0.0000E+00  0.0000E+00
     1  2081     1     2        0  0.0000E+00  0.9707E-11  0.0000E+00  0.0000E+00
     1  2082     1     1        0  0.0000E+00  0.2582E+02  0.0000E+00  0.0000E+00
     1  2082     1     2        0  0.0000E+00  0.1862E-10  0.0000E+00  0.0000E+00
     1  2083     1     1        0  0.0000E+00  0.8989E+02  0.0000E+00  0.0000E+00
     1  2083     1     2        0  0.0000E+00  0.7447E-10  0.0000E+00  0.0000E+00
     1  2084     1     1        0  0.0000E+00  0.1007E+02  0.0000E+00  0.0000E+00
     1  2084     1     2        0  0.0000E+00  0.2329E-10  0.0000E+00  0.0000E+00
     1  2085     1     1        0  0.0000E+00  0.2503E+02  0.0000E+00  0.0000E+00
     1  2085     1     2        0  0.0000E+00  0.2027E-10  0.0000E+00  0.0000E+00
     1  2086     1     1        0  0.0000E+00  0.2839E+02  0.0000E+00  0.0000E+00
     1  2086     1     2        0  0.0000E+00  0.2778E-10  0.0000E+00  0.0000E+00
     1  2087     1     1        0  0.0000E+00  0.2664E+02  0.0000E+00  0.0000E+00
     1  2087     1     2        0  0.0000E+00  0.1764E-10  0.0000E+00  0.0000E+00
     1  2088     1     1        0  0.0000E+00  0.4015E+02  0.0000E+00  0.0000E+00
     1  2088     1     2        0  0.0000E+00  0.4882E-10  0.0000E+00  0.0000E+00
     1  2089     1     1        0  0.0000E+00  0.1000E+03  0.0000E+00  0.0000E+00
     1  2089     1     2        0  0.0000E+00  0.7999E-10  0.0000E+00  0.0000E+00
     1  2090     1     1        0  0.0000E+00  0.2530E+02  0.0000E+00  0.0000E+00
     1  2090     1     2        0  0.0000E+00  0.1420E-10  0.0000E+00  0.0000E+00
     1  2091     1     1        0  0.0000E+00  0.6897E+01  0.0000E+00  0.0000E+00
     1  2091     1     2        0  0.0000E+00  0.4078E-11  0.0000E+00  0.0000E+00
     1  2092     1     1        0  0.0000E+00  0.1612E+02  0.0000E+00  0.0000E+00
     1  2092     1     2        0  0.0000E+00  0.8486E-11  0.0000E+00  0.0000E+00
     1  2093     1     1        0  0.0000E+00  0.9183E+01  0.0000E+00  0.0000E+00
     1  2093     1     2        0  0.0000E+00  0.6766E-11  0.0000E+00  0.0000E+00
     1  2094     1     1        0  0.0000E+00  0.1711E+02  0.0000E+00  0.0000E+00
     1  2094     1     2        0  0.0000E+00  0.1043E-10  0.0000E+00  0.0000E+00
     1  2095     1     1        0  0.0000E+00  0.1524E+02  0.0000E+00  0.0000E+00
     1  2095     1     2        0  0.0000E+00  0.2009E-10  0.0000E+00  0.0000E+00
     1  2096     1     1        0  0.0000E+00  0.5075E+02  0.0000E+00  0.0000E+00
     1  2096     1     2        0  0.0000E+00  0.5035E-10  0.0000E+00  0.0000E+00
     1  2097     1     1        0  0.0000E+00  0.6305E+02  0.0000E+00  0.0000E+00
     1  2097     1     2        0  0.0000E+00  0.5207E-10  0.0000E+00  0.0000E+00
     1  2098     1     1        0  0.0000E+00  0.6124E+01  0.0000E+00  0.0000E+00
     1  2098     1     2        0  0.0000E+00  0.1846E-11  0.0000E+00  0.0000E+00
     1  2099     1     1        0  0.0000E+00  0.2863E+02  0.0000E+00  0.0000E+00
     1  2099     1     2        0  0.0000E+00  0.2561E-10  0.0000E+00  0.0000E+00
     1  2100     1     1        0  0.0000E+00  0.1000E+03  0.0000E+00  0.0000E+00
     1  2100     1     2        0  0.0000E+00  0.9150E-10  0.0000E+00  0.0000E+00
     1  2101     1     1        0  0.0000E+00  0.1411E+01  0.0000E+00  0.0000E+00
     1  2101     1     2        0  0.0000E+00  0.6688E-11  0.0000E+00  0.0000E+00
     1  2102     1     1        0  0.0000E+00  0.8244E+01  0.0000E+00  0.0000E+00
     1  2102     1     2        0  0.0000E+00  0.9730E-11  0.0000E+00  0.0000E+00
     1  2103     1     1        0  0.0000E+00  0.3469E+01  0.0000E+00  0.0000E+00
     1  2103     1     2        0  0.0000E+00  0.3372E-11  0.0000E+00  0.0000E+00
     1  2104     1     1        0  0.0000E+00  0.9964E+01  0.0000E+00  0.0000E+00
     1  2104     1     2        0  0.0000E+00  0.1667E-10  0.0000E+00  0.0000E+00
     1  2105     1     1        0  0.0000E+00  0.4386E+01  0.0000E+00  0.0000E+00
     1  2105     1     2        0  0.0000E+00  0.6897E-12  0.0000E+00  0.0000E+00
     1  2106     1     1        0  0.0000E+00  0.1650E+02  0.0000E+00  0.0000E+00
     1  2106     1     2        0  0.0000E+00  0.1634E-10  0.0000E+00  0.0000E+00
     1  2107     1     1        0  0.0000E+00  0.4920E+02  0.0000E+00  0.0000E+00
     1  2107     1     2        0  0.0000E+00  0.4216E-10  0.0000E+00  0.0000E+00
     1  2108     1     1        0  0.0000E+00  0.6297E+02  0.0000E+00  0.0000E+00
     1  2108     1     2        0  0.0000E+00  0.7404E-10  0.0000E+00  0.0000E+00
     1  2109     1     1        0  0.0000E+00  0.6929E+01  0.0000E+00  0.0000E+00
     1  2109     1     2        0  0.0000E+00  0.1048E-10  0.0000E+00  0.0000E+00
     1  2110     1     1        0  0.0000E+00  0.6341E+01  0.0000E+00  0.0000E+00
     1  2110     1     2        0  0.0000E+00  0.7892E-11  0.0000E+00  0.0000E+00
     1  2111     1     1        0  0.0000E+00  0.1411E+02  0.0000E+00  0.0000E+00
     1  2111     1     2        0  0.0000E+00  0.9275E-11  0.0000E+00  0.0000E+00
     1  2112     1     1        0  0.0000E+00  0.3006E+02  0.0000E+00  0.0000E+00
     1  2112     1     2        0  0.0000E+00  0.2753E-10  0.0000E+00  0.0000E+00
     1  2113     1     1        0  0.0000E+00  0.8927E+02  0.0000E+00  0.0000E+00
     1  2113     1     2        0  0.0000E+00  0.6128E-10  0.0000E+00  0.0000E+00
     1  2114     1     1        0  0.0000E+00  0.3892E+02  0.0000E+00  0.0000E+00
     1  2114     1     2        0  0.0000E+00  0.3249E-10  0.0000E+00  0.0000E+00
     1  2115     1     1        0  0.0000E+00  0.1000E+03  0.0000E+00  0.0000E+00
     1  2115     1     2        0  0.0000E+00  0.9980E-10  0.0000E+00  0.0000E+00
     1  2116     1     1        0  0.0000E+00  0.1767E+02  0.0000E+00  0.0000E+00
     1  2116     1     2        0  0.0000E+00  0.7923E-11  0.0000E+00  0.0000E+00
     1  2117     1     1        0  0.0000E+00  0.3970E+00  0.0000E+00  0.0000E+00
     1  2117     1     2        0  0.0000E+00  0.5723E-11  0.0000E+00  0.0000E+00
     1  2118     1     1        0  0.0000E+00  0.5969E+01  0.0000E+00  0.0000E+00
     1  2118     1     2        0  0.0000E+00  0.5907E-11  0.0000E+00  0.0000E+00
     1  2119     1     1        0  0.0000E+00  0.1276E+02  0.0000E+00  0.0000E+00
     1  2119     1     2        0  0.0000E+00  0.3868E-11  0.0000E+00  0.0000E+00
     1  2120     1     1        0  0.0000E+00  0.2181E+02  0.0000E+00  0.0000E+00
     1  2120     1     2        0  0.0000E+00  0.2354E-10  0.0000E+00  0.0000E+00
     1  2121     1     1        0  0.0000E+00  0.1000E+03  0.0000E+00  0.0000E+00
     1  2121     1     2        0  0.0000E+00  0.8723E-10  0.0000E+00  0.0000E+00
     1  2122     1     1        0  0.0000E+00  0.6877E+01  0.0000E+00  0.0000E+00
     1  2122     1     2        0  0.0000E+00  0.1750E-11  0.0000E+00  0.0000E+00
     1  2123     1     1        0  0.0000E+00  0.9427E+01  0.0000E+00  0.0000E+00
     1  2123     1     2        0  0.0000E+00  0.7200E-11  0.0000E+00  0.0000E+00
     1  2124     1     1        0  0.0000E+00  0.1752E+02  0.0000E+00  0.0000E+00
     1  2124     1     2        0  0.0000E+00  0.2786E-10  0.0000E+00  0.0000E+00
     1  2125     1     1        0  0.0000E+00  0.2870E+00  0.0000E+00  0.0000E+00
     1  2125     1     2        0  0.0000E+00  0.3784E-11  0.0000E+00  0.0000E+00
     1  2126     1     1        0  0.0000E+00  0.1000E+03  0.0000E+00  0.0000E+00
     1  2126     1     2        0  0.0000E+00  0.9006E-10  0.0000E+00  0.0000E+00
     1  2127     1     1        0  0.0000E+00  0.1571E+02  0.0000E+00  0.0000E+00
     1  2127     1     2        0  0.0000E+00  0.1524E-10  0.0000E+00  0.0000E+00
     1  2128     1     1        0  0.0000E+00  0.9527E+00  0.0000E+00  0.0000E+00
     1  2128     1     2        0  0.0000E+00  0.5556E-12  0.0000E+00  0.0000E+00
     1  2129     1     1        0  0.0000E+00  0.7133E+01  0.0000E+00  0.0000E+00
     1  2129     1     2        0  0.0000E+00  0.3344E-11  0.0000E+00  0.0000E+00
     1  2130     1     1        0  0.0000E+00  0.2668E+02  0.0000E+00  0.0000E+00
     1  2130     1     2        0  0.0000E+00  0.2889E-10  0.0000E+00  0.0000E+00
     1  2131     1     1        0  0.0000E+00  0.1000E+03  0.0000E+00  0.0000E+00
     1  2131     1     2        0  0.0000E+00  0.9023E-10  0.0000E+00  0.0000E+00
     1  2132     1     1        0  0.0000E+00  0.1601E+02  0.0000E+00  0.0000E+00
     1  2132     1     2        0  0.0000E+00  0.5105E-11  0.0000E+00  0.0000E+00
     1  2133     1     1        0  0.0000E+00  0.4916E+02  0.0000E+00  0.0000E+00
     1  2133     1     2        0  0.0000E+00  0.4704E-10  0.0000E+00  0.0000E+00
     1  2134     1     1        0  0.0000E+00  0.6287E+02  0.0000E+00  0.0000E+00
     1  2134     1     2        0  0.0000E+00  0.7501E-10  0.0000E+00  0.0000E+00
     1  2135     1     1        0  0.0000E+00  0.6634E+01  0.0000E+00  0.0000E+00
     1  2135     1     2        0  0.0000E+00  0.1423E-11  0.0000E+00  0.0000E+00
     1  2136     1     1        0  0.0000E+00  0.7120E+01  0.0000E+00  0.0000E+00
     1  2136     1     2        0  0.0000E+00  0.6024E-11  0.0000E+00  0.0000E+00
     1  2137     1     1        0  0.0000E+00  0.1919E+02  0.0000E+00  0.0000E+00
     1  2137     1     2        0  0.0000E+00  0.1802E-10  0.0000E+00  0.0000E+00
     1  2138     1     1        0  0.0000E+00  0.6627E+02  0.0000E+00  0.0000E+00
     1  2138     1     2        0  0.0000E+00  0.5928E-10  0.0000E+00  0.0000E+00
     1  2139     1     1        0  0.0000E+00  0.3030E+02  0.0000E+00  0.0000E+00
     1  2139     1     2        0  0.0000E+00  0.2008E-10  0.0000E+00  0.0000E+00
     1  2140     1     1        0  0.0000E+00  0.8479E+00  0.0000E+00  0.0000E+00
     1  2140     1     2        0  0.0000E+00  0.4315E-11  0.0000E+00  0.0000E+00
     1  2141     1     1        0  0.0000E+00  0.1189E+02  0.0000E+00  0.0000E+00
     1  2141     1     2        0  0.0000E+00  0.4713E-11  0.0000E+00  0.0000E+00
     1  2142     1     1        0  0.0000E+00  0.2702E+02  0.0000E+00  0.0000E+00
     1  2142     1     2        0  0.0000E+00  0.2836E-10  0.0000E+00  0.0000E+00
     1  2143     1     1        0  0.0000E+00  0.1000E+03  0.0000E+00  0.0000E+00
     1  2143     1     2        0  0.0000E+00  0.8892E-10  0.0000E+00  0.0000E+00
     1  2144     1     1        0  0.0000E+00  0.9916E+00  0.0000E+00  0.0000E+00
     1  2144     1     2        0  0.0000E+00  0.4652E-11  0.0000E+00  0.0000E+00
     1  2145     1     1        0  0.0000E+00  0.1350E+02  0.0000E+00  0.0000E+00
     1  2145     1     2        0  0.0000E+00  0.1075E-10  0.0000E+00  0.0000E+00
     1  2146     1     1        0  0.0000E+00  0.3392E+02  0.0000E+00  0.0000E+00
     1  2146     1     2        0  0.0000E+00  0.3609E-10  0.0000E+00  0.0000E+00
     1  2147     1     1        0  0.0000E+00  0.6891E+02  0.0000E+00  0.0000E+00
     1  2147     1     2        0  0.0000E+00  0.6054E-10  0.0000E+00  0.0000E+00
     1  2148     1     1        0  0.0000E+00  0.8250E+01  0.0000E+00  0.0000E+00
     1  2148     1     2        0  0.0000E+00  0.7580E-11  0.0000E+00  0.0000E+00
     1  2149     1     1        0  0.0000E+00  0.7134E+01  0.0000E+00  0.0000E+00
     1  2149     1     2        0  0.0000E+00  0.8226E-11  0.0000E+00  0.0000E+00
     1  2150     1     1        0  0.0000E+00  0.7512E+01  0.0000E+00  0.0000E+00
     1  2150     1     2        0  0.0000E+00  0.2043E-11  0.0000E+00  0.0000E+00
     1  2151     1     1        0  0.0000E+00  0.2388E+01  0.0000E+00  0.0000E+00
     1  2151     1     2        0  0.0000E+00  0.1054E-10  0.0000E+00  0.0000E+00
     1  2152     1     1        0  0.0000E+00  0.2255E+02  0.0000E+00  0.0000E+00
     1  2152     1     2        0  0.0000E+00  0.2509E-10  0.0000E+00  0.0000E+00
     1  2153     1     1        0  0.0000E+00  0.6409E+02  0.0000E+00  0.0000E+00
     1  2153     1     2        0  0.0000E+00  0.5199E-10  0.0000E+00  0.0000E+00
     1  2154     1     1        0  0.0000E+00  0.2070E+02  0.0000E+00  0.0000E+00
     1  2154     1     2        0  0.0000E+00  0.2390E-10  0.0000E+00  0.0000E+00
     1  2155     1     1        0  0.0000E+00  0.8952E+02  0.0000E+00  0.0000E+00
     1  2155     1     2        0  0.0000E+00  0.9235E-10  0.0000E+00  0.0000E+00
     1  2156     1     1        0  0.0000E+00  0.4167E+02  0.0000E+00  0.0000E+00
     1  2156     1     2        0  0.0000E+00  0.4508E-10  0.0000E+00  0.0000E+00
     1  2157     1     1        0  0.0000E+00  0.2197E+01  0.0000E+00  0.0000E+00
     1  2157     1     2        0  0.0000E+00  0.1287E-11  0.0000E+00  0.0000E+00
     1  2158     1     1        0  0.0000E+00  0.3654E+01  0.0000E+00  0.0000E+00
     1  2158     1     2        0  0.0000E+00  0.7143E-12  0.0000E+00  0.0000E+00
     1  2159     1     1        0  0.0000E+00  0.4002E+01  0.0000E+00  0.0000E+00
     1  2159     1     2        0  0.0000E+00  0.9087E-11  0.0000E+00  0.0000E+00
     1  2160     1     1        0  0.0000E+00  0.1317E+02  0.0000E+00  0.0000E+00
     1  2160     1     2        0  0.0000E+00  0.6874E-11  0.0000E+00  0.0000E+00
     1  2161     1     1        0  0.0000E+00  0.3575E+02  0.0000E+00  0.0000E+00
     1  2161     1     2        0  0.0000E+00  0.3192E-10  0.0000E+00  0.0000E+00
     1  2162     1     1        0  0.0000E+00  0.6528E+02  0.0000E+00  0.0000E+00
     1  2162     1     2        0  0.0000E+00  0.4591E-10  0.0000E+00  0.0000E+00
     1  2163     1     1        0  0.0000E+00  0.1401E+02  0.0000E+00  0.0000E+00
     1  2163     1     2        0  0.0000E+00  0.1442E-10  0.0000E+00  0.0000E+00
     1  2164     1     1        0  0.0000E+00  0.1152E+02  0.0000E+00  0.0000E+00
     1  2164     1     2        0  0.0000E+00  0.4785E-11  0.0000E+00  0.0000E+00
     1  2165     1     1        0  0.0000E+00  0.7672E+01  0.0000E+00  0.0000E+00
     1  2165     1     2        0  0.0000E+00  0.1783E-10  0.0000E+00  0.0000E+00
     1  2166     1     1        0  0.0000E+00  0.3674E+01  0.0000E+00  0.0000E+00
     1  2166     1     2        0  0.0000E+00  0.9421E-11  0.0000E+00  0.0000E+00
     1  2167     1     1        0  0.0000E+00  0.4975E+00  0.0000E+00  0.0000E+00
     1  2167     1     2        0  0.0000E+00  0.6847E-11  0.0000E+00  0.0000E+00
     1  2168     1     1        0  0.0000E+00  0.3745E+01  0.0000E+00  0.0000E+00
     1  2168     1     2        0  0.0000E+00  0.3192E-11  0.0000E+00  0.0000E+00
     1  2169     1     1        0  0.0000E+00  0.6347E+01  0.0000E+00  0.0000E+00
     1  2169     1     2        0  0.0000E+00  0.2889E-11  0.0000E+00  0.0000E+00
     1  2170     1     1        0  0.0000E+00  0.1344E+02  0.0000E+00  0.0000E+00
     1  2170     1     2        0  0.0000E+00  0.1156E-10  0.0000E+00  0.0000E+00
     1  2171     1     1        0  0.0000E+00  0.2887E+02  0.0000E+00  0.0000E+00
     1  2171     1     2        0  0.0000E+00  0.2899E-10  0.0000E+00  0.0000E+00
     1  2172     1     1        0  0.0000E+00  0.3225E+02  0.0000E+00  0.0000E+00
     1  2172     1     2        0  0.0000E+00  0.5297E-11  0.0000E+00  0.0000E+00
     1  2173     1     1        0  0.0000E+00  0.4136E+02  0.0000E+00  0.0000E+00
     1  2173     1     2        0  0.0000E+00  0.2627E-10  0.0000E+00  0.0000E+00
     1  2174     1     1        0  0.0000E+00  0.1000E+03  0.0000E+00  0.0000E+00
     1  2174     1     2        0  0.0000E+00  0.8820E-10  0.0000E+00  0.0000E+00
     1  2175     1     1        0  0.0000E+00  0.2879E+01  0.0000E+00  0.0000E+00
     1  2175     1     2        0  0.0000E+00  0.1477E-11  0.0000E+00  0.0000E+00
     1  2176     1     1        0  0.0000E+00  0.4512E+01  0.0000E+00  0.0000E+00
     1  2176     1     2        0  0.0000E+00  0.4174E-11  0.0000E+00  0.0000E+00
     1  2177     1     1        0  0.0000E+00  0.4704E+01  0.0000E+00  0.0000E+00
     1  2177     1     2        0  0.0000E+00  0.5562E-11  0.0000E+00  0.0000E+00
     1  2178     1     1        0  0.0000E+00  0.6476E+01  0.0000E+00  0.0000E+00
     1  2178     1     2        0  0.0000E+00  0.1922E-11  0.0000E+00  0.0000E+00
     1  2179     1     1        0  0.0000E+00  0.2348E+02  0.0000E+00  0.0000E+00
     1  2179     1     2        0  0.0000E+00  0.1421E-10  0.0000E+00  0.0000E+00
     1  2180     1     1        0  0.0000E+00  0.1000E+03  0.0000E+00  0.0000E+00
     1  2180     1     2        0  0.0000E+00  0.7799E-10  0.0000E+00  0.0000E+00
     1  2181     1     1        0  0.0000E+00  0.1043E+02  0.0000E+00  0.0000E+00
     1  2181     1     2        0  0.0000E+00  0.9562E-11  0.0000E+00  0.0000E+00
     1  2182     1     1        0  0.0000E+00  0.3807E+01  0.0000E+00  0.0000E+00
     1  2182     1     2        0  0.0000E+00  0.5798E-11  0.0000E+00  0.0000E+00
     1  2183     1     1        0  0.0000E+00  0.5100E+01  0.0000E+00  0.0000E+00
     1  2183     1     2        0  0.0000E+00  0.7946E-12  0.0000E+00  0.0000E+00
     1  2184     1     1        0  0.0000E+00  0.1430E+02  0.0000E+00  0.0000E+00
     1  2184     1     2        0  0.0000E+00  0.1879E-10  0.0000E+00  0.0000E+00
     1  2185     1     1        0  0.0000E+00  0.3464E+02  0.0000E+00  0.0000E+00
     1  2185     1     2        0  0.0000E+00  0.2759E-10  0.0000E+00  0.0000E+00
     1  2186     1     1        0  0.0000E+00  0.3182E+02  0.0000E+00  0.0000E+00
     1  2186     1     2        0  0.0000E+00  0.2174E-10  0.0000E+00  0.0000E+00
     1  2187     1     1        0  0.0000E+00  0.2090E+02  0.0000E+00  0.0000E+00
     1  2187     1     2        0  0.0000E+00  0.3190E-10  0.0000E+00  0.0000E+00
     1  2188     1     1        0  0.0000E+00  0.7828E+02  0.0000E+00  0.0000E+00
     1  2188     1     2        0  0.0000E+00  0.8031E-10  0.0000E+00  0.0000E+00
     1  2189     1     1        0  0.0000E+00  0.1470E+02  0.0000E+00  0.0000E+00
     1  2189     1     2        0  0.0000E+00  0.1264E-10  0.0000E+00  0.0000E+00
     1  2190     1     1        0  0.0000E+00  0.1724E+02  0.0000E+00  0.0000E+00
     1  2190     1     2        0  0.0000E+00  0.1608E-10  0.0000E+00  0.0000E+00
     1  2191     1     1        0  0.0000E+00  0.3979E+02  0.0000E+00  0.0000E+00
     1  2191     1     2        0  0.0000E+00  0.4207E-10  0.0000E+00  0.0000E+00
     1  2192     1     1        0  0.0000E+00  0.3009E+02  0.0000E+00  0.0000E+00
     1  2192     1     2        0  0.0000E+00  0.2043E-10  0.0000E+00  0.0000E+00
     1  2193     1     1        0  0.0000E+00  0.1737E+01  0.0000E+00  0.0000E+00
     1  2193     1     2        0  0.0000E+00  0.8239E-11  0.0000E+00  0.0000E+00
     1  2194     1     1        0  0.0000E+00  0.1826E+02  0.0000E+00  0.0000E+00
     1  2194     1     2        0  0.0000E+00  0.1143E-10  0.0000E+00  0.0000E+00
     1  2195     1     1        0  0.0000E+00  0.8196E+02  0.0000E+00  0.0000E+00
     1  2195     1     2        0  0.0000E+00  0.8424E-10  0.0000E+00  0.0000E+00
     1  2196     1     1        0  0.0000E+00  0.4122E+02  0.0000E+00  0.0000E+00
     1  2196     1     2        0  0.0000E+00  0.3422E-10  0.0000E+00  0.0000E+00
     1  2197     1     1        0  0.0000E+00  0.5344E+01  0.0000E+00  0.0000E+00
     1  2197     1     2        0  0.0000E+00  0.1155E-10  0.0000E+00  0.0000E+00
     1  2198     1     1        0  0.0000E+00  0.3016E+01  0.0000E+00  0.0000E+00
     1  2198     1     2        0  0.0000E+00  0.4676E-11  0.0000E+00  0.0000E+00
     1  2199     1     1        0  0.0000E+00  0.1077E+01  0.0000E+00  0.0000E+00
     1  2199     1     2        0  0.0000E+00  0.4071E-12  0.0000E+00  0.0000E+00
     1  2200     1     1        0  0.0000E+00  0.3677E+01  0.0000E+00  0.0000E+00
     1  2200     1     2        0  0.0000E+00  0.4363E-12  0.0000E+00  0.0000E+00
     1  2201     1     1        0  0.0000E+00  0.6352E+01  0.0000E+00  0.0000E+00
     1  2201     1     2        0  0.0000E+00  0.8469E-11  0.0000E+00  0.0000E+00
     1  2202     1     1        0  0.0000E+00  0.1007E+02  0.0000E+00  0.0000E+00
     1  2202     1     2        0  0.0000E+00  0.1202E-10  0.0000E+00  0.0000E+00
     1  2203     1     1        0  0.0000E+00  0.1295E+02  0.0000E+00  0.0000E+00
     1  2203     1     2        0  0.0000E+00  0.1022E-10  0.0000E+00  0.0000E+00
     1  2204     1     1        0  0.0000E+00  0.1694E+02  0.0000E+00  0.0000E+00
     1  2204     1     2        0  0.0000E+00  0.1163E-10  0.0000E+00  0.0000E+00
     1  2205     1     1        0  0.0000E+00  0.8888E+01  0.0000E+00  0.0000E+00
     1  2205     1     2        0  0.0000E+00  0.3970E-11  0.0000E+00  0.0000E+00
     1  2206     1     1        0  0.0000E+00  0.8125E+02  0.0000E+00  0.0000E+00
     1  2206     1     2        0  0.0000E+00  0.3881E-10  0.0000E+00  0.0000E+00
     1  2207     1     1        0  0.0000E+00  0.7184E+02  0.0000E+00  0.0000E+00
     1  2207     1     2        0  0.0000E+00  0.6383E-10  0.0000E+00  0.0000E+00
     1  2208     1     1        0  0.0000E+00  0.3980E+02  0.0000E+00  0.0000E+00
     1  2208     1     2        0  0.0000E+00  0.2343E-10  0.0000E+00  0.0000E+00
     1  2209     1     1        0  0.0000E+00  0.6619E+01  0.0000E+00  0.0000E+00
     1  2209     1     2        0  0.0000E+00  0.4753E-11  0.0000E+00  0.0000E+00
     1  2210     1     1        0  0.0000E+00  0.6683E+01  0.0000E+00  0.0000E+00
     1  2210     1     2        0  0.0000E+00  0.3790E-11  0.0000E+00  0.0000E+00
     1  2211     1     1        0  0.0000E+00  0.1107E+02  0.0000E+00  0.0000E+00
     1  2211     1     2        0  0.0000E+00  0.1112E-10  0.0000E+00  0.0000E+00
     1  2212     1     1        0  0.0000E+00  0.2613E+01  0.0000E+00  0.0000E+00
     1  2212     1     2        0  0.0000E+00  0.7359E-11  0.0000E+00  0.0000E+00
     1  2213     1     1        0  0.0000E+00  0.1488E+02  0.0000E+00  0.0000E+00
     1  2213     1     2        0  0.0000E+00  0.1224E-10  0.0000E+00  0.0000E+00
     1  2214     1     1        0  0.0000E+00  0.1514E+02  0.0000E+00  0.0000E+00
     1  2214     1     2        0  0.0000E+00  0.1024E-10  0.0000E+00  0.0000E+00
     1  2215     1     1        0  0.0000E+00  0.3553E+01  0.0000E+00  0.0000E+00
     1  2215     1     2        0  0.0000E+00  0.1234E-11  0.0000E+00  0.0000E+00
     1  2216     1     1        0  0.0000E+00  0.7046E+01  0.0000E+00  0.0000E+00
     1  2216     1     2        0  0.0000E+00  0.4979E-11  0.0000E+00  0.0000E+00
     1  2217     1     1        0  0.0000E+00  0.1614E+02  0.0000E+00  0.0000E+00
     1  2217     1     2        0  0.0000E+00  0.1093E-10  0.0000E+00  0.0000E+00
     1  2218     1     1        0  0.0000E+00  0.5666E+02  0.0000E+00  0.0000E+00
     1  2218     1     2        0  0.0000E+00  0.4928E-10  0.0000E+00  0.0000E+00
     1  2219     1     1        0  0.0000E+00  0.5678E+02  0.0000E+00  0.0000E+00
     1  2219     1     2        0  0.0000E+00  0.1093E-10  0.0000E+00  0.0000E+00
     1  2220     1     1        0  0.0000E+00  0.9734E+01  0.0000E+00  0.0000E+00
     1  2220     1     2        0  0.0000E+00  0.1423E-10  0.0000E+00  0.0000E+00
     1  2221     1     1        0  0.0000E+00  0.4579E+00  0.0000E+00  0.0000E+00
     1  2221     1     2        0  0.0000E+00  0.6903E-11  0.0000E+00  0.0000E+00
     1  2222     1     1        0  0.0000E+00  0.4228E+01  0.0000E+00  0.0000E+00
     1  2222     1     2        0  0.0000E+00  0.1183E-10  0.0000E+00  0.0000E+00
     1  2223     1     1        0  0.0000E+00  0.3030E+01  0.0000E+00  0.0000E+00
     1  2223     1     2        0  0.0000E+00  0.6596E-11  0.0000E+00  0.0000E+00
     1  2224     1     1        0  0.0000E+00  0.1555E+01  0.0000E+00  0.0000E+00
     1  2224     1     2        0  0.0000E+00  0.6896E-11  0.0000E+00  0.0000E+00
     1  2225     1     1        0  0.0000E+00  0.8924E+01  0.0000E+00  0.0000E+00
     1  2225     1     2        0  0.0000E+00  0.5957E-12  0.0000E+00  0.0000E+00
     1  2226     1     1        0  0.0000E+00  0.2372E+02  0.0000E+00  0.0000E+00
     1  2226     1     2        0  0.0000E+00  0.1561E-10  0.0000E+00  0.0000E+00
     1  2227     1     1        0  0.0000E+00  0.7554E+02  0.0000E+00  0.0000E+00
     1  2227     1     2        0  0.0000E+00  0.6374E-10  0.0000E+00  0.0000E+00
     1  2228     1     1        0  0.0000E+00  0.4170E+01  0.0000E+00  0.0000E+00
     1  2228     1     2        0  0.0000E+00  0.9162E-11  0.0000E+00  0.0000E+00
     1  2229     1     1        0  0.0000E+00  0.4125E+01  0.0000E+00  0.0000E+00
     1  2229     1     2        0  0.0000E+00  0.4395E-11  0.0000E+00  0.0000E+00
     1  2230     1     1        0  0.0000E+00  0.1528E+02  0.0000E+00  0.0000E+00
     1  2230     1     2        0  0.0000E+00  0.7519E-11  0.0000E+00  0.0000E+00
     1  2231     1     1        0  0.0000E+00  0.3772E+02  0.0000E+00  0.0000E+00
     1  2231     1     2        0  0.0000E+00  0.3325E-10  0.0000E+00  0.0000E+00
     1  2232     1     1        0  0.0000E+00  0.5443E+02  0.0000E+00  0.0000E+00
     1  2232     1     2        0  0.0000E+00  0.4595E-10  0.0000E+00  0.0000E+00
     1  2233     1     1        0  0.0000E+00  0.6868E+01  0.0000E+00  0.0000E+00
     1  2233     1     2        0  0.0000E+00  0.1539E-10  0.0000E+00  0.0000E+00
     1  2234     1     1        0  0.0000E+00  0.9154E+01  0.0000E+00  0.0000E+00
     1  2234     1     2        0  0.0000E+00  0.7765E-11  0.0000E+00  0.0000E+00
     1  2235     1     1        0  0.0000E+00  0.1999E+02  0.0000E+00  0.0000E+00
     1  2235     1     2        0  0.0000E+00  0.9881E-11  0.0000E+00  0.0000E+00
     1  2236     1     1        0  0.0000E+00  0.1793E+02  0.0000E+00  0.0000E+00
     1  2236     1     2        0  0.0000E+00  0.1603E-10  0.0000E+00  0.0000E+00
     1  2237     1     1        0  0.0000E+00  0.1000E+03  0.0000E+00  0.0000E+00
     1  2237     1     2        0  0.0000E+00  0.8861E-10  0.0000E+00  0.0000E+00
     1  2238     1     1        0  0.0000E+00  0.1000E+03  0.0000E+00  0.0000E+00
     1  2238     1     2        0  0.0000E+00  0.9604E-10  0.0000E+00  0.0000E+00
     1  2239     1     1        0  0.0000E+00  0.3945E+02  0.0000E+00  0.0000E+00
     1  2239     1     2        0  0.0000E+00  0.3455E-10  0.0000E+00  0.0000E+00
     1  2240     1     1        0  0.0000E+00  0.7362E+01  0.0000E+00  0.0000E+00
     1  2240     1     2        0  0.0000E+00  0.1725E-10  0.0000E+00  0.0000E+00
     1  2241     1     1        0  0.0000E+00  0.9765E+00  0.0000E+00  0.0000E+00
     1  2241     1     2        0  0.0000E+00  0.2430E-11  0.0000E+00  0.0000E+00
     1  2242     1     1        0  0.0000E+00  0.2561E+01  0.0000E+00  0.0000E+00
     1  2242     1     2        0  0.0000E+00  0.1644E-11  0.0000E+00  0.0000E+00
     1  2243     1     1        0  0.0000E+00  0.5767E+00  0.0000E+00  0.0000E+00
     1  2243     1     2        0  0.0000E+00  0.4831E-11  0.0000E+00  0.0000E+00
     1  2244     1     1        0  0.0000E+00  0.3756E+01  0.0000E+00  0.0000E+00
     1  2244     1     2        0  0.0000E+00  0.1088E-10  0.0000E+00  0.0000E+00
     1  2245     1     1        0  0.0000E+00  0.1046E+02  0.0000E+00  0.0000E+00
     1  2245     1     2        0  0.0000E+00  0.2033E-10  0.0000E+00  0.0000E+00
     1  2246     1     1        0  0.0000E+00  0.2206E+02  0.0000E+00  0.0000E+00
     1  2246     1     2        0  0.0000E+00  0.2235E-10  0.0000E+00  0.0000E+00
     1  2247     1     1        0  0.0000E+00  0.4296E+02  0.0000E+00  0.0000E+00
     1  2247     1     2        0  0.0000E+00  0.5341E-10  0.0000E+00  0.0000E+00
     1  2248     1     1        0  0.0000E+00  0.3877E+02  0.0000E+00  0.0000E+00
     1  2248     1     2        0  0.0000E+00  0.4029E-10  0.0000E+00  0.0000E+00
     1  2249     1     1        0  0.0000E+00  0.1000E+03  0.0000E+00  0.0000E+00
     1  2249     1     2        0  0.0000E+00  0.7999E-10  0.0000E+00  0.0000E+00
     1  2250     1     1        0  0.0000E+00  0.1858E+02  0.0000E+00  0.0000E+00
     1  2250     1     2        0  0.0000E+00  0.5110E-11  0.0000E+00  0.0000E+00
     1  2251     1     1        0  0.0000E+00  0.5709E+01  0.0000E+00  0.0000E+00
     1  2251     1     2        0  0.0000E+00  0.3978E-11  0.0000E+00  0.0000E+00
     1  2252     1     1        0  0.0000E+00  0.1256E+00  0.0000E+00  0.0000E+00
     1  2252     1     2        0  0.0000E+00  0.6160E-11  0.0000E+00  0.0000E+00
     1  2253     1     1        0  0.0000E+00  0.1217E+02  0.0000E+00  0.0000E+00
     1  2253     1     2        0  0.0000E+00  0.1725E-10  0.0000E+00  0.0000E+00
     1  2254     1     1        0  0.0000E+00  0.3845E+02  0.0000E+00  0.0000E+00
     1  2254     1     2        0  0.0000E+00  0.3751E-10  0.0000E+00  0.0000E+00
     1  2255     1     1        0  0.0000E+00  0.1000E+03  0.0000E+00  0.0000E+00
     1  2255     1     2        0  0.0000E+00  0.7849E-10  0.0000E+00  0.0000E+00
     1  2256     1     1        0  0.0000E+00  0.8952E+01  0.0000E+00  0.0000E+00
     1  2256     1     2        0  0.0000E+00  0.1752E-10  0.0000E+00  0.0000E+00
     1  2257     1     1        0  0.0000E+00  0.2903E+01  0.0000E+00  0.0000E+00
     1  2257     1     2        0  0.0000E+00  0.8406E-11  0.0000E+00  0.0000E+00
     1  2258     1     1        0  0.0000E+00  0.6349E+01  0.0000E+00  0.0000E+00
     1  2258     1     2        0  0.0000E+00  0.6049E-11  0.0000E+00  0.0000E+00
     1  2259     1     1        0  0.0000E+00  0.8590E+01  0.0000E+00  0.0000E+00
     1  2259     1     2        0  0.0000E+00  0.1098E-10  0.0000E+00  0.0000E+00
     1  2260     1     1        0  0.0000E+00  0.2357E+02  0.0000E+00  0.0000E+00
     1  2260     1     2        0  0.0000E+00  0.2048E-10  0.0000E+00  0.0000E+00
     1  2261     1     1        0  0.0000E+00  0.1000E+03  0.0000E+00  0.0000E+00
     1  2261     1     2        0  0.0000E+00  0.8853E-10  0.0000E+00  0.0000E+00
     1  2262     1     1        0  0.0000E+00  0.7534E+01  0.0000E+00  0.0000E+00
     1  2262     1     2        0  0.0000E+00  0.1658E-11  0.0000E+00  0.0000E+00
     1  2263     1     1        0  0.0000E+00  0.1071E+02  0.0000E+00  0.0000E+00
     1  2263     1     2        0  0.0000E+00  0.6115E-11  0.0000E+00  0.0000E+00
     1  2264     1     1        0  0.0000E+00  0.2769E+02  0.0000E+00  0.0000E+00
     1  2264     1     2        0  0.0000E+00  0.1786E-10  0.0000E+00  0.0000E+00
     1  2265     1     1        0  0.0000E+00  0.1000E+03  0.0000E+00  0.0000E+00
     1  2265     1     2        0  0.0000E+00  0.7709E-10  0.0000E+00  0.0000E+00
     1  2266     1     1        0  0.0000E+00  0.6539E+01  0.0000E+00  0.0000E+00
     1  2266     1     2        0  0.0000E+00  0.5874E-11  0.0000E+00  0.0000E+00
     1  2267     1     1        0  0.0000E+00  0.3574E+01  0.0000E+00  0.0000E+00
     1  2267     1     2        0  0.0000E+00  0.1869E-11  0.0000E+00  0.0000E+00
     1  2268     1     1        0  0.0000E+00  0.8481E+01  0.0000E+00  0.0000E+00
     1  2268     1     2        0  0.0000E+00  0.1806E-10  0.0000E+00  0.0000E+00
     1  2269     1     1        0  0.0000E+00  0.1205E+02  0.0000E+00  0.0000E+00
     1  2269     1     2        0  0.0000E+00  0.9161E-11  0.0000E+00  0.0000E+00
     1  2270     1     1        0  0.0000E+00  0.3313E+01  0.0000E+00  0.0000E+00
     1  2270     1     2        0  0.0000E+00  0.1527E-10  0.0000E+00  0.0000E+00
     1  2271     1     1        0  0.0000E+00  0.1406E+02  0.0000E+00  0.0000E+00
     1  2271     1     2        0  0.0000E+00  0.3744E-11  0.0000E+00  0.0000E+00
     1  2272     1     1        0  0.0000E+00  0.1312E+02  0.0000E+00  0.0000E+00
     1  2272     1     2        0  0.0000E+00  0.7260E-11  0.0000E+00  0.0000E+00
     1  2273     1     1        0  0.0000E+00  0.1893E+02  0.0000E+00  0.0000E+00
     1  2273     1     2        0  0.0000E+00  0.1019E-10  0.0000E+00  0.0000E+00
     1  2274     1     1        0  0.0000E+00  0.1164E+02  0.0000E+00  0.0000E+00
     1  2274     1     2        0  0.0000E+00  0.1269E-10  0.0000E+00  0.0000E+00
     1  2275     1     1        0  0.0000E+00  0.4166E+01  0.0000E+00  0.0000E+00
     1  2275     1     2        0  0.0000E+00  0.5109E-11  0.0000E+00  0.0000E+00
     1  2276     1     1        0  0.0000E+00  0.2159E+01  0.0000E+00  0.0000E+00
     1  2276     1     2        0  0.0000E+00  0.3533E-11  0.0000E+00  0.0000E+00
     1  2277     1     1        0  0.0000E+00  0.1120E+02  0.0000E+00  0.0000E+00
     1  2277     1     2        0  0.0000E+00  0.1582E-10  0.0000E+00  0.0000E+00
     1  2278     1     1        0  0.0000E+00  0.2324E+02  0.0000E+00  0.0000E+00
     1  2278     1     2        0  0.0000E+00  0.1643E-10  0.0000E+00  0.0000E+00
     1  2279     1     1        0  0.0000E+00  0.1000E+03  0.0000E+00  0.0000E+00
     1  2279     1     2        0  0.0000E+00  0.9226E-10  0.0000E+00  0.0000E+00
     1  2280     1     1        0  0.0000E+00  0.7469E+01  0.0000E+00  0.0000E+00
     1  2280     1     2        0  0.0000E+00  0.3153E-11  0.0000E+00  0.0000E+00
     1  2281     1     1        0  0.0000E+00  0.9972E+01  0.0000E+00  0.0000E+00
     1  2281     1     2        0  0.0000E+00  0.4918E-11  0.0000E+00  0.0000E+00
     1  2282     1     1        0  0.0000E+00  0.1771E+02  0.0000E+00  0.0000E+00
     1  2282     1     2        0  0.0000E+00  0.1524E-10  0.0000E+00  0.0000E+00
     1  2283     1     1        0  0.0000E+00  0.3120E+02  0.0000E+00  0.0000E+00
     1  2283     1     2        0  0.0000E+00  0.2777E-10  0.0000E+00  0.0000E+00
     1  2284     1     1        0  0.0000E+00  0.2743E+02  0.0000E+00  0.0000E+00
     1  2284     1     2        0  0.0000E+00  0.1502E-10  0.0000E+00  0.0000E+00
     1  2285     1     1        0  0.0000E+00  0.1000E+03  0.0000E+00  0.0000E+00
     1  2285     1     2        0  0.0000E+00  0.8866E-10  0.0000E+00  0.0000E+00
     1  2286     1     1        0  0.0000E+00  0.4487E+02  0.0000E+00  0.0000E+00
     1  2286     1     2        0  0.0000E+00  0.1751E-10  0.0000E+00  0.0000E+00
     1  2287     1     1        0  0.0000E+00  0.2202E+01  0.0000E+00  0.0000E+00
     1  2287     1     2        0  0.0000E+00  0.2965E-11  0.0000E+00  0.0000E+00
     1  2288     1     1        0  0.0000E+00  0.1071E+02  0.0000E+00  0.0000E+00
     1  2288     1     2        0  0.0000E+00  0.2513E-11  0.0000E+00  0.0000E+00
     1  2289     1     1        0  0.0000E+00  0.1605E+02  0.0000E+00  0.0000E+00
     1  2289     1     2        0  0.0000E+00  0.1430E-10  0.0000E+00  0.0000E+00
     1  2290     1     1        0  0.0000E+00  0.2293E+02  0.0000E+00  0.0000E+00
     1  2290     1     2        0  0.0000E+00  0.1927E-10  0.0000E+00  0.0000E+00
     1  2291     1     1        0  0.0000E+00  0.6714E+02  0.0000E+00  0.0000E+00
     1  2291     1     2        0  0.0000E+00  0.6008E-10  0.0000E+00  0.0000E+00
     1  2292     1     1        0  0.0000E+00  0.7554E+01  0.0000E+00  0.0000E+00
     1  2292     1     2        0  0.0000E+00  0.1073E-10  0.0000E+00  0.0000E+00
     1  2293     1     1        0  0.0000E+00  0.3488E+02  0.0000E+00  0.0000E+00
     1  2293     1     2        0  0.0000E+00  0.2895E-10  0.0000E+00  0.0000E+00
     1  2294     1     1        0  0.0000E+00  0.1000E+03  0.0000E+00  0.0000E+00
     1  2294     1     2        0  0.0000E+00  0.8704E-10  0.0000E+00  0.0000E+00
     1  2295     1     1        0  0.0000E+00  0.8054E+01  0.0000E+00  0.0000E+00
     1  2295     1     2        0  0.0000E+00  0.1514E-10  0.0000E+00  0.0000E+00
     1  2296     1     1        0  0.0000E+00  0.1537E+02  0.0000E+00  0.0000E+00
     1  2296     1     2        0  0.0000E+00  0.1542E-10  0.0000E+00  0.0000E+00
     1  2297     1     1        0  0.0000E+00  0.4077E+02  0.0000E+00  0.0000E+00
     1  2297     1     2        0  0.0000E+00  0.3769E-10  0.0000E+00  0.0000E+00
     1  2298     1     1        0  0.0000E+00  0.5889E+02  0.0000E+00  0.0000E+00
     1  2298     1     2        0  0.0000E+00  0.5985E-10  0.0000E+00  0.0000E+00
     1  2299     1     1        0  0.0000E+00  0.2927E+01  0.0000E+00  0.0000E+00
     1  2299     1     2        0  0.0000E+00  0.1131E-10  0.0000E+00  0.0000E+00
     1  2300     1     1        0  0.0000E+00  0.5422E+01  0.0000E+00  0.0000E+00
     1  2300     1     2        0  0.0000E+00  0.1319E-10  0.0000E+00  0.0000E+00
     1  2301     1     1        0  0.0000E+00  0.1058E+02  0.0000E+00  0.0000E+00
     1  2301     1     2        0  0.0000E+00  0.1362E-10  0.0000E+00  0.0000E+00
     1  2302     1     1        0  0.0000E+00  0.1753E+02  0.0000E+00  0.0000E+00
     1  2302     1     2        0  0.0000E+00  0.1860E-10  0.0000E+00  0.0000E+00
     1  2303     1     1        0  0.0000E+00  0.5010E+02  0.0000E+00  0.0000E+00
     1  2303     1     2        0  0.0000E+00  0.5001E-10  0.0000E+00  0.0000E+00
     1  2304     1     1        0  0.0000E+00  0.1727E+02  0.0000E+00  0.0000E+00
     1  2304     1     2        0  0.0000E+00  0.2285E-10  0.0000E+00  0.0000E+00
     1  2305     1     1        0  0.0000E+00  0.7806E+02  0.0000E+00  0.0000E+00
     1  2305     1     2        0  0.0000E+00  0.6580E-10  0.0000E+00  0.0000E+00
     1  2306     1     1        0  0.0000E+00  0.2140E+02  0.0000E+00  0.0000E+00
     1  2306     1     2        0  0.0000E+00  0.1415E-10  0.0000E+00  0.0000E+00
     1  2307     1     1        0  0.0000E+00  0.9345E+01  0.0000E+00  0.0000E+00
     1  2307     1     2        0  0.0000E+00  0.3451E-11  0.0000E+00  0.0000E+00
     1  2308     1     1        0  0.0000E+00  0.1616E+02  0.0000E+00  0.0000E+00
     1  2308     1     2        0  0.0000E+00  0.1629E-10  0.0000E+00  0.0000E+00
     1  2309     1     1        0  0.0000E+00  0.1618E+02  0.0000E+00  0.0000E+00
     1  2309     1     2        0  0.0000E+00  0.1478E-10  0.0000E+00  0.0000E+00
     1  2310     1     1        0  0.0000E+00  0.1000E+03  0.0000E+00  0.0000E+00
     1  2310     1     2        0  0.0000E+00  0.9620E-10  0.0000E+00  0.0000E+00
     1  2311     1     1        0  0.0000E+00  0.1000E+03  0.0000E+00  0.0000E+00
     1  2311     1     2        0  0.0000E+00  0.1090E-09  0.0000E+00  0.0000E+00
     1  2312     1     1        0  0.0000E+00  0.3423E+02  0.0000E+00  0.0000E+00
     1  2312     1     2        0  0.0000E+00  0.2029E-10  0.0000E+00  0.0000E+00
     1  2313     1     1        0  0.0000E+00  0.1272E+02  0.0000E+00  0.0000E+00
     1  2313     1     2        0  0.0000E+00  0.1002E-10  0.0000E+00  0.0000E+00
     1  2314     1     1        0  0.0000E+00  0.4292E+01  0.0000E+00  0.0000E+00
     1  2314     1     2        0  0.0000E+00  0.3094E-11  0.0000E+00  0.0000E+00
     1  2315     1     1        0  0.0000E+00  0.4730E+00  0.0000E+00  0.0000E+00
     1  2315     1     2        0  0.0000E+00  0.1916E-11  0.0000E+00  0.0000E+00
     1  2316     1     1        0  0.0000E+00  0.3880E+01  0.0000E+00  0.0000E+00
     1  2316     1     2        0  0.0000E+00  0.2712E-11  0.0000E+00  0.0000E+00
     1  2317     1     1        0  0.0000E+00  0.1273E+02  0.0000E+00  0.0000E+00
     1  2317     1     2        0  0.0000E+00  0.1122E-10  0.0000E+00  0.0000E+00
     1  2318     1     1        0  0.0000E+00  0.3024E+02  0.0000E+00  0.0000E+00
     1  2318     1     2        0  0.0000E+00  0.3239E-10  0.0000E+00  0.0000E+00
     1  2319     1     1        0  0.0000E+00  0.1000E+03  0.0000E+00  0.0000E+00
     1  2319     1     2        0  0.0000E+00  0.1204E-09  0.0000E+00  0.0000E+00
     1  2320     1     1        0  0.0000E+00  0.6119E+00  0.0000E+00  0.0000E+00
     1  2320     1     2        0  0.0000E+00  0.6751E-12  0.0000E+00  0.0000E+00
     1  2321     1     1        0  0.0000E+00  0.1155E+02  0.0000E+00  0.0000E+00
     1  2321     1     2        0  0.0000E+00  0.1980E-10  0.0000E+00  0.0000E+00
     1  2322     1     1        0  0.0000E+00  0.1893E+02  0.0000E+00  0.0000E+00
     1  2322     1     2        0  0.0000E+00  0.2155E-10  0.0000E+00  0.0000E+00
     1  2323     1     1        0  0.0000E+00  0.5146E+02  0.0000E+00  0.0000E+00
     1  2323     1     2        0  0.0000E+00  0.5425E-10  0.0000E+00  0.0000E+00
     1  2324     1     1        0  0.0000E+00  0.2272E+02  0.0000E+00  0.0000E+00
     1  2324     1     2        0  0.0000E+00  0.2536E-10  0.0000E+00  0.0000E+00
     1  2325     1     1        0  0.0000E+00  0.1000E+03  0.0000E+00  0.0000E+00
     1  2325     1     2        0  0.0000E+00  0.8794E-10  0.0000E+00  0.0000E+00
     1  2326     1     1        0  0.0000E+00  0.2983E+02  0.0000E+00  0.0000E+00
     1  2326     1     2        0  0.0000E+00  0.2133E-10  0.0000E+00  0.0000E+00
     1  2327     1     1        0  0.0000E+00  0.5602E+01  0.0000E+00  0.0000E+00
     1  2327     1     2        0  0.0000E+00  0.9999E-11  0.0000E+00  0.0000E+00
     1  2328     1     1        0  0.0000E+00  0.3236E+01  0.0000E+00  0.0000E+00
     1  2328     1     2        0  0.0000E+00  0.8376E-11  0.0000E+00  0.0000E+00
     1  2329     1     1        0  0.0000E+00  0.1518E+02  0.0000E+00  0.0000E+00
     1  2329     1     2        0  0.0000E+00  0.1180E-10  0.0000E+00  0.0000E+00
     1  2330     1     1        0  0.0000E+00  0.3887E+02  0.0000E+00  0.0000E+00
     1  2330     1     2        0  0.0000E+00  0.3366E-10  0.0000E+00  0.0000E+00
     1  2331     1     1        0  0.0000E+00  0.6073E+02  0.0000E+00  0.0000E+00
     1  2331     1     2        0  0.0000E+00  0.4460E-10  0.0000E+00  0.0000E+00
     1  2332     1     1        0  0.0000E+00  0.2623E+01  0.0000E+00  0.0000E+00
     1  2332     1     2        0  0.0000E+00  0.1616E-11  0.0000E+00  0.0000E+00
     1  2333     1     1        0  0.0000E+00  0.6107E+01  0.0000E+00  0.0000E+00
     1  2333     1     2        0  0.0000E+00  0.3295E-11  0.0000E+00  0.0000E+00
     1  2334     1     1        0  0.0000E+00  0.1384E+02  0.0000E+00  0.0000E+00
     1  2334     1     2        0  0.0000E+00  0.1325E-10  0.0000E+00  0.0000E+00
     1  2335     1     1        0  0.0000E+00  0.3781E+02  0.0000E+00  0.0000E+00
     1  2335     1     2        0  0.0000E+00  0.3827E-10  0.0000E+00  0.0000E+00
     1  2336     1     1        0  0.0000E+00  0.6477E+02  0.0000E+00  0.0000E+00
     1  2336     1     2        0  0.0000E+00  0.4504E-10  0.0000E+00  0.0000E+00
     1  2337     1     1        0  0.0000E+00  0.3599E+01  0.0000E+00  0.0000E+00
     1  2337     1     2        0  0.0000E+00  0.3297E-11  0.0000E+00  0.0000E+00
     1  2338     1     1        0  0.0000E+00  0.1606E+02  0.0000E+00  0.0000E+00
     1  2338     1     2        0  0.0000E+00  0.1496E-10  0.0000E+00  0.0000E+00
     1  2339     1     1        0  0.0000E+00  0.2909E+02  0.0000E+00  0.0000E+00
     1  2339     1     2        0  0.0000E+00  0.2814E-10  0.0000E+00  0.0000E+00
     1  2340     1     1        0  0.0000E+00  0.6992E+02  0.0000E+00  0.0000E+00
     1  2340     1     2        0  0.0000E+00  0.5741E-10  0.0000E+00  0.0000E+00
     1  2341     1     1        0  0.0000E+00  0.1159E+01  0.0000E+00  0.0000E+00
     1  2341     1     2        0  0.0000E+00  0.5556E-11  0.0000E+00  0.0000E+00
     1  2342     1     1        0  0.0000E+00  0.2179E+02  0.0000E+00  0.0000E+00
     1  2342     1     2        0  0.0000E+00  0.1554E-10  0.0000E+00  0.0000E+00
     1  2343     1     1        0  0.0000E+00  0.1000E+03  0.0000E+00  0.0000E+00
     1  2343     1     2        0  0.0000E+00  0.9010E-10  0.0000E+00  0.0000E+00
     1  2344     1     1        0  0.0000E+00  0.1899E+02  0.0000E+00  0.0000E+00
     1  2344     1     2        0  0.0000E+00  0.4268E-11  0.0000E+00  0.0000E+00
     1  2345     1     1        0  0.0000E+00  0.4769E+01  0.0000E+00  0.0000E+00
     1  2345     1     2        0  0.0000E+00  0.4078E-11  0.0000E+00  0.0000E+00
     1  2346     1     1        0  0.0000E+00  0.1117E+02  0.0000E+00  0.0000E+00
     1  2346     1     2        0  0.0000E+00  0.8631E-11  0.0000E+00  0.0000E+00
     1  2347     1     1        0  0.0000E+00  0.1249E+02  0.0000E+00  0.0000E+00
     1  2347     1     2        0  0.0000E+00  0.6982E-11  0.0000E+00  0.0000E+00
     1  2348     1     1        0  0.0000E+00  0.5146E+01  0.0000E+00  0.0000E+00
     1  2348     1     2        0  0.0000E+00  0.3507E-11  0.0000E+00  0.0000E+00
     1  2349     1     1        0  0.0000E+00  0.1650E+02  0.0000E+00  0.0000E+00
     1  2349     1     2        0  0.0000E+00  0.2340E-10  0.0000E+00  0.0000E+00
     1  2350     1     1        0  0.0000E+00  0.4954E+02  0.0000E+00  0.0000E+00
     1  2350     1     2        0  0.0000E+00  0.4173E-10  0.0000E+00  0.0000E+00
     1  2351     1     1        0  0.0000E+00  0.1700E+02  0.0000E+00  0.0000E+00
     1  2351     1     2        0  0.0000E+00  0.1537E-10  0.0000E+00  0.0000E+00
     1  2352     1     1        0  0.0000E+00  0.9687E+00  0.0000E+00  0.0000E+00
     1  2352     1     2        0  0.0000E+00  0.6021E-12  0.0000E+00  0.0000E+00
     1  2353     1     1        0  0.0000E+00  0.5588E+01  0.0000E+00  0.0000E+00
     1  2353     1     2        0  0.0000E+00  0.1026E-11  0.0000E+00  0.0000E+00
     1  2354     1     1        0  0.0000E+00  0.2000E+01  0.0000E+00  0.0000E+00
     1  2354     1     2        0  0.0000E+00  0.5570E-11  0.0000E+00  0.0000E+00
     1  2355     1     1        0  0.0000E+00  0.3947E+01  0.0000E+00  0.0000E+00
     1  2355     1     2        0  0.0000E+00  0.3037E-11  0.0000E+00  0.0000E+00
     1  2356     1     1        0  0.0000E+00  0.5005E+01  0.0000E+00  0.0000E+00
     1  2356     1     2        0  0.0000E+00  0.2834E-11  0.0000E+00  0.0000E+00
     1  2357     1     1        0  0.0000E+00  0.1881E+01  0.0000E+00  0.0000E+00
     1  2357     1     2        0  0.0000E+00  0.1558E-11  0.0000E+00  0.0000E+00
     1  2358     1     1        0  0.0000E+00  0.3231E+01  0.0000E+00  0.0000E+00
     1  2358     1     2        0  0.0000E+00  0.4795E-11  0.0000E+00  0.0000E+00
     1  2359     1     1        0  0.0000E+00  0.1865E+01  0.0000E+00  0.0000E+00
     1  2359     1     2        0  0.0000E+00  0.2257E-11  0.0000E+00  0.0000E+00
     1  2360     1     1        0  0.0000E+00  0.3077E+01  0.0000E+00  0.0000E+00
     1  2360     1     2        0  0.0000E+00  0.4760E-11  0.0000E+00  0.0000E+00
     1  2361     1     1        0  0.0000E+00  0.1670E+02  0.0000E+00  0.0000E+00
     1  2361     1     2        0  0.0000E+00  0.1198E-10  0.0000E+00  0.0000E+00
     1  2362     1     1        0  0.0000E+00  0.4259E+02  0.0000E+00  0.0000E+00
     1  2362     1     2        0  0.0000E+00  0.3863E-10  0.0000E+00  0.0000E+00
     1  2363     1     1        0  0.0000E+00  0.3651E+02  0.0000E+00  0.0000E+00
     1  2363     1     2        0  0.0000E+00  0.1823E-10  0.0000E+00  0.0000E+00
     1  2364     1     1        0  0.0000E+00  0.6166E+01  0.0000E+00  0.0000E+00
     1  2364     1     2        0  0.0000E+00  0.1025E-10  0.0000E+00  0.0000E+00
     1  2365     1     1        0  0.0000E+00  0.1553E+02  0.0000E+00  0.0000E+00
     1  2365     1     2        0  0.0000E+00  0.1716E-10  0.0000E+00  0.0000E+00
     1  2366     1     1        0  0.0000E+00  0.9971E+01  0.0000E+00  0.0000E+00
     1  2366     1     2        0  0.0000E+00  0.2926E-11  0.0000E+00  0.0000E+00
     1  2367     1     1        0  0.0000E+00  0.4052E+02  0.0000E+00  0.0000E+00
     1  2367     1     2        0  0.0000E+00  0.2788E-10  0.0000E+00  0.0000E+00
     1  2368     1     1        0  0.0000E+00  0.1970E+02  0.0000E+00  0.0000E+00
     1  2368     1     2        0  0.0000E+00  0.1602E-10  0.0000E+00  0.0000E+00
     1  2369     1     1        0  0.0000E+00  0.3877E+00  0.0000E+00  0.0000E+00
     1  2369     1     2        0  0.0000E+00  0.4553E-11  0.0000E+00  0.0000E+00
     1  2370     1     1        0  0.0000E+00  0.2463E+01  0.0000E+00  0.0000E+00
     1  2370     1     2        0  0.0000E+00  0.2212E-11  0.0000E+00  0.0000E+00
     1  2371     1     1        0  0.0000E+00  0.3359E+01  0.0000E+00  0.0000E+00
     1  2371     1     2        0  0.0000E+00  0.9122E-11  0.0000E+00  0.0000E+00
     1  2372     1     1        0  0.0000E+00  0.1550E+02  0.0000E+00  0.0000E+00
     1  2372     1     2        0  0.0000E+00  0.7484E-11  0.0000E+00  0.0000E+00
     1  2373     1     1        0  0.0000E+00  0.2042E+02  0.0000E+00  0.0000E+00
     1  2373     1     2        0  0.0000E+00  0.1706E-10  0.0000E+00  0.0000E+00
     1  2374     1     1        0  0.0000E+00  0.1000E+03  0.0000E+00  0.0000E+00
     1  2374     1     2        0  0.0000E+00  0.8512E-10  0.0000E+00  0.0000E+00
     1  2375     1     1        0  0.0000E+00  0.5140E+02  0.0000E+00  0.0000E+00
     1  2375     1     2        0  0.0000E+00  0.4647E-10  0.0000E+00  0.0000E+00
     1  2376     1     1        0  0.0000E+00  0.7135E+01  0.0000E+00  0.0000E+00
     1  2376     1     2        0  0.0000E+00  0.3841E-11  0.0000E+00  0.0000E+00
     1  2377     1     1        0  0.0000E+00  0.2526E+01  0.0000E+00  0.0000E+00
     1  2377     1     2        0  0.0000E+00  0.1441E-10  0.0000E+00  0.0000E+00
     1  2378     1     1        0  0.0000E+00  0.1080E+02  0.0000E+00  0.0000E+00
     1  2378     1     2        0  0.0000E+00  0.5393E-11  0.0000E+00  0.0000E+00
     1  2379     1     1        0  0.0000E+00  0.3196E+02  0.0000E+00  0.0000E+00
     1  2379     1     2        0  0.0000E+00  0.2557E-10  0.0000E+00  0.0000E+00
     1  2380     1     1        0  0.0000E+00  0.1000E+03  0.0000E+00  0.0000E+00
     1  2380     1     2        0  0.0000E+00  0.8797E-10  0.0000E+00  0.0000E+00
     1  2381     1     1        0  0.0000E+00  0.7953E+01  0.0000E+00  0.0000E+00
     1  2381     1     2        0  0.0000E+00  0.2940E-10  0.0000E+00  0.0000E+00
     1  2382     1     1        0  0.0000E+00  0.5991E+01  0.0000E+00  0.0000E+00
     1  2382     1     2        0  0.0000E+00  0.7447E-12  0.0000E+00  0.0000E+00
     1  2383     1     1        0  0.0000E+00  0.1746E+01  0.0000E+00  0.0000E+00
     1  2383     1     2        0  0.0000E+00  0.3859E-12  0.0000E+00  0.0000E+00
     1  2384     1     1        0  0.0000E+00  0.1210E+02  0.0000E+00  0.0000E+00
     1  2384     1     2        0  0.0000E+00  0.1338E-10  0.0000E+00  0.0000E+00
     1  2385     1     1        0  0.0000E+00  0.5209E+01  0.0000E+00  0.0000E+00
     1  2385     1     2        0  0.0000E+00  0.9123E-11  0.0000E+00  0.0000E+00
     1  2386     1     1        0  0.0000E+00  0.2086E+02  0.0000E+00  0.0000E+00
     1  2386     1     2        0  0.0000E+00  0.2019E-10  0.0000E+00  0.0000E+00
     1  2387     1     1        0  0.0000E+00  0.8091E+01  0.0000E+00  0.0000E+00
     1  2387     1     2        0  0.0000E+00  0.5991E-11  0.0000E+00  0.0000E+00
     1  2388     1     1        0  0.0000E+00  0.6675E+01  0.0000E+00  0.0000E+00
     1  2388     1     2        0  0.0000E+00  0.6145E-11  0.0000E+00  0.0000E+00
     1  2389     1     1        0  0.0000E+00  0.2073E+02  0.0000E+00  0.0000E+00
     1  2389     1     2        0  0.0000E+00  0.1937E-10  0.0000E+00  0.0000E+00
     1  2390     1     1        0  0.0000E+00  0.4567E+02  0.0000E+00  0.0000E+00
     1  2390     1     2        0  0.0000E+00  0.3867E-10  0.0000E+00  0.0000E+00
     1  2391     1     1        0  0.0000E+00  0.8347E+01  0.0000E+00  0.0000E+00
     1  2391     1     2        0  0.0000E+00  0.2766E-11  0.0000E+00  0.0000E+00
     1  2392     1     1        0  0.0000E+00  0.1500E+02  0.0000E+00  0.0000E+00
     1  2392     1     2        0  0.0000E+00  0.2022E-10  0.0000E+00  0.0000E+00
     1  2393     1     1        0  0.0000E+00  0.6393E+02  0.0000E+00  0.0000E+00
     1  2393     1     2        0  0.0000E+00  0.6451E-10  0.0000E+00  0.0000E+00
     1  2394     1     1        0  0.0000E+00  0.6868E+02  0.0000E+00  0.0000E+00
     1  2394     1     2        0  0.0000E+00  0.7548E-10  0.0000E+00  0.0000E+00
     1  2395     1     1        0  0.0000E+00  0.4689E+00  0.0000E+00  0.0000E+00
     1  2395     1     2        0  0.0000E+00  0.2626E-11  0.0000E+00  0.0000E+00
     1  2396     1     1        0  0.0000E+00  0.1570E+02  0.0000E+00  0.0000E+00
     1  2396     1     2        0  0.0000E+00  0.1619E-10  0.0000E+00  0.0000E+00
     1  2397     1     1        0  0.0000E+00  0.4076E+02  0.0000E+00  0.0000E+00
     1  2397     1     2        0  0.0000E+00  0.3671E-10  0.0000E+00  0.0000E+00
     1  2398     1     1        0  0.0000E+00  0.7685E+02  0.0000E+00  0.0000E+00
     1  2398     1     2        0  0.0000E+00  0.7994E-10  0.0000E+00  0.0000E+00
     1  2399     1     1        0  0.0000E+00  0.1162E+02  0.0000E+00  0.0000E+00
     1  2399     1     2        0  0.0000E+00  0.3913E-11  0.0000E+00  0.0000E+00
     1  2400     1     1        0  0.0000E+00  0.2906E+01  0.0000E+00  0.0000E+00
     1  2400     1     2        0  0.0000E+00  0.9646E-11  0.0000E+00  0.0000E+00
     1  2401     1     1        0  0.0000E+00  0.1093E+01  0.0000E+00  0.0000E+00
     1  2401     1     2        0  0.0000E+00  0.1206E-10  0.0000E+00  0.0000E+00
     1  2402     1     1        0  0.0000E+00  0.7113E+00  0.0000E+00  0.0000E+00
     1  2402     1     2        0  0.0000E+00  0.3292E-11  0.0000E+00  0.0000E+00
     1  2403     1     1        0  0.0000E+00  0.1460E+01  0.0000E+00  0.0000E+00
     1  2403     1     2        0  0.0000E+00  0.1216E-10  0.0000E+00  0.0000E+00
     1  2404     1     1        0  0.0000E+00  0.1549E+01  0.0000E+00  0.0000E+00
     1  2404     1     2        0  0.0000E+00  0.1074E-11  0.0000E+00  0.0000E+00
     1  2405     1     1        0  0.0000E+00  0.6764E+01  0.0000E+00  0.0000E+00
     1  2405     1     2        0  0.0000E+00  0.2163E-11  0.0000E+00  0.0000E+00
     1  2406     1     1        0  0.0000E+00  0.1254E+02  0.0000E+00  0.0000E+00
     1  2406     1     2        0  0.0000E+00  0.9782E-11  0.0000E+00  0.0000E+00
     1  2407     1     1        0  0.0000E+00  0.9341E+01  0.0000E+00  0.0000E+00
     1  2407     1     2        0  0.0000E+00  0.1309E-10  0.0000E+00  0.0000E+00
     1  2408     1     1        0  0.0000E+00  0.4420E+01  0.0000E+00  0.0000E+00
     1  2408     1     2        0  0.0000E+00  0.3572E-11  0.0000E+00  0.0000E+00
     1  2409     1     1        0  0.0000E+00  0.4924E+01  0.0000E+00  0.0000E+00
     1  2409     1     2        0  0.0000E+00  0.9730E-11  0.0000E+00  0.0000E+00
     1  2410     1     1        0  0.0000E+00  0.3180E+01  0.0000E+00  0.0000E+00
     1  2410     1     2        0  0.0000E+00  0.1363E-11  0.0000E+00  0.0000E+00
     1  2411     1     1        0  0.0000E+00  0.1620E+02  0.0000E+00  0.0000E+00
     1  2411     1     2        0  0.0000E+00  0.1881E-10  0.0000E+00  0.0000E+00
     1  2412     1     1        0  0.0000E+00  0.3883E+02  0.0000E+00  0.0000E+00
     1  2412     1     2        0  0.0000E+00  0.4263E-10  0.0000E+00  0.0000E+00
     1  2413     1     1        0  0.0000E+00  0.1350E+02  0.0000E+00  0.0000E+00
     1  2413     1     2        0  0.0000E+00  0.1457E-11  0.0000E+00  0.0000E+00
     1  2414     1     1        0  0.0000E+00  0.3251E+02  0.0000E+00  0.0000E+00
     1  2414     1     2        0  0.0000E+00  0.3030E-10  0.0000E+00  0.0000E+00
     1  2415     1     1        0  0.0000E+00  0.1000E+03  0.0000E+00  0.0000E+00
     1  2415     1     2        0  0.0000E+00  0.9377E-10  0.0000E+00  0.0000E+00
     1  2416     1     1        0  0.0000E+00  0.6201E+01  0.0000E+00  0.0000E+00
     1  2416     1     2        0  0.0000E+00  0.5437E-11  0.0000E+00  0.0000E+00
     1  2417     1     1        0  0.0000E+00  0.2147E+02  0.0000E+00  0.0000E+00
     1  2417     1     2        0  0.0000E+00  0.2163E-10  0.0000E+00  0.0000E+00
     1  2418     1     1        0  0.0000E+00  0.8376E+01  0.0000E+00  0.0000E+00
     1  2418     1     2        0  0.0000E+00  0.1344E-10  0.0000E+00  0.0000E+00
     1  2419     1     1        0  0.0000E+00  0.6523E+02  0.0000E+00  0.0000E+00
     1  2419     1     2        0  0.0000E+00  0.7235E-10  0.0000E+00  0.0000E+00
     1  2420     1     1        0  0.0000E+00  0.1000E+03  0.0000E+00  0.0000E+00
     1  2420     1     2        0  0.0000E+00  0.1022E-09  0.0000E+00  0.0000E+00
     1  2421     1     1        0  0.0000E+00  0.2197E+02  0.0000E+00  0.0000E+00
     1  2421     1     2        0  0.0000E+00  0.1209E-10  0.0000E+00  0.0000E+00
     1  2422     1     1        0  0.0000E+00  0.6156E+00  0.0000E+00  0.0000E+00
     1  2422     1     2        0  0.0000E+00  0.6792E-11  0.0000E+00  0.0000E+00
     1  2423     1     1        0  0.0000E+00  0.3602E+01  0.0000E+00  0.0000E+00
     1  2423     1     2        0  0.0000E+00  0.5502E-11  0.0000E+00  0.0000E+00
     1  2424     1     1        0  0.0000E+00  0.2209E+01  0.0000E+00  0.0000E+00
     1  2424     1     2        0  0.0000E+00  0.8195E-11  0.0000E+00  0.0000E+00
     1  2425     1     1        0  0.0000E+00  0.7598E+01  0.0000E+00  0.0000E+00
     1  2425     1     2        0  0.0000E+00  0.7057E-11  0.0000E+00  0.0000E+00
     1  2426     1     1        0  0.0000E+00  0.3426E+01  0.0000E+00  0.0000E+00
     1  2426     1     2        0  0.0000E+00  0.2079E-11  0.0000E+00  0.0000E+00
     1  2427     1     1        0  0.0000E+00  0.9417E+00  0.0000E+00  0.0000E+00
     1  2427     1     2        0  0.0000E+00  0.3364E-11  0.0000E+00  0.0000E+00
     1  2428     1     1        0  0.0000E+00  0.6177E+01  0.0000E+00  0.0000E+00
     1  2428     1     2        0  0.0000E+00  0.4536E-11  0.0000E+00  0.0000E+00
     1  2429     1     1        0  0.0000E+00  0.9669E+01  0.0000E+00  0.0000E+00
     1  2429     1     2        0  0.0000E+00  0.4035E-11  0.0000E+00  0.0000E+00
     1  2430     1     1        0  0.0000E+00  0.1464E+02  0.0000E+00  0.0000E+00
     1  2430     1     2        0  0.0000E+00  0.1078E-10  0.0000E+00  0.0000E+00
     1  2431     1     1        0  0.0000E+00  0.4885E+02  0.0000E+00  0.0000E+00
     1  2431     1     2        0  0.0000E+00  0.5013E-10  0.0000E+00  0.0000E+00
     1  2432     1     1        0  0.0000E+00  0.6100E+02  0.0000E+00  0.0000E+00
     1  2432     1     2        0  0.0000E+00  0.3799E-10  0.0000E+00  0.0000E+00
     1  2433     1     1        0  0.0000E+00  0.1281E+02  0.0000E+00  0.0000E+00
     1  2433     1     2        0  0.0000E+00  0.1111E-10  0.0000E+00  0.0000E+00
     1  2434     1     1        0  0.0000E+00  0.1266E+01  0.0000E+00  0.0000E+00
     1  2434     1     2        0  0.0000E+00  0.9961E-11  0.0000E+00  0.0000E+00
     1  2435     1     1        0  0.0000E+00  0.3979E+01  0.0000E+00  0.0000E+00
     1  2435     1     2        0  0.0000E+00  0.1025E-11  0.0000E+00  0.0000E+00
     1  2436     1     1        0  0.0000E+00  0.3429E+01  0.0000E+00  0.0000E+00
     1  2436     1     2        0  0.0000E+00  0.3445E-11  0.0000E+00  0.0000E+00
     1  2437     1     1        0  0.0000E+00  0.7488E+01  0.0000E+00  0.0000E+00
     1  2437     1     2        0  0.0000E+00  0.1026E-10  0.0000E+00  0.0000E+00
     1  2438     1     1        0  0.0000E+00  0.2211E+02  0.0000E+00  0.0000E+00
     1  2438     1     2        0  0.0000E+00  0.1932E-10  0.0000E+00  0.0000E+00
     1  2439     1     1        0  0.0000E+00  0.3478E+02  0.0000E+00  0.0000E+00
     1  2439     1     2        0  0.0000E+00  0.3153E-10  0.0000E+00  0.0000E+00
     1  2440     1     1        0  0.0000E+00  0.2461E+02  0.0000E+00  0.0000E+00
     1  2440     1     2        0  0.0000E+00  0.1783E-10  0.0000E+00  0.0000E+00
     1  2441     1     1        0  0.0000E+00  0.1532E+02  0.0000E+00  0.0000E+00
     1  2441     1     2        0  0.0000E+00  0.8495E-11  0.0000E+00  0.0000E+00
     1  2442     1     1        0  0.0000E+00  0.8733E+02  0.0000E+00  0.0000E+00
     1  2442     1     2        0  0.0000E+00  0.8114E-10  0.0000E+00  0.0000E+00
     1  2443     1     1        0  0.0000E+00  0.3241E+02  0.0000E+00  0.0000E+00
     1  2443     1     2        0  0.0000E+00  0.3115E-10  0.0000E+00  0.0000E+00
     1  2444     1     1        0  0.0000E+00  0.1068E+02  0.0000E+00  0.0000E+00
     1  2444     1     2        0  0.0000E+00  0.1476E-10  0.0000E+00  0.0000E+00
     1  2445     1     1        0  0.0000E+00  0.4239E+01  0.0000E+00  0.0000E+00
     1  2445     1     2        0  0.0000E+00  0.1106E-10  0.0000E+00  0.0000E+00
     1  2446     1     1        0  0.0000E+00  0.7451E+01  0.0000E+00  0.0000E+00
     1  2446     1     2        0  0.0000E+00  0.1184E-10  0.0000E+00  0.0000E+00
     1  2447     1     1        0  0.0000E+00  0.1020E+02  0.0000E+00  0.0000E+00
     1  2447     1     2        0  0.0000E+00  0.1065E-10  0.0000E+00  0.0000E+00
     1  2448     1     1        0  0.0000E+00  0.2004E+02  0.0000E+00  0.0000E+00
     1  2448     1     2        0  0.0000E+00  0.2090E-10  0.0000E+00  0.0000E+00
     1  2449     1     1        0  0.0000E+00  0.7973E+02  0.0000E+00  0.0000E+00
     1  2449     1     2        0  0.0000E+00  0.7748E-10  0.0000E+00  0.0000E+00
     1  2450     1     1        0  0.0000E+00  0.2443E+02  0.0000E+00  0.0000E+00
     1  2450     1     2        0  0.0000E+00  0.2648E-10  0.0000E+00  0.0000E+00
     1  2451     1     1        0  0.0000E+00  0.4750E+01  0.0000E+00  0.0000E+00
     1  2451     1     2        0  0.0000E+00  0.4396E-11  0.0000E+00  0.0000E+00
     1  2452     1     1        0  0.0000E+00  0.8106E+00  0.0000E+00  0.0000E+00
     1  2452     1     2        0  0.0000E+00  0.5632E-12  0.0000E+00  0.0000E+00
     1  2453     1     1        0  0.0000E+00  0.2087E+01  0.0000E+00  0.0000E+00
     1  2453     1     2        0  0.0000E+00  0.4038E-11  0.0000E+00  0.0000E+00
     1  2454     1     1        0  0.0000E+00  0.4648E+01  0.0000E+00  0.0000E+00
     1  2454     1     2        0  0.0000E+00  0.1044E-11  0.0000E+00  0.0000E+00
     1  2455     1     1        0  0.0000E+00  0.8945E+01  0.0000E+00  0.0000E+00
     1  2455     1     2        0  0.0000E+00  0.7926E-11  0.0000E+00  0.0000E+00
     1  2456     1     1        0  0.0000E+00  0.1413E+02  0.0000E+00  0.0000E+00
     1  2456     1     2        0  0.0000E+00  0.1153E-10  0.0000E+00  0.0000E+00
     1  2457     1     1        0  0.0000E+00  0.2696E+01  0.0000E+00  0.0000E+00
     1  2457     1     2        0  0.0000E+00  0.5101E-11  0.0000E+00  0.0000E+00
     1  2458     1     1        0  0.0000E+00  0.4629E+02  0.0000E+00  0.0000E+00
     1  2458     1     2        0  0.0000E+00  0.4727E-10  0.0000E+00  0.0000E+00
     1  2459     1     1        0  0.0000E+00  0.2082E+02  0.0000E+00  0.0000E+00
     1  2459     1     2        0  0.0000E+00  0.2729E-10  0.0000E+00  0.0000E+00
     1  2460     1     1        0  0.0000E+00  0.6234E+01  0.0000E+00  0.0000E+00
     1  2460     1     2        0  0.0000E+00  0.1651E-10  0.0000E+00  0.0000E+00
     1  2461     1     1        0  0.0000E+00  0.3610E+01  0.0000E+00  0.0000E+00
     1  2461     1     2        0  0.0000E+00  0.2851E-11  0.0000E+00  0.0000E+00
     1  2462     1     1        0  0.0000E+00  0.1094E+02  0.0000E+00  0.0000E+00
     1  2462     1     2        0  0.0000E+00  0.1710E-10  0.0000E+00  0.0000E+00
     1  2463     1     1        0  0.0000E+00  0.4906E+01  0.0000E+00  0.0000E+00
     1  2463     1     2        0  0.0000E+00  0.8206E-12  0.0000E+00  0.0000E+00
     1  2464     1     1        0  0.0000E+00  0.5217E+01  0.0000E+00  0.0000E+00
     1  2464     1     2        0  0.0000E+00  0.3596E-11  0.0000E+00  0.0000E+00
     1  2465     1     1        0  0.0000E+00  0.9069E+01  0.0000E+00  0.0000E+00
     1  2465     1     2        0  0.0000E+00  0.1730E-11  0.0000E+00  0.0000E+00
     1  2466     1     1        0  0.0000E+00  0.1006E+02  0.0000E+00  0.0000E+00
     1  2466     1     2        0  0.0000E+00  0.1060E-10  0.0000E+00  0.0000E+00
     1  2467     1     1        0  0.0000E+00  0.9148E+01  0.0000E+00  0.0000E+00
     1  2467     1     2        0  0.0000E+00  0.7977E-11  0.0000E+00  0.0000E+00
     1  2468     1     1        0  0.0000E+00  0.5224E+01  0.0000E+00  0.0000E+00
     1  2468     1     2        0  0.0000E+00  0.7155E-11  0.0000E+00  0.0000E+00
     1  2469     1     1        0  0.0000E+00  0.3449E+01  0.0000E+00  0.0000E+00
     1  2469     1     2        0  0.0000E+00  0.8331E-11  0.0000E+00  0.0000E+00
     1  2470     1     1        0  0.0000E+00  0.2418E+02  0.0000E+00  0.0000E+00
     1  2470     1     2        0  0.0000E+00  0.3316E-10  0.0000E+00  0.0000E+00
     1  2471     1     1        0  0.0000E+00  0.2272E+02  0.0000E+00  0.0000E+00
     1  2471     1     2        0  0.0000E+00  0.2616E-10  0.0000E+00  0.0000E+00
     1  2472     1     1        0  0.0000E+00  0.1000E+03  0.0000E+00  0.0000E+00
     1  2472     1     2        0  0.0000E+00  0.8609E-10  0.0000E+00  0.0000E+00
     1  2473     1     1        0  0.0000E+00  0.1009E+02  0.0000E+00  0.0000E+00
     1  2473     1     2        0  0.0000E+00  0.9523E-11  0.0000E+00  0.0000E+00
     1  2474     1     1        0  0.0000E+00  0.1530E+02  0.0000E+00  0.0000E+00
     1  2474     1     2        0  0.0000E+00  0.2131E-10  0.0000E+00  0.0000E+00
     1  2475     1     1        0  0.0000E+00  0.2504E+02  0.0000E+00  0.0000E+00
     1  2475     1     2        0  0.0000E+00  0.2859E-10  0.0000E+00  0.0000E+00
     1  2476     1     1        0  0.0000E+00  0.1000E+03  0.0000E+00  0.0000E+00
     1  2476     1     2        0  0.0000E+00  0.1011E-09  0.0000E+00  0.0000E+00
     1  2477     1     1        0  0.0000E+00  0.3554E+02  0.0000E+00  0.0000E+00
     1  2477     1     2        0  0.0000E+00  0.3719E-10  0.0000E+00  0.0000E+00
     1  2478     1     1        0  0.0000E+00  0.1000E+03  0.0000E+00  0.0000E+00
     1  2478     1     2        0  0.0000E+00  0.7875E-10  0.0000E+00  0.0000E+00
     1  2479     1     1        0  0.0000E+00  0.1428E+02  0.0000E+00  0.0000E+00
     1  2479     1     2        0  0.0000E+00  0.2114E-10  0.0000E+00  0.0000E+00
     1  2480     1     1        0  0.0000E+00  0.4268E+01  0.0000E+00  0.0000E+00
     1  2480     1     2        0  0.0000E+00  0.1396E-10  0.0000E+00  0.0000E+00
     1  2481     1     1        0  0.0000E+00  0.4939E+01  0.0000E+00  0.0000E+00
     1  2481     1     2        0  0.0000E+00  0.1663E-11  0.0000E+00  0.0000E+00
     1  2482     1     1        0  0.0000E+00  0.2149E+02  0.0000E+00  0.0000E+00
     1  2482     1     2        0  0.0000E+00  0.2224E-10  0.0000E+00  0.0000E+00
     1  2483     1     1        0  0.0000E+00  0.8422E+02  0.0000E+00  0.0000E+00
     1  2483     1     2        0  0.0000E+00  0.7279E-10  0.0000E+00  0.0000E+00
     1  2484     1     1        0  0.0000E+00  0.2345E+02  0.0000E+00  0.0000E+00
     1  2484     1     2        0  0.0000E+00  0.3150E-10  0.0000E+00  0.0000E+00
     1  2485     1     1        0  0.0000E+00  0.4070E+00  0.0000E+00  0.0000E+00
     1  2485     1     2        0  0.0000E+00  0.1312E-10  0.0000E+00  0.0000E+00
     1  2486     1     1        0  0.0000E+00  0.8131E+01  0.0000E+00  0.0000E+00
     1  2486     1     2        0  0.0000E+00  0.1908E-11  0.0000E+00  0.0000E+00
     1  2487     1     1        0  0.0000E+00  0.1190E+02  0.0000E+00  0.0000E+00
     1  2487     1     2        0  0.0000E+00  0.1140E-10  0.0000E+00  0.0000E+00
     1  2488     1     1        0  0.0000E+00  0.2433E+02  0.0000E+00  0.0000E+00
     1  2488     1     2        0  0.0000E+00  0.2491E-10  0.0000E+00  0.0000E+00
     1  2489     1     1        0  0.0000E+00  0.1000E+03  0.0000E+00  0.0000E+00
     1  2489     1     2        0  0.0000E+00  0.6721E-10  0.0000E+00  0.0000E+00
     1  2490     1     1        0  0.0000E+00  0.3313E+02  0.0000E+00  0.0000E+00
     1  2490     1     2        0  0.0000E+00  0.2077E-10  0.0000E+00  0.0000E+00
     1  2491     1     1        0  0.0000E+00  0.1000E+03  0.0000E+00  0.0000E+00
     1  2491     1     2        0  0.0000E+00  0.8638E-10  0.0000E+00  0.0000E+00
     1  2492     1     1        0  0.0000E+00  0.3439E+02  0.0000E+00  0.0000E+00
     1  2492     1     2        0  0.0000E+00  0.3797E-10  0.0000E+00  0.0000E+00
     1  2493     1     1        0  0.0000E+00  0.1316E+02  0.0000E+00  0.0000E+00
     1  2493     1     2        0  0.0000E+00  0.3297E-11  0.0000E+00  0.0000E+00
     1  2494     1     1        0  0.0000E+00  0.6730E+00  0.0000E+00  0.0000E+00
     1  2494     1     2        0  0.0000E+00  0.4163E-11  0.0000E+00  0.0000E+00
     1  2495     1     1        0  0.0000E+00  0.5135E+01  0.0000E+00  0.0000E+00
     1  2495     1     2        0  0.0000E+00  0.9307E-11  0.0000E+00  0.0000E+00
     1  2496     1     1        0  0.0000E+00  0.1191E+02  0.0000E+00  0.0000E+00
     1  2496     1     2        0  0.0000E+00  0.1899E-10  0.0000E+00  0.0000E+00
     1  2497     1     1        0  0.0000E+00  0.1694E+02  0.0000E+00  0.0000E+00
     1  2497     1     2        0  0.0000E+00  0.1437E-10  0.0000E+00  0.0000E+00
     1  2498     1     1        0  0.0000E+00  0.2156E+02  0.0000E+00  0.0000E+00
     1  2498     1     2        0  0.0000E+00  0.1892E-10  0.0000E+00  0.0000E+00
     1  2499     1     1        0  0.0000E+00  0.6762E+02  0.0000E+00  0.0000E+00
     1  2499     1     2        0  0.0000E+00  0.7172E-10  0.0000E+00  0.0000E+00
     1  2500     1     1        0  0.0000E+00  0.1356E+02  0.0000E+00  0.0000E+00
     1  2500     1     2        0  0.0000E+00  0.2863E-10  0.0000E+00  0.0000E+00
     1  2501     1     1        0  0.0000E+00  0.1702E+01  0.0000E+00  0.0000E+00
     1  2501     1     2        0  0.0000E+00  0.2780E-11  0.0000E+00  0.0000E+00
     1  2502     1     1        0  0.0000E+00  0.7170E+01  0.0000E+00  0.0000E+00
     1  2502     1     2        0  0.0000E+00  0.2545E-11  0.0000E+00  0.0000E+00
     1  2503     1     1        0  0.0000E+00  0.1047E+02  0.0000E+00  0.0000E+00
     1  2503     1     2        0  0.0000E+00  0.1137E-10  0.0000E+00  0.0000E+00
     1  2504     1     1        0  0.0000E+00  0.2237E+02  0.0000E+00  0.0000E+00
     1  2504     1     2        0  0.0000E+00  0.1896E-10  0.0000E+00  0.0000E+00
     1  2505     1     1        0  0.0000E+00  0.1000E+03  0.0000E+00  0.0000E+00
     1  2505     1     2        0  0.0000E+00  0.1046E-09  0.0000E+00  0.0000E+00
     1  2506     1     1        0  0.0000E+00  0.3423E+02  0.0000E+00  0.0000E+00
     1  2506     1     2        0  0.0000E+00  0.2574E-10  0.0000E+00  0.0000E+00
     1  2507     1     1        0  0.0000E+00  0.1026E+02  0.0000E+00  0.0000E+00
     1  2507     1     2        0  0.0000E+00  0.8572E-11  0.0000E+00  0.0000E+00
     1  2508     1     1        0  0.0000E+00  0.3354E+01  0.0000E+00  0.0000E+00
     1  2508     1     2        0  0.0000E+00  0.2214E-11  0.0000E+00  0.0000E+00
     1  2509     1     1        0  0.0000E+00  0.6914E+01  0.0000E+00  0.0000E+00
     1  2509     1     2        0  0.0000E+00  0.8423E-11  0.0000E+00  0.0000E+00
     1  2510     1     1        0  0.0000E+00  0.5290E+01  0.0000E+00  0.0000E+00
     1  2510     1     2        0  0.0000E+00  0.5945E-11  0.0000E+00  0.0000E+00
     1  2511     1     1        0  0.0000E+00  0.2560E+01  0.0000E+00  0.0000E+00
     1  2511     1     2        0  0.0000E+00  0.2216E-11  0.0000E+00  0.0000E+00
     1  2512     1     1        0  0.0000E+00  0.1189E+01  0.0000E+00  0.0000E+00
     1  2512     1     2        0  0.0000E+00  0.7154E-12  0.0000E+00  0.0000E+00
     1  2513     1     1        0  0.0000E+00  0.2278E+01  0.0000E+00  0.0000E+00
     1  2513     1     2        0  0.0000E+00  0.1848E-11  0.0000E+00  0.0000E+00
     1  2514     1     1        0  0.0000E+00  0.2102E+01  0.0000E+00  0.0000E+00
     1  2514     1     2        0  0.0000E+00  0.1280E-10  0.0000E+00  0.0000E+00
     1  2515     1     1        0  0.0000E+00  0.9341E+01  0.0000E+00  0.0000E+00
     1  2515     1     2        0  0.0000E+00  0.7593E-11  0.0000E+00  0.0000E+00
     1  2516     1     1        0  0.0000E+00  0.1264E+01  0.0000E+00  0.0000E+00
     1  2516     1     2        0  0.0000E+00  0.4166E-11  0.0000E+00  0.0000E+00
     1  2517     1     1        0  0.0000E+00  0.1439E+01  0.0000E+00  0.0000E+00
     1  2517     1     2        0  0.0000E+00  0.1433E-10  0.0000E+00  0.0000E+00
     1  2518     1     1        0  0.0000E+00  0.2504E+01  0.0000E+00  0.0000E+00
     1  2518     1     2        0  0.0000E+00  0.7609E-11  0.0000E+00  0.0000E+00
     1  2519     1     1        0  0.0000E+00  0.5251E+01  0.0000E+00  0.0000E+00
     1  2519     1     2        0  0.0000E+00  0.1075E-11  0.0000E+00  0.0000E+00
     1  2520     1     1        0  0.0000E+00  0.1545E+02  0.0000E+00  0.0000E+00
     1  2520     1     2        0  0.0000E+00  0.1078E-10  0.0000E+00  0.0000E+00
     1  2521     1     1        0  0.0000E+00  0.2332E+02  0.0000E+00  0.0000E+00
     1  2521     1     2        0  0.0000E+00  0.2463E-10  0.0000E+00  0.0000E+00
     1  2522     1     1        0  0.0000E+00  0.1000E+03  0.0000E+00  0.0000E+00
     1  2522     1     2        0  0.0000E+00  0.1199E-09  0.0000E+00  0.0000E+00
     1  2523     1     1        0  0.0000E+00  0.4170E+01  0.0000E+00  0.0000E+00
     1  2523     1     2        0  0.0000E+00  0.3435E-11  0.0000E+00  0.0000E+00
     1  2524     1     1        0  0.0000E+00  0.9711E+01  0.0000E+00  0.0000E+00
     1  2524     1     2        0  0.0000E+00  0.9473E-12  0.0000E+00  0.0000E+00
     1  2525     1     1        0  0.0000E+00  0.1934E+02  0.0000E+00  0.0000E+00
     1  2525     1     2        0  0.0000E+00  0.1244E-10  0.0000E+00  0.0000E+00
     1  2526     1     1        0  0.0000E+00  0.7950E+02  0.0000E+00  0.0000E+00
     1  2526     1     2        0  0.0000E+00  0.6625E-10  0.0000E+00  0.0000E+00
     1  2527     1     1        0  0.0000E+00  0.1651E+02  0.0000E+00  0.0000E+00
     1  2527     1     2        0  0.0000E+00  0.1941E-10  0.0000E+00  0.0000E+00
     1  2528     1     1        0  0.0000E+00  0.4928E+02  0.0000E+00  0.0000E+00
     1  2528     1     2        0  0.0000E+00  0.4055E-10  0.0000E+00  0.0000E+00
     1  2529     1     1        0  0.0000E+00  0.7243E+02  0.0000E+00  0.0000E+00
     1  2529     1     2        0  0.0000E+00  0.7615E-10  0.0000E+00  0.0000E+00
     1  2530     1     1        0  0.0000E+00  0.2081E+02  0.0000E+00  0.0000E+00
     1  2530     1     2        0  0.0000E+00  0.2561E-10  0.0000E+00  0.0000E+00
     1  2531     1     1        0  0.0000E+00  0.3043E+01  0.0000E+00  0.0000E+00
     1  2531     1     2        0  0.0000E+00  0.1480E-11  0.0000E+00  0.0000E+00
     1  2532     1     1        0  0.0000E+00  0.2306E+02  0.0000E+00  0.0000E+00
     1  2532     1     2        0  0.0000E+00  0.2041E-10  0.0000E+00  0.0000E+00
     1  2533     1     1        0  0.0000E+00  0.4887E+02  0.0000E+00  0.0000E+00
     1  2533     1     2        0  0.0000E+00  0.4780E-10  0.0000E+00  0.0000E+00
     1  2534     1     1        0  0.0000E+00  0.2531E+02  0.0000E+00  0.0000E+00
     1  2534     1     2        0  0.0000E+00  0.1916E-10  0.0000E+00  0.0000E+00
     1  2535     1     1        0  0.0000E+00  0.9743E+02  0.0000E+00  0.0000E+00
     1  2535     1     2        0  0.0000E+00  0.9386E-10  0.0000E+00  0.0000E+00
     1  2536     1     1        0  0.0000E+00  0.3094E+02  0.0000E+00  0.0000E+00
     1  2536     1     2        0  0.0000E+00  0.3076E-10  0.0000E+00  0.0000E+00
     1  2537     1     1        0  0.0000E+00  0.9700E+01  0.0000E+00  0.0000E+00
     1  2537     1     2        0  0.0000E+00  0.3779E-11  0.0000E+00  0.0000E+00
     1  2538     1     1        0  0.0000E+00  0.1334E+02  0.0000E+00  0.0000E+00
     1  2538     1     2        0  0.0000E+00  0.6805E-11  0.0000E+00  0.0000E+00
     1  2539     1     1        0  0.0000E+00  0.4611E+01  0.0000E+00  0.0000E+00
     1  2539     1     2        0  0.0000E+00  0.2518E-11  0.0000E+00  0.0000E+00
     1  2540     1     1        0  0.0000E+00  0.4753E+01  0.0000E+00  0.0000E+00
     1  2540     1     2        0  0.0000E+00  0.2445E-11  0.0000E+00  0.0000E+00
     1  2541     1     1        0  0.0000E+00  0.9941E+01  0.0000E+00  0.0000E+00
     1  2541     1     2        0  0.0000E+00  0.6428E-11  0.0000E+00  0.0000E+00
     1  2542     1     1        0  0.0000E+00  0.1844E+02  0.0000E+00  0.0000E+00
     1  2542     1     2        0  0.0000E+00  0.1460E-10  0.0000E+00  0.0000E+00
     1  2543     1     1        0  0.0000E+00  0.4358E+02  0.0000E+00  0.0000E+00
     1  2543     1     2        0  0.0000E+00  0.4031E-10  0.0000E+00  0.0000E+00
     1  2544     1     1        0  0.0000E+00  0.5608E+01  0.0000E+00  0.0000E+00
     1  2544     1     2        0  0.0000E+00  0.1191E-10  0.0000E+00  0.0000E+00
     1  2545     1     1        0  0.0000E+00  0.1005E+02  0.0000E+00  0.0000E+00
     1  2545     1     2        0  0.0000E+00  0.4144E-11  0.0000E+00  0.0000E+00
     1  2546     1     1        0  0.0000E+00  0.3091E+02  0.0000E+00  0.0000E+00
     1  2546     1     2        0  0.0000E+00  0.3157E-10  0.0000E+00  0.0000E+00
     1  2547     1     1        0  0.0000E+00  0.1000E+03  0.0000E+00  0.0000E+00
     1  2547     1     2        0  0.0000E+00  0.7307E-10  0.0000E+00  0.0000E+00
     1  2548     1     1        0  0.0000E+00  0.2313E+01  0.0000E+00  0.0000E+00
     1  2548     1     2        0  0.0000E+00  0.2014E-10  0.0000E+00  0.0000E+00
     1  2549     1     1        0  0.0000E+00  0.1255E+02  0.0000E+00  0.0000E+00
     1  2549     1     2        0  0.0000E+00  0.8370E-11  0.0000E+00  0.0000E+00
     1  2550     1     1        0  0.0000E+00  0.2680E+02  0.0000E+00  0.0000E+00
     1  2550     1     2        0  0.0000E+00  0.2558E-10  0.0000E+00  0.0000E+00
     1  2551     1     1        0  0.0000E+00  0.1000E+03  0.0000E+00  0.0000E+00
     1  2551     1     2        0  0.0000E+00  0.1282E-09  0.0000E+00  0.0000E+00
     1  2552     1     1        0  0.0000E+00  0.2767E+02  0.0000E+00  0.0000E+00
     1  2552     1     2        0  0.0000E+00  0.1959E-10  0.0000E+00  0.0000E+00
     1  2553     1     1        0  0.0000E+00  0.1000E+03  0.0000E+00  0.0000E+00
     1  2553     1     2        0  0.0000E+00  0.1033E-09  0.0000E+00  0.0000E+00
     1  2554     1     1        0  0.0000E+00  0.1635E+02  0.0000E+00  0.0000E+00
     1  2554     1     2        0  0.0000E+00  0.3904E-11  0.0000E+00  0.0000E+00
     1  2555     1     1        0  0.0000E+00  0.2125E+02  0.0000E+00  0.0000E+00
     1  2555     1     2        0  0.0000E+00  0.2717E-10  0.0000E+00  0.0000E+00
     1  2556     1     1        0  0.0000E+00  0.9574E+02  0.0000E+00  0.0000E+00
     1  2556     1     2        0  0.0000E+00  0.8308E-10  0.0000E+00  0.0000E+00
     1  2557     1     1        0  0.0000E+00  0.4991E+02  0.0000E+00  0.0000E+00
     1  2557     1     2        0  0.0000E+00  0.5544E-10  0.0000E+00  0.0000E+00
     1  2558     1     1        0  0.0000E+00  0.9759E+01  0.0000E+00  0.0000E+00
     1  2558     1     2        0  0.0000E+00  0.4811E-11  0.0000E+00  0.0000E+00
     1  2559     1     1        0  0.0000E+00  0.3322E+01  0.0000E+00  0.0000E+00
     1  2559     1     2        0  0.0000E+00  0.3141E-11  0.0000E+00  0.0000E+00
     1  2560     1     1        0  0.0000E+00  0.8355E+01  0.0000E+00  0.0000E+00
     1  2560     1     2        0  0.0000E+00  0.1342E-10  0.0000E+00  0.0000E+00
     1  2561     1     1        0  0.0000E+00  0.1676E+02  0.0000E+00  0.0000E+00
     1  2561     1     2        0  0.0000E+00  0.1860E-10  0.0000E+00  0.0000E+00
     1  2562     1     1        0  0.0000E+00  0.3494E+02  0.0000E+00  0.0000E+00
     1  2562     1     2        0  0.0000E+00  0.3056E-10  0.0000E+00  0.0000E+00
     1  2563     1     1        0  0.0000E+00  0.8191E+01  0.0000E+00  0.0000E+00
     1  2563     1     2        0  0.0000E+00  0.8349E-11  0.0000E+00  0.0000E+00
     1  2564     1     1        0  0.0000E+00  0.3614E+02  0.0000E+00  0.0000E+00
     1  2564     1     2        0  0.0000E+00  0.2943E-10  0.0000E+00  0.0000E+00
     1  2565     1     1        0  0.0000E+00  0.1000E+03  0.0000E+00  0.0000E+00
     1  2565     1     2        0  0.0000E+00  0.9425E-10  0.0000E+00  0.0000E+00
     1  2566     1     1        0  0.0000E+00  0.1523E+02  0.0000E+00  0.0000E+00
     1  2566     1     2        0  0.0000E+00  0.9820E-11  0.0000E+00  0.0000E+00
     1  2567     1     1        0  0.0000E+00  0.6178E+00  0.0000E+00  0.0000E+00
     1  2567     1     2        0  0.0000E+00  0.3066E-11  0.0000E+00  0.0000E+00
     1  2568     1     1        0  0.0000E+00  0.4644E+01  0.0000E+00  0.0000E+00
     1  2568     1     2        0  0.0000E+00  0.9753E-12  0.0000E+00  0.0000E+00
     1  2569     1     1        0  0.0000E+00  0.7737E+01  0.0000E+00  0.0000E+00
     1  2569     1     2        0  0.0000E+00  0.3507E-11  0.0000E+00  0.0000E+00
     1  2570     1     1        0  0.0000E+00  0.9340E+01  0.0000E+00  0.0000E+00
     1  2570     1     2        0  0.0000E+00  0.3505E-12  0.0000E+00  0.0000E+00
     1  2571     1     1        0  0.0000E+00  0.4520E+01  0.0000E+00  0.0000E+00
     1  2571     1     2        0  0.0000E+00  0.6938E-11  0.0000E+00  0.0000E+00
     1  2572     1     1        0  0.0000E+00  0.1154E+02  0.0000E+00  0.0000E+00
     1  2572     1     2        0  0.0000E+00  0.2868E-11  0.0000E+00  0.0000E+00
     1  2573     1     1        0  0.0000E+00  0.5143E+01  0.0000E+00  0.0000E+00
     1  2573     1     2        0  0.0000E+00  0.5229E-11  0.0000E+00  0.0000E+00
     1  2574     1     1        0  0.0000E+00  0.1958E+01  0.0000E+00  0.0000E+00
     1  2574     1     2        0  0.0000E+00  0.6713E-12  0.0000E+00  0.0000E+00
     1  2575     1     1        0  0.0000E+00  0.2770E+01  0.0000E+00  0.0000E+00
     1  2575     1     2        0  0.0000E+00  0.1664E-11  0.0000E+00  0.0000E+00
     1  2576     1     1        0  0.0000E+00  0.1038E+02  0.0000E+00  0.0000E+00
     1  2576     1     2        0  0.0000E+00  0.1044E-10  0.0000E+00  0.0000E+00
     1  2577     1     1        0  0.0000E+00  0.2920E+02  0.0000E+00  0.0000E+00
     1  2577     1     2        0  0.0000E+00  0.1718E-10  0.0000E+00  0.0000E+00
     1  2578     1     1        0  0.0000E+00  0.1000E+03  0.0000E+00  0.0000E+00
     1  2578     1     2        0  0.0000E+00  0.6737E-10  0.0000E+00  0.0000E+00
     1  2579     1     1        0  0.0000E+00  0.3221E+01  0.0000E+00  0.0000E+00
     1  2579     1     2        0  0.0000E+00  0.8596E-12  0.0000E+00  0.0000E+00
     1  2580     1     1        0  0.0000E+00  0.7403E+01  0.0000E+00  0.0000E+00
     1  2580     1     2        0  0.0000E+00  0.6932E-11  0.0000E+00  0.0000E+00
     1  2581     1     1        0  0.0000E+00  0.1380E+02  0.0000E+00  0.0000E+00
     1  2581     1     2        0  0.0000E+00  0.6141E-11  0.0000E+00  0.0000E+00
     1  2582     1     1        0  0.0000E+00  0.5173E+01  0.0000E+00  0.0000E+00
     1  2582     1     2        0  0.0000E+00  0.7204E-11  0.0000E+00  0.0000E+00
     1  2583     1     1        0  0.0000E+00  0.6267E+02  0.0000E+00  0.0000E+00
     1  2583     1     2        0  0.0000E+00  0.5048E-10  0.0000E+00  0.0000E+00
     1  2584     1     1        0  0.0000E+00  0.2102E+02  0.0000E+00  0.0000E+00
     1  2584     1     2        0  0.0000E+00  0.1378E-10  0.0000E+00  0.0000E+00
     1  2585     1     1        0  0.0000E+00  0.7218E+01  0.0000E+00  0.0000E+00
     1  2585     1     2        0  0.0000E+00  0.5421E-11  0.0000E+00  0.0000E+00
     1  2586     1     1        0  0.0000E+00  0.5632E+01  0.0000E+00  0.0000E+00
     1  2586     1     2        0  0.0000E+00  0.2098E-11  0.0000E+00  0.0000E+00
     1  2587     1     1        0  0.0000E+00  0.7188E+00  0.0000E+00  0.0000E+00
     1  2587     1     2        0  0.0000E+00  0.5292E-12  0.0000E+00  0.0000E+00
     1  2588     1     1        0  0.0000E+00  0.4719E+01  0.0000E+00  0.0000E+00
     1  2588     1     2        0  0.0000E+00  0.2315E-11  0.0000E+00  0.0000E+00
     1  2589     1     1        0  0.0000E+00  0.7114E+01  0.0000E+00  0.0000E+00
     1  2589     1     2        0  0.0000E+00  0.2131E-11  0.0000E+00  0.0000E+00
     1  2590     1     1        0  0.0000E+00  0.7163E+01  0.0000E+00  0.0000E+00
     1  2590     1     2        0  0.0000E+00  0.4511E-11  0.0000E+00  0.0000E+00
     1  2591     1     1        0  0.0000E+00  0.3370E+01  0.0000E+00  0.0000E+00
     1  2591     1     2        0  0.0000E+00  0.4541E-11  0.0000E+00  0.0000E+00
     1  2592     1     1        0  0.0000E+00  0.4226E+01  0.0000E+00  0.0000E+00
     1  2592     1     2        0  0.0000E+00  0.2685E-11  0.0000E+00  0.0000E+00
     1  2593     1     1        0  0.0000E+00  0.3557E+01  0.0000E+00  0.0000E+00
     1  2593     1     2        0  0.0000E+00  0.6187E-11  0.0000E+00  0.0000E+00
     1  2594     1     1        0  0.0000E+00  0.1572E+01  0.0000E+00  0.0000E+00
     1  2594     1     2        0  0.0000E+00  0.7476E-11  0.0000E+00  0.0000E+00
     1  2595     1     1        0  0.0000E+00  0.1104E+02  0.0000E+00  0.0000E+00
     1  2595     1     2        0  0.0000E+00  0.8580E-11  0.0000E+00  0.0000E+00
     1  2596     1     1        0  0.0000E+00  0.2949E+02  0.0000E+00  0.0000E+00
     1  2596     1     2        0  0.0000E+00  0.2442E-10  0.0000E+00  0.0000E+00
     1  2597     1     1        0  0.0000E+00  0.1000E+03  0.0000E+00  0.0000E+00
     1  2597     1     2        0  0.0000E+00  0.1086E-09  0.0000E+00  0.0000E+00
     1  2598     1     1        0  0.0000E+00  0.1250E+02  0.0000E+00  0.0000E+00
     1  2598     1     2        0  0.0000E+00  0.4796E-11  0.0000E+00  0.0000E+00
     1  2599     1     1        0  0.0000E+00  0.1677E+01  0.0000E+00  0.0000E+00
     1  2599     1     2        0  0.0000E+00  0.3076E-11  0.0000E+00  0.0000E+00
     1  2600     1     1        0  0.0000E+00  0.3441E+01  0.0000E+00  0.0000E+00
     1  2600     1     2        0  0.0000E+00  0.3454E-11  0.0000E+00  0.0000E+00
     1  2601     1     1        0  0.0000E+00  0.8694E+01  0.0000E+00  0.0000E+00
     1  2601     1     2        0  0.0000E+00  0.8091E-11  0.0000E+00  0.0000E+00
     1  2602     1     1        0  0.0000E+00  0.1045E+02  0.0000E+00  0.0000E+00
     1  2602     1     2        0  0.0000E+00  0.3401E-11  0.0000E+00  0.0000E+00
     1  2603     1     1        0  0.0000E+00  0.3736E+01  0.0000E+00  0.0000E+00
     1  2603     1     2        0  0.0000E+00  0.1098E-10  0.0000E+00  0.0000E+00
     1  2604     1     1        0  0.0000E+00  0.1037E+02  0.0000E+00  0.0000E+00
     1  2604     1     2        0  0.0000E+00  0.1169E-10  0.0000E+00  0.0000E+00
     1  2605     1     1        0  0.0000E+00  0.1533E+02  0.0000E+00  0.0000E+00
     1  2605     1     2        0  0.0000E+00  0.2639E-10  0.0000E+00  0.0000E+00
     1  2606     1     1        0  0.0000E+00  0.1754E+02  0.0000E+00  0.0000E+00
     1  2606     1     2        0  0.0000E+00  0.1692E-10  0.0000E+00  0.0000E+00
     1  2607     1     1        0  0.0000E+00  0.3378E+01  0.0000E+00  0.0000E+00
     1  2607     1     2        0  0.0000E+00  0.1642E-11  0.0000E+00  0.0000E+00
     1  2608     1     1        0  0.0000E+00  0.5076E+01  0.0000E+00  0.0000E+00
     1  2608     1     2        0  0.0000E+00  0.1802E-10  0.0000E+00  0.0000E+00
     1  2609     1     1        0  0.0000E+00  0.6059E+01  0.0000E+00  0.0000E+00
     1  2609     1     2        0  0.0000E+00  0.7213E-11  0.0000E+00  0.0000E+00
     1  2610     1     1        0  0.0000E+00  0.4753E+01  0.0000E+00  0.0000E+00
     1  2610     1     2        0  0.0000E+00  0.4562E-11  0.0000E+00  0.0000E+00
     1  2611     1     1        0  0.0000E+00  0.2136E+01  0.0000E+00  0.0000E+00
     1  2611     1     2        0  0.0000E+00  0.2322E-11  0.0000E+00  0.0000E+00
     1  2612     1     1        0  0.0000E+00  0.3496E+01  0.0000E+00  0.0000E+00
     1  2612     1     2        0  0.0000E+00  0.4147E-11  0.0000E+00  0.0000E+00
     1  2613     1     1        0  0.0000E+00  0.1411E+02  0.0000E+00  0.0000E+00
     1  2613     1     2        0  0.0000E+00  0.1115E-10  0.0000E+00  0.0000E+00
     1  2614     1     1        0  0.0000E+00  0.3274E+02  0.0000E+00  0.0000E+00
     1  2614     1     2        0  0.0000E+00  0.3281E-10  0.0000E+00  0.0000E+00
     1  2615     1     1        0  0.0000E+00  0.5173E+02  0.0000E+00  0.0000E+00
     1  2615     1     2        0  0.0000E+00  0.4595E-10  0.0000E+00  0.0000E+00
     1  2616     1     1        0  0.0000E+00  0.7324E+01  0.0000E+00  0.0000E+00
     1  2616     1     2        0  0.0000E+00  0.1005E-10  0.0000E+00  0.0000E+00
     1  2617     1     1        0  0.0000E+00  0.1659E+02  0.0000E+00  0.0000E+00
     1  2617     1     2        0  0.0000E+00  0.2226E-10  0.0000E+00  0.0000E+00
     1  2618     1     1        0  0.0000E+00  0.1622E+02  0.0000E+00  0.0000E+00
     1  2618     1     2        0  0.0000E+00  0.2352E-10  0.0000E+00  0.0000E+00
     1  2619     1     1        0  0.0000E+00  0.1402E+02  0.0000E+00  0.0000E+00
     1  2619     1     2        0  0.0000E+00  0.1323E-10  0.0000E+00  0.0000E+00
     1  2620     1     1        0  0.0000E+00  0.6714E+01  0.0000E+00  0.0000E+00
     1  2620     1     2        0  0.0000E+00  0.3483E-11  0.0000E+00  0.0000E+00
     1  2621     1     1        0  0.0000E+00  0.2872E+01  0.0000E+00  0.0000E+00
     1  2621     1     2        0  0.0000E+00  0.2023E-11  0.0000E+00  0.0000E+00
     1  2622     1     1        0  0.0000E+00  0.1013E+02  0.0000E+00  0.0000E+00
     1  2622     1     2        0  0.0000E+00  0.1689E-10  0.0000E+00  0.0000E+00
     1  2623     1     1        0  0.0000E+00  0.1831E+02  0.0000E+00  0.0000E+00
     1  2623     1     2        0  0.0000E+00  0.1207E-10  0.0000E+00  0.0000E+00
     1  2624     1     1        0  0.0000E+00  0.6326E+02  0.0000E+00  0.0000E+00
     1  2624     1     2        0  0.0000E+00  0.5227E-10  0.0000E+00  0.0000E+00
     1  2625     1     1        0  0.0000E+00  0.5276E+02  0.0000E+00  0.0000E+00
     1  2625     1     2        0  0.0000E+00  0.4266E-10  0.0000E+00  0.0000E+00
     1  2626     1     1        0  0.0000E+00  0.1399E+02  0.0000E+00  0.0000E+00
     1  2626     1     2        0  0.0000E+00  0.7499E-11  0.0000E+00  0.0000E+00
     1  2627     1     1        0  0.0000E+00  0.2750E+01  0.0000E+00  0.0000E+00
     1  2627     1     2        0  0.0000E+00  0.6329E-11  0.0000E+00  0.0000E+00
     1  2628     1     1        0  0.0000E+00  0.8180E+01  0.0000E+00  0.0000E+00
     1  2628     1     2        0  0.0000E+00  0.2297E-11  0.0000E+00  0.0000E+00
     1  2629     1     1        0  0.0000E+00  0.8666E+01  0.0000E+00  0.0000E+00
     1  2629     1     2        0  0.0000E+00  0.1667E-11  0.0000E+00  0.0000E+00
     1  2630     1     1        0  0.0000E+00  0.6723E+01  0.0000E+00  0.0000E+00
     1  2630     1     2        0  0.0000E+00  0.1492E-11  0.0000E+00  0.0000E+00
     1  2631     1     1        0  0.0000E+00  0.9105E+01  0.0000E+00  0.0000E+00
     1  2631     1     2        0  0.0000E+00  0.1572E-10  0.0000E+00  0.0000E+00
     1  2632     1     1        0  0.0000E+00  0.1420E+02  0.0000E+00  0.0000E+00
     1  2632     1     2        0  0.0000E+00  0.3630E-11  0.0000E+00  0.0000E+00
     1  2633     1     1        0  0.0000E+00  0.1519E+01  0.0000E+00  0.0000E+00
     1  2633     1     2        0  0.0000E+00  0.4246E-11  0.0000E+00  0.0000E+00
     1  2634     1     1        0  0.0000E+00  0.1151E+01  0.0000E+00  0.0000E+00
     1  2634     1     2        0  0.0000E+00  0.3083E-11  0.0000E+00  0.0000E+00
     1  2635     1     1        0  0.0000E+00  0.4340E+01  0.0000E+00  0.0000E+00
     1  2635     1     2        0  0.0000E+00  0.4138E-11  0.0000E+00  0.0000E+00
     1  2636     1     1        0  0.0000E+00  0.1758E+02  0.0000E+00  0.0000E+00
     1  2636     1     2        0  0.0000E+00  0.1584E-10  0.0000E+00  0.0000E+00
     1  2637     1     1        0  0.0000E+00  0.5412E+02  0.0000E+00  0.0000E+00
     1  2637     1     2        0  0.0000E+00  0.4739E-10  0.0000E+00  0.0000E+00
     1  2638     1     1        0  0.0000E+00  0.4216E+02  0.0000E+00  0.0000E+00
     1  2638     1     2        0  0.0000E+00  0.4214E-10  0.0000E+00  0.0000E+00
     1  2639     1     1        0  0.0000E+00  0.8392E+01  0.0000E+00  0.0000E+00
     1  2639     1     2        0  0.0000E+00  0.1788E-10  0.0000E+00  0.0000E+00
     1  2640     1     1        0  0.0000E+00  0.3013E+00  0.0000E+00  0.0000E+00
     1  2640     1     2        0  0.0000E+00  0.1913E-11  0.0000E+00  0.0000E+00
     1  2641     1     1        0  0.0000E+00  0.3917E+01  0.0000E+00  0.0000E+00
     1  2641     1     2        0  0.0000E+00  0.5389E-12  0.0000E+00  0.0000E+00
     1  2642     1     1        0  0.0000E+00  0.4022E+01  0.0000E+00  0.0000E+00
     1  2642     1     2        0  0.0000E+00  0.6574E-11  0.0000E+00  0.0000E+00
     1  2643     1     1        0  0.0000E+00  0.1960E+01  0.0000E+00  0.0000E+00
     1  2643     1     2        0  0.0000E+00  0.5623E-11  0.0000E+00  0.0000E+00
     1  2644     1     1        0  0.0000E+00  0.4018E+01  0.0000E+00  0.0000E+00
     1  2644     1     2        0  0.0000E+00  0.3603E-12  0.0000E+00  0.0000E+00
     1  2645     1     1        0  0.0000E+00  0.5840E+01  0.0000E+00  0.0000E+00
     1  2645     1     2        0  0.0000E+00  0.1214E-10  0.0000E+00  0.0000E+00
     1  2646     1     1        0  0.0000E+00  0.1366E+00  0.0000E+00  0.0000E+00
     1  2646     1     2        0  0.0000E+00  0.2749E-11  0.0000E+00  0.0000E+00
     1  2647     1     1        0  0.0000E+00  0.3060E+01  0.0000E+00  0.0000E+00
     1  2647     1     2        0  0.0000E+00  0.2079E-11  0.0000E+00  0.0000E+00
     1  2648     1     1        0  0.0000E+00  0.5715E+01  0.0000E+00  0.0000E+00
     1  2648     1     2        0  0.0000E+00  0.7816E-11  0.0000E+00  0.0000E+00
     1  2649     1     1        0  0.0000E+00  0.1751E+02  0.0000E+00  0.0000E+00
     1  2649     1     2        0  0.0000E+00  0.1719E-10  0.0000E+00  0.0000E+00
     1  2650     1     1        0  0.0000E+00  0.5027E+02  0.0000E+00  0.0000E+00
     1  2650     1     2        0  0.0000E+00  0.4417E-10  0.0000E+00  0.0000E+00
     1  2651     1     1        0  0.0000E+00  0.4871E+02  0.0000E+00  0.0000E+00
     1  2651     1     2        0  0.0000E+00  0.6882E-10  0.0000E+00  0.0000E+00
     1  2652     1     1        0  0.0000E+00  0.1346E+02  0.0000E+00  0.0000E+00
     1  2652     1     2        0  0.0000E+00  0.1230E-10  0.0000E+00  0.0000E+00
     1  2653     1     1        0  0.0000E+00  0.5208E+01  0.0000E+00  0.0000E+00
     1  2653     1     2        0  0.0000E+00  0.1266E-10  0.0000E+00  0.0000E+00
     1  2654     1     1        0  0.0000E+00  0.6049E+00  0.0000E+00  0.0000E+00
     1  2654     1     2        0  0.0000E+00  0.4874E-11  0.0000E+00  0.0000E+00
     1  2655     1     1        0  0.0000E+00  0.6760E+01  0.0000E+00  0.0000E+00
     1  2655     1     2        0  0.0000E+00  0.1045E-10  0.0000E+00  0.0000E+00
     1  2656     1     1        0  0.0000E+00  0.1443E+02  0.0000E+00  0.0000E+00
     1  2656     1     2        0  0.0000E+00  0.1101E-10  0.0000E+00  0.0000E+00
     1  2657     1     1        0  0.0000E+00  0.3168E+02  0.0000E+00  0.0000E+00
     1  2657     1     2        0  0.0000E+00  0.2860E-10  0.0000E+00  0.0000E+00
     1  2658     1     1        0  0.0000E+00  0.8950E+02  0.0000E+00  0.0000E+00
     1  2658     1     2        0  0.0000E+00  0.8452E-10  0.0000E+00  0.0000E+00
     1  2659     1     1        0  0.0000E+00  0.1577E+02  0.0000E+00  0.0000E+00
     1  2659     1     2        0  0.0000E+00  0.1374E-10  0.0000E+00  0.0000E+00
     1  2660     1     1        0  0.0000E+00  0.7070E+01  0.0000E+00  0.0000E+00
     1  2660     1     2        0  0.0000E+00  0.1354E-10  0.0000E+00  0.0000E+00
     1  2661     1     1        0  0.0000E+00  0.2480E+01  0.0000E+00  0.0000E+00
     1  2661     1     2        0  0.0000E+00  0.8100E-11  0.0000E+00  0.0000E+00
     1  2662     1     1        0  0.0000E+00  0.6319E+00  0.0000E+00  0.0000E+00
     1  2662     1     2        0  0.0000E+00  0.2083E-11  0.0000E+00  0.0000E+00
     1  2663     1     1        0  0.0000E+00  0.5248E+01  0.0000E+00  0.0000E+00
     1  2663     1     2        0  0.0000E+00  0.6492E-12  0.0000E+00  0.0000E+00
     1  2664     1     1        0  0.0000E+00  0.9585E+01  0.0000E+00  0.0000E+00
     1  2664     1     2        0  0.0000E+00  0.8770E-11  0.0000E+00  0.0000E+00
     1  2665     1     1        0  0.0000E+00  0.9008E+01  0.0000E+00  0.0000E+00
     1  2665     1     2        0  0.0000E+00  0.6989E-11  0.0000E+00  0.0000E+00
     1  2666     1     1        0  0.0000E+00  0.1860E+01  0.0000E+00  0.0000E+00
     1  2666     1     2        0  0.0000E+00  0.6266E-11  0.0000E+00  0.0000E+00
     1  2667     1     1        0  0.0000E+00  0.6201E+01  0.0000E+00  0.0000E+00
     1  2667     1     2        0  0.0000E+00  0.2608E-11  0.0000E+00  0.0000E+00
     1  2668     1     1        0  0.0000E+00  0.1385E+02  0.0000E+00  0.0000E+00
     1  2668     1     2        0  0.0000E+00  0.1037E-10  0.0000E+00  0.0000E+00
     1  2669     1     1        0  0.0000E+00  0.4896E+01  0.0000E+00  0.0000E+00
     1  2669     1     2        0  0.0000E+00  0.5519E-12  0.0000E+00  0.0000E+00
     1  2670     1     1        0  0.0000E+00  0.1072E+02  0.0000E+00  0.0000E+00
     1  2670     1     2        0  0.0000E+00  0.5510E-11  0.0000E+00  0.0000E+00
     1  2671     1     1        0  0.0000E+00  0.3512E+02  0.0000E+00  0.0000E+00
     1  2671     1     2        0  0.0000E+00  0.3419E-10  0.0000E+00  0.0000E+00
     1  2672     1     1        0  0.0000E+00  0.1000E+03  0.0000E+00  0.0000E+00
     1  2672     1     2        0  0.0000E+00  0.1067E-09  0.0000E+00  0.0000E+00
     1  2673     1     1        0  0.0000E+00  0.6734E+01  0.0000E+00  0.0000E+00
     1  2673     1     2        0  0.0000E+00  0.2304E-10  0.0000E+00  0.0000E+00
     1  2674     1     1        0  0.0000E+00  0.1060E+02  0.0000E+00  0.0000E+00
     1  2674     1     2        0  0.0000E+00  0.1336E-10  0.0000E+00  0.0000E+00
     1  2675     1     1        0  0.0000E+00  0.2752E+02  0.0000E+00  0.0000E+00
     1  2675     1     2        0  0.0000E+00  0.2119E-10  0.0000E+00  0.0000E+00
     1  2676     1     1        0  0.0000E+00  0.1000E+03  0.0000E+00  0.0000E+00
     1  2676     1     2        0  0.0000E+00  0.9290E-10  0.0000E+00  0.0000E+00
     1  2677     1     1        0  0.0000E+00  0.9376E+01  0.0000E+00  0.0000E+00
     1  2677     1     2        0  0.0000E+00  0.1675E-10  0.0000E+00  0.0000E+00
     1  2678     1     1        0  0.0000E+00  0.6551E+01  0.0000E+00  0.0000E+00
     1  2678     1     2        0  0.0000E+00  0.9241E-11  0.0000E+00  0.0000E+00
     1  2679     1     1        0  0.0000E+00  0.2035E+02  0.0000E+00  0.0000E+00
     1  2679     1     2        0  0.0000E+00  0.2542E-10  0.0000E+00  0.0000E+00
     1  2680     1     1        0  0.0000E+00  0.7319E+02  0.0000E+00  0.0000E+00
     1  2680     1     2        0  0.0000E+00  0.7106E-10  0.0000E+00  0.0000E+00
     1  2681     1     1        0  0.0000E+00  0.1863E+02  0.0000E+00  0.0000E+00
     1  2681     1     2        0  0.0000E+00  0.7738E-11  0.0000E+00  0.0000E+00
     1  2682     1     1        0  0.0000E+00  0.3516E+01  0.0000E+00  0.0000E+00
     1  2682     1     2        0  0.0000E+00  0.1213E-11  0.0000E+00  0.0000E+00
     1  2683     1     1        0  0.0000E+00  0.1337E+02  0.0000E+00  0.0000E+00
     1  2683     1     2        0  0.0000E+00  0.1745E-10  0.0000E+00  0.0000E+00
     1  2684     1     1        0  0.0000E+00  0.2917E+02  0.0000E+00  0.0000E+00
     1  2684     1     2        0  0.0000E+00  0.2523E-10  0.0000E+00  0.0000E+00
     1  2685     1     1        0  0.0000E+00  0.1000E+03  0.0000E+00  0.0000E+00
     1  2685     1     2        0  0.0000E+00  0.7211E-10  0.0000E+00  0.0000E+00
     1  2686     1     1        0  0.0000E+00  0.3045E+01  0.0000E+00  0.0000E+00
     1  2686     1     2        0  0.0000E+00  0.3478E-11  0.0000E+00  0.0000E+00
     1  2687     1     1        0  0.0000E+00  0.1780E+02  0.0000E+00  0.0000E+00
     1  2687     1     2        0  0.0000E+00  0.1733E-10  0.0000E+00  0.0000E+00
     1  2688     1     1        0  0.0000E+00  0.5680E+02  0.0000E+00  0.0000E+00
     1  2688     1     2        0  0.0000E+00  0.5785E-10  0.0000E+00  0.0000E+00
     1  2689     1     1        0  0.0000E+00  0.4792E+02  0.0000E+00  0.0000E+00
     1  2689     1     2        0  0.0000E+00  0.3373E-10  0.0000E+00  0.0000E+00
     1  2690     1     1        0  0.0000E+00  0.8260E+01  0.0000E+00  0.0000E+00
     1  2690     1     2        0  0.0000E+00  0.1233E-10  0.0000E+00  0.0000E+00
     1  2691     1     1        0  0.0000E+00  0.2809E+01  0.0000E+00  0.0000E+00
     1  2691     1     2        0  0.0000E+00  0.1513E-11  0.0000E+00  0.0000E+00
     1  2692     1     1        0  0.0000E+00  0.7635E+01  0.0000E+00  0.0000E+00
     1  2692     1     2        0  0.0000E+00  0.3163E-11  0.0000E+00  0.0000E+00
     1  2693     1     1        0  0.0000E+00  0.7184E+01  0.0000E+00  0.0000E+00
     1  2693     1     2        0  0.0000E+00  0.1771E-10  0.0000E+00  0.0000E+00
     1  2694     1     1        0  0.0000E+00  0.4978E+01  0.0000E+00  0.0000E+00
     1  2694     1     2        0  0.0000E+00  0.2900E-11  0.0000E+00  0.0000E+00
     1  2695     1     1        0  0.0000E+00  0.8599E+00  0.0000E+00  0.0000E+00
     1  2695     1     2        0  0.0000E+00  0.9535E-11  0.0000E+00  0.0000E+00
     1  2696     1     1        0  0.0000E+00  0.2310E+01  0.0000E+00  0.0000E+00
     1  2696     1     2        0  0.0000E+00  0.1307E-10  0.0000E+00  0.0000E+00
     1  2697     1     1        0  0.0000E+00  0.5796E+01  0.0000E+00  0.0000E+00
     1  2697     1     2        0  0.0000E+00  0.1827E-11  0.0000E+00  0.0000E+00
     1  2698     1     1        0  0.0000E+00  0.8718E+01  0.0000E+00  0.0000E+00
     1  2698     1     2        0  0.0000E+00  0.1054E-11  0.0000E+00  0.0000E+00
     1  2699     1     1        0  0.0000E+00  0.4955E+01  0.0000E+00  0.0000E+00
     1  2699     1     2        0  0.0000E+00  0.1000E-10  0.0000E+00  0.0000E+00
     1  2700     1     1        0  0.0000E+00  0.1116E+01  0.0000E+00  0.0000E+00
     1  2700     1     2        0  0.0000E+00  0.6482E-11  0.0000E+00  0.0000E+00
     1  2701     1     1        0  0.0000E+00  0.5729E+01  0.0000E+00  0.0000E+00
     1  2701     1     2        0  0.0000E+00  0.6889E-11  0.0000E+00  0.0000E+00
     1  2702     1     1        0  0.0000E+00  0.1018E+02  0.0000E+00  0.0000E+00
     1  2702     1     2        0  0.0000E+00  0.1023E-10  0.0000E+00  0.0000E+00
     1  2703     1     1        0  0.0000E+00  0.1393E+02  0.0000E+00  0.0000E+00
     1  2703     1     2        0  0.0000E+00  0.1939E-10  0.0000E+00  0.0000E+00
     1  2704     1     1        0  0.0000E+00  0.3119E+02  0.0000E+00  0.0000E+00
     1  2704     1     2        0  0.0000E+00  0.3055E-10  0.0000E+00  0.0000E+00
     1  2705     1     1        0  0.0000E+00  0.3896E+02  0.0000E+00  0.0000E+00
     1  2705     1     2        0  0.0000E+00  0.3647E-10  0.0000E+00  0.0000E+00
     1  2706     1     1        0  0.0000E+00  0.2939E+02  0.0000E+00  0.0000E+00
     1  2706     1     2        0  0.0000E+00  0.2994E-10  0.0000E+00  0.0000E+00
     1  2707     1     1        0  0.0000E+00  0.1000E+03  0.0000E+00  0.0000E+00
     1  2707     1     2        0  0.0000E+00  0.8999E-10  0.0000E+00  0.0000E+00
     1  2708     1     1        0  0.0000E+00  0.2073E+02  0.0000E+00  0.0000E+00
     1  2708     1     2        0  0.0000E+00  0.9708E-11  0.0000E+00  0.0000E+00
     1  2709     1     1        0  0.0000E+00  0.7940E+01  0.0000E+00  0.0000E+00
     1  2709     1     2        0  0.0000E+00  0.1125E-10  0.0000E+00  0.0000E+00
     1  2710     1     1        0  0.0000E+00  0.3129E+02  0.0000E+00  0.0000E+00
     1  2710     1     2        0  0.0000E+00  0.3091E-10  0.0000E+00  0.0000E+00
     1  2711     1     1        0  0.0000E+00  0.1000E+03  0.0000E+00  0.0000E+00
     1  2711     1     2        0  0.0000E+00  0.1111E-09  0.0000E+00  0.0000E+00
     1  2712     1     1        0  0.0000E+00  0.8034E+01  0.0000E+00  0.0000E+00
     1  2712     1     2        0  0.0000E+00  0.7165E-11  0.0000E+00  0.0000E+00
     1  2713     1     1        0  0.0000E+00  0.4712E+01  0.0000E+00  0.0000E+00
     1  2713     1     2        0  0.0000E+00  0.1079E-10  0.0000E+00  0.0000E+00
     1  2714     1     1        0  0.0000E+00  0.3621E+01  0.0000E+00  0.0000E+00
     1  2714     1     2        0  0.0000E+00  0.3657E-11  0.0000E+00  0.0000E+00
     1  2715     1     1        0  0.0000E+00  0.4735E+01  0.0000E+00  0.0000E+00
     1  2715     1     2        0  0.0000E+00  0.1223E-10  0.0000E+00  0.0000E+00
     1  2716     1     1        0  0.0000E+00  0.1537E+02  0.0000E+00  0.0000E+00
     1  2716     1     2        0  0.0000E+00  0.2452E-10  0.0000E+00  0.0000E+00
     1  2717     1     1        0  0.0000E+00  0.2861E+02  0.0000E+00  0.0000E+00
     1  2717     1     2        0  0.0000E+00  0.2435E-10  0.0000E+00  0.0000E+00
     1  2718     1     1        0  0.0000E+00  0.7746E+02  0.0000E+00  0.0000E+00
     1  2718     1     2        0  0.0000E+00  0.8635E-10  0.0000E+00  0.0000E+00
     1  2719     1     1        0  0.0000E+00  0.1936E+01  0.0000E+00  0.0000E+00
     1  2719     1     2        0  0.0000E+00  0.9621E-11  0.0000E+00  0.0000E+00
     1  2720     1     1        0  0.0000E+00  0.1126E+02  0.0000E+00  0.0000E+00
     1  2720     1     2        0  0.0000E+00  0.5138E-11  0.0000E+00  0.0000E+00
     1  2721     1     1        0  0.0000E+00  0.2346E+02  0.0000E+00  0.0000E+00
     1  2721     1     2        0  0.0000E+00  0.2588E-10  0.0000E+00  0.0000E+00
     1  2722     1     1        0  0.0000E+00  0.1000E+03  0.0000E+00  0.0000E+00
     1  2722     1     2        0  0.0000E+00  0.9979E-10  0.0000E+00  0.0000E+00
     1  2723     1     1        0  0.0000E+00  0.2547E+02  0.0000E+00  0.0000E+00
     1  2723     1     2        0  0.0000E+00  0.3444E-10  0.0000E+00  0.0000E+00
     1  2724     1     1        0  0.0000E+00  0.1000E+03  0.0000E+00  0.0000E+00
     1  2724     1     2        0  0.0000E+00  0.8844E-10  0.0000E+00  0.0000E+00
     1  2725     1     1        0  0.0000E+00  0.2431E+02  0.0000E+00  0.0000E+00
     1  2725     1     2        0  0.0000E+00  0.3768E-10  0.0000E+00  0.0000E+00
     1  2726     1     1        0  0.0000E+00  0.5119E+01  0.0000E+00  0.0000E+00
     1  2726     1     2        0  0.0000E+00  0.2763E-11  0.0000E+00  0.0000E+00
     1  2727     1     1        0  0.0000E+00  0.1942E+01  0.0000E+00  0.0000E+00
     1  2727     1     2        0  0.0000E+00  0.4988E-12  0.0000E+00  0.0000E+00
     1  2728     1     1        0  0.0000E+00  0.1158E+02  0.0000E+00  0.0000E+00
     1  2728     1     2        0  0.0000E+00  0.1023E-10  0.0000E+00  0.0000E+00
     1  2729     1     1        0  0.0000E+00  0.2254E+02  0.0000E+00  0.0000E+00
     1  2729     1     2        0  0.0000E+00  0.1895E-10  0.0000E+00  0.0000E+00
     1  2730     1     1        0  0.0000E+00  0.1000E+03  0.0000E+00  0.0000E+00
     1  2730     1     2        0  0.0000E+00  0.1077E-09  0.0000E+00  0.0000E+00
     1  2731     1     1        0  0.0000E+00  0.1891E+01  0.0000E+00  0.0000E+00
     1  2731     1     2        0  0.0000E+00  0.4532E-11  0.0000E+00  0.0000E+00
     1  2732     1     1        0  0.0000E+00  0.2256E+02  0.0000E+00  0.0000E+00
     1  2732     1     2        0  0.0000E+00  0.2876E-10  0.0000E+00  0.0000E+00
     1  2733     1     1        0  0.0000E+00  0.9303E+02  0.0000E+00  0.0000E+00
     1  2733     1     2        0  0.0000E+00  0.8576E-10  0.0000E+00  0.0000E+00
     1  2734     1     1        0  0.0000E+00  0.1824E+02  0.0000E+00  0.0000E+00
     1  2734     1     2        0  0.0000E+00  0.2520E-10  0.0000E+00  0.0000E+00
     1  2735     1     1        0  0.0000E+00  0.6489E+01  0.0000E+00  0.0000E+00
     1  2735     1     2        0  0.0000E+00  0.6650E-11  0.0000E+00  0.0000E+00
     1  2736     1     1        0  0.0000E+00  0.1871E+02  0.0000E+00  0.0000E+00
     1  2736     1     2        0  0.0000E+00  0.2899E-10  0.0000E+00  0.0000E+00
     1  2737     1     1        0  0.0000E+00  0.5954E+02  0.0000E+00  0.0000E+00
     1  2737     1     2        0  0.0000E+00  0.6211E-10  0.0000E+00  0.0000E+00
     1  2738     1     1        0  0.0000E+00  0.4362E+02  0.0000E+00  0.0000E+00
     1  2738     1     2        0  0.0000E+00  0.2201E-10  0.0000E+00  0.0000E+00
     1  2739     1     1        0  0.0000E+00  0.9783E+01  0.0000E+00  0.0000E+00
     1  2739     1     2        0  0.0000E+00  0.2559E-10  0.0000E+00  0.0000E+00
     1  2740     1     1        0  0.0000E+00  0.2353E+01  0.0000E+00  0.0000E+00
     1  2740     1     2        0  0.0000E+00  0.2021E-11  0.0000E+00  0.0000E+00
     1  2741     1     1        0  0.0000E+00  0.1623E+00  0.0000E+00  0.0000E+00
     1  2741     1     2        0  0.0000E+00  0.5110E-11  0.0000E+00  0.0000E+00
     1  2742     1     1        0  0.0000E+00  0.2460E+01  0.0000E+00  0.0000E+00
     1  2742     1     2        0  0.0000E+00  0.2111E-10  0.0000E+00  0.0000E+00
     1  2743     1     1        0  0.0000E+00  0.5846E+01  0.0000E+00  0.0000E+00
     1  2743     1     2        0  0.0000E+00  0.2786E-11  0.0000E+00  0.0000E+00
     1  2744     1     1        0  0.0000E+00  0.1228E+01  0.0000E+00  0.0000E+00
     1  2744     1     2        0  0.0000E+00  0.3580E-11  0.0000E+00  0.0000E+00
     1  2745     1     1        0  0.0000E+00  0.7209E+01  0.0000E+00  0.0000E+00
     1  2745     1     2        0  0.0000E+00  0.3156E-11  0.0000E+00  0.0000E+00
     1  2746     1     1        0  0.0000E+00  0.1612E+02  0.0000E+00  0.0000E+00
     1  2746     1     2        0  0.0000E+00  0.1141E-10  0.0000E+00  0.0000E+00
     1  2747     1     1        0  0.0000E+00  0.3675E+02  0.0000E+00  0.0000E+00
     1  2747     1     2        0  0.0000E+00  0.2815E-10  0.0000E+00  0.0000E+00
     1  2748     1     1        0  0.0000E+00  0.5385E+02  0.0000E+00  0.0000E+00
     1  2748     1     2        0  0.0000E+00  0.7092E-10  0.0000E+00  0.0000E+00
     1  2749     1     1        0  0.0000E+00  0.2318E+01  0.0000E+00  0.0000E+00
     1  2749     1     2        0  0.0000E+00  0.7147E-11  0.0000E+00  0.0000E+00
     1  2750     1     1        0  0.0000E+00  0.7541E+01  0.0000E+00  0.0000E+00
     1  2750     1     2        0  0.0000E+00  0.1390E-10  0.0000E+00  0.0000E+00
     1  2751     1     1        0  0.0000E+00  0.9043E+01  0.0000E+00  0.0000E+00
     1  2751     1     2        0  0.0000E+00  0.4205E-11  0.0000E+00  0.0000E+00
     1  2752     1     1        0  0.0000E+00  0.2262E+01  0.0000E+00  0.0000E+00
     1  2752     1     2        0  0.0000E+00  0.5781E-11  0.0000E+00  0.0000E+00
     1  2753     1     1        0  0.0000E+00  0.1059E+02  0.0000E+00  0.0000E+00
     1  2753     1     2        0  0.0000E+00  0.8851E-11  0.0000E+00  0.0000E+00
     1  2754     1     1        0  0.0000E+00  0.1678E+02  0.0000E+00  0.0000E+00
     1  2754     1     2        0  0.0000E+00  0.2124E-10  0.0000E+00  0.0000E+00
     1  2755     1     1        0  0.0000E+00  0.5031E+01  0.0000E+00  0.0000E+00
     1  2755     1     2        0  0.0000E+00  0.7857E-12  0.0000E+00  0.0000E+00
     1  2756     1     1        0  0.0000E+00  0.5793E+01  0.0000E+00  0.0000E+00
     1  2756     1     2        0  0.0000E+00  0.3151E-11  0.0000E+00  0.0000E+00
     1  2757     1     1        0  0.0000E+00  0.1285E+02  0.0000E+00  0.0000E+00
     1  2757     1     2        0  0.0000E+00  0.1383E-10  0.0000E+00  0.0000E+00
     1  2758     1     1        0  0.0000E+00  0.2946E+02  0.0000E+00  0.0000E+00
     1  2758     1     2        0  0.0000E+00  0.2615E-10  0.0000E+00  0.0000E+00
     1  2759     1     1        0  0.0000E+00  0.1000E+03  0.0000E+00  0.0000E+00
     1  2759     1     2        0  0.0000E+00  0.8589E-10  0.0000E+00  0.0000E+00
     1  2760     1     1        0  0.0000E+00  0.4608E+01  0.0000E+00  0.0000E+00
     1  2760     1     2        0  0.0000E+00  0.8888E-11  0.0000E+00  0.0000E+00
     1  2761     1     1        0  0.0000E+00  0.8880E+01  0.0000E+00  0.0000E+00
     1  2761     1     2        0  0.0000E+00  0.2381E-11  0.0000E+00  0.0000E+00
     1  2762     1     1        0  0.0000E+00  0.1774E+02  0.0000E+00  0.0000E+00
     1  2762     1     2        0  0.0000E+00  0.1239E-10  0.0000E+00  0.0000E+00
     1  2763     1     1        0  0.0000E+00  0.3845E+02  0.0000E+00  0.0000E+00
     1  2763     1     2        0  0.0000E+00  0.3729E-10  0.0000E+00  0.0000E+00
     1  2764     1     1        0  0.0000E+00  0.5368E+01  0.0000E+00  0.0000E+00
     1  2764     1     2        0  0.0000E+00  0.2268E-10  0.0000E+00  0.0000E+00
     1  2765     1     1        0  0.0000E+00  0.3917E+02  0.0000E+00  0.0000E+00
     1  2765     1     2        0  0.0000E+00  0.3578E-10  0.0000E+00  0.0000E+00
     1  2766     1     1        0  0.0000E+00  0.1000E+03  0.0000E+00  0.0000E+00
     1  2766     1     2        0  0.0000E+00  0.1256E-09  0.0000E+00  0.0000E+00
     1  2767     1     1        0  0.0000E+00  0.2289E+02  0.0000E+00  0.0000E+00
     1  2767     1     2        0  0.0000E+00  0.3332E-10  0.0000E+00  0.0000E+00
     1  2768     1     1        0  0.0000E+00  0.3423E+01  0.0000E+00  0.0000E+00
     1  2768     1     2        0  0.0000E+00  0.6783E-12  0.0000E+00  0.0000E+00
     1  2769     1     1        0  0.0000E+00  0.6882E+01  0.0000E+00  0.0000E+00
     1  2769     1     2        0  0.0000E+00  0.3083E-11  0.0000E+00  0.0000E+00
     1  2770     1     1        0  0.0000E+00  0.1320E+02  0.0000E+00  0.0000E+00
     1  2770     1     2        0  0.0000E+00  0.1499E-10  0.0000E+00  0.0000E+00
     1  2771     1     1        0  0.0000E+00  0.2462E+02  0.0000E+00  0.0000E+00
     1  2771     1     2        0  0.0000E+00  0.2555E-10  0.0000E+00  0.0000E+00
     1  2772     1     1        0  0.0000E+00  0.1000E+03  0.0000E+00  0.0000E+00
     1  2772     1     2        0  0.0000E+00  0.9804E-10  0.0000E+00  0.0000E+00
     1  2773     1     1        0  0.0000E+00  0.7433E+01  0.0000E+00  0.0000E+00
     1  2773     1     2        0  0.0000E+00  0.1295E-11  0.0000E+00  0.0000E+00
     1  2774     1     1        0  0.0000E+00  0.2333E+02  0.0000E+00  0.0000E+00
     1  2774     1     2        0  0.0000E+00  0.1773E-10  0.0000E+00  0.0000E+00
     1  2775     1     1        0  0.0000E+00  0.1000E+03  0.0000E+00  0.0000E+00
     1  2775     1     2        0  0.0000E+00  0.8521E-10  0.0000E+00  0.0000E+00
     1  2776     1     1        0  0.0000E+00  0.2931E+02  0.0000E+00  0.0000E+00
     1  2776     1     2        0  0.0000E+00  0.1730E-10  0.0000E+00  0.0000E+00
     1  2777     1     1        0  0.0000E+00  0.2216E+01  0.0000E+00  0.0000E+00
     1  2777     1     2        0  0.0000E+00  0.5302E-11  0.0000E+00  0.0000E+00
     1  2778     1     1        0  0.0000E+00  0.1222E+02  0.0000E+00  0.0000E+00
     1  2778     1     2        0  0.0000E+00  0.1494E-10  0.0000E+00  0.0000E+00
     1  2779     1     1        0  0.0000E+00  0.1535E+02  0.0000E+00  0.0000E+00
     1  2779     1     2        0  0.0000E+00  0.6020E-11  0.0000E+00  0.0000E+00
     1  2780     1     1        0  0.0000E+00  0.3958E+02  0.0000E+00  0.0000E+00
     1  2780     1     2        0  0.0000E+00  0.3586E-10  0.0000E+00  0.0000E+00
     1  2781     1     1        0  0.0000E+00  0.1120E+02  0.0000E+00  0.0000E+00
     1  2781     1     2        0  0.0000E+00  0.8693E-12  0.0000E+00  0.0000E+00
     1  2782     1     1        0  0.0000E+00  0.7514E+02  0.0000E+00  0.0000E+00
     1  2782     1     2        0  0.0000E+00  0.7286E-10  0.0000E+00  0.0000E+00
     1  2783     1     1        0  0.0000E+00  0.7187E+02  0.0000E+00  0.0000E+00
     1  2783     1     2        0  0.0000E+00  0.7430E-10  0.0000E+00  0.0000E+00
     1  2784     1     1        0  0.0000E+00  0.1911E+02  0.0000E+00  0.0000E+00
     1  2784     1     2        0  0.0000E+00  0.1022E-10  0.0000E+00  0.0000E+00
     1  2785     1     1        0  0.0000E+00  0.7123E+01  0.0000E+00  0.0000E+00
     1  2785     1     2        0  0.0000E+00  0.8693E-11  0.0000E+00  0.0000E+00
     1  2786     1     1        0  0.0000E+00  0.5610E+01  0.0000E+00  0.0000E+00
     1  2786     1     2        0  0.0000E+00  0.9559E-11  0.0000E+00  0.0000E+00
     1  2787     1     1        0  0.0000E+00  0.1452E+02  0.0000E+00  0.0000E+00
     1  2787     1     2        0  0.0000E+00  0.1353E-10  0.0000E+00  0.0000E+00
     1  2788     1     1        0  0.0000E+00  0.2666E+02  0.0000E+00  0.0000E+00
     1  2788     1     2        0  0.0000E+00  0.2536E-10  0.0000E+00  0.0000E+00
     1  2789     1     1        0  0.0000E+00  0.1000E+03  0.0000E+00  0.0000E+00
     1  2789     1     2        0  0.0000E+00  0.8831E-10  0.0000E+00  0.0000E+00
     1  2790     1     1        0  0.0000E+00  0.1581E+02  0.0000E+00  0.0000E+00
     1  2790     1     2        0  0.0000E+00  0.1467E-10  0.0000E+00  0.0000E+00
     1  2791     1     1        0  0.0000E+00  0.4763E+02  0.0000E+00  0.0000E+00
     1  2791     1     2        0  0.0000E+00  0.4393E-10  0.0000E+00  0.0000E+00
     1  2792     1     1        0  0.0000E+00  0.5435E+02  0.0000E+00  0.0000E+00
     1  2792     1     2        0  0.0000E+00  0.7390E-10  0.0000E+00  0.0000E+00
     1  2793     1     1        0  0.0000E+00  0.3765E+01  0.0000E+00  0.0000E+00
     1  2793     1     2        0  0.0000E+00  0.1649E-11  0.0000E+00  0.0000E+00
     1  2794     1     1        0  0.0000E+00  0.1003E+02  0.0000E+00  0.0000E+00
     1  2794     1     2        0  0.0000E+00  0.3586E-11  0.0000E+00  0.0000E+00
     1  2795     1     1        0  0.0000E+00  0.2275E+02  0.0000E+00  0.0000E+00
     1  2795     1     2        0  0.0000E+00  0.2181E-10  0.0000E+00  0.0000E+00
     1  2796     1     1        0  0.0000E+00  0.1000E+03  0.0000E+00  0.0000E+00
     1  2796     1     2        0  0.0000E+00  0.9757E-10  0.0000E+00  0.0000E+00
     1  2797     1     1        0  0.0000E+00  0.1221E+02  0.0000E+00  0.0000E+00
     1  2797     1     2        0  0.0000E+00  0.3792E-11  0.0000E+00  0.0000E+00
     1  2798     1     1        0  0.0000E+00  0.8361E+01  0.0000E+00  0.0000E+00
     1  2798     1     2        0  0.0000E+00  0.5697E-11  0.0000E+00  0.0000E+00
     1  2799     1     1        0  0.0000E+00  0.2631E+02  0.0000E+00  0.0000E+00
     1  2799     1     2        0  0.0000E+00  0.3014E-10  0.0000E+00  0.0000E+00
     1  2800     1     1        0  0.0000E+00  0.1000E+03  0.0000E+00  0.0000E+00
     1  2800     1     2        0  0.0000E+00  0.8047E-10  0.0000E+00  0.0000E+00
     1  2801     1     1        0  0.0000E+00  0.2391E+01  0.0000E+00  0.0000E+00
     1  2801     1     2        0  0.0000E+00  0.5626E-12  0.0000E+00  0.0000E+00
     1  2802     1     1        0  0.0000E+00  0.1529E+02  0.0000E+00  0.0000E+00
     1  2802     1     2        0  0.0000E+00  0.2103E-10  0.0000E+00  0.0000E+00
     1  2803     1     1        0  0.0000E+00  0.2813E+02  0.0000E+00  0.0000E+00
     1  2803     1     2        0  0.0000E+00  0.2568E-10  0.0000E+00  0.0000E+00
     1  2804     1     1        0  0.0000E+00  0.1000E+03  0.0000E+00  0.0000E+00
     1  2804     1     2        0  0.0000E+00  0.8950E-10  0.0000E+00  0.0000E+00
     1  2805     1     1        0  0.0000E+00  0.1389E+02  0.0000E+00  0.0000E+00
     1  2805     1     2        0  0.0000E+00  0.1277E-10  0.0000E+00  0.0000E+00
     1  2806     1     1        0  0.0000E+00  0.1232E+02  0.0000E+00  0.0000E+00
     1  2806     1     2        0  0.0000E+00  0.2661E-10  0.0000E+00  0.0000E+00
     1  2807     1     1        0  0.0000E+00  0.1727E+01  0.0000E+00  0.0000E+00
     1  2807     1     2        0  0.0000E+00  0.8480E-11  0.0000E+00  0.0000E+00
     1  2808     1     1        0  0.0000E+00  0.6818E+01  0.0000E+00  0.0000E+00
     1  2808     1     2        0  0.0000E+00  0.8771E-11  0.0000E+00  0.0000E+00
     1  2809     1     1        0  0.0000E+00  0.1502E+02  0.0000E+00  0.0000E+00
     1  2809     1     2        0  0.0000E+00  0.1834E-10  0.0000E+00  0.0000E+00
     1  2810     1     1        0  0.0000E+00  0.2632E+02  0.0000E+00  0.0000E+00
     1  2810     1     2        0  0.0000E+00  0.2334E-10  0.0000E+00  0.0000E+00
     1  2811     1     1        0  0.0000E+00  0.1478E+02  0.0000E+00  0.0000E+00
     1  2811     1     2        0  0.0000E+00  0.1392E-10  0.0000E+00  0.0000E+00
     1  2812     1     1        0  0.0000E+00  0.3929E+02  0.0000E+00  0.0000E+00
     1  2812     1     2        0  0.0000E+00  0.3404E-10  0.0000E+00  0.0000E+00
     1  2813     1     1        0  0.0000E+00  0.1000E+03  0.0000E+00  0.0000E+00
     1  2813     1     2        0  0.0000E+00  0.9207E-10  0.0000E+00  0.0000E+00
     1  2814     1     1        0  0.0000E+00  0.2402E+02  0.0000E+00  0.0000E+00
     1  2814     1     2        0  0.0000E+00  0.1991E-11  0.0000E+00  0.0000E+00
     1  2815     1     1        0  0.0000E+00  0.3964E+01  0.0000E+00  0.0000E+00
     1  2815     1     2        0  0.0000E+00  0.5066E-11  0.0000E+00  0.0000E+00
     1  2816     1     1        0  0.0000E+00  0.4384E+01  0.0000E+00  0.0000E+00
     1  2816     1     2        0  0.0000E+00  0.1124E-10  0.0000E+00  0.0000E+00
     1  2817     1     1        0  0.0000E+00  0.1175E+02  0.0000E+00  0.0000E+00
     1  2817     1     2        0  0.0000E+00  0.8439E-11  0.0000E+00  0.0000E+00
     1  2818     1     1        0  0.0000E+00  0.1649E+02  0.0000E+00  0.0000E+00
     1  2818     1     2        0  0.0000E+00  0.1379E-10  0.0000E+00  0.0000E+00
     1  2819     1     1        0  0.0000E+00  0.1171E+02  0.0000E+00  0.0000E+00
     1  2819     1     2        0  0.0000E+00  0.8301E-11  0.0000E+00  0.0000E+00
     1  2820     1     1        0  0.0000E+00  0.6676E+02  0.0000E+00  0.0000E+00
     1  2820     1     2        0  0.0000E+00  0.5661E-10  0.0000E+00  0.0000E+00
     1  2821     1     1        0  0.0000E+00  0.1695E+02  0.0000E+00  0.0000E+00
     1  2821     1     2        0  0.0000E+00  0.8267E-11  0.0000E+00  0.0000E+00
     1  2822     1     1        0  0.0000E+00  0.4354E+01  0.0000E+00  0.0000E+00
     1  2822     1     2        0  0.0000E+00  0.1033E-10  0.0000E+00  0.0000E+00
     1  2823     1     1        0  0.0000E+00  0.4026E+01  0.0000E+00  0.0000E+00
     1  2823     1     2        0  0.0000E+00  0.1208E-10  0.0000E+00  0.0000E+00
     1  2824     1     1        0  0.0000E+00  0.8908E+01  0.0000E+00  0.0000E+00
     1  2824     1     2        0  0.0000E+00  0.8111E-11  0.0000E+00  0.0000E+00
     1  2825     1     1        0  0.0000E+00  0.6553E+01  0.0000E+00  0.0000E+00
     1  2825     1     2        0  0.0000E+00  0.1365E-11  0.0000E+00  0.0000E+00
     1  2826     1     1        0  0.0000E+00  0.1374E+02  0.0000E+00  0.0000E+00
     1  2826     1     2        0  0.0000E+00  0.1564E-10  0.0000E+00  0.0000E+00
     1  2827     1     1        0  0.0000E+00  0.2554E+02  0.0000E+00  0.0000E+00
     1  2827     1     2        0  0.0000E+00  0.1903E-10  0.0000E+00  0.0000E+00
     1  2828     1     1        0  0.0000E+00  0.1000E+03  0.0000E+00  0.0000E+00
     1  2828     1     2        0  0.0000E+00  0.8216E-10  0.0000E+00  0.0000E+00
     1  2829     1     1        0  0.0000E+00  0.1000E+03  0.0000E+00  0.0000E+00
     1  2829     1     2        0  0.0000E+00  0.9418E-10  0.0000E+00  0.0000E+00
     1  2830     1     1        0  0.0000E+00  0.2525E+02  0.0000E+00  0.0000E+00
     1  2830     1     2        0  0.0000E+00  0.2548E-10  0.0000E+00  0.0000E+00
     1  2831     1     1        0  0.0000E+00  0.8491E+01  0.0000E+00  0.0000E+00
     1  2831     1     2        0  0.0000E+00  0.8530E-12  0.0000E+00  0.0000E+00
     1  2832     1     1        0  0.0000E+00  0.1109E+01  0.0000E+00  0.0000E+00
     1  2832     1     2        0  0.0000E+00  0.4533E-12  0.0000E+00  0.0000E+00
     1  2833     1     1        0  0.0000E+00  0.2344E+01  0.0000E+00  0.0000E+00
     1  2833     1     2        0  0.0000E+00  0.1484E-11  0.0000E+00  0.0000E+00
     1  2834     1     1        0  0.0000E+00  0.6415E+00  0.0000E+00  0.0000E+00
     1  2834     1     2        0  0.0000E+00  0.4588E-11  0.0000E+00  0.0000E+00
     1  2835     1     1        0  0.0000E+00  0.6570E+00  0.0000E+00  0.0000E+00
     1  2835     1     2        0  0.0000E+00  0.7055E-11  0.0000E+00  0.0000E+00
     1  2836     1     1        0  0.0000E+00  0.1653E+01  0.0000E+00  0.0000E+00
     1  2836     1     2        0  0.0000E+00  0.7727E-12  0.0000E+00  0.0000E+00
     1  2837     1     1        0  0.0000E+00  0.2566E+01  0.0000E+00  0.0000E+00
     1  2837     1     2        0  0.0000E+00  0.5533E-11  0.0000E+00  0.0000E+00
     1  2838     1     1        0  0.0000E+00  0.6219E+01  0.0000E+00  0.0000E+00
     1  2838     1     2        0  0.0000E+00  0.9417E-11  0.0000E+00  0.0000E+00
     1  2839     1     1        0  0.0000E+00  0.1203E+02  0.0000E+00  0.0000E+00
     1  2839     1     2        0  0.0000E+00  0.8807E-11  0.0000E+00  0.0000E+00
     1  2840     1     1        0  0.0000E+00  0.1397E+02  0.0000E+00  0.0000E+00
     1  2840     1     2        0  0.0000E+00  0.5997E-11  0.0000E+00  0.0000E+00
     1  2841     1     1        0  0.0000E+00  0.2030E+01  0.0000E+00  0.0000E+00
     1  2841     1     2        0  0.0000E+00  0.4573E-11  0.0000E+00  0.0000E+00
     1  2842     1     1        0  0.0000E+00  0.2328E+02  0.0000E+00  0.0000E+00
     1  2842     1     2        0  0.0000E+00  0.2290E-10  0.0000E+00  0.0000E+00
     1  2843     1     1        0  0.0000E+00  0.8346E+00  0.0000E+00  0.0000E+00
     1  2843     1     2        0  0.0000E+00  0.1785E-11  0.0000E+00  0.0000E+00
     1  2844     1     1        0  0.0000E+00  0.6543E+01  0.0000E+00  0.0000E+00
     1  2844     1     2        0  0.0000E+00  0.8878E-11  0.0000E+00  0.0000E+00
     1  2845     1     1        0  0.0000E+00  0.2225E+02  0.0000E+00  0.0000E+00
     1  2845     1     2        0  0.0000E+00  0.1741E-10  0.0000E+00  0.0000E+00
     1  2846     1     1        0  0.0000E+00  0.1825E+02  0.0000E+00  0.0000E+00
     1  2846     1     2        0  0.0000E+00  0.2726E-10  0.0000E+00  0.0000E+00
     1  2847     1     1        0  0.0000E+00  0.7214E+01  0.0000E+00  0.0000E+00
     1  2847     1     2        0  0.0000E+00  0.1772E-10  0.0000E+00  0.0000E+00
     1  2848     1     1        0  0.0000E+00  0.6805E+01  0.0000E+00  0.0000E+00
     1  2848     1     2        0  0.0000E+00  0.2302E-11  0.0000E+00  0.0000E+00
     1  2849     1     1        0  0.0000E+00  0.3230E+01  0.0000E+00  0.0000E+00
     1  2849     1     2        0  0.0000E+00  0.1220E-10  0.0000E+00  0.0000E+00
     1  2850     1     1        0  0.0000E+00  0.3856E+01  0.0000E+00  0.0000E+00
     1  2850     1     2        0  0.0000E+00  0.4085E-11  0.0000E+00  0.0000E+00
     1  2851     1     1        0  0.0000E+00  0.1556E+02  0.0000E+00  0.0000E+00
     1  2851     1     2        0  0.0000E+00  0.1197E-10  0.0000E+00  0.0000E+00
     1  2852     1     1        0  0.0000E+00  0.4044E+02  0.0000E+00  0.0000E+00
     1  2852     1     2        0  0.0000E+00  0.3842E-10  0.0000E+00  0.0000E+00
     1  2853     1     1        0  0.0000E+00  0.3484E+02  0.0000E+00  0.0000E+00
     1  2853     1     2        0  0.0000E+00  0.2676E-10  0.0000E+00  0.0000E+00
     1  2854     1     1        0  0.0000E+00  0.7665E+01  0.0000E+00  0.0000E+00
     1  2854     1     2        0  0.0000E+00  0.7558E-11  0.0000E+00  0.0000E+00
     1  2855     1     1        0  0.0000E+00  0.1039E+02  0.0000E+00  0.0000E+00
     1  2855     1     2        0  0.0000E+00  0.1312E-10  0.0000E+00  0.0000E+00
     1  2856     1     1        0  0.0000E+00  0.4843E+01  0.0000E+00  0.0000E+00
     1  2856     1     2        0  0.0000E+00  0.6792E-12  0.0000E+00  0.0000E+00
     1  2857     1     1        0  0.0000E+00  0.2037E+01  0.0000E+00  0.0000E+00
     1  2857     1     2        0  0.0000E+00  0.5493E-11  0.0000E+00  0.0000E+00
     1  2858     1     1        0  0.0000E+00  0.3883E+01  0.0000E+00  0.0000E+00
     1  2858     1     2        0  0.0000E+00  0.3504E-11  0.0000E+00  0.0000E+00
     1  2859     1     1        0  0.0000E+00  0.3358E+01  0.0000E+00  0.0000E+00
     1  2859     1     2        0  0.0000E+00  0.5987E-11  0.0000E+00  0.0000E+00
     1  2860     1     1        0  0.0000E+00  0.1064E+00  0.0000E+00  0.0000E+00
     1  2860     1     2        0  0.0000E+00  0.1852E-11  0.0000E+00  0.0000E+00
     1  2861     1     1        0  0.0000E+00  0.3311E+01  0.0000E+00  0.0000E+00
     1  2861     1     2        0  0.0000E+00  0.1369E-10  0.0000E+00  0.0000E+00
     1  2862     1     1        0  0.0000E+00  0.5237E+01  0.0000E+00  0.0000E+00
     1  2862     1     2        0  0.0000E+00  0.4034E-11  0.0000E+00  0.0000E+00
     1  2863     1     1        0  0.0000E+00  0.1040E+02  0.0000E+00  0.0000E+00
     1  2863     1     2        0  0.0000E+00  0.5553E-11  0.0000E+00  0.0000E+00
     1  2864     1     1        0  0.0000E+00  0.2894E+02  0.0000E+00  0.0000E+00
     1  2864     1     2        0  0.0000E+00  0.2560E-10  0.0000E+00  0.0000E+00
     1  2865     1     1        0  0.0000E+00  0.1000E+03  0.0000E+00  0.0000E+00
     1  2865     1     2        0  0.0000E+00  0.8808E-10  0.0000E+00  0.0000E+00
     1  2866     1     1        0  0.0000E+00  0.8395E+01  0.0000E+00  0.0000E+00
     1  2866     1     2        0  0.0000E+00  0.1133E-10  0.0000E+00  0.0000E+00
     1  2867     1     1        0  0.0000E+00  0.1190E+01  0.0000E+00  0.0000E+00
     1  2867     1     2        0  0.0000E+00  0.1719E-11  0.0000E+00  0.0000E+00
     1  2868     1     1        0  0.0000E+00  0.3407E+01  0.0000E+00  0.0000E+00
     1  2868     1     2        0  0.0000E+00  0.1656E-10  0.0000E+00  0.0000E+00
     1  2869     1     1        0  0.0000E+00  0.1798E+01  0.0000E+00  0.0000E+00
     1  2869     1     2        0  0.0000E+00  0.2242E-12  0.0000E+00  0.0000E+00
     1  2870     1     1        0  0.0000E+00  0.3192E+01  0.0000E+00  0.0000E+00
     1  2870     1     2        0  0.0000E+00  0.3400E-11  0.0000E+00  0.0000E+00
     1  2871     1     1        0  0.0000E+00  0.1515E+01  0.0000E+00  0.0000E+00
     1  2871     1     2        0  0.0000E+00  0.4851E-11  0.0000E+00  0.0000E+00
     1  2872     1     1        0  0.0000E+00  0.6947E+00  0.0000E+00  0.0000E+00
     1  2872     1     2        0  0.0000E+00  0.9546E-11  0.0000E+00  0.0000E+00
     1  2873     1     1        0  0.0000E+00  0.2066E+01  0.0000E+00  0.0000E+00
     1  2873     1     2        0  0.0000E+00  0.6944E-11  0.0000E+00  0.0000E+00
     1  2874     1     1        0  0.0000E+00  0.6582E+01  0.0000E+00  0.0000E+00
     1  2874     1     2        0  0.0000E+00  0.4649E-11  0.0000E+00  0.0000E+00
     1  2875     1     1        0  0.0000E+00  0.1475E+02  0.0000E+00  0.0000E+00
     1  2875     1     2        0  0.0000E+00  0.5048E-11  0.0000E+00  0.0000E+00
     1  2876     1     1        0  0.0000E+00  0.2757E+02  0.0000E+00  0.0000E+00
     1  2876     1     2        0  0.0000E+00  0.2525E-10  0.0000E+00  0.0000E+00
     1  2877     1     1        0  0.0000E+00  0.1000E+03  0.0000E+00  0.0000E+00
     1  2877     1     2        0  0.0000E+00  0.6760E-10  0.0000E+00  0.0000E+00
     1  2878     1     1        0  0.0000E+00  0.1034E+02  0.0000E+00  0.0000E+00
     1  2878     1     2        0  0.0000E+00  0.2322E-10  0.0000E+00  0.0000E+00
     1  2879     1     1        0  0.0000E+00  0.2623E+02  0.0000E+00  0.0000E+00
     1  2879     1     2        0  0.0000E+00  0.2752E-10  0.0000E+00  0.0000E+00
     1  2880     1     1        0  0.0000E+00  0.1000E+03  0.0000E+00  0.0000E+00
     1  2880     1     2        0  0.0000E+00  0.9818E-10  0.0000E+00  0.0000E+00
     1  2881     1     1        0  0.0000E+00  0.1988E+02  0.0000E+00  0.0000E+00
     1  2881     1     2        0  0.0000E+00  0.1780E-10  0.0000E+00  0.0000E+00
     1  2882     1     1        0  0.0000E+00  0.5080E+02  0.0000E+00  0.0000E+00
     1  2882     1     2        0  0.0000E+00  0.4604E-10  0.0000E+00  0.0000E+00
     1  2883     1     1        0  0.0000E+00  0.3884E+02  0.0000E+00  0.0000E+00
     1  2883     1     2        0  0.0000E+00  0.5053E-10  0.0000E+00  0.0000E+00
     1  2884     1     1        0  0.0000E+00  0.1480E+02  0.0000E+00  0.0000E+00
     1  2884     1     2        0  0.0000E+00  0.1747E-10  0.0000E+00  0.0000E+00
     1  2885     1     1        0  0.0000E+00  0.1328E+01  0.0000E+00  0.0000E+00
     1  2885     1     2        0  0.0000E+00  0.1200E-10  0.0000E+00  0.0000E+00
     1  2886     1     1        0  0.0000E+00  0.1777E+02  0.0000E+00  0.0000E+00
     1  2886     1     2        0  0.0000E+00  0.1282E-10  0.0000E+00  0.0000E+00
     1  2887     1     1        0  0.0000E+00  0.5639E+02  0.0000E+00  0.0000E+00
     1  2887     1     2        0  0.0000E+00  0.4525E-10  0.0000E+00  0.0000E+00
     1  2888     1     1        0  0.0000E+00  0.2177E+02  0.0000E+00  0.0000E+00
     1  2888     1     2        0  0.0000E+00  0.3254E-10  0.0000E+00  0.0000E+00
     1  2889     1     1        0  0.0000E+00  0.1312E+02  0.0000E+00  0.0000E+00
     1  2889     1     2        0  0.0000E+00  0.1300E-10  0.0000E+00  0.0000E+00
     1  2890     1     1        0  0.0000E+00  0.2766E+02  0.0000E+00  0.0000E+00
     1  2890     1     2        0  0.0000E+00  0.2246E-10  0.0000E+00  0.0000E+00
     1  2891     1     1        0  0.0000E+00  0.1000E+03  0.0000E+00  0.0000E+00
     1  2891     1     2        0  0.0000E+00  0.1002E-09  0.0000E+00  0.0000E+00
     1  2892     1     1        0  0.0000E+00  0.1682E+02  0.0000E+00  0.0000E+00
     1  2892     1     2        0  0.0000E+00  0.9508E-11  0.0000E+00  0.0000E+00
     1  2893     1     1        0  0.0000E+00  0.4981E+01  0.0000E+00  0.0000E+00
     1  2893     1     2        0  0.0000E+00  0.9070E-11  0.0000E+00  0.0000E+00
     1  2894     1     1        0  0.0000E+00  0.7842E+01  0.0000E+00  0.0000E+00
     1  2894     1     2        0  0.0000E+00  0.7481E-11  0.0000E+00  0.0000E+00
     1  2895     1     1        0  0.0000E+00  0.9678E+01  0.0000E+00  0.0000E+00
     1  2895     1     2        0  0.0000E+00  0.1469E-11  0.0000E+00  0.0000E+00
     1  2896     1     1        0  0.0000E+00  0.2290E+02  0.0000E+00  0.0000E+00
     1  2896     1     2        0  0.0000E+00  0.2198E-10  0.0000E+00  0.0000E+00
     1  2897     1     1        0  0.0000E+00  0.1190E+02  0.0000E+00  0.0000E+00
     1  2897     1     2        0  0.0000E+00  0.4208E-11  0.0000E+00  0.0000E+00
     1  2898     1     1        0  0.0000E+00  0.3039E+01  0.0000E+00  0.0000E+00
     1  2898     1     2        0  0.0000E+00  0.8964E-12  0.0000E+00  0.0000E+00
     1  2899     1     1        0  0.0000E+00  0.1325E+01  0.0000E+00  0.0000E+00
     1  2899     1     2        0  0.0000E+00  0.9928E-12  0.0000E+00  0.0000E+00
     1  2900     1     1        0  0.0000E+00  0.6382E+01  0.0000E+00  0.0000E+00
     1  2900     1     2        0  0.0000E+00  0.6929E-11  0.0000E+00  0.0000E+00
     1  2901     1     1        0  0.0000E+00  0.1326E+02  0.0000E+00  0.0000E+00
     1  2901     1     2        0  0.0000E+00  0.8887E-11  0.0000E+00  0.0000E+00
     1  2902     1     1        0  0.0000E+00  0.2393E+02  0.0000E+00  0.0000E+00
     1  2902     1     2        0  0.0000E+00  0.3328E-10  0.0000E+00  0.0000E+00
     1  2903     1     1        0  0.0000E+00  0.1000E+03  0.0000E+00  0.0000E+00
     1  2903     1     2        0  0.0000E+00  0.1106E-09  0.0000E+00  0.0000E+00
     1  2904     1     1        0  0.0000E+00  0.6346E+01  0.0000E+00  0.0000E+00
     1  2904     1     2        0  0.0000E+00  0.2373E-11  0.0000E+00  0.0000E+00
     1  2905     1     1        0  0.0000E+00  0.1321E+02  0.0000E+00  0.0000E+00
     1  2905     1     2        0  0.0000E+00  0.1280E-10  0.0000E+00  0.0000E+00
     1  2906     1     1        0  0.0000E+00  0.2623E+02  0.0000E+00  0.0000E+00
     1  2906     1     2        0  0.0000E+00  0.2307E-10  0.0000E+00  0.0000E+00
     1  2907     1     1        0  0.0000E+00  0.1000E+03  0.0000E+00  0.0000E+00
     1  2907     1     2        0  0.0000E+00  0.1074E-09  0.0000E+00  0.0000E+00
     1  2908     1     1        0  0.0000E+00  0.8262E+01  0.0000E+00  0.0000E+00
     1  2908     1     2        0  0.0000E+00  0.6332E-11  0.0000E+00  0.0000E+00
     1  2909     1     1        0  0.0000E+00  0.1317E+01  0.0000E+00  0.0000E+00
     1  2909     1     2        0  0.0000E+00  0.8223E-12  0.0000E+00  0.0000E+00
     1  2910     1     1        0  0.0000E+00  0.6586E+01  0.0000E+00  0.0000E+00
     1  2910     1     2        0  0.0000E+00  0.8532E-11  0.0000E+00  0.0000E+00
     1  2911     1     1        0  0.0000E+00  0.6469E+01  0.0000E+00  0.0000E+00
     1  2911     1     2        0  0.0000E+00  0.9036E-11  0.0000E+00  0.0000E+00
     1  2912     1     1        0  0.0000E+00  0.5096E+01  0.0000E+00  0.0000E+00
     1  2912     1     2        0  0.0000E+00  0.5201E-11  0.0000E+00  0.0000E+00
     1  2913     1     1        0  0.0000E+00  0.1179E+02  0.0000E+00  0.0000E+00
     1  2913     1     2        0  0.0000E+00  0.4921E-11  0.0000E+00  0.0000E+00
     1  2914     1     1        0  0.0000E+00  0.8734E+00  0.0000E+00  0.0000E+00
     1  2914     1     2        0  0.0000E+00  0.1163E-11  0.0000E+00  0.0000E+00
     1  2915     1     1        0  0.0000E+00  0.4502E+01  0.0000E+00  0.0000E+00
     1  2915     1     2        0  0.0000E+00  0.1173E-10  0.0000E+00  0.0000E+00
     1  2916     1     1        0  0.0000E+00  0.4492E+01  0.0000E+00  0.0000E+00
     1  2916     1     2        0  0.0000E+00  0.7796E-11  0.0000E+00  0.0000E+00
     1  2917     1     1        0  0.0000E+00  0.4500E+01  0.0000E+00  0.0000E+00
     1  2917     1     2        0  0.0000E+00  0.1074E-10  0.0000E+00  0.0000E+00
     1  2918     1     1        0  0.0000E+00  0.1473E+02  0.0000E+00  0.0000E+00
     1  2918     1     2        0  0.0000E+00  0.9469E-11  0.0000E+00  0.0000E+00
     1  2919     1     1        0  0.0000E+00  0.1376E+02  0.0000E+00  0.0000E+00
     1  2919     1     2        0  0.0000E+00  0.1659E-10  0.0000E+00  0.0000E+00
     1  2920     1     1        0  0.0000E+00  0.1000E+03  0.0000E+00  0.0000E+00
     1  2920     1     2        0  0.0000E+00  0.1049E-09  0.0000E+00  0.0000E+00
     1  2921     1     1        0  0.0000E+00  0.4454E+02  0.0000E+00  0.0000E+00
     1  2921     1     2        0  0.0000E+00  0.3191E-10  0.0000E+00  0.0000E+00
     1  2922     1     1        0  0.0000E+00  0.5948E+01  0.0000E+00  0.0000E+00
     1  2922     1     2        0  0.0000E+00  0.4329E-11  0.0000E+00  0.0000E+00
     1  2923     1     1        0  0.0000E+00  0.1079E+01  0.0000E+00  0.0000E+00
     1  2923     1     2        0  0.0000E+00  0.3153E-11  0.0000E+00  0.0000E+00
     1  2924     1     1        0  0.0000E+00  0.2725E+01  0.0000E+00  0.0000E+00
     1  2924     1     2        0  0.0000E+00  0.7694E-11  0.0000E+00  0.0000E+00
     1  2925     1     1        0  0.0000E+00  0.5918E+01  0.0000E+00  0.0000E+00
     1  2925     1     2        0  0.0000E+00  0.1954E-11  0.0000E+00  0.0000E+00
     1  2926     1     1        0  0.0000E+00  0.8555E+01  0.0000E+00  0.0000E+00
     1  2926     1     2        0  0.0000E+00  0.7296E-11  0.0000E+00  0.0000E+00
     1  2927     1     1        0  0.0000E+00  0.2037E+02  0.0000E+00  0.0000E+00
     1  2927     1     2        0  0.0000E+00  0.1989E-10  0.0000E+00  0.0000E+00
     1  2928     1     1        0  0.0000E+00  0.8595E+02  0.0000E+00  0.0000E+00
     1  2928     1     2        0  0.0000E+00  0.7007E-10  0.0000E+00  0.0000E+00
     1  2929     1     1        0  0.0000E+00  0.2816E+01  0.0000E+00  0.0000E+00
     1  2929     1     2        0  0.0000E+00  0.1721E-10  0.0000E+00  0.0000E+00
     1  2930     1     1        0  0.0000E+00  0.3660E+02  0.0000E+00  0.0000E+00
     1  2930     1     2        0  0.0000E+00  0.2538E-10  0.0000E+00  0.0000E+00
     1  2931     1     1        0  0.0000E+00  0.1000E+03  0.0000E+00  0.0000E+00
     1  2931     1     2        0  0.0000E+00  0.9400E-10  0.0000E+00  0.0000E+00
     1  2932     1     1        0  0.0000E+00  0.5646E+01  0.0000E+00  0.0000E+00
     1  2932     1     2        0  0.0000E+00  0.1936E-11  0.0000E+00  0.0000E+00
     1  2933     1     1        0  0.0000E+00  0.4519E+01  0.0000E+00  0.0000E+00
     1  2933     1     2        0  0.0000E+00  0.3608E-11  0.0000E+00  0.0000E+00
     1  2934     1     1        0  0.0000E+00  0.1828E+02  0.0000E+00  0.0000E+00
     1  2934     1     2        0  0.0000E+00  0.1755E-10  0.0000E+00  0.0000E+00
     1  2935     1     1        0  0.0000E+00  0.6576E+02  0.0000E+00  0.0000E+00
     1  2935     1     2        0  0.0000E+00  0.5748E-10  0.0000E+00  0.0000E+00
     1  2936     1     1        0  0.0000E+00  0.4017E+02  0.0000E+00  0.0000E+00
     1  2936     1     2        0  0.0000E+00  0.5388E-10  0.0000E+00  0.0000E+00
     1  2937     1     1        0  0.0000E+00  0.4902E+01  0.0000E+00  0.0000E+00
     1  2937     1     2        0  0.0000E+00  0.7649E-11  0.0000E+00  0.0000E+00
     1  2938     1     1        0  0.0000E+00  0.6546E+01  0.0000E+00  0.0000E+00
     1  2938     1     2        0  0.0000E+00  0.1714E-10  0.0000E+00  0.0000E+00
     1  2939     1     1        0  0.0000E+00  0.1831E+02  0.0000E+00  0.0000E+00
     1  2939     1     2        0  0.0000E+00  0.2191E-10  0.0000E+00  0.0000E+00
     1  2940     1     1        0  0.0000E+00  0.5066E+02  0.0000E+00  0.0000E+00
     1  2940     1     2        0  0.0000E+00  0.4077E-10  0.0000E+00  0.0000E+00
     1  2941     1     1        0  0.0000E+00  0.2318E+02  0.0000E+00  0.0000E+00
     1  2941     1     2        0  0.0000E+00  0.3209E-10  0.0000E+00  0.0000E+00
     1  2942     1     1        0  0.0000E+00  0.1515E+01  0.0000E+00  0.0000E+00
     1  2942     1     2        0  0.0000E+00  0.9115E-11  0.0000E+00  0.0000E+00
     1  2943     1     1        0  0.0000E+00  0.6055E+01  0.0000E+00  0.0000E+00
     1  2943     1     2        0  0.0000E+00  0.5703E-12  0.0000E+00  0.0000E+00
     1  2944     1     1        0  0.0000E+00  0.1019E+02  0.0000E+00  0.0000E+00
     1  2944     1     2        0  0.0000E+00  0.7585E-11  0.0000E+00  0.0000E+00
     1  2945     1     1        0  0.0000E+00  0.1452E+02  0.0000E+00  0.0000E+00
     1  2945     1     2        0  0.0000E+00  0.1339E-10  0.0000E+00  0.0000E+00
     1  2946     1     1        0  0.0000E+00  0.2264E+02  0.0000E+00  0.0000E+00
     1  2946     1     2        0  0.0000E+00  0.2517E-10  0.0000E+00  0.0000E+00
     1  2947     1     1        0  0.0000E+00  0.2101E+02  0.0000E+00  0.0000E+00
     1  2947     1     2        0  0.0000E+00  0.1874E-10  0.0000E+00  0.0000E+00
     1  2948     1     1        0  0.0000E+00  0.9109E+02  0.0000E+00  0.0000E+00
     1  2948     1     2        0  0.0000E+00  0.7909E-10  0.0000E+00  0.0000E+00
     1  2949     1     1        0  0.0000E+00  0.3329E+02  0.0000E+00  0.0000E+00
     1  2949     1     2        0  0.0000E+00  0.2971E-10  0.0000E+00  0.0000E+00
     1  2950     1     1        0  0.0000E+00  0.2983E+02  0.0000E+00  0.0000E+00
     1  2950     1     2        0  0.0000E+00  0.2985E-10  0.0000E+00  0.0000E+00
     1  2951     1     1        0  0.0000E+00  0.1000E+03  0.0000E+00  0.0000E+00
     1  2951     1     2        0  0.0000E+00  0.8982E-10  0.0000E+00  0.0000E+00
     1  2952     1     1        0  0.0000E+00  0.9421E+01  0.0000E+00  0.0000E+00
     1  2952     1     2        0  0.0000E+00  0.5442E-12  0.0000E+00  0.0000E+00
     1  2953     1     1        0  0.0000E+00  0.1553E+01  0.0000E+00  0.0000E+00
     1  2953     1     2        0  0.0000E+00  0.4792E-11  0.0000E+00  0.0000E+00
     1  2954     1     1        0  0.0000E+00  0.1126E+02  0.0000E+00  0.0000E+00
     1  2954     1     2        0  0.0000E+00  0.1725E-10  0.0000E+00  0.0000E+00
     1  2955     1     1        0  0.0000E+00  0.4344E+02  0.0000E+00  0.0000E+00
     1  2955     1     2        0  0.0000E+00  0.3880E-10  0.0000E+00  0.0000E+00
     1  2956     1     1        0  0.0000E+00  0.1000E+03  0.0000E+00  0.0000E+00
     1  2956     1     2        0  0.0000E+00  0.7779E-10  0.0000E+00  0.0000E+00
     1  2957     1     1        0  0.0000E+00  0.2265E+02  0.0000E+00  0.0000E+00
     1  2957     1     2        0  0.0000E+00  0.1977E-10  0.0000E+00  0.0000E+00
     1  2958     1     1        0  0.0000E+00  0.6121E+01  0.0000E+00  0.0000E+00
     1  2958     1     2        0  0.0000E+00  0.1314E-11  0.0000E+00  0.0000E+00
     1  2959     1     1        0  0.0000E+00  0.2802E+01  0.0000E+00  0.0000E+00
     1  2959     1     2        0  0.0000E+00  0.2514E-11  0.0000E+00  0.0000E+00
     1  2960     1     1        0  0.0000E+00  0.6500E+01  0.0000E+00  0.0000E+00
     1  2960     1     2        0  0.0000E+00  0.3383E-11  0.0000E+00  0.0000E+00
     1  2961     1     1        0  0.0000E+00  0.7984E+01  0.0000E+00  0.0000E+00
     1  2961     1     2        0  0.0000E+00  0.3905E-11  0.0000E+00  0.0000E+00
     1  2962     1     1        0  0.0000E+00  0.8937E+01  0.0000E+00  0.0000E+00
     1  2962     1     2        0  0.0000E+00  0.1067E-10  0.0000E+00  0.0000E+00
     1  2963     1     1        0  0.0000E+00  0.5917E+01  0.0000E+00  0.0000E+00
     1  2963     1     2        0  0.0000E+00  0.8723E-11  0.0000E+00  0.0000E+00
     1  2964     1     1        0  0.0000E+00  0.1668E+02  0.0000E+00  0.0000E+00
     1  2964     1     2        0  0.0000E+00  0.2583E-10  0.0000E+00  0.0000E+00
     1  2965     1     1        0  0.0000E+00  0.2705E+02  0.0000E+00  0.0000E+00
     1  2965     1     2        0  0.0000E+00  0.2296E-10  0.0000E+00  0.0000E+00
     1  2966     1     1        0  0.0000E+00  0.8981E+01  0.0000E+00  0.0000E+00
     1  2966     1     2        0  0.0000E+00  0.6233E-11  0.0000E+00  0.0000E+00
     1  2967     1     1        0  0.0000E+00  0.7764E+01  0.0000E+00  0.0000E+00
     1  2967     1     2        0  0.0000E+00  0.5526E-11  0.0000E+00  0.0000E+00
     1  2968     1     1        0  0.0000E+00  0.2069E+02  0.0000E+00  0.0000E+00
     1  2968     1     2        0  0.0000E+00  0.1851E-10  0.0000E+00  0.0000E+00
     1  2969     1     1        0  0.0000E+00  0.5776E+02  0.0000E+00  0.0000E+00
     1  2969     1     2        0  0.0000E+00  0.5587E-10  0.0000E+00  0.0000E+00
     1  2970     1     1        0  0.0000E+00  0.1259E+02  0.0000E+00  0.0000E+00
     1  2970     1     2        0  0.0000E+00  0.1264E-10  0.0000E+00  0.0000E+00
     1  2971     1     1        0  0.0000E+00  0.1777E+01  0.0000E+00  0.0000E+00
     1  2971     1     2        0  0.0000E+00  0.6022E-12  0.0000E+00  0.0000E+00
     1  2972     1     1        0  0.0000E+00  0.4802E+01  0.0000E+00  0.0000E+00
     1  2972     1     2        0  0.0000E+00  0.7439E-11  0.0000E+00  0.0000E+00
     1  2973     1     1        0  0.0000E+00  0.4977E+01  0.0000E+00  0.0000E+00
     1  2973     1     2        0  0.0000E+00  0.3649E-11  0.0000E+00  0.0000E+00
     1  2974     1     1        0  0.0000E+00  0.4936E+01  0.0000E+00  0.0000E+00
     1  2974     1     2        0  0.0000E+00  0.7623E-11  0.0000E+00  0.0000E+00
     1  2975     1     1        0  0.0000E+00  0.9735E+01  0.0000E+00  0.0000E+00
     1  2975     1     2        0  0.0000E+00  0.5373E-11  0.0000E+00  0.0000E+00
     1  2976     1     1        0  0.0000E+00  0.9175E+01  0.0000E+00  0.0000E+00
     1  2976     1     2        0  0.0000E+00  0.5114E-12  0.0000E+00  0.0000E+00
     1  2977     1     1        0  0.0000E+00  0.2937E+01  0.0000E+00  0.0000E+00
     1  2977     1     2        0  0.0000E+00  0.7928E-11  0.0000E+00  0.0000E+00
     1  2978     1     1        0  0.0000E+00  0.3581E+01  0.0000E+00  0.0000E+00
     1  2978     1     2        0  0.0000E+00  0.1786E-11  0.0000E+00  0.0000E+00
     1  2979     1     1        0  0.0000E+00  0.8690E+01  0.0000E+00  0.0000E+00
     1  2979     1     2        0  0.0000E+00  0.9973E-11  0.0000E+00  0.0000E+00
     1  2980     1     1        0  0.0000E+00  0.1334E+02  0.0000E+00  0.0000E+00
     1  2980     1     2        0  0.0000E+00  0.7845E-11  0.0000E+00  0.0000E+00
     1  2981     1     1        0  0.0000E+00  0.1426E+02  0.0000E+00  0.0000E+00
     1  2981     1     2        0  0.0000E+00  0.1507E-10  0.0000E+00  0.0000E+00
     1  2982     1     1        0  0.0000E+00  0.1127E+02  0.0000E+00  0.0000E+00
     1  2982     1     2        0  0.0000E+00  0.8992E-11  0.0000E+00  0.0000E+00
     1  2983     1     1        0  0.0000E+00  0.1007E+02  0.0000E+00  0.0000E+00
     1  2983     1     2        0  0.0000E+00  0.2141E-10  0.0000E+00  0.0000E+00
     1  2984     1     1        0  0.0000E+00  0.3307E+01  0.0000E+00  0.0000E+00
     1  2984     1     2        0  0.0000E+00  0.8804E-12  0.0000E+00  0.0000E+00
     1  2985     1     1        0  0.0000E+00  0.1967E+02  0.0000E+00  0.0000E+00
     1  2985     1     2        0  0.0000E+00  0.1271E-10  0.0000E+00  0.0000E+00
     1  2986     1     1        0  0.0000E+00  0.6617E+01  0.0000E+00  0.0000E+00
     1  2986     1     2        0  0.0000E+00  0.9092E-12  0.0000E+00  0.0000E+00
     1  2987     1     1        0  0.0000E+00  0.7936E+01  0.0000E+00  0.0000E+00
     1  2987     1     2        0  0.0000E+00  0.8160E-11  0.0000E+00  0.0000E+00
     1  2988     1     1        0  0.0000E+00  0.1490E+02  0.0000E+00  0.0000E+00
     1  2988     1     2        0  0.0000E+00  0.1601E-10  0.0000E+00  0.0000E+00
     1  2989     1     1        0  0.0000E+00  0.2467E+02  0.0000E+00  0.0000E+00
     1  2989     1     2        0  0.0000E+00  0.2090E-10  0.0000E+00  0.0000E+00
     1  2990     1     1        0  0.0000E+00  0.9815E+02  0.0000E+00  0.0000E+00
     1  2990     1     2        0  0.0000E+00  0.1141E-09  0.0000E+00  0.0000E+00
     1  2991     1     1        0  0.0000E+00  0.1000E+03  0.0000E+00  0.0000E+00
     1  2991     1     2        0  0.0000E+00  0.9137E-10  0.0000E+00  0.0000E+00
     1  2992     1     1        0  0.0000E+00  0.1261E+02  0.0000E+00  0.0000E+00
     1  2992     1     2        0  0.0000E+00  0.2041E-11  0.0000E+00  0.0000E+00
     1  2993     1     1        0  0.0000E+00  0.1001E+02  0.0000E+00  0.0000E+00
     1  2993     1     2        0  0.0000E+00  0.1413E-10  0.0000E+00  0.0000E+00
     1  2994     1     1        0  0.0000E+00  0.1956E+02  0.0000E+00  0.0000E+00
     1  2994     1     2        0  0.0000E+00  0.1324E-10  0.0000E+00  0.0000E+00
     1  2995     1     1        0  0.0000E+00  0.6791E+02  0.0000E+00  0.0000E+00
     1  2995     1     2        0  0.0000E+00  0.6850E-10  0.0000E+00  0.0000E+00
     1  2996     1     1        0  0.0000E+00  0.3367E+02  0.0000E+00  0.0000E+00
     1  2996     1     2        0  0.0000E+00  0.4942E-10  0.0000E+00  0.0000E+00
     1  2997     1     1        0  0.0000E+00  0.2559E+02  0.0000E+00  0.0000E+00
     1  2997     1     2        0  0.0000E+00  0.2108E-10  0.0000E+00  0.0000E+00
     1  2998     1     1        0  0.0000E+00  0.6521E+01  0.0000E+00  0.0000E+00
     1  2998     1     2        0  0.0000E+00  0.9768E-11  0.0000E+00  0.0000E+00
     1  2999     1     1        0  0.0000E+00  0.7307E+01  0.0000E+00  0.0000E+00
     1  2999     1     2        0  0.0000E+00  0.1565E-10  0.0000E+00  0.0000E+00
     1  3000     1     1        0  0.0000E+00  0.1034E+02  0.0000E+00  0.0000E+00
     1  3000     1     2        0  0.0000E+00  0.7978E-11  0.0000E+00  0.0000E+00
     1  3001     1     1        0  0.0000E+00  0.5649E+00  0.0000E+00  0.0000E+00
     1  3001     1     2        0  0.0000E+00  0.1745E-11  0.0000E+00  0.0000E+00
     1  3002     1     1        0  0.0000E+00  0.8873E+01  0.0000E+00  0.0000E+00
     1  3002     1     2        0  0.0000E+00  0.1562E-10  0.0000E+00  0.0000E+00
     1  3003     1     1        0  0.0000E+00  0.4897E+01  0.0000E+00  0.0000E+00
     1  3003     1     2        0  0.0000E+00  0.4514E-12  0.0000E+00  0.0000E+00
     1  3004     1     1        0  0.0000E+00  0.1905E+01  0.0000E+00  0.0000E+00
     1  3004     1     2        0  0.0000E+00  0.2274E-11  0.0000E+00  0.0000E+00
     1  3005     1     1        0  0.0000E+00  0.6160E+01  0.0000E+00  0.0000E+00
     1  3005     1     2        0  0.0000E+00  0.2992E-11  0.0000E+00  0.0000E+00
     1  3006     1     1        0  0.0000E+00  0.1870E+02  0.0000E+00  0.0000E+00
     1  3006     1     2        0  0.0000E+00  0.2138E-10  0.0000E+00  0.0000E+00
     1  3007     1     1        0  0.0000E+00  0.1000E+03  0.0000E+00  0.0000E+00
     1  3007     1     2        0  0.0000E+00  0.8514E-10  0.0000E+00  0.0000E+00
     1  3008     1     1        0  0.0000E+00  0.4342E+02  0.0000E+00  0.0000E+00
     1  3008     1     2        0  0.0000E+00  0.4467E-10  0.0000E+00  0.0000E+00
     1  3009     1     1        0  0.0000E+00  0.1010E+02  0.0000E+00  0.0000E+00
     1  3009     1     2        0  0.0000E+00  0.1671E-11  0.0000E+00  0.0000E+00
     1  3010     1     1        0  0.0000E+00  0.1316E+01  0.0000E+00  0.0000E+00
     1  3010     1     2        0  0.0000E+00  0.1093E-10  0.0000E+00  0.0000E+00
     1  3011     1     1        0  0.0000E+00  0.7696E+01  0.0000E+00  0.0000E+00
     1  3011     1     2        0  0.0000E+00  0.7212E-11  0.0000E+00  0.0000E+00
     1  3012     1     1        0  0.0000E+00  0.1058E+02  0.0000E+00  0.0000E+00
     1  3012     1     2        0  0.0000E+00  0.9783E-11  0.0000E+00  0.0000E+00
     1  3013     1     1        0  0.0000E+00  0.1217E+02  0.0000E+00  0.0000E+00
     1  3013     1     2        0  0.0000E+00  0.1513E-10  0.0000E+00  0.0000E+00
     1  3014     1     1        0  0.0000E+00  0.1403E+02  0.0000E+00  0.0000E+00
     1  3014     1     2        0  0.0000E+00  0.9896E-11  0.0000E+00  0.0000E+00
     1  3015     1     1        0  0.0000E+00  0.2410E+02  0.0000E+00  0.0000E+00
     1  3015     1     2        0  0.0000E+00  0.2352E-10  0.0000E+00  0.0000E+00
     1  3016     1     1        0  0.0000E+00  0.4225E+02  0.0000E+00  0.0000E+00
     1  3016     1     2        0  0.0000E+00  0.4224E-10  0.0000E+00  0.0000E+00
     1  3017     1     1        0  0.0000E+00  0.1000E+03  0.0000E+00  0.0000E+00
     1  3017     1     2        0  0.0000E+00  0.9546E-10  0.0000E+00  0.0000E+00
     1  3018     1     1        0  0.0000E+00  0.3732E+02  0.0000E+00  0.0000E+00
     1  3018     1     2        0  0.0000E+00  0.2257E-10  0.0000E+00  0.0000E+00
     1  3019     1     1        0  0.0000E+00  0.1489E+01  0.0000E+00  0.0000E+00
     1  3019     1     2        0  0.0000E+00  0.6925E-11  0.0000E+00  0.0000E+00
     1  3020     1     1        0  0.0000E+00  0.1855E+02  0.0000E+00  0.0000E+00
     1  3020     1     2        0  0.0000E+00  0.2314E-10  0.0000E+00  0.0000E+00
     1  3021     1     1        0  0.0000E+00  0.6352E+02  0.0000E+00  0.0000E+00
     1  3021     1     2        0  0.0000E+00  0.5220E-10  0.0000E+00  0.0000E+00
     1  3022     1     1        0  0.0000E+00  0.4067E+02  0.0000E+00  0.0000E+00
     1  3022     1     2        0  0.0000E+00  0.2804E-10  0.0000E+00  0.0000E+00
     1  3023     1     1        0  0.0000E+00  0.4794E+01  0.0000E+00  0.0000E+00
     1  3023     1     2        0  0.0000E+00  0.4884E-12  0.0000E+00  0.0000E+00
     1  3024     1     1        0  0.0000E+00  0.5917E+01  0.0000E+00  0.0000E+00
     1  3024     1     2        0  0.0000E+00  0.4248E-11  0.0000E+00  0.0000E+00
     1  3025     1     1        0  0.0000E+00  0.1009E+02  0.0000E+00  0.0000E+00
     1  3025     1     2        0  0.0000E+00  0.1228E-10  0.0000E+00  0.0000E+00
     1  3026     1     1        0  0.0000E+00  0.1866E+02  0.0000E+00  0.0000E+00
     1  3026     1     2        0  0.0000E+00  0.1890E-10  0.0000E+00  0.0000E+00
     1  3027     1     1        0  0.0000E+00  0.7919E+02  0.0000E+00  0.0000E+00
     1  3027     1     2        0  0.0000E+00  0.7054E-10  0.0000E+00  0.0000E+00
     1  3028     1     1        0  0.0000E+00  0.1730E+02  0.0000E+00  0.0000E+00
     1  3028     1     2        0  0.0000E+00  0.1791E-10  0.0000E+00  0.0000E+00
     1  3029     1     1        0  0.0000E+00  0.7816E+01  0.0000E+00  0.0000E+00
     1  3029     1     2        0  0.0000E+00  0.1789E-11  0.0000E+00  0.0000E+00
     1  3030     1     1        0  0.0000E+00  0.1684E+02  0.0000E+00  0.0000E+00
     1  3030     1     2        0  0.0000E+00  0.1153E-10  0.0000E+00  0.0000E+00
     1  3031     1     1        0  0.0000E+00  0.4110E+02  0.0000E+00  0.0000E+00
     1  3031     1     2        0  0.0000E+00  0.4341E-10  0.0000E+00  0.0000E+00
     1  3032     1     1        0  0.0000E+00  0.2642E+02  0.0000E+00  0.0000E+00
     1  3032     1     2        0  0.0000E+00  0.6159E-11  0.0000E+00  0.0000E+00
     1  3033     1     1        0  0.0000E+00  0.1151E+02  0.0000E+00  0.0000E+00
     1  3033     1     2        0  0.0000E+00  0.2101E-10  0.0000E+00  0.0000E+00
     1  3034     1     1        0  0.0000E+00  0.1978E+02  0.0000E+00  0.0000E+00
     1  3034     1     2        0  0.0000E+00  0.1914E-10  0.0000E+00  0.0000E+00
     1  3035     1     1        0  0.0000E+00  0.2952E+02  0.0000E+00  0.0000E+00
     1  3035     1     2        0  0.0000E+00  0.2832E-10  0.0000E+00  0.0000E+00
     1  3036     1     1        0  0.0000E+00  0.2184E+02  0.0000E+00  0.0000E+00
     1  3036     1     2        0  0.0000E+00  0.9297E-11  0.0000E+00  0.0000E+00
     1  3037     1     1        0  0.0000E+00  0.1000E+03  0.0000E+00  0.0000E+00
     1  3037     1     2        0  0.0000E+00  0.9673E-10  0.0000E+00  0.0000E+00
     1  3038     1     1        0  0.0000E+00  0.8416E+02  0.0000E+00  0.0000E+00
     1  3038     1     2        0  0.0000E+00  0.8633E-10  0.0000E+00  0.0000E+00
     1  3039     1     1        0  0.0000E+00  0.2114E+02  0.0000E+00  0.0000E+00
     1  3039     1     2        0  0.0000E+00  0.1061E-10  0.0000E+00  0.0000E+00
     1  3040     1     1        0  0.0000E+00  0.5480E+01  0.0000E+00  0.0000E+00
     1  3040     1     2        0  0.0000E+00  0.8268E-11  0.0000E+00  0.0000E+00
     1  3041     1     1        0  0.0000E+00  0.1692E+01  0.0000E+00  0.0000E+00
     1  3041     1     2        0  0.0000E+00  0.5582E-11  0.0000E+00  0.0000E+00
     1  3042     1     1        0  0.0000E+00  0.1172E+02  0.0000E+00  0.0000E+00
     1  3042     1     2        0  0.0000E+00  0.8205E-11  0.0000E+00  0.0000E+00
     1  3043     1     1        0  0.0000E+00  0.2591E+02  0.0000E+00  0.0000E+00
     1  3043     1     2        0  0.0000E+00  0.2134E-10  0.0000E+00  0.0000E+00
     1  3044     1     1        0  0.0000E+00  0.1000E+03  0.0000E+00  0.0000E+00
     1  3044     1     2        0  0.0000E+00  0.8687E-10  0.0000E+00  0.0000E+00
     1  3045     1     1        0  0.0000E+00  0.3699E+01  0.0000E+00  0.0000E+00
     1  3045     1     2        0  0.0000E+00  0.9046E-11  0.0000E+00  0.0000E+00
     1  3046     1     1        0  0.0000E+00  0.7199E+01  0.0000E+00  0.0000E+00
     1  3046     1     2        0  0.0000E+00  0.1199E-10  0.0000E+00  0.0000E+00
     1  3047     1     1        0  0.0000E+00  0.1105E+02  0.0000E+00  0.0000E+00
     1  3047     1     2        0  0.0000E+00  0.3857E-11  0.0000E+00  0.0000E+00
     1  3048     1     1        0  0.0000E+00  0.5800E+01  0.0000E+00  0.0000E+00
     1  3048     1     2        0  0.0000E+00  0.8113E-11  0.0000E+00  0.0000E+00
     1  3049     1     1        0  0.0000E+00  0.7100E+01  0.0000E+00  0.0000E+00
     1  3049     1     2        0  0.0000E+00  0.2224E-11  0.0000E+00  0.0000E+00
     1  3050     1     1        0  0.0000E+00  0.2150E+02  0.0000E+00  0.0000E+00
     1  3050     1     2        0  0.0000E+00  0.2895E-10  0.0000E+00  0.0000E+00
     1  3051     1     1        0  0.0000E+00  0.2396E+02  0.0000E+00  0.0000E+00
     1  3051     1     2        0  0.0000E+00  0.3223E-10  0.0000E+00  0.0000E+00
     1  3052     1     1        0  0.0000E+00  0.1286E+02  0.0000E+00  0.0000E+00
     1  3052     1     2        0  0.0000E+00  0.1392E-10  0.0000E+00  0.0000E+00
     1  3053     1     1        0  0.0000E+00  0.1347E+01  0.0000E+00  0.0000E+00
     1  3053     1     2        0  0.0000E+00  0.1515E-11  0.0000E+00  0.0000E+00
     1  3054     1     1        0  0.0000E+00  0.7650E+01  0.0000E+00  0.0000E+00
     1  3054     1     2        0  0.0000E+00  0.1657E-11  0.0000E+00  0.0000E+00
     1  3055     1     1        0  0.0000E+00  0.1436E+02  0.0000E+00  0.0000E+00
     1  3055     1     2        0  0.0000E+00  0.8461E-11  0.0000E+00  0.0000E+00
     1  3056     1     1        0  0.0000E+00  0.2201E+02  0.0000E+00  0.0000E+00
     1  3056     1     2        0  0.0000E+00  0.1863E-10  0.0000E+00  0.0000E+00
     1  3057     1     1        0  0.0000E+00  0.1000E+03  0.0000E+00  0.0000E+00
     1  3057     1     2        0  0.0000E+00  0.1366E-09  0.0000E+00  0.0000E+00
     1  3058     1     1        0  0.0000E+00  0.9867E+01  0.0000E+00  0.0000E+00
     1  3058     1     2        0  0.0000E+00  0.3123E-10  0.0000E+00  0.0000E+00
     1  3059     1     1        0  0.0000E+00  0.1073E+01  0.0000E+00  0.0000E+00
     1  3059     1     2        0  0.0000E+00  0.5382E-11  0.0000E+00  0.0000E+00
     1  3060     1     1        0  0.0000E+00  0.1449E+02  0.0000E+00  0.0000E+00
     1  3060     1     2        0  0.0000E+00  0.1100E-10  0.0000E+00  0.0000E+00
     1  3061     1     1        0  0.0000E+00  0.2286E+02  0.0000E+00  0.0000E+00
     1  3061     1     2        0  0.0000E+00  0.1617E-10  0.0000E+00  0.0000E+00
     1  3062     1     1        0  0.0000E+00  0.1000E+03  0.0000E+00  0.0000E+00
     1  3062     1     2        0  0.0000E+00  0.1097E-09  0.0000E+00  0.0000E+00
     1  3063     1     1        0  0.0000E+00  0.5573E+02  0.0000E+00  0.0000E+00
     1  3063     1     2        0  0.0000E+00  0.5695E-10  0.0000E+00  0.0000E+00
     1  3064     1     1        0  0.0000E+00  0.1000E+03  0.0000E+00  0.0000E+00
     1  3064     1     2        0  0.0000E+00  0.9420E-10  0.0000E+00  0.0000E+00
     1  3065     1     1        0  0.0000E+00  0.1727E+02  0.0000E+00  0.0000E+00
     1  3065     1     2        0  0.0000E+00  0.3399E-11  0.0000E+00  0.0000E+00
     1  3066     1     1        0  0.0000E+00  0.2757E+01  0.0000E+00  0.0000E+00
     1  3066     1     2        0  0.0000E+00  0.1054E-10  0.0000E+00  0.0000E+00
     1  3067     1     1        0  0.0000E+00  0.5364E+01  0.0000E+00  0.0000E+00
     1  3067     1     2        0  0.0000E+00  0.4590E-11  0.0000E+00  0.0000E+00
     1  3068     1     1        0  0.0000E+00  0.9735E+01  0.0000E+00  0.0000E+00
     1  3068     1     2        0  0.0000E+00  0.1843E-10  0.0000E+00  0.0000E+00
     1  3069     1     1        0  0.0000E+00  0.2245E+02  0.0000E+00  0.0000E+00
     1  3069     1     2        0  0.0000E+00  0.1658E-10  0.0000E+00  0.0000E+00
     1  3070     1     1        0  0.0000E+00  0.7945E+02  0.0000E+00  0.0000E+00
     1  3070     1     2        0  0.0000E+00  0.6662E-10  0.0000E+00  0.0000E+00
     1  3071     1     1        0  0.0000E+00  0.1042E+02  0.0000E+00  0.0000E+00
     1  3071     1     2        0  0.0000E+00  0.4049E-11  0.0000E+00  0.0000E+00
     1  3072     1     1        0  0.0000E+00  0.4464E+02  0.0000E+00  0.0000E+00
     1  3072     1     2        0  0.0000E+00  0.3911E-10  0.0000E+00  0.0000E+00
     1  3073     1     1        0  0.0000E+00  0.9784E+02  0.0000E+00  0.0000E+00
     1  3073     1     2        0  0.0000E+00  0.6534E-10  0.0000E+00  0.0000E+00
     1  3074     1     1        0  0.0000E+00  0.9001E+01  0.0000E+00  0.0000E+00
     1  3074     1     2        0  0.0000E+00  0.1507E-10  0.0000E+00  0.0000E+00
     1  3075     1     1        0  0.0000E+00  0.2367E+00  0.0000E+00  0.0000E+00
     1  3075     1     2        0  0.0000E+00  0.1089E-10  0.0000E+00  0.0000E+00
     1  3076     1     1        0  0.0000E+00  0.7143E+01  0.0000E+00  0.0000E+00
     1  3076     1     2        0  0.0000E+00  0.1586E-10  0.0000E+00  0.0000E+00
     1  3077     1     1        0  0.0000E+00  0.1716E+02  0.0000E+00  0.0000E+00
     1  3077     1     2        0  0.0000E+00  0.1206E-10  0.0000E+00  0.0000E+00
     1  3078     1     1        0  0.0000E+00  0.3858E+02  0.0000E+00  0.0000E+00
     1  3078     1     2        0  0.0000E+00  0.3649E-10  0.0000E+00  0.0000E+00
     1  3079     1     1        0  0.0000E+00  0.1656E+02  0.0000E+00  0.0000E+00
     1  3079     1     2        0  0.0000E+00  0.3096E-10  0.0000E+00  0.0000E+00
     1  3080     1     1        0  0.0000E+00  0.1329E+02  0.0000E+00  0.0000E+00
     1  3080     1     2        0  0.0000E+00  0.1598E-10  0.0000E+00  0.0000E+00
     1  3081     1     1        0  0.0000E+00  0.1869E+02  0.0000E+00  0.0000E+00
     1  3081     1     2        0  0.0000E+00  0.1700E-10  0.0000E+00  0.0000E+00
     1  3082     1     1        0  0.0000E+00  0.7686E+02  0.0000E+00  0.0000E+00
     1  3082     1     2        0  0.0000E+00  0.7425E-10  0.0000E+00  0.0000E+00
     1  3083     1     1        0  0.0000E+00  0.7096E+02  0.0000E+00  0.0000E+00
     1  3083     1     2        0  0.0000E+00  0.8581E-10  0.0000E+00  0.0000E+00
     1  3084     1     1        0  0.0000E+00  0.2038E+02  0.0000E+00  0.0000E+00
     1  3084     1     2        0  0.0000E+00  0.1455E-10  0.0000E+00  0.0000E+00
     1  3085     1     1        0  0.0000E+00  0.5966E+01  0.0000E+00  0.0000E+00
     1  3085     1     2        0  0.0000E+00  0.7158E-11  0.0000E+00  0.0000E+00
     1  3086     1     1        0  0.0000E+00  0.3592E+01  0.0000E+00  0.0000E+00
     1  3086     1     2        0  0.0000E+00  0.1080E-10  0.0000E+00  0.0000E+00
     1  3087     1     1        0  0.0000E+00  0.1072E+02  0.0000E+00  0.0000E+00
     1  3087     1     2        0  0.0000E+00  0.9577E-11  0.0000E+00  0.0000E+00
     1  3088     1     1        0  0.0000E+00  0.3392E+01  0.0000E+00  0.0000E+00
     1  3088     1     2        0  0.0000E+00  0.1351E-10  0.0000E+00  0.0000E+00
     1  3089     1     1        0  0.0000E+00  0.5501E+01  0.0000E+00  0.0000E+00
     1  3089     1     2        0  0.0000E+00  0.1744E-11  0.0000E+00  0.0000E+00
     1  3090     1     1        0  0.0000E+00  0.1262E+02  0.0000E+00  0.0000E+00
     1  3090     1     2        0  0.0000E+00  0.1947E-10  0.0000E+00  0.0000E+00
     1  3091     1     1        0  0.0000E+00  0.4295E+01  0.0000E+00  0.0000E+00
     1  3091     1     2        0  0.0000E+00  0.5226E-11  0.0000E+00  0.0000E+00
     1  3092     1     1        0  0.0000E+00  0.3585E+01  0.0000E+00  0.0000E+00
     1  3092     1     2        0  0.0000E+00  0.8710E-11  0.0000E+00  0.0000E+00
     1  3093     1     1        0  0.0000E+00  0.9345E+00  0.0000E+00  0.0000E+00
     1  3093     1     2        0  0.0000E+00  0.3689E-11  0.0000E+00  0.0000E+00
     1  3094     1     1        0  0.0000E+00  0.1874E+01  0.0000E+00  0.0000E+00
     1  3094     1     2        0  0.0000E+00  0.9972E-11  0.0000E+00  0.0000E+00
     1  3095     1     1        0  0.0000E+00  0.1231E+02  0.0000E+00  0.0000E+00
     1  3095     1     2        0  0.0000E+00  0.1915E-10  0.0000E+00  0.0000E+00
     1  3096     1     1        0  0.0000E+00  0.1936E+02  0.0000E+00  0.0000E+00
     1  3096     1     2        0  0.0000E+00  0.1690E-10  0.0000E+00  0.0000E+00
     1  3097     1     1        0  0.0000E+00  0.2384E+02  0.0000E+00  0.0000E+00
     1  3097     1     2        0  0.0000E+00  0.2572E-10  0.0000E+00  0.0000E+00
     1  3098     1     1        0  0.0000E+00  0.5095E+02  0.0000E+00  0.0000E+00
     1  3098     1     2        0  0.0000E+00  0.4702E-10  0.0000E+00  0.0000E+00
     1  3099     1     1        0  0.0000E+00  0.1000E+03  0.0000E+00  0.0000E+00
     1  3099     1     2        0  0.0000E+00  0.8883E-10  0.0000E+00  0.0000E+00
     1  3100     1     1        0  0.0000E+00  0.1200E+02  0.0000E+00  0.0000E+00
     1  3100     1     2        0  0.0000E+00  0.1148E-10  0.0000E+00  0.0000E+00
     1  3101     1     1        0  0.0000E+00  0.4889E+02  0.0000E+00  0.0000E+00
     1  3101     1     2        0  0.0000E+00  0.4352E-10  0.0000E+00  0.0000E+00
     1  3102     1     1        0  0.0000E+00  0.8049E+02  0.0000E+00  0.0000E+00
     1  3102     1     2        0  0.0000E+00  0.6810E-10  0.0000E+00  0.0000E+00
     1  3103     1     1        0  0.0000E+00  0.1004E+02  0.0000E+00  0.0000E+00
     1  3103     1     2        0  0.0000E+00  0.2105E-11  0.0000E+00  0.0000E+00
     1  3104     1     1        0  0.0000E+00  0.4327E+01  0.0000E+00  0.0000E+00
     1  3104     1     2        0  0.0000E+00  0.1435E-10  0.0000E+00  0.0000E+00
     1  3105     1     1        0  0.0000E+00  0.1021E+02  0.0000E+00  0.0000E+00
     1  3105     1     2        0  0.0000E+00  0.3838E-11  0.0000E+00  0.0000E+00
     1  3106     1     1        0  0.0000E+00  0.2637E+01  0.0000E+00  0.0000E+00
     1  3106     1     2        0  0.0000E+00  0.1086E-11  0.0000E+00  0.0000E+00
     1  3107     1     1        0  0.0000E+00  0.4247E+01  0.0000E+00  0.0000E+00
     1  3107     1     2        0  0.0000E+00  0.3714E-11  0.0000E+00  0.0000E+00
     1  3108     1     1        0  0.0000E+00  0.1611E+02  0.0000E+00  0.0000E+00
     1  3108     1     2        0  0.0000E+00  0.7606E-12  0.0000E+00  0.0000E+00
     1  3109     1     1        0  0.0000E+00  0.6509E+02  0.0000E+00  0.0000E+00
     1  3109     1     2        0  0.0000E+00  0.6733E-10  0.0000E+00  0.0000E+00
     1  3110     1     1        0  0.0000E+00  0.5284E+02  0.0000E+00  0.0000E+00
     1  3110     1     2        0  0.0000E+00  0.4702E-10  0.0000E+00  0.0000E+00
     1  3111     1     1        0  0.0000E+00  0.2152E+01  0.0000E+00  0.0000E+00
     1  3111     1     2        0  0.0000E+00  0.6009E-11  0.0000E+00  0.0000E+00
     1  3112     1     1        0  0.0000E+00  0.1163E+02  0.0000E+00  0.0000E+00
     1  3112     1     2        0  0.0000E+00  0.1560E-10  0.0000E+00  0.0000E+00
     1  3113     1     1        0  0.0000E+00  0.1786E+02  0.0000E+00  0.0000E+00
     1  3113     1     2        0  0.0000E+00  0.1998E-10  0.0000E+00  0.0000E+00
     1  3114     1     1        0  0.0000E+00  0.5199E+02  0.0000E+00  0.0000E+00
     1  3114     1     2        0  0.0000E+00  0.5017E-10  0.0000E+00  0.0000E+00
     1  3115     1     1        0  0.0000E+00  0.3143E+02  0.0000E+00  0.0000E+00
     1  3115     1     2        0  0.0000E+00  0.2199E-10  0.0000E+00  0.0000E+00
     1  3116     1     1        0  0.0000E+00  0.4043E+01  0.0000E+00  0.0000E+00
     1  3116     1     2        0  0.0000E+00  0.8507E-11  0.0000E+00  0.0000E+00
     1  3117     1     1        0  0.0000E+00  0.1395E+02  0.0000E+00  0.0000E+00
     1  3117     1     2        0  0.0000E+00  0.7883E-11  0.0000E+00  0.0000E+00
     1  3118     1     1        0  0.0000E+00  0.5819E+01  0.0000E+00  0.0000E+00
     1  3118     1     2        0  0.0000E+00  0.8172E-11  0.0000E+00  0.0000E+00
     1  3119     1     1        0  0.0000E+00  0.4062E+02  0.0000E+00  0.0000E+00
     1  3119     1     2        0  0.0000E+00  0.2459E-10  0.0000E+00  0.0000E+00
     1  3120     1     1        0  0.0000E+00  0.6199E+02  0.0000E+00  0.0000E+00
     1  3120     1     2        0  0.0000E+00  0.6262E-10  0.0000E+00  0.0000E+00
     1  3121     1     1        0  0.0000E+00  0.9831E+01  0.0000E+00  0.0000E+00
     1  3121     1     2        0  0.0000E+00  0.7854E-11  0.0000E+00  0.0000E+00
     1  3122     1     1        0  0.0000E+00  0.6693E+01  0.0000E+00  0.0000E+00
     1  3122     1     2        0  0.0000E+00  0.3959E-11  0.0000E+00  0.0000E+00
     1  3123     1     1        0  0.0000E+00  0.6269E+01  0.0000E+00  0.0000E+00
     1  3123     1     2        0  0.0000E+00  0.6579E-11  0.0000E+00  0.0000E+00
     1  3124     1     1        0  0.0000E+00  0.5986E+01  0.0000E+00  0.0000E+00
     1  3124     1     2        0  0.0000E+00  0.5496E-11  0.0000E+00  0.0000E+00
     1  3125     1     1        0  0.0000E+00  0.2036E+02  0.0000E+00  0.0000E+00
     1  3125     1     2        0  0.0000E+00  0.2216E-10  0.0000E+00  0.0000E+00
     1  3126     1     1        0  0.0000E+00  0.8756E+02  0.0000E+00  0.0000E+00
     1  3126     1     2        0  0.0000E+00  0.8184E-10  0.0000E+00  0.0000E+00
     1  3127     1     1        0  0.0000E+00  0.4278E+02  0.0000E+00  0.0000E+00
     1  3127     1     2        0  0.0000E+00  0.3296E-10  0.0000E+00  0.0000E+00
     1  3128     1     1        0  0.0000E+00  0.8883E+01  0.0000E+00  0.0000E+00
     1  3128     1     2        0  0.0000E+00  0.1449E-10  0.0000E+00  0.0000E+00
     1  3129     1     1        0  0.0000E+00  0.1080E+01  0.0000E+00  0.0000E+00
     1  3129     1     2        0  0.0000E+00  0.5223E-11  0.0000E+00  0.0000E+00
     1  3130     1     1        0  0.0000E+00  0.4523E+01  0.0000E+00  0.0000E+00
     1  3130     1     2        0  0.0000E+00  0.1009E-10  0.0000E+00  0.0000E+00
     1  3131     1     1        0  0.0000E+00  0.1014E+02  0.0000E+00  0.0000E+00
     1  3131     1     2        0  0.0000E+00  0.1274E-10  0.0000E+00  0.0000E+00
     1  3132     1     1        0  0.0000E+00  0.1848E+02  0.0000E+00  0.0000E+00
     1  3132     1     2        0  0.0000E+00  0.2479E-10  0.0000E+00  0.0000E+00
     1  3133     1     1        0  0.0000E+00  0.1254E+02  0.0000E+00  0.0000E+00
     1  3133     1     2        0  0.0000E+00  0.1088E-10  0.0000E+00  0.0000E+00
     1  3134     1     1        0  0.0000E+00  0.1000E+03  0.0000E+00  0.0000E+00
     1  3134     1     2        0  0.0000E+00  0.8325E-10  0.0000E+00  0.0000E+00
     1  3135     1     1        0  0.0000E+00  0.3584E+02  0.0000E+00  0.0000E+00
     1  3135     1     2        0  0.0000E+00  0.4235E-10  0.0000E+00  0.0000E+00
     1  3136     1     1        0  0.0000E+00  0.1995E+01  0.0000E+00  0.0000E+00
     1  3136     1     2        0  0.0000E+00  0.5123E-12  0.0000E+00  0.0000E+00
     1  3137     1     1        0  0.0000E+00  0.9776E+01  0.0000E+00  0.0000E+00
     1  3137     1     2        0  0.0000E+00  0.9440E-11  0.0000E+00  0.0000E+00
     1  3138     1     1        0  0.0000E+00  0.1614E+02  0.0000E+00  0.0000E+00
     1  3138     1     2        0  0.0000E+00  0.1177E-10  0.0000E+00  0.0000E+00
     1  3139     1     1        0  0.0000E+00  0.2429E+02  0.0000E+00  0.0000E+00
     1  3139     1     2        0  0.0000E+00  0.3294E-10  0.0000E+00  0.0000E+00
     1  3140     1     1        0  0.0000E+00  0.1000E+03  0.0000E+00  0.0000E+00
     1  3140     1     2        0  0.0000E+00  0.8941E-10  0.0000E+00  0.0000E+00
     1  3141     1     1        0  0.0000E+00  0.1411E+02  0.0000E+00  0.0000E+00
     1  3141     1     2        0  0.0000E+00  0.1073E-10  0.0000E+00  0.0000E+00
     1  3142     1     1        0  0.0000E+00  0.1590E+02  0.0000E+00  0.0000E+00
     1  3142     1     2        0  0.0000E+00  0.9252E-11  0.0000E+00  0.0000E+00
     1  3143     1     1        0  0.0000E+00  0.1777E+02  0.0000E+00  0.0000E+00
     1  3143     1     2        0  0.0000E+00  0.5417E-11  0.0000E+00  0.0000E+00
     1  3144     1     1        0  0.0000E+00  0.1000E+03  0.0000E+00  0.0000E+00
     1  3144     1     2        0  0.0000E+00  0.6930E-10  0.0000E+00  0.0000E+00
     1  3145     1     1        0  0.0000E+00  0.4058E+02  0.0000E+00  0.0000E+00
     1  3145     1     2        0  0.0000E+00  0.3629E-10  0.0000E+00  0.0000E+00
     1  3146     1     1        0  0.0000E+00  0.6587E+01  0.0000E+00  0.0000E+00
     1  3146     1     2        0  0.0000E+00  0.2241E-10  0.0000E+00  0.0000E+00
     1  3147     1     1        0  0.0000E+00  0.3264E+01  0.0000E+00  0.0000E+00
     1  3147     1     2        0  0.0000E+00  0.2592E-11  0.0000E+00  0.0000E+00
     1  3148     1     1        0  0.0000E+00  0.7772E+01  0.0000E+00  0.0000E+00
     1  3148     1     2        0  0.0000E+00  0.1481E-10  0.0000E+00  0.0000E+00
     1  3149     1     1        0  0.0000E+00  0.1346E+02  0.0000E+00  0.0000E+00
     1  3149     1     2        0  0.0000E+00  0.1176E-10  0.0000E+00  0.0000E+00
     1  3150     1     1        0  0.0000E+00  0.1841E+01  0.0000E+00  0.0000E+00
     1  3150     1     2        0  0.0000E+00  0.1313E-11  0.0000E+00  0.0000E+00
     1  3151     1     1        0  0.0000E+00  0.5373E+01  0.0000E+00  0.0000E+00
     1  3151     1     2        0  0.0000E+00  0.4529E-12  0.0000E+00  0.0000E+00
     1  3152     1     1        0  0.0000E+00  0.8812E+01  0.0000E+00  0.0000E+00
     1  3152     1     2        0  0.0000E+00  0.5302E-11  0.0000E+00  0.0000E+00
     1  3153     1     1        0  0.0000E+00  0.1266E+02  0.0000E+00  0.0000E+00
     1  3153     1     2        0  0.0000E+00  0.1144E-10  0.0000E+00  0.0000E+00
     1  3154     1     1        0  0.0000E+00  0.7002E+01  0.0000E+00  0.0000E+00
     1  3154     1     2        0  0.0000E+00  0.2137E-11  0.0000E+00  0.0000E+00
     1  3155     1     1        0  0.0000E+00  0.2183E+02  0.0000E+00  0.0000E+00
     1  3155     1     2        0  0.0000E+00  0.2487E-10  0.0000E+00  0.0000E+00
     1  3156     1     1        0  0.0000E+00  0.2044E+01  0.0000E+00  0.0000E+00
     1  3156     1     2        0  0.0000E+00  0.5669E-11  0.0000E+00  0.0000E+00
     1  3157     1     1        0  0.0000E+00  0.9626E+01  0.0000E+00  0.0000E+00
     1  3157     1     2        0  0.0000E+00  0.1018E-10  0.0000E+00  0.0000E+00
     1  3158     1     1        0  0.0000E+00  0.2087E+02  0.0000E+00  0.0000E+00
     1  3158     1     2        0  0.0000E+00  0.1805E-10  0.0000E+00  0.0000E+00
     1  3159     1     1        0  0.0000E+00  0.1000E+03  0.0000E+00  0.0000E+00
     1  3159     1     2        0  0.0000E+00  0.8451E-10  0.0000E+00  0.0000E+00
     1  3160     1     1        0  0.0000E+00  0.4483E+02  0.0000E+00  0.0000E+00
     1  3160     1     2        0  0.0000E+00  0.5194E-10  0.0000E+00  0.0000E+00
     1  3161     1     1        0  0.0000E+00  0.1389E+02  0.0000E+00  0.0000E+00
     1  3161     1     2        0  0.0000E+00  0.2059E-11  0.0000E+00  0.0000E+00
     1  3162     1     1        0  0.0000E+00  0.1346E+01  0.0000E+00  0.0000E+00
     1  3162     1     2        0  0.0000E+00  0.7263E-12  0.0000E+00  0.0000E+00
     1  3163     1     1        0  0.0000E+00  0.1431E+02  0.0000E+00  0.0000E+00
     1  3163     1     2        0  0.0000E+00  0.1070E-10  0.0000E+00  0.0000E+00
     1  3164     1     1        0  0.0000E+00  0.3054E+02  0.0000E+00  0.0000E+00
     1  3164     1     2        0  0.0000E+00  0.2754E-10  0.0000E+00  0.0000E+00
     1  3165     1     1        0  0.0000E+00  0.8440E+02  0.0000E+00  0.0000E+00
     1  3165     1     2        0  0.0000E+00  0.6691E-10  0.0000E+00  0.0000E+00
     1  3166     1     1        0  0.0000E+00  0.7897E+01  0.0000E+00  0.0000E+00
     1  3166     1     2        0  0.0000E+00  0.5537E-11  0.0000E+00  0.0000E+00
     1  3167     1     1        0  0.0000E+00  0.1699E+02  0.0000E+00  0.0000E+00
     1  3167     1     2        0  0.0000E+00  0.1561E-10  0.0000E+00  0.0000E+00
     1  3168     1     1        0  0.0000E+00  0.1226E+02  0.0000E+00  0.0000E+00
     1  3168     1     2        0  0.0000E+00  0.7816E-11  0.0000E+00  0.0000E+00
     1  3169     1     1        0  0.0000E+00  0.7899E+02  0.0000E+00  0.0000E+00
     1  3169     1     2        0  0.0000E+00  0.9066E-10  0.0000E+00  0.0000E+00
     1  3170     1     1        0  0.0000E+00  0.8895E+02  0.0000E+00  0.0000E+00
     1  3170     1     2        0  0.0000E+00  0.3045E-10  0.0000E+00  0.0000E+00
     1  3171     1     1        0  0.0000E+00  0.3081E+01  0.0000E+00  0.0000E+00
     1  3171     1     2        0  0.0000E+00  0.2461E-10  0.0000E+00  0.0000E+00
     1  3172     1     1        0  0.0000E+00  0.1610E+02  0.0000E+00  0.0000E+00
     1  3172     1     2        0  0.0000E+00  0.1524E-10  0.0000E+00  0.0000E+00
     1  3173     1     1        0  0.0000E+00  0.4272E+02  0.0000E+00  0.0000E+00
     1  3173     1     2        0  0.0000E+00  0.4149E-10  0.0000E+00  0.0000E+00
     1  3174     1     1        0  0.0000E+00  0.1526E+02  0.0000E+00  0.0000E+00
     1  3174     1     2        0  0.0000E+00  0.7964E-11  0.0000E+00  0.0000E+00
     1  3175     1     1        0  0.0000E+00  0.1454E+02  0.0000E+00  0.0000E+00
     1  3175     1     2        0  0.0000E+00  0.1264E-10  0.0000E+00  0.0000E+00
     1  3176     1     1        0  0.0000E+00  0.9470E+01  0.0000E+00  0.0000E+00
     1  3176     1     2        0  0.0000E+00  0.2346E-11  0.0000E+00  0.0000E+00
     1  3177     1     1        0  0.0000E+00  0.1392E+02  0.0000E+00  0.0000E+00
     1  3177     1     2        0  0.0000E+00  0.8098E-11  0.0000E+00  0.0000E+00
     1  3178     1     1        0  0.0000E+00  0.7976E+01  0.0000E+00  0.0000E+00
     1  3178     1     2        0  0.0000E+00  0.8521E-11  0.0000E+00  0.0000E+00
     1  3179     1     1        0  0.0000E+00  0.9494E+01  0.0000E+00  0.0000E+00
     1  3179     1     2        0  0.0000E+00  0.1007E-10  0.0000E+00  0.0000E+00
     1  3180     1     1        0  0.0000E+00  0.1552E+02  0.0000E+00  0.0000E+00
     1  3180     1     2        0  0.0000E+00  0.1096E-10  0.0000E+00  0.0000E+00
     1  3181     1     1        0  0.0000E+00  0.5762E+02  0.0000E+00  0.0000E+00
     1  3181     1     2        0  0.0000E+00  0.4181E-10  0.0000E+00  0.0000E+00
     1  3182     1     1        0  0.0000E+00  0.7682E+02  0.0000E+00  0.0000E+00
     1  3182     1     2        0  0.0000E+00  0.7463E-10  0.0000E+00  0.0000E+00
     1  3183     1     1        0  0.0000E+00  0.9073E+01  0.0000E+00  0.0000E+00
     1  3183     1     2        0  0.0000E+00  0.2303E-11  0.0000E+00  0.0000E+00
     1  3184     1     1        0  0.0000E+00  0.4544E+01  0.0000E+00  0.0000E+00
     1  3184     1     2        0  0.0000E+00  0.3448E-11  0.0000E+00  0.0000E+00
     1  3185     1     1        0  0.0000E+00  0.7499E+01  0.0000E+00  0.0000E+00
     1  3185     1     2        0  0.0000E+00  0.1119E-10  0.0000E+00  0.0000E+00
     1  3186     1     1        0  0.0000E+00  0.8872E+01  0.0000E+00  0.0000E+00
     1  3186     1     2        0  0.0000E+00  0.1982E-10  0.0000E+00  0.0000E+00
     1  3187     1     1        0  0.0000E+00  0.4761E+01  0.0000E+00  0.0000E+00
     1  3187     1     2        0  0.0000E+00  0.1100E-10  0.0000E+00  0.0000E+00
     1  3188     1     1        0  0.0000E+00  0.3444E+01  0.0000E+00  0.0000E+00
     1  3188     1     2        0  0.0000E+00  0.7531E-11  0.0000E+00  0.0000E+00
     1  3189     1     1        0  0.0000E+00  0.4410E+01  0.0000E+00  0.0000E+00
     1  3189     1     2        0  0.0000E+00  0.4078E-11  0.0000E+00  0.0000E+00
     1  3190     1     1        0  0.0000E+00  0.3144E+02  0.0000E+00  0.0000E+00
     1  3190     1     2        0  0.0000E+00  0.2641E-10  0.0000E+00  0.0000E+00
     1  3191     1     1        0  0.0000E+00  0.2819E+02  0.0000E+00  0.0000E+00
     1  3191     1     2        0  0.0000E+00  0.1294E-10  0.0000E+00  0.0000E+00
     1  3192     1     1        0  0.0000E+00  0.2081E+01  0.0000E+00  0.0000E+00
     1  3192     1     2        0  0.0000E+00  0.6239E-11  0.0000E+00  0.0000E+00
     1  3193     1     1        0  0.0000E+00  0.1120E+02  0.0000E+00  0.0000E+00
     1  3193     1     2        0  0.0000E+00  0.8223E-11  0.0000E+00  0.0000E+00
     1  3194     1     1        0  0.0000E+00  0.2295E+02  0.0000E+00  0.0000E+00
     1  3194     1     2        0  0.0000E+00  0.2509E-10  0.0000E+00  0.0000E+00
     1  3195     1     1        0  0.0000E+00  0.1000E+03  0.0000E+00  0.0000E+00
     1  3195     1     2        0  0.0000E+00  0.7706E-10  0.0000E+00  0.0000E+00
     1  3196     1     1        0  0.0000E+00  0.2594E+02  0.0000E+00  0.0000E+00
     1  3196     1     2        0  0.0000E+00  0.1612E-10  0.0000E+00  0.0000E+00
     1  3197     1     1        0  0.0000E+00  0.1113E+02  0.0000E+00  0.0000E+00
     1  3197     1     2        0  0.0000E+00  0.1342E-10  0.0000E+00  0.0000E+00
     1  3198     1     1        0  0.0000E+00  0.3267E+01  0.0000E+00  0.0000E+00
     1  3198     1     2        0  0.0000E+00  0.7453E-11  0.0000E+00  0.0000E+00
     1  3199     1     1        0  0.0000E+00  0.4955E+01  0.0000E+00  0.0000E+00
     1  3199     1     2        0  0.0000E+00  0.3636E-11  0.0000E+00  0.0000E+00
     1  3200     1     1        0  0.0000E+00  0.8365E+01  0.0000E+00  0.0000E+00
     1  3200     1     2        0  0.0000E+00  0.8008E-11  0.0000E+00  0.0000E+00
     1  3201     1     1        0  0.0000E+00  0.8256E+01  0.0000E+00  0.0000E+00
     1  3201     1     2        0  0.0000E+00  0.1722E-11  0.0000E+00  0.0000E+00
     1  3202     1     1        0  0.0000E+00  0.8550E+01  0.0000E+00  0.0000E+00
     1  3202     1     2        0  0.0000E+00  0.1476E-10  0.0000E+00  0.0000E+00
     1  3203     1     1        0  0.0000E+00  0.7054E+01  0.0000E+00  0.0000E+00
     1  3203     1     2        0  0.0000E+00  0.1413E-10  0.0000E+00  0.0000E+00
     1  3204     1     1        0  0.0000E+00  0.6959E+01  0.0000E+00  0.0000E+00
     1  3204     1     2        0  0.0000E+00  0.1135E-10  0.0000E+00  0.0000E+00
     1  3205     1     1        0  0.0000E+00  0.4366E+01  0.0000E+00  0.0000E+00
     1  3205     1     2        0  0.0000E+00  0.7649E-12  0.0000E+00  0.0000E+00
     1  3206     1     1        0  0.0000E+00  0.7534E+01  0.0000E+00  0.0000E+00
     1  3206     1     2        0  0.0000E+00  0.7960E-11  0.0000E+00  0.0000E+00
     1  3207     1     1        0  0.0000E+00  0.1619E+02  0.0000E+00  0.0000E+00
     1  3207     1     2        0  0.0000E+00  0.1790E-10  0.0000E+00  0.0000E+00
     1  3208     1     1        0  0.0000E+00  0.8531E+02  0.0000E+00  0.0000E+00
     1  3208     1     2        0  0.0000E+00  0.7395E-10  0.0000E+00  0.0000E+00
     1  3209     1     1        0  0.0000E+00  0.3618E+02  0.0000E+00  0.0000E+00
     1  3209     1     2        0  0.0000E+00  0.5034E-10  0.0000E+00  0.0000E+00
     1  3210     1     1        0  0.0000E+00  0.1390E+01  0.0000E+00  0.0000E+00
     1  3210     1     2        0  0.0000E+00  0.4179E-11  0.0000E+00  0.0000E+00
     1  3211     1     1        0  0.0000E+00  0.3761E+01  0.0000E+00  0.0000E+00
     1  3211     1     2        0  0.0000E+00  0.2759E-11  0.0000E+00  0.0000E+00
     1  3212     1     1        0  0.0000E+00  0.7862E+01  0.0000E+00  0.0000E+00
     1  3212     1     2        0  0.0000E+00  0.9759E-11  0.0000E+00  0.0000E+00
     1  3213     1     1        0  0.0000E+00  0.1857E+02  0.0000E+00  0.0000E+00
     1  3213     1     2        0  0.0000E+00  0.1924E-10  0.0000E+00  0.0000E+00
     1  3214     1     1        0  0.0000E+00  0.6631E+02  0.0000E+00  0.0000E+00
     1  3214     1     2        0  0.0000E+00  0.5243E-10  0.0000E+00  0.0000E+00
     1  3215     1     1        0  0.0000E+00  0.8102E+01  0.0000E+00  0.0000E+00
     1  3215     1     2        0  0.0000E+00  0.5596E-11  0.0000E+00  0.0000E+00
     1  3216     1     1        0  0.0000E+00  0.3855E+02  0.0000E+00  0.0000E+00
     1  3216     1     2        0  0.0000E+00  0.3845E-10  0.0000E+00  0.0000E+00
     1  3217     1     1        0  0.0000E+00  0.1000E+03  0.0000E+00  0.0000E+00
     1  3217     1     2        0  0.0000E+00  0.8257E-10  0.0000E+00  0.0000E+00
     1  3218     1     1        0  0.0000E+00  0.1729E+02  0.0000E+00  0.0000E+00
     1  3218     1     2        0  0.0000E+00  0.3421E-10  0.0000E+00  0.0000E+00
     1  3219     1     1        0  0.0000E+00  0.3199E+01  0.0000E+00  0.0000E+00
     1  3219     1     2        0  0.0000E+00  0.1018E-10  0.0000E+00  0.0000E+00
     1  3220     1     1        0  0.0000E+00  0.2243E+01  0.0000E+00  0.0000E+00
     1  3220     1     2        0  0.0000E+00  0.1969E-11  0.0000E+00  0.0000E+00
     1  3221     1     1        0  0.0000E+00  0.7143E+01  0.0000E+00  0.0000E+00
     1  3221     1     2        0  0.0000E+00  0.1322E-10  0.0000E+00  0.0000E+00
     1  3222     1     1        0  0.0000E+00  0.1188E+02  0.0000E+00  0.0000E+00
     1  3222     1     2        0  0.0000E+00  0.1216E-10  0.0000E+00  0.0000E+00
     1  3223     1     1        0  0.0000E+00  0.1279E+02  0.0000E+00  0.0000E+00
     1  3223     1     2        0  0.0000E+00  0.7689E-11  0.0000E+00  0.0000E+00
     1  3224     1     1        0  0.0000E+00  0.2374E+02  0.0000E+00  0.0000E+00
     1  3224     1     2        0  0.0000E+00  0.1940E-10  0.0000E+00  0.0000E+00
     1  3225     1     1        0  0.0000E+00  0.3894E+02  0.0000E+00  0.0000E+00
     1  3225     1     2        0  0.0000E+00  0.2620E-10  0.0000E+00  0.0000E+00
     1  3226     1     1        0  0.0000E+00  0.5319E+00  0.0000E+00  0.0000E+00
     1  3226     1     2        0  0.0000E+00  0.1102E-10  0.0000E+00  0.0000E+00
     1  3227     1     1        0  0.0000E+00  0.1088E+02  0.0000E+00  0.0000E+00
     1  3227     1     2        0  0.0000E+00  0.1301E-10  0.0000E+00  0.0000E+00
     1  3228     1     1        0  0.0000E+00  0.1382E+02  0.0000E+00  0.0000E+00
     1  3228     1     2        0  0.0000E+00  0.1267E-10  0.0000E+00  0.0000E+00
     1  3229     1     1        0  0.0000E+00  0.2875E+02  0.0000E+00  0.0000E+00
     1  3229     1     2        0  0.0000E+00  0.2135E-10  0.0000E+00  0.0000E+00
     1  3230     1     1        0  0.0000E+00  0.9400E+02  0.0000E+00  0.0000E+00
     1  3230     1     2        0  0.0000E+00  0.8057E-10  0.0000E+00  0.0000E+00
     1  3231     1     1        0  0.0000E+00  0.1889E+02  0.0000E+00  0.0000E+00
     1  3231     1     2        0  0.0000E+00  0.2349E-10  0.0000E+00  0.0000E+00
     1  3232     1     1        0  0.0000E+00  0.7258E+02  0.0000E+00  0.0000E+00
     1  3232     1     2        0  0.0000E+00  0.6409E-10  0.0000E+00  0.0000E+00
     1  3233     1     1        0  0.0000E+00  0.4095E+02  0.0000E+00  0.0000E+00
     1  3233     1     2        0  0.0000E+00  0.2934E-10  0.0000E+00  0.0000E+00
     1  3234     1     1        0  0.0000E+00  0.2069E+00  0.0000E+00  0.0000E+00
     1  3234     1     2        0  0.0000E+00  0.1414E-11  0.0000E+00  0.0000E+00
     1  3235     1     1        0  0.0000E+00  0.1352E+02  0.0000E+00  0.0000E+00
     1  3235     1     2        0  0.0000E+00  0.1740E-10  0.0000E+00  0.0000E+00
     1  3236     1     1        0  0.0000E+00  0.3578E+02  0.0000E+00  0.0000E+00
     1  3236     1     2        0  0.0000E+00  0.3757E-10  0.0000E+00  0.0000E+00
     1  3237     1     1        0  0.0000E+00  0.1000E+03  0.0000E+00  0.0000E+00
     1  3237     1     2        0  0.0000E+00  0.8070E-10  0.0000E+00  0.0000E+00
     1  3238     1     1        0  0.0000E+00  0.1018E+02  0.0000E+00  0.0000E+00
     1  3238     1     2        0  0.0000E+00  0.1186E-10  0.0000E+00  0.0000E+00
     1  3239     1     1        0  0.0000E+00  0.5109E+01  0.0000E+00  0.0000E+00
     1  3239     1     2        0  0.0000E+00  0.8258E-11  0.0000E+00  0.0000E+00
     1  3240     1     1        0  0.0000E+00  0.1511E+02  0.0000E+00  0.0000E+00
     1  3240     1     2        0  0.0000E+00  0.7817E-11  0.0000E+00  0.0000E+00
     1  3241     1     1        0  0.0000E+00  0.2312E+02  0.0000E+00  0.0000E+00
     1  3241     1     2        0  0.0000E+00  0.1989E-10  0.0000E+00  0.0000E+00
     1  3242     1     1        0  0.0000E+00  0.3242E+02  0.0000E+00  0.0000E+00
     1  3242     1     2        0  0.0000E+00  0.6666E-10  0.0000E+00  0.0000E+00
     1  3243     1     1        0  0.0000E+00  0.9139E+02  0.0000E+00  0.0000E+00
     1  3243     1     2        0  0.0000E+00  0.8494E-10  0.0000E+00  0.0000E+00
     1  3244     1     1        0  0.0000E+00  0.5711E+02  0.0000E+00  0.0000E+00
     1  3244     1     2        0  0.0000E+00  0.6064E-10  0.0000E+00  0.0000E+00
     1  3245     1     1        0  0.0000E+00  0.6294E+01  0.0000E+00  0.0000E+00
     1  3245     1     2        0  0.0000E+00  0.8567E-11  0.0000E+00  0.0000E+00
     1  3246     1     1        0  0.0000E+00  0.7156E+01  0.0000E+00  0.0000E+00
     1  3246     1     2        0  0.0000E+00  0.4462E-11  0.0000E+00  0.0000E+00
     1  3247     1     1        0  0.0000E+00  0.1605E+02  0.0000E+00  0.0000E+00
     1  3247     1     2        0  0.0000E+00  0.1480E-10  0.0000E+00  0.0000E+00
     1  3248     1     1        0  0.0000E+00  0.4279E+02  0.0000E+00  0.0000E+00
     1  3248     1     2        0  0.0000E+00  0.3548E-10  0.0000E+00  0.0000E+00
     1  3249     1     1        0  0.0000E+00  0.4593E+02  0.0000E+00  0.0000E+00
     1  3249     1     2        0  0.0000E+00  0.3495E-10  0.0000E+00  0.0000E+00
     1  3250     1     1        0  0.0000E+00  0.3085E+01  0.0000E+00  0.0000E+00
     1  3250     1     2        0  0.0000E+00  0.1055E-10  0.0000E+00  0.0000E+00
     1  3251     1     1        0  0.0000E+00  0.1535E+02  0.0000E+00  0.0000E+00
     1  3251     1     2        0  0.0000E+00  0.8060E-11  0.0000E+00  0.0000E+00
     1  3252     1     1        0  0.0000E+00  0.2914E+02  0.0000E+00  0.0000E+00
     1  3252     1     2        0  0.0000E+00  0.2645E-10  0.0000E+00  0.0000E+00
     1  3253     1     1        0  0.0000E+00  0.9386E+02  0.0000E+00  0.0000E+00
     1  3253     1     2        0  0.0000E+00  0.7840E-10  0.0000E+00  0.0000E+00
     1  3254     1     1        0  0.0000E+00  0.2144E+01  0.0000E+00  0.0000E+00
     1  3254     1     2        0  0.0000E+00  0.8091E-11  0.0000E+00  0.0000E+00
     1  3255     1     1        0  0.0000E+00  0.9292E+01  0.0000E+00  0.0000E+00
     1  3255     1     2        0  0.0000E+00  0.2226E-11  0.0000E+00  0.0000E+00
     1  3256     1     1        0  0.0000E+00  0.1345E+02  0.0000E+00  0.0000E+00
     1  3256     1     2        0  0.0000E+00  0.1357E-10  0.0000E+00  0.0000E+00
     1  3257     1     1        0  0.0000E+00  0.3144E+02  0.0000E+00  0.0000E+00
     1  3257     1     2        0  0.0000E+00  0.3253E-10  0.0000E+00  0.0000E+00
     1  3258     1     1        0  0.0000E+00  0.8026E+02  0.0000E+00  0.0000E+00
     1  3258     1     2        0  0.0000E+00  0.4381E-10  0.0000E+00  0.0000E+00
     1  3259     1     1        0  0.0000E+00  0.3070E+02  0.0000E+00  0.0000E+00
     1  3259     1     2        0  0.0000E+00  0.2257E-10  0.0000E+00  0.0000E+00
     1  3260     1     1        0  0.0000E+00  0.1000E+03  0.0000E+00  0.0000E+00
     1  3260     1     2        0  0.0000E+00  0.9898E-10  0.0000E+00  0.0000E+00
     1  3261     1     1        0  0.0000E+00  0.3598E+02  0.0000E+00  0.0000E+00
     1  3261     1     2        0  0.0000E+00  0.3683E-10  0.0000E+00  0.0000E+00
     1  3262     1     1        0  0.0000E+00  0.9668E+01  0.0000E+00  0.0000E+00
     1  3262     1     2        0  0.0000E+00  0.7599E-11  0.0000E+00  0.0000E+00
     1  3263     1     1        0  0.0000E+00  0.7989E+00  0.0000E+00  0.0000E+00
     1  3263     1     2        0  0.0000E+00  0.1619E-11  0.0000E+00  0.0000E+00
     1  3264     1     1        0  0.0000E+00  0.5492E+01  0.0000E+00  0.0000E+00
     1  3264     1     2        0  0.0000E+00  0.1238E-10  0.0000E+00  0.0000E+00
     1  3265     1     1        0  0.0000E+00  0.8104E+01  0.0000E+00  0.0000E+00
     1  3265     1     2        0  0.0000E+00  0.1592E-10  0.0000E+00  0.0000E+00
     1  3266     1     1        0  0.0000E+00  0.3644E+01  0.0000E+00  0.0000E+00
     1  3266     1     2        0  0.0000E+00  0.2557E-11  0.0000E+00  0.0000E+00
     1  3267     1     1        0  0.0000E+00  0.1029E+01  0.0000E+00  0.0000E+00
     1  3267     1     2        0  0.0000E+00  0.9784E-11  0.0000E+00  0.0000E+00
     1  3268     1     1        0  0.0000E+00  0.2998E+01  0.0000E+00  0.0000E+00
     1  3268     1     2        0  0.0000E+00  0.3860E-11  0.0000E+00  0.0000E+00
     1  3269     1     1        0  0.0000E+00  0.4842E+01  0.0000E+00  0.0000E+00
     1  3269     1     2        0  0.0000E+00  0.1553E-10  0.0000E+00  0.0000E+00
     1  3270     1     1        0  0.0000E+00  0.5154E+00  0.0000E+00  0.0000E+00
     1  3270     1     2        0  0.0000E+00  0.1152E-10  0.0000E+00  0.0000E+00
     1  3271     1     1        0  0.0000E+00  0.3466E+01  0.0000E+00  0.0000E+00
     1  3271     1     2        0  0.0000E+00  0.8616E-12  0.0000E+00  0.0000E+00
     1  3272     1     1        0  0.0000E+00  0.2879E+01  0.0000E+00  0.0000E+00
     1  3272     1     2        0  0.0000E+00  0.4993E-11  0.0000E+00  0.0000E+00
     1  3273     1     1        0  0.0000E+00  0.3164E+01  0.0000E+00  0.0000E+00
     1  3273     1     2        0  0.0000E+00  0.7227E-11  0.0000E+00  0.0000E+00
     1  3274     1     1        0  0.0000E+00  0.1376E+01  0.0000E+00  0.0000E+00
     1  3274     1     2        0  0.0000E+00  0.8029E-11  0.0000E+00  0.0000E+00
     1  3275     1     1        0  0.0000E+00  0.8291E+01  0.0000E+00  0.0000E+00
     1  3275     1     2        0  0.0000E+00  0.4625E-11  0.0000E+00  0.0000E+00
     1  3276     1     1        0  0.0000E+00  0.8156E+01  0.0000E+00  0.0000E+00
     1  3276     1     2        0  0.0000E+00  0.1646E-10  0.0000E+00  0.0000E+00
     1  3277     1     1        0  0.0000E+00  0.5647E+00  0.0000E+00  0.0000E+00
     1  3277     1     2        0  0.0000E+00  0.1264E-11  0.0000E+00  0.0000E+00
     1  3278     1     1        0  0.0000E+00  0.7102E+01  0.0000E+00  0.0000E+00
     1  3278     1     2        0  0.0000E+00  0.1237E-10  0.0000E+00  0.0000E+00
     1  3279     1     1        0  0.0000E+00  0.1215E+02  0.0000E+00  0.0000E+00
     1  3279     1     2        0  0.0000E+00  0.1322E-10  0.0000E+00  0.0000E+00
     1  3280     1     1        0  0.0000E+00  0.2188E+02  0.0000E+00  0.0000E+00
     1  3280     1     2        0  0.0000E+00  0.1442E-10  0.0000E+00  0.0000E+00
     1  3281     1     1        0  0.0000E+00  0.1000E+03  0.0000E+00  0.0000E+00
     1  3281     1     2        0  0.0000E+00  0.1077E-09  0.0000E+00  0.0000E+00
     1  3282     1     1        0  0.0000E+00  0.1990E+02  0.0000E+00  0.0000E+00
     1  3282     1     2        0  0.0000E+00  0.3174E-10  0.0000E+00  0.0000E+00
     1  3283     1     1        0  0.0000E+00  0.3242E+01  0.0000E+00  0.0000E+00
     1  3283     1     2        0  0.0000E+00  0.1632E-11  0.0000E+00  0.0000E+00
     1  3284     1     1        0  0.0000E+00  0.3175E+01  0.0000E+00  0.0000E+00
     1  3284     1     2        0  0.0000E+00  0.3630E-11  0.0000E+00  0.0000E+00
     1  3285     1     1        0  0.0000E+00  0.5866E+01  0.0000E+00  0.0000E+00
     1  3285     1     2        0  0.0000E+00  0.4549E-11  0.0000E+00  0.0000E+00
     1  3286     1     1        0  0.0000E+00  0.1444E+02  0.0000E+00  0.0000E+00
     1  3286     1     2        0  0.0000E+00  0.2152E-10  0.0000E+00  0.0000E+00
     1  3287     1     1        0  0.0000E+00  0.9558E+01  0.0000E+00  0.0000E+00
     1  3287     1     2        0  0.0000E+00  0.1952E-11  0.0000E+00  0.0000E+00
     1  3288     1     1        0  0.0000E+00  0.2971E+01  0.0000E+00  0.0000E+00
     1  3288     1     2        0  0.0000E+00  0.1030E-10  0.0000E+00  0.0000E+00
     1  3289     1     1        0  0.0000E+00  0.3621E+01  0.0000E+00  0.0000E+00
     1  3289     1     2        0  0.0000E+00  0.6219E-12  0.0000E+00  0.0000E+00
     1  3290     1     1        0  0.0000E+00  0.9653E+01  0.0000E+00  0.0000E+00
     1  3290     1     2        0  0.0000E+00  0.6231E-11  0.0000E+00  0.0000E+00
     1  3291     1     1        0  0.0000E+00  0.1709E+02  0.0000E+00  0.0000E+00
     1  3291     1     2        0  0.0000E+00  0.1285E-10  0.0000E+00  0.0000E+00
     1  3292     1     1        0  0.0000E+00  0.3609E+02  0.0000E+00  0.0000E+00
     1  3292     1     2        0  0.0000E+00  0.3296E-10  0.0000E+00  0.0000E+00
     1  3293     1     1        0  0.0000E+00  0.2457E+02  0.0000E+00  0.0000E+00
     1  3293     1     2        0  0.0000E+00  0.1511E-10  0.0000E+00  0.0000E+00
     1  3294     1     1        0  0.0000E+00  0.4190E+01  0.0000E+00  0.0000E+00
     1  3294     1     2        0  0.0000E+00  0.3330E-11  0.0000E+00  0.0000E+00
     1  3295     1     1        0  0.0000E+00  0.1039E+02  0.0000E+00  0.0000E+00
     1  3295     1     2        0  0.0000E+00  0.9163E-11  0.0000E+00  0.0000E+00
     1  3296     1     1        0  0.0000E+00  0.1025E+02  0.0000E+00  0.0000E+00
     1  3296     1     2        0  0.0000E+00  0.1453E-10  0.0000E+00  0.0000E+00
     1  3297     1     1        0  0.0000E+00  0.4696E+01  0.0000E+00  0.0000E+00
     1  3297     1     2        0  0.0000E+00  0.8350E-11  0.0000E+00  0.0000E+00
     1  3298     1     1        0  0.0000E+00  0.9466E+01  0.0000E+00  0.0000E+00
     1  3298     1     2        0  0.0000E+00  0.1322E-10  0.0000E+00  0.0000E+00
     1  3299     1     1        0  0.0000E+00  0.2106E+01  0.0000E+00  0.0000E+00
     1  3299     1     2        0  0.0000E+00  0.4215E-11  0.0000E+00  0.0000E+00
     1  3300     1     1        0  0.0000E+00  0.4634E+01  0.0000E+00  0.0000E+00
     1  3300     1     2        0  0.0000E+00  0.5657E-11  0.0000E+00  0.0000E+00
     1  3301     1     1        0  0.0000E+00  0.2135E+01  0.0000E+00  0.0000E+00
     1  3301     1     2        0  0.0000E+00  0.2148E-11  0.0000E+00  0.0000E+00
     1  3302     1     1        0  0.0000E+00  0.1251E+02  0.0000E+00  0.0000E+00
     1  3302     1     2        0  0.0000E+00  0.7773E-11  0.0000E+00  0.0000E+00
     1  3303     1     1        0  0.0000E+00  0.8189E+02  0.0000E+00  0.0000E+00
     1  3303     1     2        0  0.0000E+00  0.7094E-10  0.0000E+00  0.0000E+00
     1  3304     1     1        0  0.0000E+00  0.7663E+02  0.0000E+00  0.0000E+00
     1  3304     1     2        0  0.0000E+00  0.6914E-10  0.0000E+00  0.0000E+00
     1  3305     1     1        0  0.0000E+00  0.1438E+02  0.0000E+00  0.0000E+00
     1  3305     1     2        0  0.0000E+00  0.1868E-10  0.0000E+00  0.0000E+00
     1  3306     1     1        0  0.0000E+00  0.6145E+01  0.0000E+00  0.0000E+00
     1  3306     1     2        0  0.0000E+00  0.3722E-11  0.0000E+00  0.0000E+00
     1  3307     1     1        0  0.0000E+00  0.3923E+01  0.0000E+00  0.0000E+00
     1  3307     1     2        0  0.0000E+00  0.2117E-11  0.0000E+00  0.0000E+00
     1  3308     1     1        0  0.0000E+00  0.1579E+01  0.0000E+00  0.0000E+00
     1  3308     1     2        0  0.0000E+00  0.7497E-11  0.0000E+00  0.0000E+00
     1  3309     1     1        0  0.0000E+00  0.6394E+01  0.0000E+00  0.0000E+00
     1  3309     1     2        0  0.0000E+00  0.8652E-11  0.0000E+00  0.0000E+00
     1  3310     1     1        0  0.0000E+00  0.8932E+01  0.0000E+00  0.0000E+00
     1  3310     1     2        0  0.0000E+00  0.1374E-10  0.0000E+00  0.0000E+00
     1  3311     1     1        0  0.0000E+00  0.1006E+02  0.0000E+00  0.0000E+00
     1  3311     1     2        0  0.0000E+00  0.8008E-11  0.0000E+00  0.0000E+00
     1  3312     1     1        0  0.0000E+00  0.3900E+01  0.0000E+00  0.0000E+00
     1  3312     1     2        0  0.0000E+00  0.4420E-11  0.0000E+00  0.0000E+00
     1  3313     1     1        0  0.0000E+00  0.9314E+01  0.0000E+00  0.0000E+00
     1  3313     1     2        0  0.0000E+00  0.4905E-11  0.0000E+00  0.0000E+00
     1  3314     1     1        0  0.0000E+00  0.2111E+02  0.0000E+00  0.0000E+00
     1  3314     1     2        0  0.0000E+00  0.2231E-10  0.0000E+00  0.0000E+00
     1  3315     1     1        0  0.0000E+00  0.1210E+02  0.0000E+00  0.0000E+00
     1  3315     1     2        0  0.0000E+00  0.1928E-11  0.0000E+00  0.0000E+00
     1  3316     1     1        0  0.0000E+00  0.1442E+01  0.0000E+00  0.0000E+00
     1  3316     1     2        0  0.0000E+00  0.8076E-12  0.0000E+00  0.0000E+00
     1  3317     1     1        0  0.0000E+00  0.3434E+01  0.0000E+00  0.0000E+00
     1  3317     1     2        0  0.0000E+00  0.2702E-12  0.0000E+00  0.0000E+00
     1  3318     1     1        0  0.0000E+00  0.4933E+01  0.0000E+00  0.0000E+00
     1  3318     1     2        0  0.0000E+00  0.1000E-10  0.0000E+00  0.0000E+00
     1  3319     1     1        0  0.0000E+00  0.5552E+01  0.0000E+00  0.0000E+00
     1  3319     1     2        0  0.0000E+00  0.5002E-11  0.0000E+00  0.0000E+00
     1  3320     1     1        0  0.0000E+00  0.3803E+01  0.0000E+00  0.0000E+00
     1  3320     1     2        0  0.0000E+00  0.5139E-11  0.0000E+00  0.0000E+00
     1  3321     1     1        0  0.0000E+00  0.1904E+00  0.0000E+00  0.0000E+00
     1  3321     1     2        0  0.0000E+00  0.1315E-10  0.0000E+00  0.0000E+00
     1  3322     1     1        0  0.0000E+00  0.4175E+01  0.0000E+00  0.0000E+00
     1  3322     1     2        0  0.0000E+00  0.8066E-11  0.0000E+00  0.0000E+00
     1  3323     1     1        0  0.0000E+00  0.4185E+01  0.0000E+00  0.0000E+00
     1  3323     1     2        0  0.0000E+00  0.8298E-11  0.0000E+00  0.0000E+00
     1  3324     1     1        0  0.0000E+00  0.1175E+02  0.0000E+00  0.0000E+00
     1  3324     1     2        0  0.0000E+00  0.5989E-11  0.0000E+00  0.0000E+00
     1  3325     1     1        0  0.0000E+00  0.2325E+02  0.0000E+00  0.0000E+00
     1  3325     1     2        0  0.0000E+00  0.2516E-10  0.0000E+00  0.0000E+00
     1  3326     1     1        0  0.0000E+00  0.1000E+03  0.0000E+00  0.0000E+00
     1  3326     1     2        0  0.0000E+00  0.7939E-10  0.0000E+00  0.0000E+00
     1  3327     1     1        0  0.0000E+00  0.1909E+02  0.0000E+00  0.0000E+00
     1  3327     1     2        0  0.0000E+00  0.1030E-10  0.0000E+00  0.0000E+00
     1  3328     1     1        0  0.0000E+00  0.7044E+01  0.0000E+00  0.0000E+00
     1  3328     1     2        0  0.0000E+00  0.1605E-10  0.0000E+00  0.0000E+00
     1  3329     1     1        0  0.0000E+00  0.7263E+01  0.0000E+00  0.0000E+00
     1  3329     1     2        0  0.0000E+00  0.2952E-11  0.0000E+00  0.0000E+00
     1  3330     1     1        0  0.0000E+00  0.7368E+01  0.0000E+00  0.0000E+00
     1  3330     1     2        0  0.0000E+00  0.5069E-11  0.0000E+00  0.0000E+00
     1  3331     1     1        0  0.0000E+00  0.6083E+01  0.0000E+00  0.0000E+00
     1  3331     1     2        0  0.0000E+00  0.2148E-10  0.0000E+00  0.0000E+00
     1  3332     1     1        0  0.0000E+00  0.4958E+01  0.0000E+00  0.0000E+00
     1  3332     1     2        0  0.0000E+00  0.5212E-11  0.0000E+00  0.0000E+00
     1  3333     1     1        0  0.0000E+00  0.2895E+01  0.0000E+00  0.0000E+00
     1  3333     1     2        0  0.0000E+00  0.8642E-11  0.0000E+00  0.0000E+00
     1  3334     1     1        0  0.0000E+00  0.4928E+01  0.0000E+00  0.0000E+00
     1  3334     1     2        0  0.0000E+00  0.1429E-10  0.0000E+00  0.0000E+00
     1  3335     1     1        0  0.0000E+00  0.4457E+01  0.0000E+00  0.0000E+00
     1  3335     1     2        0  0.0000E+00  0.1772E-10  0.0000E+00  0.0000E+00
     1  3336     1     1        0  0.0000E+00  0.7601E+01  0.0000E+00  0.0000E+00
     1  3336     1     2        0  0.0000E+00  0.8490E-11  0.0000E+00  0.0000E+00
     1  3337     1     1        0  0.0000E+00  0.9117E+01  0.0000E+00  0.0000E+00
     1  3337     1     2        0  0.0000E+00  0.8333E-11  0.0000E+00  0.0000E+00
     1  3338     1     1        0  0.0000E+00  0.9388E+01  0.0000E+00  0.0000E+00
     1  3338     1     2        0  0.0000E+00  0.3413E-11  0.0000E+00  0.0000E+00
     1  3339     1     1        0  0.0000E+00  0.2194E+02  0.0000E+00  0.0000E+00
     1  3339     1     2        0  0.0000E+00  0.2133E-10  0.0000E+00  0.0000E+00
     1  3340     1     1        0  0.0000E+00  0.1000E+03  0.0000E+00  0.0000E+00
     1  3340     1     2        0  0.0000E+00  0.9970E-10  0.0000E+00  0.0000E+00
     1  3341     1     1        0  0.0000E+00  0.4519E+02  0.0000E+00  0.0000E+00
     1  3341     1     2        0  0.0000E+00  0.5393E-10  0.0000E+00  0.0000E+00
     1  3342     1     1        0  0.0000E+00  0.1957E+02  0.0000E+00  0.0000E+00
     1  3342     1     2        0  0.0000E+00  0.2521E-10  0.0000E+00  0.0000E+00
     1  3343     1     1        0  0.0000E+00  0.7239E+01  0.0000E+00  0.0000E+00
     1  3343     1     2        0  0.0000E+00  0.5424E-11  0.0000E+00  0.0000E+00
     1  3344     1     1        0  0.0000E+00  0.9419E+00  0.0000E+00  0.0000E+00
     1  3344     1     2        0  0.0000E+00  0.6575E-11  0.0000E+00  0.0000E+00
     1  3345     1     1        0  0.0000E+00  0.3152E+01  0.0000E+00  0.0000E+00
     1  3345     1     2        0  0.0000E+00  0.8025E-11  0.0000E+00  0.0000E+00
     1  3346     1     1        0  0.0000E+00  0.1088E+02  0.0000E+00  0.0000E+00
     1  3346     1     2        0  0.0000E+00  0.1193E-10  0.0000E+00  0.0000E+00
     1  3347     1     1        0  0.0000E+00  0.2834E+02  0.0000E+00  0.0000E+00
     1  3347     1     2        0  0.0000E+00  0.2015E-10  0.0000E+00  0.0000E+00
     1  3348     1     1        0  0.0000E+00  0.1000E+03  0.0000E+00  0.0000E+00
     1  3348     1     2        0  0.0000E+00  0.6608E-10  0.0000E+00  0.0000E+00
     1  3349     1     1        0  0.0000E+00  0.9310E+01  0.0000E+00  0.0000E+00
     1  3349     1     2        0  0.0000E+00  0.1685E-10  0.0000E+00  0.0000E+00
     1  3350     1     1        0  0.0000E+00  0.3179E+01  0.0000E+00  0.0000E+00
     1  3350     1     2        0  0.0000E+00  0.4051E-11  0.0000E+00  0.0000E+00
     1  3351     1     1        0  0.0000E+00  0.9245E+01  0.0000E+00  0.0000E+00
     1  3351     1     2        0  0.0000E+00  0.5081E-11  0.0000E+00  0.0000E+00
     1  3352     1     1        0  0.0000E+00  0.9927E+01  0.0000E+00  0.0000E+00
     1  3352     1     2        0  0.0000E+00  0.4381E-11  0.0000E+00  0.0000E+00
     1  3353     1     1        0  0.0000E+00  0.4209E+01  0.0000E+00  0.0000E+00
     1  3353     1     2        0  0.0000E+00  0.7792E-11  0.0000E+00  0.0000E+00
     1  3354     1     1        0  0.0000E+00  0.8833E+01  0.0000E+00  0.0000E+00
     1  3354     1     2        0  0.0000E+00  0.9340E-11  0.0000E+00  0.0000E+00
     1  3355     1     1        0  0.0000E+00  0.2106E+02  0.0000E+00  0.0000E+00
     1  3355     1     2        0  0.0000E+00  0.1847E-10  0.0000E+00  0.0000E+00
     1  3356     1     1        0  0.0000E+00  0.1055E+02  0.0000E+00  0.0000E+00
     1  3356     1     2        0  0.0000E+00  0.1025E-10  0.0000E+00  0.0000E+00
     1  3357     1     1        0  0.0000E+00  0.4613E+01  0.0000E+00  0.0000E+00
     1  3357     1     2        0  0.0000E+00  0.6969E-11  0.0000E+00  0.0000E+00
     1  3358     1     1        0  0.0000E+00  0.1431E+02  0.0000E+00  0.0000E+00
     1  3358     1     2        0  0.0000E+00  0.8961E-11  0.0000E+00  0.0000E+00
     1  3359     1     1        0  0.0000E+00  0.2981E+02  0.0000E+00  0.0000E+00
     1  3359     1     2        0  0.0000E+00  0.2741E-10  0.0000E+00  0.0000E+00
     1  3360     1     1        0  0.0000E+00  0.1000E+03  0.0000E+00  0.0000E+00
     1  3360     1     2        0  0.0000E+00  0.1256E-09  0.0000E+00  0.0000E+00
     1  3361     1     1        0  0.0000E+00  0.9878E+00  0.0000E+00  0.0000E+00
     1  3361     1     2        0  0.0000E+00  0.1152E-10  0.0000E+00  0.0000E+00
     1  3362     1     1        0  0.0000E+00  0.1519E+02  0.0000E+00  0.0000E+00
     1  3362     1     2        0  0.0000E+00  0.1452E-10  0.0000E+00  0.0000E+00
     1  3363     1     1        0  0.0000E+00  0.3136E+02  0.0000E+00  0.0000E+00
     1  3363     1     2        0  0.0000E+00  0.2906E-10  0.0000E+00  0.0000E+00
     1  3364     1     1        0  0.0000E+00  0.1000E+03  0.0000E+00  0.0000E+00
     1  3364     1     2        0  0.0000E+00  0.8393E-10  0.0000E+00  0.0000E+00
     1  3365     1     1        0  0.0000E+00  0.9610E+01  0.0000E+00  0.0000E+00
     1  3365     1     2        0  0.0000E+00  0.1247E-11  0.0000E+00  0.0000E+00
     1  3366     1     1        0  0.0000E+00  0.2403E+01  0.0000E+00  0.0000E+00
     1  3366     1     2        0  0.0000E+00  0.2525E-11  0.0000E+00  0.0000E+00
     1  3367     1     1        0  0.0000E+00  0.1317E+02  0.0000E+00  0.0000E+00
     1  3367     1     2        0  0.0000E+00  0.1289E-10  0.0000E+00  0.0000E+00
     1  3368     1     1        0  0.0000E+00  0.2823E+02  0.0000E+00  0.0000E+00
     1  3368     1     2        0  0.0000E+00  0.2789E-10  0.0000E+00  0.0000E+00
     1  3369     1     1        0  0.0000E+00  0.1000E+03  0.0000E+00  0.0000E+00
     1  3369     1     2        0  0.0000E+00  0.6325E-10  0.0000E+00  0.0000E+00
     1  3370     1     1        0  0.0000E+00  0.3129E+01  0.0000E+00  0.0000E+00
     1  3370     1     2        0  0.0000E+00  0.6202E-11  0.0000E+00  0.0000E+00
     1  3371     1     1        0  0.0000E+00  0.3472E+02  0.0000E+00  0.0000E+00
     1  3371     1     2        0  0.0000E+00  0.3897E-10  0.0000E+00  0.0000E+00
     1  3372     1     1        0  0.0000E+00  0.1000E+03  0.0000E+00  0.0000E+00
     1  3372     1     2        0  0.0000E+00  0.8301E-10  0.0000E+00  0.0000E+00
     1  3373     1     1        0  0.0000E+00  0.1553E+01  0.0000E+00  0.0000E+00
     1  3373     1     2        0  0.0000E+00  0.6258E-11  0.0000E+00  0.0000E+00
     1  3374     1     1        0  0.0000E+00  0.8490E+01  0.0000E+00  0.0000E+00
     1  3374     1     2        0  0.0000E+00  0.4002E-11  0.0000E+00  0.0000E+00
     1  3375     1     1        0  0.0000E+00  0.1878E+02  0.0000E+00  0.0000E+00
     1  3375     1     2        0  0.0000E+00  0.2027E-10  0.0000E+00  0.0000E+00
     1  3376     1     1        0  0.0000E+00  0.6906E+02  0.0000E+00  0.0000E+00
     1  3376     1     2        0  0.0000E+00  0.6065E-10  0.0000E+00  0.0000E+00
     1  3377     1     1        0  0.0000E+00  0.2126E+02  0.0000E+00  0.0000E+00
     1  3377     1     2        0  0.0000E+00  0.1070E-10  0.0000E+00  0.0000E+00
     1  3378     1     1        0  0.0000E+00  0.1268E+01  0.0000E+00  0.0000E+00
     1  3378     1     2        0  0.0000E+00  0.2193E-11  0.0000E+00  0.0000E+00
     1  3379     1     1        0  0.0000E+00  0.5738E+01  0.0000E+00  0.0000E+00
     1  3379     1     2        0  0.0000E+00  0.5907E-11  0.0000E+00  0.0000E+00
     1  3380     1     1        0  0.0000E+00  0.9126E+01  0.0000E+00  0.0000E+00
     1  3380     1     2        0  0.0000E+00  0.1271E-11  0.0000E+00  0.0000E+00
     1  3381     1     1        0  0.0000E+00  0.7629E+01  0.0000E+00  0.0000E+00
     1  3381     1     2        0  0.0000E+00  0.8783E-11  0.0000E+00  0.0000E+00
     1  3382     1     1        0  0.0000E+00  0.1993E+02  0.0000E+00  0.0000E+00
     1  3382     1     2        0  0.0000E+00  0.1135E-10  0.0000E+00  0.0000E+00
     1  3383     1     1        0  0.0000E+00  0.1481E+02  0.0000E+00  0.0000E+00
     1  3383     1     2        0  0.0000E+00  0.1607E-10  0.0000E+00  0.0000E+00
     1  3384     1     1        0  0.0000E+00  0.8314E+01  0.0000E+00  0.0000E+00
     1  3384     1     2        0  0.0000E+00  0.1370E-10  0.0000E+00  0.0000E+00
     1  3385     1     1        0  0.0000E+00  0.1830E+00  0.0000E+00  0.0000E+00
     1  3385     1     2        0  0.0000E+00  0.3367E-11  0.0000E+00  0.0000E+00
     1  3386     1     1        0  0.0000E+00  0.8206E+01  0.0000E+00  0.0000E+00
     1  3386     1     2        0  0.0000E+00  0.8553E-11  0.0000E+00  0.0000E+00
     1  3387     1     1        0  0.0000E+00  0.1638E+02  0.0000E+00  0.0000E+00
     1  3387     1     2        0  0.0000E+00  0.1477E-10  0.0000E+00  0.0000E+00
     1  3388     1     1        0  0.0000E+00  0.3283E+02  0.0000E+00  0.0000E+00
     1  3388     1     2        0  0.0000E+00  0.3015E-10  0.0000E+00  0.0000E+00
     1  3389     1     1        0  0.0000E+00  0.2712E+02  0.0000E+00  0.0000E+00
     1  3389     1     2        0  0.0000E+00  0.1374E-10  0.0000E+00  0.0000E+00
     1  3390     1     1        0  0.0000E+00  0.1277E+02  0.0000E+00  0.0000E+00
     1  3390     1     2        0  0.0000E+00  0.7078E-11  0.0000E+00  0.0000E+00
     1  3391     1     1        0  0.0000E+00  0.3276E+02  0.0000E+00  0.0000E+00
     1  3391     1     2        0  0.0000E+00  0.3239E-10  0.0000E+00  0.0000E+00
     1  3392     1     1        0  0.0000E+00  0.1000E+03  0.0000E+00  0.0000E+00
     1  3392     1     2        0  0.0000E+00  0.9953E-10  0.0000E+00  0.0000E+00
     1  3393     1     1        0  0.0000E+00  0.5985E+01  0.0000E+00  0.0000E+00
     1  3393     1     2        0  0.0000E+00  0.1207E-11  0.0000E+00  0.0000E+00
     1  3394     1     1        0  0.0000E+00  0.1503E+02  0.0000E+00  0.0000E+00
     1  3394     1     2        0  0.0000E+00  0.8805E-11  0.0000E+00  0.0000E+00
     1  3395     1     1        0  0.0000E+00  0.3577E+02  0.0000E+00  0.0000E+00
     1  3395     1     2        0  0.0000E+00  0.3044E-10  0.0000E+00  0.0000E+00
     1  3396     1     1        0  0.0000E+00  0.6289E+02  0.0000E+00  0.0000E+00
     1  3396     1     2        0  0.0000E+00  0.5165E-10  0.0000E+00  0.0000E+00
     1  3397     1     1        0  0.0000E+00  0.2498E+01  0.0000E+00  0.0000E+00
     1  3397     1     2        0  0.0000E+00  0.2704E-11  0.0000E+00  0.0000E+00
     1  3398     1     1        0  0.0000E+00  0.2203E+02  0.0000E+00  0.0000E+00
     1  3398     1     2        0  0.0000E+00  0.1847E-10  0.0000E+00  0.0000E+00
     1  3399     1     1        0  0.0000E+00  0.8617E+02  0.0000E+00  0.0000E+00
     1  3399     1     2        0  0.0000E+00  0.6778E-10  0.0000E+00  0.0000E+00
     1  3400     1     1        0  0.0000E+00  0.2934E+02  0.0000E+00  0.0000E+00
     1  3400     1     2        0  0.0000E+00  0.3235E-10  0.0000E+00  0.0000E+00
     1  3401     1     1        0  0.0000E+00  0.1143E+02  0.0000E+00  0.0000E+00
     1  3401     1     2        0  0.0000E+00  0.7843E-11  0.0000E+00  0.0000E+00
     1  3402     1     1        0  0.0000E+00  0.6498E+00  0.0000E+00  0.0000E+00
     1  3402     1     2        0  0.0000E+00  0.3559E-11  0.0000E+00  0.0000E+00
     1  3403     1     1        0  0.0000E+00  0.6964E+01  0.0000E+00  0.0000E+00
     1  3403     1     2        0  0.0000E+00  0.5928E-12  0.0000E+00  0.0000E+00
     1  3404     1     1        0  0.0000E+00  0.8958E+01  0.0000E+00  0.0000E+00
     1  3404     1     2        0  0.0000E+00  0.1401E-10  0.0000E+00  0.0000E+00
     1  3405     1     1        0  0.0000E+00  0.7336E+01  0.0000E+00  0.0000E+00
     1  3405     1     2        0  0.0000E+00  0.1985E-10  0.0000E+00  0.0000E+00
     1  3406     1     1        0  0.0000E+00  0.8804E+00  0.0000E+00  0.0000E+00
     1  3406     1     2        0  0.0000E+00  0.3365E-11  0.0000E+00  0.0000E+00
     1  3407     1     1        0  0.0000E+00  0.1196E+02  0.0000E+00  0.0000E+00
     1  3407     1     2        0  0.0000E+00  0.1731E-10  0.0000E+00  0.0000E+00
     1  3408     1     1        0  0.0000E+00  0.4190E+01  0.0000E+00  0.0000E+00
     1  3408     1     2        0  0.0000E+00  0.2393E-12  0.0000E+00  0.0000E+00
     1  3409     1     1        0  0.0000E+00  0.4391E+01  0.0000E+00  0.0000E+00
     1  3409     1     2        0  0.0000E+00  0.9690E-12  0.0000E+00  0.0000E+00
     1  3410     1     1        0  0.0000E+00  0.8455E+01  0.0000E+00  0.0000E+00
     1  3410     1     2        0  0.0000E+00  0.4446E-11  0.0000E+00  0.0000E+00
     1  3411     1     1        0  0.0000E+00  0.1481E+02  0.0000E+00  0.0000E+00
     1  3411     1     2        0  0.0000E+00  0.3825E-11  0.0000E+00  0.0000E+00
     1  3412     1     1        0  0.0000E+00  0.5395E+02  0.0000E+00  0.0000E+00
     1  3412     1     2        0  0.0000E+00  0.5363E-10  0.0000E+00  0.0000E+00
     1  3413     1     1        0  0.0000E+00  0.6358E+02  0.0000E+00  0.0000E+00
     1  3413     1     2        0  0.0000E+00  0.8012E-10  0.0000E+00  0.0000E+00
     1  3414     1     1        0  0.0000E+00  0.2691E+01  0.0000E+00  0.0000E+00
     1  3414     1     2        0  0.0000E+00  0.5483E-11  0.0000E+00  0.0000E+00
     1  3415     1     1        0  0.0000E+00  0.1545E+02  0.0000E+00  0.0000E+00
     1  3415     1     2        0  0.0000E+00  0.1944E-10  0.0000E+00  0.0000E+00
     1  3416     1     1        0  0.0000E+00  0.2313E+02  0.0000E+00  0.0000E+00
     1  3416     1     2        0  0.0000E+00  0.1703E-10  0.0000E+00  0.0000E+00
     1  3417     1     1        0  0.0000E+00  0.1000E+03  0.0000E+00  0.0000E+00
     1  3417     1     2        0  0.0000E+00  0.9747E-10  0.0000E+00  0.0000E+00
     1  3418     1     1        0  0.0000E+00  0.1000E+03  0.0000E+00  0.0000E+00
     1  3418     1     2        0  0.0000E+00  0.8663E-10  0.0000E+00  0.0000E+00
     1  3419     1     1        0  0.0000E+00  0.2457E+02  0.0000E+00  0.0000E+00
     1  3419     1     2        0  0.0000E+00  0.3386E-10  0.0000E+00  0.0000E+00
     1  3420     1     1        0  0.0000E+00  0.2040E+01  0.0000E+00  0.0000E+00
     1  3420     1     2        0  0.0000E+00  0.4097E-12  0.0000E+00  0.0000E+00
     1  3421     1     1        0  0.0000E+00  0.6609E+01  0.0000E+00  0.0000E+00
     1  3421     1     2        0  0.0000E+00  0.7843E-11  0.0000E+00  0.0000E+00
     1  3422     1     1        0  0.0000E+00  0.1025E+02  0.0000E+00  0.0000E+00
     1  3422     1     2        0  0.0000E+00  0.3095E-11  0.0000E+00  0.0000E+00
     1  3423     1     1        0  0.0000E+00  0.2209E+02  0.0000E+00  0.0000E+00
     1  3423     1     2        0  0.0000E+00  0.3003E-10  0.0000E+00  0.0000E+00
     1  3424     1     1        0  0.0000E+00  0.1000E+03  0.0000E+00  0.0000E+00
     1  3424     1     2        0  0.0000E+00  0.6813E-10  0.0000E+00  0.0000E+00
     1  3425     1     1        0  0.0000E+00  0.1840E+02  0.0000E+00  0.0000E+00
     1  3425     1     2        0  0.0000E+00  0.2094E-10  0.0000E+00  0.0000E+00
     1  3426     1     1        0  0.0000E+00  0.9215E+02  0.0000E+00  0.0000E+00
     1  3426     1     2        0  0.0000E+00  0.8564E-10  0.0000E+00  0.0000E+00
     1  3427     1     1        0  0.0000E+00  0.6130E+02  0.0000E+00  0.0000E+00
     1  3427     1     2        0  0.0000E+00  0.4932E-10  0.0000E+00  0.0000E+00
     1  3428     1     1        0  0.0000E+00  0.1536E+02  0.0000E+00  0.0000E+00
     1  3428     1     2        0  0.0000E+00  0.6058E-11  0.0000E+00  0.0000E+00
     1  3429     1     1        0  0.0000E+00  0.4524E+01  0.0000E+00  0.0000E+00
     1  3429     1     2        0  0.0000E+00  0.9150E-12  0.0000E+00  0.0000E+00
     1  3430     1     1        0  0.0000E+00  0.2165E+01  0.0000E+00  0.0000E+00
     1  3430     1     2        0  0.0000E+00  0.9147E-12  0.0000E+00  0.0000E+00
     1  3431     1     1        0  0.0000E+00  0.8147E+01  0.0000E+00  0.0000E+00
     1  3431     1     2        0  0.0000E+00  0.1237E-10  0.0000E+00  0.0000E+00
     1  3432     1     1        0  0.0000E+00  0.1275E+02  0.0000E+00  0.0000E+00
     1  3432     1     2        0  0.0000E+00  0.1065E-10  0.0000E+00  0.0000E+00
     1  3433     1     1        0  0.0000E+00  0.1400E+02  0.0000E+00  0.0000E+00
     1  3433     1     2        0  0.0000E+00  0.1231E-10  0.0000E+00  0.0000E+00
     1  3434     1     1        0  0.0000E+00  0.8562E+00  0.0000E+00  0.0000E+00
     1  3434     1     2        0  0.0000E+00  0.1290E-11  0.0000E+00  0.0000E+00
     1  3435     1     1        0  0.0000E+00  0.6002E+02  0.0000E+00  0.0000E+00
     1  3435     1     2        0  0.0000E+00  0.3717E-10  0.0000E+00  0.0000E+00
     1  3436     1     1        0  0.0000E+00  0.2513E+02  0.0000E+00  0.0000E+00
     1  3436     1     2        0  0.0000E+00  0.3564E-10  0.0000E+00  0.0000E+00
     1  3437     1     1        0  0.0000E+00  0.1931E+01  0.0000E+00  0.0000E+00
     1  3437     1     2        0  0.0000E+00  0.2249E-10  0.0000E+00  0.0000E+00
     1  3438     1     1        0  0.0000E+00  0.7948E+01  0.0000E+00  0.0000E+00
     1  3438     1     2        0  0.0000E+00  0.1865E-10  0.0000E+00  0.0000E+00
     1  3439     1     1        0  0.0000E+00  0.1685E+02  0.0000E+00  0.0000E+00
     1  3439     1     2        0  0.0000E+00  0.1653E-10  0.0000E+00  0.0000E+00
     1  3440     1     1        0  0.0000E+00  0.4329E+02  0.0000E+00  0.0000E+00
     1  3440     1     2        0  0.0000E+00  0.4114E-10  0.0000E+00  0.0000E+00
     1  3441     1     1        0  0.0000E+00  0.3900E+02  0.0000E+00  0.0000E+00
     1  3441     1     2        0  0.0000E+00  0.2086E-10  0.0000E+00  0.0000E+00
     1  3442     1     1        0  0.0000E+00  0.2530E+01  0.0000E+00  0.0000E+00
     1  3442     1     2        0  0.0000E+00  0.4142E-11  0.0000E+00  0.0000E+00
     1  3443     1     1        0  0.0000E+00  0.8116E+01  0.0000E+00  0.0000E+00
     1  3443     1     2        0  0.0000E+00  0.6723E-11  0.0000E+00  0.0000E+00
     1  3444     1     1        0  0.0000E+00  0.1755E+02  0.0000E+00  0.0000E+00
     1  3444     1     2        0  0.0000E+00  0.1086E-10  0.0000E+00  0.0000E+00
     1  3445     1     1        0  0.0000E+00  0.3224E+02  0.0000E+00  0.0000E+00
     1  3445     1     2        0  0.0000E+00  0.2982E-10  0.0000E+00  0.0000E+00
     1  3446     1     1        0  0.0000E+00  0.1389E+02  0.0000E+00  0.0000E+00
     1  3446     1     2        0  0.0000E+00  0.1956E-10  0.0000E+00  0.0000E+00
     1  3447     1     1        0  0.0000E+00  0.8343E+01  0.0000E+00  0.0000E+00
     1  3447     1     2        0  0.0000E+00  0.1172E-10  0.0000E+00  0.0000E+00
     1  3448     1     1        0  0.0000E+00  0.2268E+02  0.0000E+00  0.0000E+00
     1  3448     1     2        0  0.0000E+00  0.1573E-10  0.0000E+00  0.0000E+00
     1  3449     1     1        0  0.0000E+00  0.1000E+03  0.0000E+00  0.0000E+00
     1  3449     1     2        0  0.0000E+00  0.9312E-10  0.0000E+00  0.0000E+00
     1  3450     1     1        0  0.0000E+00  0.1901E+02  0.0000E+00  0.0000E+00
     1  3450     1     2        0  0.0000E+00  0.2320E-10  0.0000E+00  0.0000E+00
     1  3451     1     1        0  0.0000E+00  0.1406E+01  0.0000E+00  0.0000E+00
     1  3451     1     2        0  0.0000E+00  0.2779E-11  0.0000E+00  0.0000E+00
     1  3452     1     1        0  0.0000E+00  0.4594E+01  0.0000E+00  0.0000E+00
     1  3452     1     2        0  0.0000E+00  0.7573E-11  0.0000E+00  0.0000E+00
     1  3453     1     1        0  0.0000E+00  0.1132E+02  0.0000E+00  0.0000E+00
     1  3453     1     2        0  0.0000E+00  0.1191E-10  0.0000E+00  0.0000E+00
     1  3454     1     1        0  0.0000E+00  0.2855E+02  0.0000E+00  0.0000E+00
     1  3454     1     2        0  0.0000E+00  0.2714E-10  0.0000E+00  0.0000E+00
     1  3455     1     1        0  0.0000E+00  0.1000E+03  0.0000E+00  0.0000E+00
     1  3455     1     2        0  0.0000E+00  0.1216E-09  0.0000E+00  0.0000E+00
     1  3456     1     1        0  0.0000E+00  0.1182E+01  0.0000E+00  0.0000E+00
     1  3456     1     2        0  0.0000E+00  0.7638E-12  0.0000E+00  0.0000E+00
     1  3457     1     1        0  0.0000E+00  0.9026E+01  0.0000E+00  0.0000E+00
     1  3457     1     2        0  0.0000E+00  0.1176E-10  0.0000E+00  0.0000E+00
     1  3458     1     1        0  0.0000E+00  0.1181E+02  0.0000E+00  0.0000E+00
     1  3458     1     2        0  0.0000E+00  0.1810E-10  0.0000E+00  0.0000E+00
     1  3459     1     1        0  0.0000E+00  0.7396E+02  0.0000E+00  0.0000E+00
     1  3459     1     2        0  0.0000E+00  0.6612E-10  0.0000E+00  0.0000E+00
     1  3460     1     1        0  0.0000E+00  0.5497E+02  0.0000E+00  0.0000E+00
     1  3460     1     2        0  0.0000E+00  0.5325E-10  0.0000E+00  0.0000E+00
     1  3461     1     1        0  0.0000E+00  0.1929E+02  0.0000E+00  0.0000E+00
     1  3461     1     2        0  0.0000E+00  0.2551E-10  0.0000E+00  0.0000E+00
     1  3462     1     1        0  0.0000E+00  0.9779E+01  0.0000E+00  0.0000E+00
     1  3462     1     2        0  0.0000E+00  0.1286E-10  0.0000E+00  0.0000E+00
     1  3463     1     1        0  0.0000E+00  0.1993E+01  0.0000E+00  0.0000E+00
     1  3463     1     2        0  0.0000E+00  0.1011E-10  0.0000E+00  0.0000E+00
     1  3464     1     1        0  0.0000E+00  0.1070E+01  0.0000E+00  0.0000E+00
     1  3464     1     2        0  0.0000E+00  0.4632E-11  0.0000E+00  0.0000E+00
     1  3465     1     1        0  0.0000E+00  0.3704E+01  0.0000E+00  0.0000E+00
     1  3465     1     2        0  0.0000E+00  0.5115E-11  0.0000E+00  0.0000E+00
     1  3466     1     1        0  0.0000E+00  0.1054E+02  0.0000E+00  0.0000E+00
     1  3466     1     2        0  0.0000E+00  0.9088E-12  0.0000E+00  0.0000E+00
     1  3467     1     1        0  0.0000E+00  0.1424E+02  0.0000E+00  0.0000E+00
     1  3467     1     2        0  0.0000E+00  0.1950E-10  0.0000E+00  0.0000E+00
     1  3468     1     1        0  0.0000E+00  0.3364E+02  0.0000E+00  0.0000E+00
     1  3468     1     2        0  0.0000E+00  0.3619E-10  0.0000E+00  0.0000E+00
     1  3469     1     1        0  0.0000E+00  0.6952E+02  0.0000E+00  0.0000E+00
     1  3469     1     2        0  0.0000E+00  0.6494E-10  0.0000E+00  0.0000E+00
     1  3470     1     1        0  0.0000E+00  0.1721E+01  0.0000E+00  0.0000E+00
     1  3470     1     2        0  0.0000E+00  0.5487E-11  0.0000E+00  0.0000E+00
     1  3471     1     1        0  0.0000E+00  0.5206E+01  0.0000E+00  0.0000E+00
     1  3471     1     2        0  0.0000E+00  0.2057E-10  0.0000E+00  0.0000E+00
     1  3472     1     1        0  0.0000E+00  0.7871E+01  0.0000E+00  0.0000E+00
     1  3472     1     2        0  0.0000E+00  0.1007E-10  0.0000E+00  0.0000E+00
     1  3473     1     1        0  0.0000E+00  0.2346E+02  0.0000E+00  0.0000E+00
     1  3473     1     2        0  0.0000E+00  0.2335E-10  0.0000E+00  0.0000E+00
     1  3474     1     1        0  0.0000E+00  0.1000E+03  0.0000E+00  0.0000E+00
     1  3474     1     2        0  0.0000E+00  0.8857E-10  0.0000E+00  0.0000E+00
     1  3475     1     1        0  0.0000E+00  0.1656E+02  0.0000E+00  0.0000E+00
     1  3475     1     2        0  0.0000E+00  0.9433E-11  0.0000E+00  0.0000E+00
     1  3476     1     1        0  0.0000E+00  0.7834E+01  0.0000E+00  0.0000E+00
     1  3476     1     2        0  0.0000E+00  0.1281E-10  0.0000E+00  0.0000E+00
     1  3477     1     1        0  0.0000E+00  0.1156E+02  0.0000E+00  0.0000E+00
     1  3477     1     2        0  0.0000E+00  0.8808E-11  0.0000E+00  0.0000E+00
     1  3478     1     1        0  0.0000E+00  0.7978E+01  0.0000E+00  0.0000E+00
     1  3478     1     2        0  0.0000E+00  0.1182E-10  0.0000E+00  0.0000E+00
     1  3479     1     1        0  0.0000E+00  0.2219E+02  0.0000E+00  0.0000E+00
     1  3479     1     2        0  0.0000E+00  0.2281E-10  0.0000E+00  0.0000E+00
     1  3480     1     1        0  0.0000E+00  0.4111E+02  0.0000E+00  0.0000E+00
     1  3480     1     2        0  0.0000E+00  0.6522E-10  0.0000E+00  0.0000E+00
     1  3481     1     1        0  0.0000E+00  0.1525E+02  0.0000E+00  0.0000E+00
     1  3481     1     2        0  0.0000E+00  0.3007E-11  0.0000E+00  0.0000E+00
     1  3482     1     1        0  0.0000E+00  0.4751E+01  0.0000E+00  0.0000E+00
     1  3482     1     2        0  0.0000E+00  0.8176E-11  0.0000E+00  0.0000E+00
     1  3483     1     1        0  0.0000E+00  0.2098E+01  0.0000E+00  0.0000E+00
     1  3483     1     2        0  0.0000E+00  0.1242E-10  0.0000E+00  0.0000E+00
     1  3484     1     1        0  0.0000E+00  0.1052E+02  0.0000E+00  0.0000E+00
     1  3484     1     2        0  0.0000E+00  0.1425E-10  0.0000E+00  0.0000E+00
     1  3485     1     1        0  0.0000E+00  0.2330E+02  0.0000E+00  0.0000E+00
     1  3485     1     2        0  0.0000E+00  0.1882E-10  0.0000E+00  0.0000E+00
     1  3486     1     1        0  0.0000E+00  0.1000E+03  0.0000E+00  0.0000E+00
     1  3486     1     2        0  0.0000E+00  0.8012E-10  0.0000E+00  0.0000E+00
     1  3487     1     1        0  0.0000E+00  0.1176E+02  0.0000E+00  0.0000E+00
     1  3487     1     2        0  0.0000E+00  0.2090E-11  0.0000E+00  0.0000E+00
     1  3488     1     1        0  0.0000E+00  0.3573E+01  0.0000E+00  0.0000E+00
     1  3488     1     2        0  0.0000E+00  0.1014E-11  0.0000E+00  0.0000E+00
     1  3489     1     1        0  0.0000E+00  0.1149E+02  0.0000E+00  0.0000E+00
     1  3489     1     2        0  0.0000E+00  0.1997E-10  0.0000E+00  0.0000E+00
     1  3490     1     1        0  0.0000E+00  0.1814E+02  0.0000E+00  0.0000E+00
     1  3490     1     2        0  0.0000E+00  0.1936E-10  0.0000E+00  0.0000E+00
     1  3491     1     1        0  0.0000E+00  0.1978E+02  0.0000E+00  0.0000E+00
     1  3491     1     2        0  0.0000E+00  0.1982E-10  0.0000E+00  0.0000E+00
     1  3492     1     1        0  0.0000E+00  0.1000E+03  0.0000E+00  0.0000E+00
     1  3492     1     2        0  0.0000E+00  0.8834E-10  0.0000E+00  0.0000E+00
     1  3493     1     1        0  0.0000E+00  0.1000E+03  0.0000E+00  0.0000E+00
     1  3493     1     2        0  0.0000E+00  0.8956E-10  0.0000E+00  0.0000E+00
     1  3494     1     1        0  0.0000E+00  0.1842E+02  0.0000E+00  0.0000E+00
     1  3494     1     2        0  0.0000E+00  0.1576E-10  0.0000E+00  0.0000E+00
     1  3495     1     1        0  0.0000E+00  0.5914E+01  0.0000E+00  0.0000E+00
     1  3495     1     2        0  0.0000E+00  0.3282E-11  0.0000E+00  0.0000E+00
     1  3496     1     1        0  0.0000E+00  0.1414E+01  0.0000E+00  0.0000E+00
     1  3496     1     2        0  0.0000E+00  0.4446E-11  0.0000E+00  0.0000E+00
     1  3497     1     1        0  0.0000E+00  0.7540E+01  0.0000E+00  0.0000E+00
     1  3497     1     2        0  0.0000E+00  0.6983E-11  0.0000E+00  0.0000E+00
     1  3498     1     1        0  0.0000E+00  0.9938E+01  0.0000E+00  0.0000E+00
     1  3498     1     2        0  0.0000E+00  0.1115E-10  0.0000E+00  0.0000E+00
     1  3499     1     1        0  0.0000E+00  0.1108E+02  0.0000E+00  0.0000E+00
     1  3499     1     2        0  0.0000E+00  0.8573E-11  0.0000E+00  0.0000E+00
     1  3500     1     1        0  0.0000E+00  0.1939E+02  0.0000E+00  0.0000E+00
     1  3500     1     2        0  0.0000E+00  0.1957E-10  0.0000E+00  0.0000E+00
     1  3501     1     1        0  0.0000E+00  0.1000E+03  0.0000E+00  0.0000E+00
     1  3501     1     2        0  0.0000E+00  0.1023E-09  0.0000E+00  0.0000E+00
     1  3502     1     1        0  0.0000E+00  0.4371E+02  0.0000E+00  0.0000E+00
     1  3502     1     2        0  0.0000E+00  0.4550E-10  0.0000E+00  0.0000E+00
     1  3503     1     1        0  0.0000E+00  0.1265E+02  0.0000E+00  0.0000E+00
     1  3503     1     2        0  0.0000E+00  0.1122E-10  0.0000E+00  0.0000E+00
     1  3504     1     1        0  0.0000E+00  0.8435E+00  0.0000E+00  0.0000E+00
     1  3504     1     2        0  0.0000E+00  0.8971E-11  0.0000E+00  0.0000E+00
     1  3505     1     1        0  0.0000E+00  0.8466E+01  0.0000E+00  0.0000E+00
     1  3505     1     2        0  0.0000E+00  0.1159E-10  0.0000E+00  0.0000E+00
     1  3506     1     1        0  0.0000E+00  0.1124E+02  0.0000E+00  0.0000E+00
     1  3506     1     2        0  0.0000E+00  0.4074E-11  0.0000E+00  0.0000E+00
     1  3507     1     1        0  0.0000E+00  0.2374E+02  0.0000E+00  0.0000E+00
     1  3507     1     2        0  0.0000E+00  0.2698E-10  0.0000E+00  0.0000E+00
     1  3508     1     1        0  0.0000E+00  0.1000E+03  0.0000E+00  0.0000E+00
     1  3508     1     2        0  0.0000E+00  0.9925E-10  0.0000E+00  0.0000E+00
     1  3509     1     1        0  0.0000E+00  0.6543E+01  0.0000E+00  0.0000E+00
     1  3509     1     2        0  0.0000E+00  0.8954E-11  0.0000E+00  0.0000E+00
     1  3510     1     1        0  0.0000E+00  0.2155E+02  0.0000E+00  0.0000E+00
     1  3510     1     2        0  0.0000E+00  0.1480E-10  0.0000E+00  0.0000E+00
     1  3511     1     1        0  0.0000E+00  0.8370E+02  0.0000E+00  0.0000E+00
     1  3511     1     2        0  0.0000E+00  0.7697E-10  0.0000E+00  0.0000E+00
     1  3512     1     1        0  0.0000E+00  0.1058E+02  0.0000E+00  0.0000E+00
     1  3512     1     2        0  0.0000E+00  0.1183E-10  0.0000E+00  0.0000E+00
     1  3513     1     1        0  0.0000E+00  0.1835E+02  0.0000E+00  0.0000E+00
     1  3513     1     2        0  0.0000E+00  0.1372E-10  0.0000E+00  0.0000E+00
     1  3514     1     1        0  0.0000E+00  0.3921E+02  0.0000E+00  0.0000E+00
     1  3514     1     2        0  0.0000E+00  0.3249E-10  0.0000E+00  0.0000E+00
     1  3515     1     1        0  0.0000E+00  0.3700E+02  0.0000E+00  0.0000E+00
     1  3515     1     2        0  0.0000E+00  0.3032E-10  0.0000E+00  0.0000E+00
     1  3516     1     1        0  0.0000E+00  0.6578E+01  0.0000E+00  0.0000E+00
     1  3516     1     2        0  0.0000E+00  0.2565E-11  0.0000E+00  0.0000E+00
     1  3517     1     1        0  0.0000E+00  0.7376E+01  0.0000E+00  0.0000E+00
     1  3517     1     2        0  0.0000E+00  0.1441E-11  0.0000E+00  0.0000E+00
     1  3518     1     1        0  0.0000E+00  0.5020E+01  0.0000E+00  0.0000E+00
     1  3518     1     2        0  0.0000E+00  0.7159E-11  0.0000E+00  0.0000E+00
     1  3519     1     1        0  0.0000E+00  0.9452E+00  0.0000E+00  0.0000E+00
     1  3519     1     2        0  0.0000E+00  0.3860E-11  0.0000E+00  0.0000E+00
     1  3520     1     1        0  0.0000E+00  0.1645E+01  0.0000E+00  0.0000E+00
     1  3520     1     2        0  0.0000E+00  0.5506E-11  0.0000E+00  0.0000E+00
     1  3521     1     1        0  0.0000E+00  0.6581E+01  0.0000E+00  0.0000E+00
     1  3521     1     2        0  0.0000E+00  0.1344E-10  0.0000E+00  0.0000E+00
     1  3522     1     1        0  0.0000E+00  0.1290E+02  0.0000E+00  0.0000E+00
     1  3522     1     2        0  0.0000E+00  0.1995E-10  0.0000E+00  0.0000E+00
     1  3523     1     1        0  0.0000E+00  0.3325E+02  0.0000E+00  0.0000E+00
     1  3523     1     2        0  0.0000E+00  0.2997E-10  0.0000E+00  0.0000E+00
     1  3524     1     1        0  0.0000E+00  0.1000E+03  0.0000E+00  0.0000E+00
     1  3524     1     2        0  0.0000E+00  0.1019E-09  0.0000E+00  0.0000E+00
     1  3525     1     1        0  0.0000E+00  0.8761E+01  0.0000E+00  0.0000E+00
     1  3525     1     2        0  0.0000E+00  0.6202E-11  0.0000E+00  0.0000E+00
     1  3526     1     1        0  0.0000E+00  0.4608E+01  0.0000E+00  0.0000E+00
     1  3526     1     2        0  0.0000E+00  0.7707E-11  0.0000E+00  0.0000E+00
     1  3527     1     1        0  0.0000E+00  0.1303E+02  0.0000E+00  0.0000E+00
     1  3527     1     2        0  0.0000E+00  0.1600E-10  0.0000E+00  0.0000E+00
     1  3528     1     1        0  0.0000E+00  0.2611E+02  0.0000E+00  0.0000E+00
     1  3528     1     2        0  0.0000E+00  0.2784E-10  0.0000E+00  0.0000E+00
     1  3529     1     1        0  0.0000E+00  0.1000E+03  0.0000E+00  0.0000E+00
     1  3529     1     2        0  0.0000E+00  0.1233E-09  0.0000E+00  0.0000E+00
     1  3530     1     1        0  0.0000E+00  0.2803E+02  0.0000E+00  0.0000E+00
     1  3530     1     2        0  0.0000E+00  0.2381E-10  0.0000E+00  0.0000E+00
     1  3531     1     1        0  0.0000E+00  0.1000E+03  0.0000E+00  0.0000E+00
     1  3531     1     2        0  0.0000E+00  0.9448E-10  0.0000E+00  0.0000E+00
     1  3532     1     1        0  0.0000E+00  0.3047E+02  0.0000E+00  0.0000E+00
     1  3532     1     2        0  0.0000E+00  0.1515E-10  0.0000E+00  0.0000E+00
     1  3533     1     1        0  0.0000E+00  0.7258E+00  0.0000E+00  0.0000E+00
     1  3533     1     2        0  0.0000E+00  0.3780E-11  0.0000E+00  0.0000E+00
     1  3534     1     1        0  0.0000E+00  0.8077E+01  0.0000E+00  0.0000E+00
     1  3534     1     2        0  0.0000E+00  0.1270E-11  0.0000E+00  0.0000E+00
     1  3535     1     1        0  0.0000E+00  0.1794E+02  0.0000E+00  0.0000E+00
     1  3535     1     2        0  0.0000E+00  0.1154E-10  0.0000E+00  0.0000E+00
     1  3536     1     1        0  0.0000E+00  0.5016E+02  0.0000E+00  0.0000E+00
     1  3536     1     2        0  0.0000E+00  0.4368E-10  0.0000E+00  0.0000E+00
     1  3537     1     1        0  0.0000E+00  0.3148E+02  0.0000E+00  0.0000E+00
     1  3537     1     2        0  0.0000E+00  0.3670E-10  0.0000E+00  0.0000E+00
     1  3538     1     1        0  0.0000E+00  0.1090E+02  0.0000E+00  0.0000E+00
     1  3538     1     2        0  0.0000E+00  0.3802E-11  0.0000E+00  0.0000E+00
     1  3539     1     1        0  0.0000E+00  0.1477E+01  0.0000E+00  0.0000E+00
     1  3539     1     2        0  0.0000E+00  0.7253E-11  0.0000E+00  0.0000E+00
     1  3540     1     1        0  0.0000E+00  0.3831E+01  0.0000E+00  0.0000E+00
     1  3540     1     2        0  0.0000E+00  0.3900E-11  0.0000E+00  0.0000E+00
     1  3541     1     1        0  0.0000E+00  0.1031E+02  0.0000E+00  0.0000E+00
     1  3541     1     2        0  0.0000E+00  0.1080E-11  0.0000E+00  0.0000E+00
     1  3542     1     1        0  0.0000E+00  0.9683E+01  0.0000E+00  0.0000E+00
     1  3542     1     2        0  0.0000E+00  0.1148E-10  0.0000E+00  0.0000E+00
     1  3543     1     1        0  0.0000E+00  0.3563E+01  0.0000E+00  0.0000E+00
     1  3543     1     2        0  0.0000E+00  0.3682E-11  0.0000E+00  0.0000E+00
     1  3544     1     1        0  0.0000E+00  0.2631E+01  0.0000E+00  0.0000E+00
     1  3544     1     2        0  0.0000E+00  0.7172E-12  0.0000E+00  0.0000E+00
     1  3545     1     1        0  0.0000E+00  0.7967E+00  0.0000E+00  0.0000E+00
     1  3545     1     2        0  0.0000E+00  0.2146E-11  0.0000E+00  0.0000E+00
     1  3546     1     1        0  0.0000E+00  0.9411E+01  0.0000E+00  0.0000E+00
     1  3546     1     2        0  0.0000E+00  0.1389E-10  0.0000E+00  0.0000E+00
     1  3547     1     1        0  0.0000E+00  0.1011E+02  0.0000E+00  0.0000E+00
     1  3547     1     2        0  0.0000E+00  0.7851E-11  0.0000E+00  0.0000E+00
     1  3548     1     1        0  0.0000E+00  0.3538E+01  0.0000E+00  0.0000E+00
     1  3548     1     2        0  0.0000E+00  0.5584E-11  0.0000E+00  0.0000E+00
     1  3549     1     1        0  0.0000E+00  0.6119E+01  0.0000E+00  0.0000E+00
     1  3549     1     2        0  0.0000E+00  0.7578E-11  0.0000E+00  0.0000E+00
     1  3550     1     1        0  0.0000E+00  0.6033E+01  0.0000E+00  0.0000E+00
     1  3550     1     2        0  0.0000E+00  0.7999E-11  0.0000E+00  0.0000E+00
     1  3551     1     1        0  0.0000E+00  0.1393E+02  0.0000E+00  0.0000E+00
     1  3551     1     2        0  0.0000E+00  0.1041E-10  0.0000E+00  0.0000E+00
     1  3552     1     1        0  0.0000E+00  0.7518E+01  0.0000E+00  0.0000E+00
     1  3552     1     2        0  0.0000E+00  0.1238E-10  0.0000E+00  0.0000E+00
     1  3553     1     1        0  0.0000E+00  0.8850E+01  0.0000E+00  0.0000E+00
     1  3553     1     2        0  0.0000E+00  0.1717E-10  0.0000E+00  0.0000E+00
     1  3554     1     1        0  0.0000E+00  0.9335E+00  0.0000E+00  0.0000E+00
     1  3554     1     2        0  0.0000E+00  0.7848E-11  0.0000E+00  0.0000E+00
     1  3555     1     1        0  0.0000E+00  0.7267E+01  0.0000E+00  0.0000E+00
     1  3555     1     2        0  0.0000E+00  0.5458E-11  0.0000E+00  0.0000E+00
     1  3556     1     1        0  0.0000E+00  0.1031E+02  0.0000E+00  0.0000E+00
     1  3556     1     2        0  0.0000E+00  0.1292E-10  0.0000E+00  0.0000E+00
     1  3557     1     1        0  0.0000E+00  0.2140E+02  0.0000E+00  0.0000E+00
     1  3557     1     2        0  0.0000E+00  0.2782E-10  0.0000E+00  0.0000E+00
     1  3558     1     1        0  0.0000E+00  0.9050E+02  0.0000E+00  0.0000E+00
     1  3558     1     2        0  0.0000E+00  0.7061E-10  0.0000E+00  0.0000E+00
     1  3559     1     1        0  0.0000E+00  0.8405E+01  0.0000E+00  0.0000E+00
     1  3559     1     2        0  0.0000E+00  0.5933E-12  0.0000E+00  0.0000E+00
     1  3560     1     1        0  0.0000E+00  0.2985E+02  0.0000E+00  0.0000E+00
     1  3560     1     2        0  0.0000E+00  0.2292E-10  0.0000E+00  0.0000E+00
     1  3561     1     1        0  0.0000E+00  0.1000E+03  0.0000E+00  0.0000E+00
     1  3561     1     2        0  0.0000E+00  0.1166E-09  0.0000E+00  0.0000E+00
     1  3562     1     1        0  0.0000E+00  0.1146E+02  0.0000E+00  0.0000E+00
     1  3562     1     2        0  0.0000E+00  0.8734E-11  0.0000E+00  0.0000E+00
     1  3563     1     1        0  0.0000E+00  0.7279E+02  0.0000E+00  0.0000E+00
     1  3563     1     2        0  0.0000E+00  0.7190E-10  0.0000E+00  0.0000E+00
     1  3564     1     1        0  0.0000E+00  0.9230E+02  0.0000E+00  0.0000E+00
     1  3564     1     2        0  0.0000E+00  0.1042E-09  0.0000E+00  0.0000E+00
     1  3565     1     1        0  0.0000E+00  0.2337E+02  0.0000E+00  0.0000E+00
     1  3565     1     2        0  0.0000E+00  0.1542E-10  0.0000E+00  0.0000E+00
     1  3566     1     1        0  0.0000E+00  0.8317E+01  0.0000E+00  0.0000E+00
     1  3566     1     2        0  0.0000E+00  0.2343E-10  0.0000E+00  0.0000E+00
     1  3567     1     1        0  0.0000E+00  0.2825E+00  0.0000E+00  0.0000E+00
     1  3567     1     2        0  0.0000E+00  0.4257E-11  0.0000E+00  0.0000E+00
     1  3568     1     1        0  0.0000E+00  0.5528E+01  0.0000E+00  0.0000E+00
     1  3568     1     2        0  0.0000E+00  0.2520E-11  0.0000E+00  0.0000E+00
     1  3569     1     1        0  0.0000E+00  0.9893E+01  0.0000E+00  0.0000E+00
     1  3569     1     2        0  0.0000E+00  0.3519E-11  0.0000E+00  0.0000E+00
     1  3570     1     1        0  0.0000E+00  0.1352E+02  0.0000E+00  0.0000E+00
     1  3570     1     2        0  0.0000E+00  0.1615E-10  0.0000E+00  0.0000E+00
     1  3571     1     1        0  0.0000E+00  0.1144E+02  0.0000E+00  0.0000E+00
     1  3571     1     2        0  0.0000E+00  0.1203E-10  0.0000E+00  0.0000E+00
     1  3572     1     1        0  0.0000E+00  0.1109E+02  0.0000E+00  0.0000E+00
     1  3572     1     2        0  0.0000E+00  0.5192E-11  0.0000E+00  0.0000E+00
     1  3573     1     1        0  0.0000E+00  0.8415E+01  0.0000E+00  0.0000E+00
     1  3573     1     2        0  0.0000E+00  0.3729E-11  0.0000E+00  0.0000E+00
     1  3574     1     1        0  0.0000E+00  0.6828E+01  0.0000E+00  0.0000E+00
     1  3574     1     2        0  0.0000E+00  0.1342E-10  0.0000E+00  0.0000E+00
     1  3575     1     1        0  0.0000E+00  0.2660E+02  0.0000E+00  0.0000E+00
     1  3575     1     2        0  0.0000E+00  0.3332E-10  0.0000E+00  0.0000E+00
     1  3576     1     1        0  0.0000E+00  0.1000E+03  0.0000E+00  0.0000E+00
     1  3576     1     2        0  0.0000E+00  0.9873E-10  0.0000E+00  0.0000E+00
     1  3577     1     1        0  0.0000E+00  0.2322E+02  0.0000E+00  0.0000E+00
     1  3577     1     2        0  0.0000E+00  0.1821E-10  0.0000E+00  0.0000E+00
     1  3578     1     1        0  0.0000E+00  0.7696E+01  0.0000E+00  0.0000E+00
     1  3578     1     2        0  0.0000E+00  0.8990E-11  0.0000E+00  0.0000E+00
     1  3579     1     1        0  0.0000E+00  0.3375E+01  0.0000E+00  0.0000E+00
     1  3579     1     2        0  0.0000E+00  0.1294E-10  0.0000E+00  0.0000E+00
     1  3580     1     1        0  0.0000E+00  0.2475E+01  0.0000E+00  0.0000E+00
     1  3580     1     2        0  0.0000E+00  0.3852E-11  0.0000E+00  0.0000E+00
     1  3581     1     1        0  0.0000E+00  0.5171E+01  0.0000E+00  0.0000E+00
     1  3581     1     2        0  0.0000E+00  0.2930E-11  0.0000E+00  0.0000E+00
     1  3582     1     1        0  0.0000E+00  0.3672E+01  0.0000E+00  0.0000E+00
     1  3582     1     2        0  0.0000E+00  0.4976E-11  0.0000E+00  0.0000E+00
     1  3583     1     1        0  0.0000E+00  0.1049E+02  0.0000E+00  0.0000E+00
     1  3583     1     2        0  0.0000E+00  0.1429E-10  0.0000E+00  0.0000E+00
     1  3584     1     1        0  0.0000E+00  0.2395E+02  0.0000E+00  0.0000E+00
     1  3584     1     2        0  0.0000E+00  0.2693E-10  0.0000E+00  0.0000E+00
     1  3585     1     1        0  0.0000E+00  0.1000E+03  0.0000E+00  0.0000E+00
     1  3585     1     2        0  0.0000E+00  0.1066E-09  0.0000E+00  0.0000E+00
     1  3586     1     1        0  0.0000E+00  0.8788E+01  0.0000E+00  0.0000E+00
     1  3586     1     2        0  0.0000E+00  0.1060E-10  0.0000E+00  0.0000E+00
     1  3587     1     1        0  0.0000E+00  0.2396E+01  0.0000E+00  0.0000E+00
     1  3587     1     2        0  0.0000E+00  0.8835E-11  0.0000E+00  0.0000E+00
     1  3588     1     1        0  0.0000E+00  0.3231E+01  0.0000E+00  0.0000E+00
     1  3588     1     2        0  0.0000E+00  0.3035E-11  0.0000E+00  0.0000E+00
     1  3589     1     1        0  0.0000E+00  0.4083E+01  0.0000E+00  0.0000E+00
     1  3589     1     2        0  0.0000E+00  0.8221E-11  0.0000E+00  0.0000E+00
     1  3590     1     1        0  0.0000E+00  0.9848E+01  0.0000E+00  0.0000E+00
     1  3590     1     2        0  0.0000E+00  0.1288E-10  0.0000E+00  0.0000E+00
     1  3591     1     1        0  0.0000E+00  0.8418E+01  0.0000E+00  0.0000E+00
     1  3591     1     2        0  0.0000E+00  0.1639E-10  0.0000E+00  0.0000E+00
     1  3592     1     1        0  0.0000E+00  0.7800E+01  0.0000E+00  0.0000E+00
     1  3592     1     2        0  0.0000E+00  0.1580E-10  0.0000E+00  0.0000E+00
     1  3593     1     1        0  0.0000E+00  0.6221E+01  0.0000E+00  0.0000E+00
     1  3593     1     2        0  0.0000E+00  0.9502E-11  0.0000E+00  0.0000E+00
     1  3594     1     1        0  0.0000E+00  0.4866E+00  0.0000E+00  0.0000E+00
     1  3594     1     2        0  0.0000E+00  0.3511E-11  0.0000E+00  0.0000E+00
     1  3595     1     1        0  0.0000E+00  0.5212E+01  0.0000E+00  0.0000E+00
     1  3595     1     2        0  0.0000E+00  0.9566E-11  0.0000E+00  0.0000E+00
     1  3596     1     1        0  0.0000E+00  0.1031E+02  0.0000E+00  0.0000E+00
     1  3596     1     2        0  0.0000E+00  0.7294E-11  0.0000E+00  0.0000E+00
     1  3597     1     1        0  0.0000E+00  0.1712E+02  0.0000E+00  0.0000E+00
     1  3597     1     2        0  0.0000E+00  0.1796E-10  0.0000E+00  0.0000E+00
     1  3598     1     1        0  0.0000E+00  0.2178E+02  0.0000E+00  0.0000E+00
     1  3598     1     2        0  0.0000E+00  0.1820E-10  0.0000E+00  0.0000E+00
     1  3599     1     1        0  0.0000E+00  0.4434E+02  0.0000E+00  0.0000E+00
     1  3599     1     2        0  0.0000E+00  0.2016E-10  0.0000E+00  0.0000E+00
     1  3600     1     1        0  0.0000E+00  0.5680E+02  0.0000E+00  0.0000E+00
     1  3600     1     2        0  0.0000E+00  0.5697E-10  0.0000E+00  0.0000E+00
     1  3601     1     1        0  0.0000E+00  0.1412E+02  0.0000E+00  0.0000E+00
     1  3601     1     2        0  0.0000E+00  0.2648E-10  0.0000E+00  0.0000E+00
     1  3602     1     1        0  0.0000E+00  0.9309E+02  0.0000E+00  0.0000E+00
     1  3602     1     2        0  0.0000E+00  0.9439E-10  0.0000E+00  0.0000E+00
     1  3603     1     1        0  0.0000E+00  0.8379E+02  0.0000E+00  0.0000E+00
     1  3603     1     2        0  0.0000E+00  0.6346E-10  0.0000E+00  0.0000E+00
     1  3604     1     1        0  0.0000E+00  0.1877E+02  0.0000E+00  0.0000E+00
     1  3604     1     2        0  0.0000E+00  0.1258E-10  0.0000E+00  0.0000E+00
     1  3605     1     1        0  0.0000E+00  0.5160E+01  0.0000E+00  0.0000E+00
     1  3605     1     2        0  0.0000E+00  0.1039E-10  0.0000E+00  0.0000E+00
     1  3606     1     1        0  0.0000E+00  0.1225E+01  0.0000E+00  0.0000E+00
     1  3606     1     2        0  0.0000E+00  0.9046E-11  0.0000E+00  0.0000E+00
     1  3607     1     1        0  0.0000E+00  0.7962E+01  0.0000E+00  0.0000E+00
     1  3607     1     2        0  0.0000E+00  0.3161E-11  0.0000E+00  0.0000E+00
     1  3608     1     1        0  0.0000E+00  0.1805E+02  0.0000E+00  0.0000E+00
     1  3608     1     2        0  0.0000E+00  0.1259E-10  0.0000E+00  0.0000E+00
     1  3609     1     1        0  0.0000E+00  0.3725E+02  0.0000E+00  0.0000E+00
     1  3609     1     2        0  0.0000E+00  0.3271E-10  0.0000E+00  0.0000E+00
     1  3610     1     1        0  0.0000E+00  0.1950E+02  0.0000E+00  0.0000E+00
     1  3610     1     2        0  0.0000E+00  0.6726E-11  0.0000E+00  0.0000E+00
     1  3611     1     1        0  0.0000E+00  0.8124E+00  0.0000E+00  0.0000E+00
     1  3611     1     2        0  0.0000E+00  0.2718E-11  0.0000E+00  0.0000E+00
     1  3612     1     1        0  0.0000E+00  0.1156E+02  0.0000E+00  0.0000E+00
     1  3612     1     2        0  0.0000E+00  0.1541E-10  0.0000E+00  0.0000E+00
     1  3613     1     1        0  0.0000E+00  0.1596E+02  0.0000E+00  0.0000E+00
     1  3613     1     2        0  0.0000E+00  0.1337E-10  0.0000E+00  0.0000E+00
     1  3614     1     1        0  0.0000E+00  0.1152E+02  0.0000E+00  0.0000E+00
     1  3614     1     2        0  0.0000E+00  0.4876E-11  0.0000E+00  0.0000E+00
     1  3615     1     1        0  0.0000E+00  0.4238E+02  0.0000E+00  0.0000E+00
     1  3615     1     2        0  0.0000E+00  0.3148E-10  0.0000E+00  0.0000E+00
     1  3616     1     1        0  0.0000E+00  0.1538E+02  0.0000E+00  0.0000E+00
     1  3616     1     2        0  0.0000E+00  0.2299E-10  0.0000E+00  0.0000E+00
     1  3617     1     1        0  0.0000E+00  0.6540E+02  0.0000E+00  0.0000E+00
     1  3617     1     2        0  0.0000E+00  0.5324E-10  0.0000E+00  0.0000E+00
     1  3618     1     1        0  0.0000E+00  0.5294E+02  0.0000E+00  0.0000E+00
     1  3618     1     2        0  0.0000E+00  0.2923E-10  0.0000E+00  0.0000E+00
     1  3619     1     1        0  0.0000E+00  0.1431E+02  0.0000E+00  0.0000E+00
     1  3619     1     2        0  0.0000E+00  0.1990E-10  0.0000E+00  0.0000E+00
     1  3620     1     1        0  0.0000E+00  0.6328E+01  0.0000E+00  0.0000E+00
     1  3620     1     2        0  0.0000E+00  0.6073E-11  0.0000E+00  0.0000E+00
     1  3621     1     1        0  0.0000E+00  0.3811E+01  0.0000E+00  0.0000E+00
     1  3621     1     2        0  0.0000E+00  0.1214E-11  0.0000E+00  0.0000E+00
     1  3622     1     1        0  0.0000E+00  0.1346E+02  0.0000E+00  0.0000E+00
     1  3622     1     2        0  0.0000E+00  0.8381E-11  0.0000E+00  0.0000E+00
     1  3623     1     1        0  0.0000E+00  0.1525E+02  0.0000E+00  0.0000E+00
     1  3623     1     2        0  0.0000E+00  0.9753E-11  0.0000E+00  0.0000E+00
     1  3624     1     1        0  0.0000E+00  0.8445E+01  0.0000E+00  0.0000E+00
     1  3624     1     2        0  0.0000E+00  0.3928E-11  0.0000E+00  0.0000E+00
     1  3625     1     1        0  0.0000E+00  0.7681E+01  0.0000E+00  0.0000E+00
     1  3625     1     2        0  0.0000E+00  0.2427E-10  0.0000E+00  0.0000E+00
     1  3626     1     1        0  0.0000E+00  0.4318E+02  0.0000E+00  0.0000E+00
     1  3626     1     2        0  0.0000E+00  0.3592E-10  0.0000E+00  0.0000E+00
     1  3627     1     1        0  0.0000E+00  0.7162E+01  0.0000E+00  0.0000E+00
     1  3627     1     2        0  0.0000E+00  0.2018E-10  0.0000E+00  0.0000E+00
     1  3628     1     1        0  0.0000E+00  0.3084E+02  0.0000E+00  0.0000E+00
     1  3628     1     2        0  0.0000E+00  0.2065E-10  0.0000E+00  0.0000E+00
     1  3629     1     1        0  0.0000E+00  0.1000E+03  0.0000E+00  0.0000E+00
     1  3629     1     2        0  0.0000E+00  0.1002E-09  0.0000E+00  0.0000E+00
     1  3630     1     1        0  0.0000E+00  0.4148E+02  0.0000E+00  0.0000E+00
     1  3630     1     2        0  0.0000E+00  0.2021E-10  0.0000E+00  0.0000E+00
     1  3631     1     1        0  0.0000E+00  0.2444E+02  0.0000E+00  0.0000E+00
     1  3631     1     2        0  0.0000E+00  0.2095E-10  0.0000E+00  0.0000E+00
     1  3632     1     1        0  0.0000E+00  0.2762E+01  0.0000E+00  0.0000E+00
     1  3632     1     2        0  0.0000E+00  0.1878E-10  0.0000E+00  0.0000E+00
     1  3633     1     1        0  0.0000E+00  0.1543E+02  0.0000E+00  0.0000E+00
     1  3633     1     2        0  0.0000E+00  0.1566E-10  0.0000E+00  0.0000E+00
     1  3634     1     1        0  0.0000E+00  0.2677E+02  0.0000E+00  0.0000E+00
     1  3634     1     2        0  0.0000E+00  0.2704E-10  0.0000E+00  0.0000E+00
     1  3635     1     1        0  0.0000E+00  0.1000E+03  0.0000E+00  0.0000E+00
     1  3635     1     2        0  0.0000E+00  0.8443E-10  0.0000E+00  0.0000E+00
     1  3636     1     1        0  0.0000E+00  0.1000E+03  0.0000E+00  0.0000E+00
     1  3636     1     2        0  0.0000E+00  0.9440E-10  0.0000E+00  0.0000E+00
     1  3637     1     1        0  0.0000E+00  0.9433E+02  0.0000E+00  0.0000E+00
     1  3637     1     2        0  0.0000E+00  0.9073E-10  0.0000E+00  0.0000E+00
     1  3638     1     1        0  0.0000E+00  0.6902E+02  0.0000E+00  0.0000E+00
     1  3638     1     2        0  0.0000E+00  0.7527E-10  0.0000E+00  0.0000E+00
     1  3639     1     1        0  0.0000E+00  0.4836E+01  0.0000E+00  0.0000E+00
     1  3639     1     2        0  0.0000E+00  0.1147E-11  0.0000E+00  0.0000E+00
     1  3640     1     1        0  0.0000E+00  0.2778E+01  0.0000E+00  0.0000E+00
     1  3640     1     2        0  0.0000E+00  0.1738E-10  0.0000E+00  0.0000E+00
     1  3641     1     1        0  0.0000E+00  0.5681E+01  0.0000E+00  0.0000E+00
     1  3641     1     2        0  0.0000E+00  0.8102E-12  0.0000E+00  0.0000E+00
     1  3642     1     1        0  0.0000E+00  0.1370E+02  0.0000E+00  0.0000E+00
     1  3642     1     2        0  0.0000E+00  0.1968E-10  0.0000E+00  0.0000E+00
     1  3643     1     1        0  0.0000E+00  0.2925E+01  0.0000E+00  0.0000E+00
     1  3643     1     2        0  0.0000E+00  0.1554E-10  0.0000E+00  0.0000E+00
     1  3644     1     1        0  0.0000E+00  0.6090E+01  0.0000E+00  0.0000E+00
     1  3644     1     2        0  0.0000E+00  0.1249E-11  0.0000E+00  0.0000E+00
     1  3645     1     1        0  0.0000E+00  0.5378E+01  0.0000E+00  0.0000E+00
     1  3645     1     2        0  0.0000E+00  0.2048E-10  0.0000E+00  0.0000E+00
     1  3646     1     1        0  0.0000E+00  0.2056E+01  0.0000E+00  0.0000E+00
     1  3646     1     2        0  0.0000E+00  0.6073E-12  0.0000E+00  0.0000E+00
     1  3647     1     1        0  0.0000E+00  0.1107E+02  0.0000E+00  0.0000E+00
     1  3647     1     2        0  0.0000E+00  0.1513E-10  0.0000E+00  0.0000E+00
     1  3648     1     1        0  0.0000E+00  0.2026E+02  0.0000E+00  0.0000E+00
     1  3648     1     2        0  0.0000E+00  0.1445E-10  0.0000E+00  0.0000E+00
     1  3649     1     1        0  0.0000E+00  0.2904E+01  0.0000E+00  0.0000E+00
     1  3649     1     2        0  0.0000E+00  0.3172E-11  0.0000E+00  0.0000E+00
     1  3650     1     1        0  0.0000E+00  0.1000E+03  0.0000E+00  0.0000E+00
     1  3650     1     2        0  0.0000E+00  0.8803E-10  0.0000E+00  0.0000E+00
     1  3651     1     1        0  0.0000E+00  0.2485E+02  0.0000E+00  0.0000E+00
     1  3651     1     2        0  0.0000E+00  0.7094E-11  0.0000E+00  0.0000E+00
     1  3652     1     1        0  0.0000E+00  0.4726E+01  0.0000E+00  0.0000E+00
     1  3652     1     2        0  0.0000E+00  0.2158E-10  0.0000E+00  0.0000E+00
     1  3653     1     1        0  0.0000E+00  0.1143E+02  0.0000E+00  0.0000E+00
     1  3653     1     2        0  0.0000E+00  0.9843E-11  0.0000E+00  0.0000E+00
     1  3654     1     1        0  0.0000E+00  0.1925E+02  0.0000E+00  0.0000E+00
     1  3654     1     2        0  0.0000E+00  0.1494E-10  0.0000E+00  0.0000E+00
     1  3655     1     1        0  0.0000E+00  0.2040E+02  0.0000E+00  0.0000E+00
     1  3655     1     2        0  0.0000E+00  0.1345E-10  0.0000E+00  0.0000E+00
     1  3656     1     1        0  0.0000E+00  0.2552E+02  0.0000E+00  0.0000E+00
     1  3656     1     2        0  0.0000E+00  0.4083E-10  0.0000E+00  0.0000E+00
     1  3657     1     1        0  0.0000E+00  0.6513E+01  0.0000E+00  0.0000E+00
     1  3657     1     2        0  0.0000E+00  0.3152E-11  0.0000E+00  0.0000E+00
     1  3658     1     1        0  0.0000E+00  0.1602E+02  0.0000E+00  0.0000E+00
     1  3658     1     2        0  0.0000E+00  0.2116E-10  0.0000E+00  0.0000E+00
     1  3659     1     1        0  0.0000E+00  0.4917E+02  0.0000E+00  0.0000E+00
     1  3659     1     2        0  0.0000E+00  0.4333E-10  0.0000E+00  0.0000E+00
     1  3660     1     1        0  0.0000E+00  0.1123E+02  0.0000E+00  0.0000E+00
     1  3660     1     2        0  0.0000E+00  0.1318E-10  0.0000E+00  0.0000E+00
     1  3661     1     1        0  0.0000E+00  0.7762E+02  0.0000E+00  0.0000E+00
     1  3661     1     2        0  0.0000E+00  0.7248E-10  0.0000E+00  0.0000E+00
     1  3662     1     1        0  0.0000E+00  0.7814E+02  0.0000E+00  0.0000E+00
     1  3662     1     2        0  0.0000E+00  0.8661E-10  0.0000E+00  0.0000E+00
     1  3663     1     1        0  0.0000E+00  0.4212E+01  0.0000E+00  0.0000E+00
     1  3663     1     2        0  0.0000E+00  0.1296E-10  0.0000E+00  0.0000E+00
     1  3664     1     1        0  0.0000E+00  0.3342E+02  0.0000E+00  0.0000E+00
     1  3664     1     2        0  0.0000E+00  0.2108E-10  0.0000E+00  0.0000E+00
     1  3665     1     1        0  0.0000E+00  0.1000E+03  0.0000E+00  0.0000E+00
     1  3665     1     2        0  0.0000E+00  0.9331E-10  0.0000E+00  0.0000E+00
     1  3666     1     1        0  0.0000E+00  0.6443E+01  0.0000E+00  0.0000E+00
     1  3666     1     2        0  0.0000E+00  0.3966E-11  0.0000E+00  0.0000E+00
     1  3667     1     1        0  0.0000E+00  0.8177E+01  0.0000E+00  0.0000E+00
     1  3667     1     2        0  0.0000E+00  0.4911E-11  0.0000E+00  0.0000E+00
     1  3668     1     1        0  0.0000E+00  0.1477E+02  0.0000E+00  0.0000E+00
     1  3668     1     2        0  0.0000E+00  0.1046E-10  0.0000E+00  0.0000E+00
     1  3669     1     1        0  0.0000E+00  0.1933E+02  0.0000E+00  0.0000E+00
     1  3669     1     2        0  0.0000E+00  0.1933E-10  0.0000E+00  0.0000E+00
     1  3670     1     1        0  0.0000E+00  0.5450E+02  0.0000E+00  0.0000E+00
     1  3670     1     2        0  0.0000E+00  0.5173E-10  0.0000E+00  0.0000E+00
     1  3671     1     1        0  0.0000E+00  0.8880E+01  0.0000E+00  0.0000E+00
     1  3671     1     2        0  0.0000E+00  0.1756E-10  0.0000E+00  0.0000E+00
     1  3672     1     1        0  0.0000E+00  0.7073E+01  0.0000E+00  0.0000E+00
     1  3672     1     2        0  0.0000E+00  0.1502E-10  0.0000E+00  0.0000E+00
     1  3673     1     1        0  0.0000E+00  0.3848E+02  0.0000E+00  0.0000E+00
     1  3673     1     2        0  0.0000E+00  0.3623E-10  0.0000E+00  0.0000E+00
     1  3674     1     1        0  0.0000E+00  0.9061E+02  0.0000E+00  0.0000E+00
     1  3674     1     2        0  0.0000E+00  0.9667E-10  0.0000E+00  0.0000E+00
     1  3675     1     1        0  0.0000E+00  0.2480E+02  0.0000E+00  0.0000E+00
     1  3675     1     2        0  0.0000E+00  0.2358E-10  0.0000E+00  0.0000E+00
     1  3676     1     1        0  0.0000E+00  0.7086E+02  0.0000E+00  0.0000E+00
     1  3676     1     2        0  0.0000E+00  0.5442E-10  0.0000E+00  0.0000E+00
     1  3677     1     1        0  0.0000E+00  0.4309E+02  0.0000E+00  0.0000E+00
     1  3677     1     2        0  0.0000E+00  0.4497E-10  0.0000E+00  0.0000E+00
     1  3678     1     1        0  0.0000E+00  0.4493E+01  0.0000E+00  0.0000E+00
     1  3678     1     2        0  0.0000E+00  0.2099E-11  0.0000E+00  0.0000E+00
     1  3679     1     1        0  0.0000E+00  0.1018E+02  0.0000E+00  0.0000E+00
     1  3679     1     2        0  0.0000E+00  0.1367E-10  0.0000E+00  0.0000E+00
     1  3680     1     1        0  0.0000E+00  0.5611E+01  0.0000E+00  0.0000E+00
     1  3680     1     2        0  0.0000E+00  0.1020E-10  0.0000E+00  0.0000E+00
     1  3681     1     1        0  0.0000E+00  0.8040E+01  0.0000E+00  0.0000E+00
     1  3681     1     2        0  0.0000E+00  0.2044E-11  0.0000E+00  0.0000E+00
     1  3682     1     1        0  0.0000E+00  0.2429E+02  0.0000E+00  0.0000E+00
     1  3682     1     2        0  0.0000E+00  0.1564E-10  0.0000E+00  0.0000E+00
     1  3683     1     1        0  0.0000E+00  0.1000E+03  0.0000E+00  0.0000E+00
     1  3683     1     2        0  0.0000E+00  0.1016E-09  0.0000E+00  0.0000E+00
     1  3684     1     1        0  0.0000E+00  0.4328E+02  0.0000E+00  0.0000E+00
     1  3684     1     2        0  0.0000E+00  0.5903E-10  0.0000E+00  0.0000E+00
     1  3685     1     1        0  0.0000E+00  0.1841E+01  0.0000E+00  0.0000E+00
     1  3685     1     2        0  0.0000E+00  0.5307E-11  0.0000E+00  0.0000E+00
     1  3686     1     1        0  0.0000E+00  0.3205E+01  0.0000E+00  0.0000E+00
     1  3686     1     2        0  0.0000E+00  0.8924E-11  0.0000E+00  0.0000E+00
     1  3687     1     1        0  0.0000E+00  0.1653E+02  0.0000E+00  0.0000E+00
     1  3687     1     2        0  0.0000E+00  0.1849E-10  0.0000E+00  0.0000E+00
     1  3688     1     1        0  0.0000E+00  0.3739E+01  0.0000E+00  0.0000E+00
     1  3688     1     2        0  0.0000E+00  0.8563E-11  0.0000E+00  0.0000E+00
     1  3689     1     1        0  0.0000E+00  0.5869E+01  0.0000E+00  0.0000E+00
     1  3689     1     2        0  0.0000E+00  0.6574E-11  0.0000E+00  0.0000E+00
     1  3690     1     1        0  0.0000E+00  0.6762E+01  0.0000E+00  0.0000E+00
     1  3690     1     2        0  0.0000E+00  0.1226E-10  0.0000E+00  0.0000E+00
     1  3691     1     1        0  0.0000E+00  0.3147E+01  0.0000E+00  0.0000E+00
     1  3691     1     2        0  0.0000E+00  0.5221E-11  0.0000E+00  0.0000E+00
     1  3692     1     1        0  0.0000E+00  0.1401E+02  0.0000E+00  0.0000E+00
     1  3692     1     2        0  0.0000E+00  0.9689E-11  0.0000E+00  0.0000E+00
     1  3693     1     1        0  0.0000E+00  0.6007E+02  0.0000E+00  0.0000E+00
     1  3693     1     2        0  0.0000E+00  0.5687E-10  0.0000E+00  0.0000E+00
     1  3694     1     1        0  0.0000E+00  0.6476E+02  0.0000E+00  0.0000E+00
     1  3694     1     2        0  0.0000E+00  0.8192E-10  0.0000E+00  0.0000E+00
     1  3695     1     1        0  0.0000E+00  0.9763E+01  0.0000E+00  0.0000E+00
     1  3695     1     2        0  0.0000E+00  0.2760E-11  0.0000E+00  0.0000E+00
     1  3696     1     1        0  0.0000E+00  0.1480E+01  0.0000E+00  0.0000E+00
     1  3696     1     2        0  0.0000E+00  0.2228E-10  0.0000E+00  0.0000E+00
     1  3697     1     1        0  0.0000E+00  0.2094E+01  0.0000E+00  0.0000E+00
     1  3697     1     2        0  0.0000E+00  0.2575E-11  0.0000E+00  0.0000E+00
     1  3698     1     1        0  0.0000E+00  0.1092E+01  0.0000E+00  0.0000E+00
     1  3698     1     2        0  0.0000E+00  0.6849E-12  0.0000E+00  0.0000E+00
     1  3699     1     1        0  0.0000E+00  0.2454E+01  0.0000E+00  0.0000E+00
     1  3699     1     2        0  0.0000E+00  0.1288E-10  0.0000E+00  0.0000E+00
     1  3700     1     1        0  0.0000E+00  0.3084E+01  0.0000E+00  0.0000E+00
     1  3700     1     2        0  0.0000E+00  0.7289E-11  0.0000E+00  0.0000E+00
     1  3701     1     1        0  0.0000E+00  0.1146E+01  0.0000E+00  0.0000E+00
     1  3701     1     2        0  0.0000E+00  0.1707E-11  0.0000E+00  0.0000E+00
     1  3702     1     1        0  0.0000E+00  0.4201E+01  0.0000E+00  0.0000E+00
     1  3702     1     2        0  0.0000E+00  0.1104E-10  0.0000E+00  0.0000E+00
     1  3703     1     1        0  0.0000E+00  0.5587E+01  0.0000E+00  0.0000E+00
     1  3703     1     2        0  0.0000E+00  0.1676E-11  0.0000E+00  0.0000E+00
     1  3704     1     1        0  0.0000E+00  0.1726E+02  0.0000E+00  0.0000E+00
     1  3704     1     2        0  0.0000E+00  0.1805E-10  0.0000E+00  0.0000E+00
     1  3705     1     1        0  0.0000E+00  0.5396E+02  0.0000E+00  0.0000E+00
     1  3705     1     2        0  0.0000E+00  0.4315E-10  0.0000E+00  0.0000E+00
     1  3706     1     1        0  0.0000E+00  0.1808E+02  0.0000E+00  0.0000E+00
     1  3706     1     2        0  0.0000E+00  0.1376E-10  0.0000E+00  0.0000E+00
     1  3707     1     1        0  0.0000E+00  0.1406E+02  0.0000E+00  0.0000E+00
     1  3707     1     2        0  0.0000E+00  0.1264E-10  0.0000E+00  0.0000E+00
     1  3708     1     1        0  0.0000E+00  0.4992E+02  0.0000E+00  0.0000E+00
     1  3708     1     2        0  0.0000E+00  0.4838E-10  0.0000E+00  0.0000E+00
     1  3709     1     1        0  0.0000E+00  0.6124E+02  0.0000E+00  0.0000E+00
     1  3709     1     2        0  0.0000E+00  0.3159E-10  0.0000E+00  0.0000E+00
     1  3710     1     1        0  0.0000E+00  0.2635E+00  0.0000E+00  0.0000E+00
     1  3710     1     2        0  0.0000E+00  0.1583E-10  0.0000E+00  0.0000E+00
     1  3711     1     1        0  0.0000E+00  0.1586E+02  0.0000E+00  0.0000E+00
     1  3711     1     2        0  0.0000E+00  0.1530E-10  0.0000E+00  0.0000E+00
     1  3712     1     1        0  0.0000E+00  0.2908E+02  0.0000E+00  0.0000E+00
     1  3712     1     2        0  0.0000E+00  0.3032E-10  0.0000E+00  0.0000E+00
     1  3713     1     1        0  0.0000E+00  0.3778E+01  0.0000E+00  0.0000E+00
     1  3713     1     2        0  0.0000E+00  0.1766E-10  0.0000E+00  0.0000E+00
     1  3714     1     1        0  0.0000E+00  0.6691E+02  0.0000E+00  0.0000E+00
     1  3714     1     2        0  0.0000E+00  0.6029E-10  0.0000E+00  0.0000E+00
     1  3715     1     1        0  0.0000E+00  0.7776E+02  0.0000E+00  0.0000E+00
     1  3715     1     2        0  0.0000E+00  0.6876E-10  0.0000E+00  0.0000E+00
     1  3716     1     1        0  0.0000E+00  0.3029E+01  0.0000E+00  0.0000E+00
     1  3716     1     2        0  0.0000E+00  0.6083E-11  0.0000E+00  0.0000E+00
     1  3717     1     1        0  0.0000E+00  0.1275E+02  0.0000E+00  0.0000E+00
     1  3717     1     2        0  0.0000E+00  0.7229E-11  0.0000E+00  0.0000E+00
     1  3718     1     1        0  0.0000E+00  0.1351E+02  0.0000E+00  0.0000E+00
     1  3718     1     2        0  0.0000E+00  0.1055E-10  0.0000E+00  0.0000E+00
     1  3719     1     1        0  0.0000E+00  0.5823E+01  0.0000E+00  0.0000E+00
     1  3719     1     2        0  0.0000E+00  0.6032E-11  0.0000E+00  0.0000E+00
     1  3720     1     1        0  0.0000E+00  0.3594E+01  0.0000E+00  0.0000E+00
     1  3720     1     2        0  0.0000E+00  0.2957E-11  0.0000E+00  0.0000E+00
     1  3721     1     1        0  0.0000E+00  0.1995E+01  0.0000E+00  0.0000E+00
     1  3721     1     2        0  0.0000E+00  0.9523E-12  0.0000E+00  0.0000E+00
     1  3722     1     1        0  0.0000E+00  0.1254E+02  0.0000E+00  0.0000E+00
     1  3722     1     2        0  0.0000E+00  0.2047E-11  0.0000E+00  0.0000E+00
     1  3723     1     1        0  0.0000E+00  0.9081E+01  0.0000E+00  0.0000E+00
     1  3723     1     2        0  0.0000E+00  0.8010E-12  0.0000E+00  0.0000E+00
     1  3724     1     1        0  0.0000E+00  0.7556E+01  0.0000E+00  0.0000E+00
     1  3724     1     2        0  0.0000E+00  0.2597E-12  0.0000E+00  0.0000E+00
     1  3725     1     1        0  0.0000E+00  0.1167E+02  0.0000E+00  0.0000E+00
     1  3725     1     2        0  0.0000E+00  0.4849E-11  0.0000E+00  0.0000E+00
     1  3726     1     1        0  0.0000E+00  0.3553E+02  0.0000E+00  0.0000E+00
     1  3726     1     2        0  0.0000E+00  0.3052E-10  0.0000E+00  0.0000E+00
     1  3727     1     1        0  0.0000E+00  0.9134E+02  0.0000E+00  0.0000E+00
     1  3727     1     2        0  0.0000E+00  0.9405E-10  0.0000E+00  0.0000E+00
     1  3728     1     1        0  0.0000E+00  0.1000E+03  0.0000E+00  0.0000E+00
     1  3728     1     2        0  0.0000E+00  0.8618E-10  0.0000E+00  0.0000E+00
     1  3729     1     1        0  0.0000E+00  0.8704E+01  0.0000E+00  0.0000E+00
     1  3729     1     2        0  0.0000E+00  0.9219E-11  0.0000E+00  0.0000E+00
     1  3730     1     1        0  0.0000E+00  0.2741E+02  0.0000E+00  0.0000E+00
     1  3730     1     2        0  0.0000E+00  0.2571E-10  0.0000E+00  0.0000E+00
     1  3731     1     1        0  0.0000E+00  0.4623E+02  0.0000E+00  0.0000E+00
     1  3731     1     2        0  0.0000E+00  0.4466E-10  0.0000E+00  0.0000E+00
     1  3732     1     1        0  0.0000E+00  0.5704E+02  0.0000E+00  0.0000E+00
     1  3732     1     2        0  0.0000E+00  0.5406E-10  0.0000E+00  0.0000E+00
     1  3733     1     1        0  0.0000E+00  0.1188E+02  0.0000E+00  0.0000E+00
     1  3733     1     2        0  0.0000E+00  0.3025E-11  0.0000E+00  0.0000E+00
     1  3734     1     1        0  0.0000E+00  0.2542E+02  0.0000E+00  0.0000E+00
     1  3734     1     2        0  0.0000E+00  0.1978E-10  0.0000E+00  0.0000E+00
     1  3735     1     1        0  0.0000E+00  0.7739E+01  0.0000E+00  0.0000E+00
     1  3735     1     2        0  0.0000E+00  0.1961E-11  0.0000E+00  0.0000E+00
     1  3736     1     1        0  0.0000E+00  0.1000E+03  0.0000E+00  0.0000E+00
     1  3736     1     2        0  0.0000E+00  0.6384E-10  0.0000E+00  0.0000E+00
     1  3737     1     1        0  0.0000E+00  0.2739E+02  0.0000E+00  0.0000E+00
     1  3737     1     2        0  0.0000E+00  0.7608E-11  0.0000E+00  0.0000E+00
     1  3738     1     1        0  0.0000E+00  0.1289E+02  0.0000E+00  0.0000E+00
     1  3738     1     2        0  0.0000E+00  0.1777E-10  0.0000E+00  0.0000E+00
     1  3739     1     1        0  0.0000E+00  0.2516E+02  0.0000E+00  0.0000E+00
     1  3739     1     2        0  0.0000E+00  0.1586E-10  0.0000E+00  0.0000E+00
     1  3740     1     1        0  0.0000E+00  0.1000E+03  0.0000E+00  0.0000E+00
     1  3740     1     2        0  0.0000E+00  0.1007E-09  0.0000E+00  0.0000E+00
     1  3741     1     1        0  0.0000E+00  0.5178E+02  0.0000E+00  0.0000E+00
     1  3741     1     2        0  0.0000E+00  0.5989E-10  0.0000E+00  0.0000E+00
     1  3742     1     1        0  0.0000E+00  0.1199E+02  0.0000E+00  0.0000E+00
     1  3742     1     2        0  0.0000E+00  0.8762E-11  0.0000E+00  0.0000E+00
     1  3743     1     1        0  0.0000E+00  0.1114E+02  0.0000E+00  0.0000E+00
     1  3743     1     2        0  0.0000E+00  0.1475E-12  0.0000E+00  0.0000E+00
     1  3744     1     1        0  0.0000E+00  0.4329E+01  0.0000E+00  0.0000E+00
     1  3744     1     2        0  0.0000E+00  0.1288E-11  0.0000E+00  0.0000E+00
     1  3745     1     1        0  0.0000E+00  0.1646E+02  0.0000E+00  0.0000E+00
     1  3745     1     2        0  0.0000E+00  0.2031E-10  0.0000E+00  0.0000E+00
     1  3746     1     1        0  0.0000E+00  0.7837E+02  0.0000E+00  0.0000E+00
     1  3746     1     2        0  0.0000E+00  0.7489E-10  0.0000E+00  0.0000E+00
     1  3747     1     1        0  0.0000E+00  0.6038E+02  0.0000E+00  0.0000E+00
     1  3747     1     2        0  0.0000E+00  0.7052E-10  0.0000E+00  0.0000E+00
     1  3748     1     1        0  0.0000E+00  0.2397E+01  0.0000E+00  0.0000E+00
     1  3748     1     2        0  0.0000E+00  0.5832E-11  0.0000E+00  0.0000E+00
     1  3749     1     1        0  0.0000E+00  0.1888E+02  0.0000E+00  0.0000E+00
     1  3749     1     2        0  0.0000E+00  0.1308E-10  0.0000E+00  0.0000E+00
     1  3750     1     1        0  0.0000E+00  0.9159E+01  0.0000E+00  0.0000E+00
     1  3750     1     2        0  0.0000E+00  0.1107E-10  0.0000E+00  0.0000E+00
     1  3751     1     1        0  0.0000E+00  0.1000E+03  0.0000E+00  0.0000E+00
     1  3751     1     2        0  0.0000E+00  0.1004E-09  0.0000E+00  0.0000E+00
     1  3752     1     1        0  0.0000E+00  0.8895E+01  0.0000E+00  0.0000E+00
     1  3752     1     2        0  0.0000E+00  0.3514E-11  0.0000E+00  0.0000E+00
     1  3753     1     1        0  0.0000E+00  0.2279E+01  0.0000E+00  0.0000E+00
     1  3753     1     2        0  0.0000E+00  0.7329E-11  0.0000E+00  0.0000E+00
     1  3754     1     1        0  0.0000E+00  0.4231E+01  0.0000E+00  0.0000E+00
     1  3754     1     2        0  0.0000E+00  0.1023E-10  0.0000E+00  0.0000E+00
     1  3755     1     1        0  0.0000E+00  0.1080E+01  0.0000E+00  0.0000E+00
     1  3755     1     2        0  0.0000E+00  0.8545E-11  0.0000E+00  0.0000E+00
     1  3756     1     1        0  0.0000E+00  0.3016E+01  0.0000E+00  0.0000E+00
     1  3756     1     2        0  0.0000E+00  0.5936E-11  0.0000E+00  0.0000E+00
     1  3757     1     1        0  0.0000E+00  0.6791E+00  0.0000E+00  0.0000E+00
     1  3757     1     2        0  0.0000E+00  0.2050E-11  0.0000E+00  0.0000E+00
     1  3758     1     1        0  0.0000E+00  0.4780E+01  0.0000E+00  0.0000E+00
     1  3758     1     2        0  0.0000E+00  0.1398E-10  0.0000E+00  0.0000E+00
     1  3759     1     1        0  0.0000E+00  0.6283E+01  0.0000E+00  0.0000E+00
     1  3759     1     2        0  0.0000E+00  0.6846E-11  0.0000E+00  0.0000E+00
     1  3760     1     1        0  0.0000E+00  0.1155E+01  0.0000E+00  0.0000E+00
     1  3760     1     2        0  0.0000E+00  0.1159E-10  0.0000E+00  0.0000E+00
     1  3761     1     1        0  0.0000E+00  0.3509E+01  0.0000E+00  0.0000E+00
     1  3761     1     2        0  0.0000E+00  0.2256E-11  0.0000E+00  0.0000E+00
     1  3762     1     1        0  0.0000E+00  0.5272E+01  0.0000E+00  0.0000E+00
     1  3762     1     2        0  0.0000E+00  0.5196E-11  0.0000E+00  0.0000E+00
     1  3763     1     1        0  0.0000E+00  0.6638E+01  0.0000E+00  0.0000E+00
     1  3763     1     2        0  0.0000E+00  0.1285E-11  0.0000E+00  0.0000E+00
     1  3764     1     1        0  0.0000E+00  0.3254E+01  0.0000E+00  0.0000E+00
     1  3764     1     2        0  0.0000E+00  0.1650E-10  0.0000E+00  0.0000E+00
     1  3765     1     1        0  0.0000E+00  0.5673E+01  0.0000E+00  0.0000E+00
     1  3765     1     2        0  0.0000E+00  0.5099E-11  0.0000E+00  0.0000E+00
     1  3766     1     1        0  0.0000E+00  0.1793E+02  0.0000E+00  0.0000E+00
     1  3766     1     2        0  0.0000E+00  0.1526E-10  0.0000E+00  0.0000E+00
     1  3767     1     1        0  0.0000E+00  0.5303E+02  0.0000E+00  0.0000E+00
     1  3767     1     2        0  0.0000E+00  0.4602E-10  0.0000E+00  0.0000E+00
     1  3768     1     1        0  0.0000E+00  0.2560E+02  0.0000E+00  0.0000E+00
     1  3768     1     2        0  0.0000E+00  0.4247E-11  0.0000E+00  0.0000E+00
     1  3769     1     1        0  0.0000E+00  0.6697E+01  0.0000E+00  0.0000E+00
     1  3769     1     2        0  0.0000E+00  0.8000E-11  0.0000E+00  0.0000E+00
     1  3770     1     1        0  0.0000E+00  0.6516E+01  0.0000E+00  0.0000E+00
     1  3770     1     2        0  0.0000E+00  0.1522E-10  0.0000E+00  0.0000E+00
     1  3771     1     1        0  0.0000E+00  0.4852E+01  0.0000E+00  0.0000E+00
     1  3771     1     2        0  0.0000E+00  0.8244E-11  0.0000E+00  0.0000E+00
     1  3772     1     1        0  0.0000E+00  0.4669E+01  0.0000E+00  0.0000E+00
     1  3772     1     2        0  0.0000E+00  0.6024E-11  0.0000E+00  0.0000E+00
     1  3773     1     1        0  0.0000E+00  0.6477E+00  0.0000E+00  0.0000E+00
     1  3773     1     2        0  0.0000E+00  0.1515E-11  0.0000E+00  0.0000E+00
     1  3774     1     1        0  0.0000E+00  0.7276E+01  0.0000E+00  0.0000E+00
     1  3774     1     2        0  0.0000E+00  0.9976E-11  0.0000E+00  0.0000E+00
     1  3775     1     1        0  0.0000E+00  0.9139E+01  0.0000E+00  0.0000E+00
     1  3775     1     2        0  0.0000E+00  0.9980E-11  0.0000E+00  0.0000E+00
     1  3776     1     1        0  0.0000E+00  0.2618E+02  0.0000E+00  0.0000E+00
     1  3776     1     2        0  0.0000E+00  0.2004E-10  0.0000E+00  0.0000E+00
     1  3777     1     1        0  0.0000E+00  0.1000E+03  0.0000E+00  0.0000E+00
     1  3777     1     2        0  0.0000E+00  0.7824E-10  0.0000E+00  0.0000E+00
     1  3778     1     1        0  0.0000E+00  0.8490E+01  0.0000E+00  0.0000E+00
     1  3778     1     2        0  0.0000E+00  0.3044E-11  0.0000E+00  0.0000E+00
     1  3779     1     1        0  0.0000E+00  0.4555E+01  0.0000E+00  0.0000E+00
     1  3779     1     2        0  0.0000E+00  0.9123E-12  0.0000E+00  0.0000E+00
     1  3780     1     1        0  0.0000E+00  0.6736E+01  0.0000E+00  0.0000E+00
     1  3780     1     2        0  0.0000E+00  0.7764E-11  0.0000E+00  0.0000E+00
     1  3781     1     1        0  0.0000E+00  0.3794E+01  0.0000E+00  0.0000E+00
     1  3781     1     2        0  0.0000E+00  0.1139E-11  0.0000E+00  0.0000E+00
     1  3782     1     1        0  0.0000E+00  0.3029E+01  0.0000E+00  0.0000E+00
     1  3782     1     2        0  0.0000E+00  0.4453E-11  0.0000E+00  0.0000E+00
     1  3783     1     1        0  0.0000E+00  0.2961E+00  0.0000E+00  0.0000E+00
     1  3783     1     2        0  0.0000E+00  0.6518E-11  0.0000E+00  0.0000E+00
     1  3784     1     1        0  0.0000E+00  0.6398E+01  0.0000E+00  0.0000E+00
     1  3784     1     2        0  0.0000E+00  0.1105E-10  0.0000E+00  0.0000E+00
     1  3785     1     1        0  0.0000E+00  0.6409E+00  0.0000E+00  0.0000E+00
     1  3785     1     2        0  0.0000E+00  0.3770E-11  0.0000E+00  0.0000E+00
     1  3786     1     1        0  0.0000E+00  0.1024E+02  0.0000E+00  0.0000E+00
     1  3786     1     2        0  0.0000E+00  0.7916E-11  0.0000E+00  0.0000E+00
     1  3787     1     1        0  0.0000E+00  0.9237E+01  0.0000E+00  0.0000E+00
     1  3787     1     2        0  0.0000E+00  0.1008E-10  0.0000E+00  0.0000E+00
     1  3788     1     1        0  0.0000E+00  0.3960E+02  0.0000E+00  0.0000E+00
     1  3788     1     2        0  0.0000E+00  0.3983E-10  0.0000E+00  0.0000E+00
     1  3789     1     1        0  0.0000E+00  0.1000E+03  0.0000E+00  0.0000E+00
     1  3789     1     2        0  0.0000E+00  0.9793E-10  0.0000E+00  0.0000E+00
     1  3790     1     1        0  0.0000E+00  0.1361E+01  0.0000E+00  0.0000E+00
     1  3790     1     2        0  0.0000E+00  0.1191E-10  0.0000E+00  0.0000E+00
     1  3791     1     1        0  0.0000E+00  0.8090E+01  0.0000E+00  0.0000E+00
     1  3791     1     2        0  0.0000E+00  0.7677E-11  0.0000E+00  0.0000E+00
     1  3792     1     1        0  0.0000E+00  0.2863E+01  0.0000E+00  0.0000E+00
     1  3792     1     2        0  0.0000E+00  0.5445E-12  0.0000E+00  0.0000E+00
     1  3793     1     1        0  0.0000E+00  0.8193E+01  0.0000E+00  0.0000E+00
     1  3793     1     2        0  0.0000E+00  0.6866E-11  0.0000E+00  0.0000E+00
     1  3794     1     1        0  0.0000E+00  0.2307E+02  0.0000E+00  0.0000E+00
     1  3794     1     2        0  0.0000E+00  0.2615E-10  0.0000E+00  0.0000E+00
     1  3795     1     1        0  0.0000E+00  0.1000E+03  0.0000E+00  0.0000E+00
     1  3795     1     2        0  0.0000E+00  0.9488E-10  0.0000E+00  0.0000E+00
     1  3796     1     1        0  0.0000E+00  0.2504E+02  0.0000E+00  0.0000E+00
     1  3796     1     2        0  0.0000E+00  0.1777E-10  0.0000E+00  0.0000E+00
     1  3797     1     1        0  0.0000E+00  0.1240E+02  0.0000E+00  0.0000E+00
     1  3797     1     2        0  0.0000E+00  0.1935E-10  0.0000E+00  0.0000E+00
     1  3798     1     1        0  0.0000E+00  0.4458E+02  0.0000E+00  0.0000E+00
     1  3798     1     2        0  0.0000E+00  0.3245E-10  0.0000E+00  0.0000E+00
     1  3799     1     1        0  0.0000E+00  0.3720E+02  0.0000E+00  0.0000E+00
     1  3799     1     2        0  0.0000E+00  0.4684E-10  0.0000E+00  0.0000E+00
     1  3800     1     1        0  0.0000E+00  0.4849E+01  0.0000E+00  0.0000E+00
     1  3800     1     2        0  0.0000E+00  0.6133E-11  0.0000E+00  0.0000E+00
     1  3801     1     1        0  0.0000E+00  0.2191E+01  0.0000E+00  0.0000E+00
     1  3801     1     2        0  0.0000E+00  0.5052E-11  0.0000E+00  0.0000E+00
     1  3802     1     1        0  0.0000E+00  0.1167E+02  0.0000E+00  0.0000E+00
     1  3802     1     2        0  0.0000E+00  0.2129E-10  0.0000E+00  0.0000E+00
     1  3803     1     1        0  0.0000E+00  0.2177E+02  0.0000E+00  0.0000E+00
     1  3803     1     2        0  0.0000E+00  0.2212E-10  0.0000E+00  0.0000E+00
     1  3804     1     1        0  0.0000E+00  0.6967E+02  0.0000E+00  0.0000E+00
     1  3804     1     2        0  0.0000E+00  0.7623E-10  0.0000E+00  0.0000E+00
     1  3805     1     1        0  0.0000E+00  0.5928E+02  0.0000E+00  0.0000E+00
     1  3805     1     2        0  0.0000E+00  0.5686E-10  0.0000E+00  0.0000E+00
     1  3806     1     1        0  0.0000E+00  0.1000E+03  0.0000E+00  0.0000E+00
     1  3806     1     2        0  0.0000E+00  0.1194E-09  0.0000E+00  0.0000E+00
     1  3807     1     1        0  0.0000E+00  0.5548E+01  0.0000E+00  0.0000E+00
     1  3807     1     2        0  0.0000E+00  0.3196E-11  0.0000E+00  0.0000E+00
     1  3808     1     1        0  0.0000E+00  0.1017E+02  0.0000E+00  0.0000E+00
     1  3808     1     2        0  0.0000E+00  0.1201E-10  0.0000E+00  0.0000E+00
     1  3809     1     1        0  0.0000E+00  0.1268E+02  0.0000E+00  0.0000E+00
     1  3809     1     2        0  0.0000E+00  0.4395E-11  0.0000E+00  0.0000E+00
     1  3810     1     1        0  0.0000E+00  0.2232E+02  0.0000E+00  0.0000E+00
     1  3810     1     2        0  0.0000E+00  0.2787E-10  0.0000E+00  0.0000E+00
     1  3811     1     1        0  0.0000E+00  0.1000E+03  0.0000E+00  0.0000E+00
     1  3811     1     2        0  0.0000E+00  0.9492E-10  0.0000E+00  0.0000E+00
     1  3812     1     1        0  0.0000E+00  0.1152E+02  0.0000E+00  0.0000E+00
     1  3812     1     2        0  0.0000E+00  0.1627E-11  0.0000E+00  0.0000E+00
     1  3813     1     1        0  0.0000E+00  0.8774E+01  0.0000E+00  0.0000E+00
     1  3813     1     2        0  0.0000E+00  0.1069E-11  0.0000E+00  0.0000E+00
     1  3814     1     1        0  0.0000E+00  0.2408E+02  0.0000E+00  0.0000E+00
     1  3814     1     2        0  0.0000E+00  0.2313E-10  0.0000E+00  0.0000E+00
     1  3815     1     1        0  0.0000E+00  0.8784E+02  0.0000E+00  0.0000E+00
     1  3815     1     2        0  0.0000E+00  0.8519E-10  0.0000E+00  0.0000E+00
     1  3816     1     1        0  0.0000E+00  0.9214E+01  0.0000E+00  0.0000E+00
     1  3816     1     2        0  0.0000E+00  0.1150E-10  0.0000E+00  0.0000E+00
     1  3817     1     1        0  0.0000E+00  0.3280E+02  0.0000E+00  0.0000E+00
     1  3817     1     2        0  0.0000E+00  0.2961E-10  0.0000E+00  0.0000E+00
     1  3818     1     1        0  0.0000E+00  0.1000E+03  0.0000E+00  0.0000E+00
     1  3818     1     2        0  0.0000E+00  0.9716E-10  0.0000E+00  0.0000E+00
     1  3819     1     1        0  0.0000E+00  0.2122E+02  0.0000E+00  0.0000E+00
     1  3819     1     2        0  0.0000E+00  0.2165E-10  0.0000E+00  0.0000E+00
     1  3820     1     1        0  0.0000E+00  0.9612E+01  0.0000E+00  0.0000E+00
     1  3820     1     2        0  0.0000E+00  0.1715E-10  0.0000E+00  0.0000E+00
     1  3821     1     1        0  0.0000E+00  0.5627E+00  0.0000E+00  0.0000E+00
     1  3821     1     2        0  0.0000E+00  0.8628E-12  0.0000E+00  0.0000E+00
     1  3822     1     1        0  0.0000E+00  0.1008E+02  0.0000E+00  0.0000E+00
     1  3822     1     2        0  0.0000E+00  0.1899E-10  0.0000E+00  0.0000E+00
     1  3823     1     1        0  0.0000E+00  0.1560E+02  0.0000E+00  0.0000E+00
     1  3823     1     2        0  0.0000E+00  0.8856E-11  0.0000E+00  0.0000E+00
     1  3824     1     1        0  0.0000E+00  0.1880E+02  0.0000E+00  0.0000E+00
     1  3824     1     2        0  0.0000E+00  0.2153E-10  0.0000E+00  0.0000E+00
     1  3825     1     1        0  0.0000E+00  0.1000E+03  0.0000E+00  0.0000E+00
     1  3825     1     2        0  0.0000E+00  0.1265E-09  0.0000E+00  0.0000E+00
     1  3826     1     1        0  0.0000E+00  0.1000E+03  0.0000E+00  0.0000E+00
     1  3826     1     2        0  0.0000E+00  0.7758E-10  0.0000E+00  0.0000E+00
     1  3827     1     1        0  0.0000E+00  0.3524E+02  0.0000E+00  0.0000E+00
     1  3827     1     2        0  0.0000E+00  0.3285E-10  0.0000E+00  0.0000E+00
     1  3828     1     1        0  0.0000E+00  0.8788E+01  0.0000E+00  0.0000E+00
     1  3828     1     2        0  0.0000E+00  0.1228E-10  0.0000E+00  0.0000E+00
     1  3829     1     1        0  0.0000E+00  0.1410E+01  0.0000E+00  0.0000E+00
     1  3829     1     2        0  0.0000E+00  0.2321E-11  0.0000E+00  0.0000E+00
     1  3830     1     1        0  0.0000E+00  0.5969E+01  0.0000E+00  0.0000E+00
     1  3830     1     2        0  0.0000E+00  0.3526E-12  0.0000E+00  0.0000E+00
     1  3831     1     1        0  0.0000E+00  0.1419E+02  0.0000E+00  0.0000E+00
     1  3831     1     2        0  0.0000E+00  0.1320E-10  0.0000E+00  0.0000E+00
     1  3832     1     1        0  0.0000E+00  0.3391E+02  0.0000E+00  0.0000E+00
     1  3832     1     2        0  0.0000E+00  0.2739E-10  0.0000E+00  0.0000E+00
     1  3833     1     1        0  0.0000E+00  0.1000E+03  0.0000E+00  0.0000E+00
     1  3833     1     2        0  0.0000E+00  0.9548E-10  0.0000E+00  0.0000E+00
     1  3834     1     1        0  0.0000E+00  0.2424E+02  0.0000E+00  0.0000E+00
     1  3834     1     2        0  0.0000E+00  0.2893E-10  0.0000E+00  0.0000E+00
     1  3835     1     1        0  0.0000E+00  0.9599E+01  0.0000E+00  0.0000E+00
     1  3835     1     2        0  0.0000E+00  0.4924E-11  0.0000E+00  0.0000E+00
     1  3836     1     1        0  0.0000E+00  0.4694E+00  0.0000E+00  0.0000E+00
     1  3836     1     2        0  0.0000E+00  0.7252E-11  0.0000E+00  0.0000E+00
     1  3837     1     1        0  0.0000E+00  0.1188E+02  0.0000E+00  0.0000E+00
     1  3837     1     2        0  0.0000E+00  0.8854E-11  0.0000E+00  0.0000E+00
     1  3838     1     1        0  0.0000E+00  0.1979E+02  0.0000E+00  0.0000E+00
     1  3838     1     2        0  0.0000E+00  0.2613E-10  0.0000E+00  0.0000E+00
     1  3839     1     1        0  0.0000E+00  0.3184E+02  0.0000E+00  0.0000E+00
     1  3839     1     2        0  0.0000E+00  0.3618E-10  0.0000E+00  0.0000E+00
     1  3840     1     1        0  0.0000E+00  0.1822E+02  0.0000E+00  0.0000E+00
     1  3840     1     2        0  0.0000E+00  0.2686E-10  0.0000E+00  0.0000E+00
     1  3841     1     1        0  0.0000E+00  0.2354E+02  0.0000E+00  0.0000E+00
     1  3841     1     2        0  0.0000E+00  0.1440E-10  0.0000E+00  0.0000E+00
     1  3842     1     1        0  0.0000E+00  0.1308E+02  0.0000E+00  0.0000E+00
     1  3842     1     2        0  0.0000E+00  0.9333E-11  0.0000E+00  0.0000E+00
     1  3843     1     1        0  0.0000E+00  0.4115E+01  0.0000E+00  0.0000E+00
     1  3843     1     2        0  0.0000E+00  0.1917E-11  0.0000E+00  0.0000E+00
     1  3844     1     1        0  0.0000E+00  0.8393E+01  0.0000E+00  0.0000E+00
     1  3844     1     2        0  0.0000E+00  0.1701E-10  0.0000E+00  0.0000E+00
     1  3845     1     1        0  0.0000E+00  0.8254E+00  0.0000E+00  0.0000E+00
     1  3845     1     2        0  0.0000E+00  0.1125E-10  0.0000E+00  0.0000E+00
     1  3846     1     1        0  0.0000E+00  0.2346E+01  0.0000E+00  0.0000E+00
     1  3846     1     2        0  0.0000E+00  0.1166E-10  0.0000E+00  0.0000E+00
     1  3847     1     1        0  0.0000E+00  0.1093E+01  0.0000E+00  0.0000E+00
     1  3847     1     2        0  0.0000E+00  0.5670E-11  0.0000E+00  0.0000E+00
     1  3848     1     1        0  0.0000E+00  0.2025E+01  0.0000E+00  0.0000E+00
     1  3848     1     2        0  0.0000E+00  0.1203E-11  0.0000E+00  0.0000E+00
     1  3849     1     1        0  0.0000E+00  0.1441E+02  0.0000E+00  0.0000E+00
     1  3849     1     2        0  0.0000E+00  0.1883E-11  0.0000E+00  0.0000E+00
     1  3850     1     1        0  0.0000E+00  0.3319E+02  0.0000E+00  0.0000E+00
     1  3850     1     2        0  0.0000E+00  0.2867E-10  0.0000E+00  0.0000E+00
     1  3851     1     1        0  0.0000E+00  0.2629E+02  0.0000E+00  0.0000E+00
     1  3851     1     2        0  0.0000E+00  0.3672E-10  0.0000E+00  0.0000E+00
     1  3852     1     1        0  0.0000E+00  0.5474E+01  0.0000E+00  0.0000E+00
     1  3852     1     2        0  0.0000E+00  0.9162E-11  0.0000E+00  0.0000E+00
     1  3853     1     1        0  0.0000E+00  0.4565E+01  0.0000E+00  0.0000E+00
     1  3853     1     2        0  0.0000E+00  0.7142E-11  0.0000E+00  0.0000E+00
     1  3854     1     1        0  0.0000E+00  0.2651E+02  0.0000E+00  0.0000E+00
     1  3854     1     2        0  0.0000E+00  0.1976E-10  0.0000E+00  0.0000E+00
     1  3855     1     1        0  0.0000E+00  0.1000E+03  0.0000E+00  0.0000E+00
     1  3855     1     2        0  0.0000E+00  0.9348E-10  0.0000E+00  0.0000E+00
     1  3856     1     1        0  0.0000E+00  0.2600E+02  0.0000E+00  0.0000E+00
     1  3856     1     2        0  0.0000E+00  0.2098E-10  0.0000E+00  0.0000E+00
     1  3857     1     1        0  0.0000E+00  0.6432E+01  0.0000E+00  0.0000E+00
     1  3857     1     2        0  0.0000E+00  0.1402E-10  0.0000E+00  0.0000E+00
     1  3858     1     1        0  0.0000E+00  0.6479E+01  0.0000E+00  0.0000E+00
     1  3858     1     2        0  0.0000E+00  0.1020E-11  0.0000E+00  0.0000E+00
     1  3859     1     1        0  0.0000E+00  0.5439E+01  0.0000E+00  0.0000E+00
     1  3859     1     2        0  0.0000E+00  0.4679E-11  0.0000E+00  0.0000E+00
     1  3860     1     1        0  0.0000E+00  0.5901E+01  0.0000E+00  0.0000E+00
     1  3860     1     2        0  0.0000E+00  0.5656E-11  0.0000E+00  0.0000E+00
     1  3861     1     1        0  0.0000E+00  0.3778E+01  0.0000E+00  0.0000E+00
     1  3861     1     2        0  0.0000E+00  0.6865E-11  0.0000E+00  0.0000E+00
     1  3862     1     1        0  0.0000E+00  0.4070E+01  0.0000E+00  0.0000E+00
     1  3862     1     2        0  0.0000E+00  0.2551E-11  0.0000E+00  0.0000E+00
     1  3863     1     1        0  0.0000E+00  0.5125E+01  0.0000E+00  0.0000E+00
     1  3863     1     2        0  0.0000E+00  0.3011E-11  0.0000E+00  0.0000E+00
     1  3864     1     1        0  0.0000E+00  0.6013E+01  0.0000E+00  0.0000E+00
     1  3864     1     2        0  0.0000E+00  0.1030E-10  0.0000E+00  0.0000E+00
     1  3865     1     1        0  0.0000E+00  0.1086E+02  0.0000E+00  0.0000E+00
     1  3865     1     2        0  0.0000E+00  0.1030E-10  0.0000E+00  0.0000E+00
     1  3866     1     1        0  0.0000E+00  0.2626E+02  0.0000E+00  0.0000E+00
     1  3866     1     2        0  0.0000E+00  0.2355E-10  0.0000E+00  0.0000E+00
     1  3867     1     1        0  0.0000E+00  0.1000E+03  0.0000E+00  0.0000E+00
     1  3867     1     2        0  0.0000E+00  0.9134E-10  0.0000E+00  0.0000E+00
     1  3868     1     1        0  0.0000E+00  0.1785E+02  0.0000E+00  0.0000E+00
     1  3868     1     2        0  0.0000E+00  0.1960E-10  0.0000E+00  0.0000E+00
     1  3869     1     1        0  0.0000E+00  0.7468E+01  0.0000E+00  0.0000E+00
     1  3869     1     2        0  0.0000E+00  0.2490E-11  0.0000E+00  0.0000E+00
     1  3870     1     1        0  0.0000E+00  0.1044E+02  0.0000E+00  0.0000E+00
     1  3870     1     2        0  0.0000E+00  0.2350E-11  0.0000E+00  0.0000E+00
     1  3871     1     1        0  0.0000E+00  0.9756E+01  0.0000E+00  0.0000E+00
     1  3871     1     2        0  0.0000E+00  0.5262E-11  0.0000E+00  0.0000E+00
     1  3872     1     1        0  0.0000E+00  0.2362E+02  0.0000E+00  0.0000E+00
     1  3872     1     2        0  0.0000E+00  0.3262E-10  0.0000E+00  0.0000E+00
     1  3873     1     1        0  0.0000E+00  0.2967E+02  0.0000E+00  0.0000E+00
     1  3873     1     2        0  0.0000E+00  0.2348E-10  0.0000E+00  0.0000E+00
     1  3874     1     1        0  0.0000E+00  0.1990E+02  0.0000E+00  0.0000E+00
     1  3874     1     2        0  0.0000E+00  0.2164E-10  0.0000E+00  0.0000E+00
     1  3875     1     1        0  0.0000E+00  0.1241E+01  0.0000E+00  0.0000E+00
     1  3875     1     2        0  0.0000E+00  0.2972E-11  0.0000E+00  0.0000E+00
     1  3876     1     1        0  0.0000E+00  0.6507E+01  0.0000E+00  0.0000E+00
     1  3876     1     2        0  0.0000E+00  0.4061E-11  0.0000E+00  0.0000E+00
     1  3877     1     1        0  0.0000E+00  0.1456E+01  0.0000E+00  0.0000E+00
     1  3877     1     2        0  0.0000E+00  0.2221E-11  0.0000E+00  0.0000E+00
     1  3878     1     1        0  0.0000E+00  0.5548E+01  0.0000E+00  0.0000E+00
     1  3878     1     2        0  0.0000E+00  0.3220E-11  0.0000E+00  0.0000E+00
     1  3879     1     1        0  0.0000E+00  0.9595E+01  0.0000E+00  0.0000E+00
     1  3879     1     2        0  0.0000E+00  0.6653E-11  0.0000E+00  0.0000E+00
     1  3880     1     1        0  0.0000E+00  0.3542E+01  0.0000E+00  0.0000E+00
     1  3880     1     2        0  0.0000E+00  0.1396E-11  0.0000E+00  0.0000E+00
     1  3881     1     1        0  0.0000E+00  0.1524E+02  0.0000E+00  0.0000E+00
     1  3881     1     2        0  0.0000E+00  0.2333E-10  0.0000E+00  0.0000E+00
     1  3882     1     1        0  0.0000E+00  0.2604E+02  0.0000E+00  0.0000E+00
     1  3882     1     2        0  0.0000E+00  0.2378E-10  0.0000E+00  0.0000E+00
     1  3883     1     1        0  0.0000E+00  0.6430E+01  0.0000E+00  0.0000E+00
     1  3883     1     2        0  0.0000E+00  0.3544E-11  0.0000E+00  0.0000E+00
     1  3884     1     1        0  0.0000E+00  0.4532E+01  0.0000E+00  0.0000E+00
     1  3884     1     2        0  0.0000E+00  0.5483E-12  0.0000E+00  0.0000E+00
     1  3885     1     1        0  0.0000E+00  0.5392E+01  0.0000E+00  0.0000E+00
     1  3885     1     2        0  0.0000E+00  0.1024E-10  0.0000E+00  0.0000E+00
     1  3886     1     1        0  0.0000E+00  0.1203E+02  0.0000E+00  0.0000E+00
     1  3886     1     2        0  0.0000E+00  0.4173E-11  0.0000E+00  0.0000E+00
     1  3887     1     1        0  0.0000E+00  0.1521E+02  0.0000E+00  0.0000E+00
     1  3887     1     2        0  0.0000E+00  0.1462E-10  0.0000E+00  0.0000E+00
     1  3888     1     1        0  0.0000E+00  0.5742E+01  0.0000E+00  0.0000E+00
     1  3888     1     2        0  0.0000E+00  0.1566E-11  0.0000E+00  0.0000E+00
     1  3889     1     1        0  0.0000E+00  0.9862E+01  0.0000E+00  0.0000E+00
     1  3889     1     2        0  0.0000E+00  0.1140E-10  0.0000E+00  0.0000E+00
     1  3890     1     1        0  0.0000E+00  0.2304E+02  0.0000E+00  0.0000E+00
     1  3890     1     2        0  0.0000E+00  0.1676E-10  0.0000E+00  0.0000E+00
     1  3891     1     1        0  0.0000E+00  0.3770E+02  0.0000E+00  0.0000E+00
     1  3891     1     2        0  0.0000E+00  0.4797E-10  0.0000E+00  0.0000E+00
     1  3892     1     1        0  0.0000E+00  0.3696E+01  0.0000E+00  0.0000E+00
     1  3892     1     2        0  0.0000E+00  0.1500E-10  0.0000E+00  0.0000E+00
     1  3893     1     1        0  0.0000E+00  0.1321E+02  0.0000E+00  0.0000E+00
     1  3893     1     2        0  0.0000E+00  0.1108E-10  0.0000E+00  0.0000E+00
     1  3894     1     1        0  0.0000E+00  0.2402E+02  0.0000E+00  0.0000E+00
     1  3894     1     2        0  0.0000E+00  0.2188E-10  0.0000E+00  0.0000E+00
     1  3895     1     1        0  0.0000E+00  0.1000E+03  0.0000E+00  0.0000E+00
     1  3895     1     2        0  0.0000E+00  0.1032E-09  0.0000E+00  0.0000E+00
     1  3896     1     1        0  0.0000E+00  0.1967E+01  0.0000E+00  0.0000E+00
     1  3896     1     2        0  0.0000E+00  0.1682E-10  0.0000E+00  0.0000E+00
     1  3897     1     1        0  0.0000E+00  0.1218E+02  0.0000E+00  0.0000E+00
     1  3897     1     2        0  0.0000E+00  0.5959E-11  0.0000E+00  0.0000E+00
     1  3898     1     1        0  0.0000E+00  0.2446E+02  0.0000E+00  0.0000E+00
     1  3898     1     2        0  0.0000E+00  0.2040E-10  0.0000E+00  0.0000E+00
     1  3899     1     1        0  0.0000E+00  0.1000E+03  0.0000E+00  0.0000E+00
     1  3899     1     2        0  0.0000E+00  0.1028E-09  0.0000E+00  0.0000E+00
     1  3900     1     1        0  0.0000E+00  0.8169E+01  0.0000E+00  0.0000E+00
     1  3900     1     2        0  0.0000E+00  0.1347E-10  0.0000E+00  0.0000E+00
     1  3901     1     1        0  0.0000E+00  0.2798E+01  0.0000E+00  0.0000E+00
     1  3901     1     2        0  0.0000E+00  0.1319E-10  0.0000E+00  0.0000E+00
     1  3902     1     1        0  0.0000E+00  0.8358E+01  0.0000E+00  0.0000E+00
     1  3902     1     2        0  0.0000E+00  0.1780E-10  0.0000E+00  0.0000E+00
     1  3903     1     1        0  0.0000E+00  0.6754E+01  0.0000E+00  0.0000E+00
     1  3903     1     2        0  0.0000E+00  0.1840E-11  0.0000E+00  0.0000E+00
     1  3904     1     1        0  0.0000E+00  0.4776E+01  0.0000E+00  0.0000E+00
     1  3904     1     2        0  0.0000E+00  0.1074E-10  0.0000E+00  0.0000E+00
     1  3905     1     1        0  0.0000E+00  0.6840E+00  0.0000E+00  0.0000E+00
     1  3905     1     2        0  0.0000E+00  0.6282E-12  0.0000E+00  0.0000E+00
     1  3906     1     1        0  0.0000E+00  0.7199E+01  0.0000E+00  0.0000E+00
     1  3906     1     2        0  0.0000E+00  0.1441E-10  0.0000E+00  0.0000E+00
     1  3907     1     1        0  0.0000E+00  0.1975E+02  0.0000E+00  0.0000E+00
     1  3907     1     2        0  0.0000E+00  0.7853E-11  0.0000E+00  0.0000E+00
     1  3908     1     1        0  0.0000E+00  0.3577E+02  0.0000E+00  0.0000E+00
     1  3908     1     2        0  0.0000E+00  0.3011E-10  0.0000E+00  0.0000E+00
     1  3909     1     1        0  0.0000E+00  0.7662E+02  0.0000E+00  0.0000E+00
     1  3909     1     2        0  0.0000E+00  0.6278E-10  0.0000E+00  0.0000E+00
     1  3910     1     1        0  0.0000E+00  0.1000E+03  0.0000E+00  0.0000E+00
     1  3910     1     2        0  0.0000E+00  0.7925E-10  0.0000E+00  0.0000E+00
     1  3911     1     1        0  0.0000E+00  0.1202E+02  0.0000E+00  0.0000E+00
     1  3911     1     2        0  0.0000E+00  0.4994E-11  0.0000E+00  0.0000E+00
     1  3912     1     1        0  0.0000E+00  0.2969E+02  0.0000E+00  0.0000E+00
     1  3912     1     2        0  0.0000E+00  0.3158E-10  0.0000E+00  0.0000E+00
     1  3913     1     1        0  0.0000E+00  0.1000E+03  0.0000E+00  0.0000E+00
     1  3913     1     2        0  0.0000E+00  0.1036E-09  0.0000E+00  0.0000E+00
     1  3914     1     1        0  0.0000E+00  0.2103E+01  0.0000E+00  0.0000E+00
     1  3914     1     2        0  0.0000E+00  0.4915E-11  0.0000E+00  0.0000E+00
     1  3915     1     1        0  0.0000E+00  0.7250E+01  0.0000E+00  0.0000E+00
     1  3915     1     2        0  0.0000E+00  0.1451E-10  0.0000E+00  0.0000E+00
     1  3916     1     1        0  0.0000E+00  0.9028E+01  0.0000E+00  0.0000E+00
     1  3916     1     2        0  0.0000E+00  0.1529E-10  0.0000E+00  0.0000E+00
     1  3917     1     1        0  0.0000E+00  0.3364E+02  0.0000E+00  0.0000E+00
     1  3917     1     2        0  0.0000E+00  0.2003E-10  0.0000E+00  0.0000E+00
     1  3918     1     1        0  0.0000E+00  0.3875E+02  0.0000E+00  0.0000E+00
     1  3918     1     2        0  0.0000E+00  0.4283E-10  0.0000E+00  0.0000E+00
     1  3919     1     1        0  0.0000E+00  0.9210E+02  0.0000E+00  0.0000E+00
     1  3919     1     2        0  0.0000E+00  0.7480E-10  0.0000E+00  0.0000E+00
     1  3920     1     1        0  0.0000E+00  0.6880E+02  0.0000E+00  0.0000E+00
     1  3920     1     2        0  0.0000E+00  0.4423E-10  0.0000E+00  0.0000E+00
     1  3921     1     1        0  0.0000E+00  0.9145E+00  0.0000E+00  0.0000E+00
     1  3921     1     2        0  0.0000E+00  0.9910E-11  0.0000E+00  0.0000E+00
     1  3922     1     1        0  0.0000E+00  0.1396E+02  0.0000E+00  0.0000E+00
     1  3922     1     2        0  0.0000E+00  0.1967E-10  0.0000E+00  0.0000E+00
     1  3923     1     1        0  0.0000E+00  0.1045E+02  0.0000E+00  0.0000E+00
     1  3923     1     2        0  0.0000E+00  0.1619E-10  0.0000E+00  0.0000E+00
     1  3924     1     1        0  0.0000E+00  0.7638E+01  0.0000E+00  0.0000E+00
     1  3924     1     2        0  0.0000E+00  0.9786E-12  0.0000E+00  0.0000E+00
     1  3925     1     1        0  0.0000E+00  0.4622E+02  0.0000E+00  0.0000E+00
     1  3925     1     2        0  0.0000E+00  0.3800E-10  0.0000E+00  0.0000E+00
     1  3926     1     1        0  0.0000E+00  0.7833E+02  0.0000E+00  0.0000E+00
     1  3926     1     2        0  0.0000E+00  0.9551E-10  0.0000E+00  0.0000E+00
     1  3927     1     1        0  0.0000E+00  0.2491E+02  0.0000E+00  0.0000E+00
     1  3927     1     2        0  0.0000E+00  0.2303E-10  0.0000E+00  0.0000E+00
     1  3928     1     1        0  0.0000E+00  0.1000E+03  0.0000E+00  0.0000E+00
     1  3928     1     2        0  0.0000E+00  0.8515E-10  0.0000E+00  0.0000E+00
     1  3929     1     1        0  0.0000E+00  0.4005E+01  0.0000E+00  0.0000E+00
     1  3929     1     2        0  0.0000E+00  0.1156E-10  0.0000E+00  0.0000E+00
     1  3930     1     1        0  0.0000E+00  0.1938E+02  0.0000E+00  0.0000E+00
     1  3930     1     2        0  0.0000E+00  0.1611E-10  0.0000E+00  0.0000E+00
     1  3931     1     1        0  0.0000E+00  0.2038E+02  0.0000E+00  0.0000E+00
     1  3931     1     2        0  0.0000E+00  0.1760E-10  0.0000E+00  0.0000E+00
     1  3932     1     1        0  0.0000E+00  0.1000E+03  0.0000E+00  0.0000E+00
     1  3932     1     2        0  0.0000E+00  0.7935E-10  0.0000E+00  0.0000E+00
     1  3933     1     1        0  0.0000E+00  0.4411E+02  0.0000E+00  0.0000E+00
     1  3933     1     2        0  0.0000E+00  0.4920E-10  0.0000E+00  0.0000E+00
     1  3934     1     1        0  0.0000E+00  0.9433E+00  0.0000E+00  0.0000E+00
     1  3934     1     2        0  0.0000E+00  0.9433E-11  0.0000E+00  0.0000E+00
     1  3935     1     1        0  0.0000E+00  0.4430E+01  0.0000E+00  0.0000E+00
     1  3935     1     2        0  0.0000E+00  0.2215E-11  0.0000E+00  0.0000E+00
     1  3936     1     1        0  0.0000E+00  0.1184E+02  0.0000E+00  0.0000E+00
     1  3936     1     2        0  0.0000E+00  0.6558E-12  0.0000E+00  0.0000E+00
     1  3937     1     1        0  0.0000E+00  0.5764E+01  0.0000E+00  0.0000E+00
     1  3937     1     2        0  0.0000E+00  0.2908E-11  0.0000E+00  0.0000E+00
     1  3938     1     1        0  0.0000E+00  0.1617E+02  0.0000E+00  0.0000E+00
     1  3938     1     2        0  0.0000E+00  0.1940E-10  0.0000E+00  0.0000E+00
     1  3939     1     1        0  0.0000E+00  0.2031E+02  0.0000E+00  0.0000E+00
     1  3939     1     2        0  0.0000E+00  0.1734E-10  0.0000E+00  0.0000E+00
     1  3940     1     1        0  0.0000E+00  0.1000E+03  0.0000E+00  0.0000E+00
     1  3940     1     2        0  0.0000E+00  0.1085E-09  0.0000E+00  0.0000E+00
     1  3941     1     1        0  0.0000E+00  0.4709E+01  0.0000E+00  0.0000E+00
     1  3941     1     2        0  0.0000E+00  0.1057E-10  0.0000E+00  0.0000E+00
     1  3942     1     1        0  0.0000E+00  0.3571E+01  0.0000E+00  0.0000E+00
     1  3942     1     2        0  0.0000E+00  0.3922E-11  0.0000E+00  0.0000E+00
     1  3943     1     1        0  0.0000E+00  0.4682E+01  0.0000E+00  0.0000E+00
     1  3943     1     2        0  0.0000E+00  0.3429E-11  0.0000E+00  0.0000E+00
     1  3944     1     1        0  0.0000E+00  0.2764E+02  0.0000E+00  0.0000E+00
     1  3944     1     2        0  0.0000E+00  0.2408E-10  0.0000E+00  0.0000E+00
     1  3945     1     1        0  0.0000E+00  0.1000E+03  0.0000E+00  0.0000E+00
     1  3945     1     2        0  0.0000E+00  0.6529E-10  0.0000E+00  0.0000E+00
     1  3946     1     1        0  0.0000E+00  0.1785E+02  0.0000E+00  0.0000E+00
     1  3946     1     2        0  0.0000E+00  0.1792E-10  0.0000E+00  0.0000E+00
     1  3947     1     1        0  0.0000E+00  0.7749E+01  0.0000E+00  0.0000E+00
     1  3947     1     2        0  0.0000E+00  0.8835E-11  0.0000E+00  0.0000E+00
     1  3948     1     1        0  0.0000E+00  0.5448E+01  0.0000E+00  0.0000E+00
     1  3948     1     2        0  0.0000E+00  0.4957E-11  0.0000E+00  0.0000E+00
     1  3949     1     1        0  0.0000E+00  0.7311E+01  0.0000E+00  0.0000E+00
     1  3949     1     2        0  0.0000E+00  0.1535E-11  0.0000E+00  0.0000E+00
     1  3950     1     1        0  0.0000E+00  0.7979E+01  0.0000E+00  0.0000E+00
     1  3950     1     2        0  0.0000E+00  0.1091E-10  0.0000E+00  0.0000E+00
     1  3951     1     1        0  0.0000E+00  0.6828E+01  0.0000E+00  0.0000E+00
     1  3951     1     2        0  0.0000E+00  0.1336E-10  0.0000E+00  0.0000E+00
     1  3952     1     1        0  0.0000E+00  0.1090E+02  0.0000E+00  0.0000E+00
     1  3952     1     2        0  0.0000E+00  0.6074E-11  0.0000E+00  0.0000E+00
     1  3953     1     1        0  0.0000E+00  0.1255E+02  0.0000E+00  0.0000E+00
     1  3953     1     2        0  0.0000E+00  0.1082E-10  0.0000E+00  0.0000E+00
     1  3954     1     1        0  0.0000E+00  0.2146E+02  0.0000E+00  0.0000E+00
     1  3954     1     2        0  0.0000E+00  0.1367E-10  0.0000E+00  0.0000E+00
     1  3955     1     1        0  0.0000E+00  0.2341E+01  0.0000E+00  0.0000E+00
     1  3955     1     2        0  0.0000E+00  0.1100E-10  0.0000E+00  0.0000E+00
     1  3956     1     1        0  0.0000E+00  0.6694E+01  0.0000E+00  0.0000E+00
     1  3956     1     2        0  0.0000E+00  0.1314E-10  0.0000E+00  0.0000E+00
     1  3957     1     1        0  0.0000E+00  0.6037E+01  0.0000E+00  0.0000E+00
     1  3957     1     2        0  0.0000E+00  0.3707E-11  0.0000E+00  0.0000E+00
     1  3958     1     1        0  0.0000E+00  0.3074E+01  0.0000E+00  0.0000E+00
     1  3958     1     2        0  0.0000E+00  0.8022E-11  0.0000E+00  0.0000E+00
     1  3959     1     1        0  0.0000E+00  0.1730E+02  0.0000E+00  0.0000E+00
     1  3959     1     2        0  0.0000E+00  0.1100E-10  0.0000E+00  0.0000E+00
     1  3960     1     1        0  0.0000E+00  0.2956E+02  0.0000E+00  0.0000E+00
     1  3960     1     2        0  0.0000E+00  0.2414E-10  0.0000E+00  0.0000E+00
     1  3961     1     1        0  0.0000E+00  0.4264E+02  0.0000E+00  0.0000E+00
     1  3961     1     2        0  0.0000E+00  0.2826E-10  0.0000E+00  0.0000E+00
     1  3962     1     1        0  0.0000E+00  0.1000E+03  0.0000E+00  0.0000E+00
     1  3962     1     2        0  0.0000E+00  0.8829E-10  0.0000E+00  0.0000E+00
     1  3963     1     1        0  0.0000E+00  0.3449E+02  0.0000E+00  0.0000E+00
     1  3963     1     2        0  0.0000E+00  0.2131E-10  0.0000E+00  0.0000E+00
     1  3964     1     1        0  0.0000E+00  0.3722E+01  0.0000E+00  0.0000E+00
     1  3964     1     2        0  0.0000E+00  0.8295E-11  0.0000E+00  0.0000E+00
     1  3965     1     1        0  0.0000E+00  0.8923E+01  0.0000E+00  0.0000E+00
     1  3965     1     2        0  0.0000E+00  0.1306E-10  0.0000E+00  0.0000E+00
     1  3966     1     1        0  0.0000E+00  0.2422E+02  0.0000E+00  0.0000E+00
     1  3966     1     2        0  0.0000E+00  0.2848E-10  0.0000E+00  0.0000E+00
     1  3967     1     1        0  0.0000E+00  0.1000E+03  0.0000E+00  0.0000E+00
     1  3967     1     2        0  0.0000E+00  0.1016E-09  0.0000E+00  0.0000E+00
     1  3968     1     1        0  0.0000E+00  0.1262E+02  0.0000E+00  0.0000E+00
     1  3968     1     2        0  0.0000E+00  0.1350E-10  0.0000E+00  0.0000E+00
     1  3969     1     1        0  0.0000E+00  0.7295E+01  0.0000E+00  0.0000E+00
     1  3969     1     2        0  0.0000E+00  0.1972E-10  0.0000E+00  0.0000E+00
     1  3970     1     1        0  0.0000E+00  0.4411E+01  0.0000E+00  0.0000E+00
     1  3970     1     2        0  0.0000E+00  0.7617E-11  0.0000E+00  0.0000E+00
     1  3971     1     1        0  0.0000E+00  0.1059E+02  0.0000E+00  0.0000E+00
     1  3971     1     2        0  0.0000E+00  0.1970E-12  0.0000E+00  0.0000E+00
     1  3972     1     1        0  0.0000E+00  0.2458E+02  0.0000E+00  0.0000E+00
     1  3972     1     2        0  0.0000E+00  0.1664E-10  0.0000E+00  0.0000E+00
     1  3973     1     1        0  0.0000E+00  0.2126E+02  0.0000E+00  0.0000E+00
     1  3973     1     2        0  0.0000E+00  0.3512E-10  0.0000E+00  0.0000E+00
     1  3974     1     1        0  0.0000E+00  0.1000E+03  0.0000E+00  0.0000E+00
     1  3974     1     2        0  0.0000E+00  0.9795E-10  0.0000E+00  0.0000E+00
     1  3975     1     1        0  0.0000E+00  0.2826E+02  0.0000E+00  0.0000E+00
     1  3975     1     2        0  0.0000E+00  0.2980E-10  0.0000E+00  0.0000E+00
     1  3976     1     1        0  0.0000E+00  0.1167E+01  0.0000E+00  0.0000E+00
     1  3976     1     2        0  0.0000E+00  0.6149E-11  0.0000E+00  0.0000E+00
     1  3977     1     1        0  0.0000E+00  0.7683E+01  0.0000E+00  0.0000E+00
     1  3977     1     2        0  0.0000E+00  0.1249E-10  0.0000E+00  0.0000E+00
     1  3978     1     1        0  0.0000E+00  0.1164E+01  0.0000E+00  0.0000E+00
     1  3978     1     2        0  0.0000E+00  0.4892E-11  0.0000E+00  0.0000E+00
     1  3979     1     1        0  0.0000E+00  0.5736E+01  0.0000E+00  0.0000E+00
     1  3979     1     2        0  0.0000E+00  0.1906E-10  0.0000E+00  0.0000E+00
     1  3980     1     1        0  0.0000E+00  0.1099E+02  0.0000E+00  0.0000E+00
     1  3980     1     2        0  0.0000E+00  0.1275E-10  0.0000E+00  0.0000E+00
     1  3981     1     1        0  0.0000E+00  0.2281E+02  0.0000E+00  0.0000E+00
     1  3981     1     2        0  0.0000E+00  0.1705E-10  0.0000E+00  0.0000E+00
     1  3982     1     1        0  0.0000E+00  0.4277E+02  0.0000E+00  0.0000E+00
     1  3982     1     2        0  0.0000E+00  0.5029E-10  0.0000E+00  0.0000E+00
     1  3983     1     1        0  0.0000E+00  0.5150E+01  0.0000E+00  0.0000E+00
     1  3983     1     2        0  0.0000E+00  0.2440E-10  0.0000E+00  0.0000E+00
     1  3984     1     1        0  0.0000E+00  0.9591E+00  0.0000E+00  0.0000E+00
     1  3984     1     2        0  0.0000E+00  0.5812E-11  0.0000E+00  0.0000E+00
     1  3985     1     1        0  0.0000E+00  0.3836E+01  0.0000E+00  0.0000E+00
     1  3985     1     2        0  0.0000E+00  0.8244E-11  0.0000E+00  0.0000E+00
     1  3986     1     1        0  0.0000E+00  0.4475E+02  0.0000E+00  0.0000E+00
     1  3986     1     2        0  0.0000E+00  0.4434E-10  0.0000E+00  0.0000E+00
     1  3987     1     1        0  0.0000E+00  0.1000E+03  0.0000E+00  0.0000E+00
     1  3987     1     2        0  0.0000E+00  0.1095E-09  0.0000E+00  0.0000E+00
     1  3988     1     1        0  0.0000E+00  0.6732E+01  0.0000E+00  0.0000E+00
     1  3988     1     2        0  0.0000E+00  0.9905E-11  0.0000E+00  0.0000E+00
     1  3989     1     1        0  0.0000E+00  0.1297E+02  0.0000E+00  0.0000E+00
     1  3989     1     2        0  0.0000E+00  0.1368E-10  0.0000E+00  0.0000E+00
     1  3990     1     1        0  0.0000E+00  0.2669E+02  0.0000E+00  0.0000E+00
     1  3990     1     2        0  0.0000E+00  0.2410E-10  0.0000E+00  0.0000E+00
     1  3991     1     1        0  0.0000E+00  0.1000E+03  0.0000E+00  0.0000E+00
     1  3991     1     2        0  0.0000E+00  0.9535E-10  0.0000E+00  0.0000E+00
     1  3992     1     1        0  0.0000E+00  0.1174E+02  0.0000E+00  0.0000E+00
     1  3992     1     2        0  0.0000E+00  0.1572E-10  0.0000E+00  0.0000E+00
     1  3993     1     1        0  0.0000E+00  0.5453E+01  0.0000E+00  0.0000E+00
     1  3993     1     2        0  0.0000E+00  0.6864E-12  0.0000E+00  0.0000E+00
     1  3994     1     1        0  0.0000E+00  0.3173E+01  0.0000E+00  0.0000E+00
     1  3994     1     2        0  0.0000E+00  0.2132E-11  0.0000E+00  0.0000E+00
     1  3995     1     1        0  0.0000E+00  0.2369E+00  0.0000E+00  0.0000E+00
     1  3995     1     2        0  0.0000E+00  0.3453E-11  0.0000E+00  0.0000E+00
     1  3996     1     1        0  0.0000E+00  0.5825E+00  0.0000E+00  0.0000E+00
     1  3996     1     2        0  0.0000E+00  0.1174E-12  0.0000E+00  0.0000E+00
     1  3997     1     1        0  0.0000E+00  0.3236E+01  0.0000E+00  0.0000E+00
     1  3997     1     2        0  0.0000E+00  0.7783E-11  0.0000E+00  0.0000E+00
     1  3998     1     1        0  0.0000E+00  0.6738E+01  0.0000E+00  0.0000E+00
     1  3998     1     2        0  0.0000E+00  0.2333E-11  0.0000E+00  0.0000E+00
     1  3999     1     1        0  0.0000E+00  0.2175E+02  0.0000E+00  0.0000E+00
     1  3999     1     2        0  0.0000E+00  0.2694E-10  0.0000E+00  0.0000E+00
     1  4000     1     1        0  0.0000E+00  0.6526E+02  0.0000E+00  0.0000E+00
     1  4000     1     2        0  0.0000E+00  0.5890E-10  0.0000E+00  0.0000E+00
     1  4001     1     1        0  0.0000E+00  0.1446E+02  0.0000E+00  0.0000E+00
     1  4001     1     2        0  0.0000E+00  0.1471E-10  0.0000E+00  0.0000E+00
     1  4002     1     1        0  0.0000E+00  0.1013E+01  0.0000E+00  0.0000E+00
     1  4002     1     2        0  0.0000E+00  0.3815E-11  0.0000E+00  0.0000E+00
     1  4003     1     1        0  0.0000E+00  0.9305E+01  0.0000E+00  0.0000E+00
     1  4003     1     2        0  0.0000E+00  0.1470E-10  0.0000E+00  0.0000E+00
     1  4004     1     1        0  0.0000E+00  0.2072E+02  0.0000E+00  0.0000E+00
     1  4004     1     2        0  0.0000E+00  0.1748E-10  0.0000E+00  0.0000E+00
     1  4005     1     1        0  0.0000E+00  0.3762E+02  0.0000E+00  0.0000E+00
     1  4005     1     2        0  0.0000E+00  0.3369E-10  0.0000E+00  0.0000E+00
     1  4006     1     1        0  0.0000E+00  0.6058E+02  0.0000E+00  0.0000E+00
     1  4006     1     2        0  0.0000E+00  0.5094E-10  0.0000E+00  0.0000E+00
     1  4007     1     1        0  0.0000E+00  0.1000E+03  0.0000E+00  0.0000E+00
     1  4007     1     2        0  0.0000E+00  0.8404E-10  0.0000E+00  0.0000E+00
     1  4008     1     1        0  0.0000E+00  0.1421E+02  0.0000E+00  0.0000E+00
     1  4008     1     2        0  0.0000E+00  0.2956E-10  0.0000E+00  0.0000E+00
     1  4009     1     1        0  0.0000E+00  0.2802E+00  0.0000E+00  0.0000E+00
     1  4009     1     2        0  0.0000E+00  0.1320E-10  0.0000E+00  0.0000E+00
     1  4010     1     1        0  0.0000E+00  0.8427E+01  0.0000E+00  0.0000E+00
     1  4010     1     2        0  0.0000E+00  0.5185E-11  0.0000E+00  0.0000E+00
     1  4011     1     1        0  0.0000E+00  0.1264E+02  0.0000E+00  0.0000E+00
     1  4011     1     2        0  0.0000E+00  0.1526E-11  0.0000E+00  0.0000E+00
     1  4012     1     1        0  0.0000E+00  0.5190E+01  0.0000E+00  0.0000E+00
     1  4012     1     2        0  0.0000E+00  0.5703E-11  0.0000E+00  0.0000E+00
     1  4013     1     1        0  0.0000E+00  0.1261E+02  0.0000E+00  0.0000E+00
     1  4013     1     2        0  0.0000E+00  0.1098E-10  0.0000E+00  0.0000E+00
     1  4014     1     1        0  0.0000E+00  0.3468E+00  0.0000E+00  0.0000E+00
     1  4014     1     2        0  0.0000E+00  0.7078E-12  0.0000E+00  0.0000E+00
     1  4015     1     1        0  0.0000E+00  0.1351E+01  0.0000E+00  0.0000E+00
     1  4015     1     2        0  0.0000E+00  0.5403E-11  0.0000E+00  0.0000E+00
     1  4016     1     1        0  0.0000E+00  0.3935E+01  0.0000E+00  0.0000E+00
     1  4016     1     2        0  0.0000E+00  0.2567E-11  0.0000E+00  0.0000E+00
     1  4017     1     1        0  0.0000E+00  0.1360E+02  0.0000E+00  0.0000E+00
     1  4017     1     2        0  0.0000E+00  0.2029E-10  0.0000E+00  0.0000E+00
     1  4018     1     1        0  0.0000E+00  0.5327E+02  0.0000E+00  0.0000E+00
     1  4018     1     2        0  0.0000E+00  0.4256E-10  0.0000E+00  0.0000E+00
     1  4019     1     1        0  0.0000E+00  0.4245E+02  0.0000E+00  0.0000E+00
     1  4019     1     2        0  0.0000E+00  0.3535E-10  0.0000E+00  0.0000E+00
     1  4020     1     1        0  0.0000E+00  0.5129E+01  0.0000E+00  0.0000E+00
     1  4020     1     2        0  0.0000E+00  0.7142E-11  0.0000E+00  0.0000E+00
     1  4021     1     1        0  0.0000E+00  0.1722E+02  0.0000E+00  0.0000E+00
     1  4021     1     2        0  0.0000E+00  0.1019E-10  0.0000E+00  0.0000E+00
     1  4022     1     1        0  0.0000E+00  0.3402E+02  0.0000E+00  0.0000E+00
     1  4022     1     2        0  0.0000E+00  0.2700E-10  0.0000E+00  0.0000E+00
     1  4023     1     1        0  0.0000E+00  0.3115E+01  0.0000E+00  0.0000E+00
     1  4023     1     2        0  0.0000E+00  0.5970E-11  0.0000E+00  0.0000E+00
     1  4024     1     1        0  0.0000E+00  0.3647E+02  0.0000E+00  0.0000E+00
     1  4024     1     2        0  0.0000E+00  0.3293E-10  0.0000E+00  0.0000E+00
     1  4025     1     1        0  0.0000E+00  0.1000E+03  0.0000E+00  0.0000E+00
     1  4025     1     2        0  0.0000E+00  0.7057E-10  0.0000E+00  0.0000E+00
     1  4026     1     1        0  0.0000E+00  0.1898E+02  0.0000E+00  0.0000E+00
     1  4026     1     2        0  0.0000E+00  0.1406E-10  0.0000E+00  0.0000E+00
     1  4027     1     1        0  0.0000E+00  0.1048E+02  0.0000E+00  0.0000E+00
     1  4027     1     2        0  0.0000E+00  0.6048E-11  0.0000E+00  0.0000E+00
     1  4028     1     1        0  0.0000E+00  0.4930E+01  0.0000E+00  0.0000E+00
     1  4028     1     2        0  0.0000E+00  0.1855E-10  0.0000E+00  0.0000E+00
     1  4029     1     1        0  0.0000E+00  0.2081E+02  0.0000E+00  0.0000E+00
     1  4029     1     2        0  0.0000E+00  0.2221E-10  0.0000E+00  0.0000E+00
     1  4030     1     1        0  0.0000E+00  0.6934E+02  0.0000E+00  0.0000E+00
     1  4030     1     2        0  0.0000E+00  0.6850E-10  0.0000E+00  0.0000E+00
     1  4031     1     1        0  0.0000E+00  0.9757E+01  0.0000E+00  0.0000E+00
     1  4031     1     2        0  0.0000E+00  0.1783E-11  0.0000E+00  0.0000E+00
     1  4032     1     1        0  0.0000E+00  0.1979E+02  0.0000E+00  0.0000E+00
     1  4032     1     2        0  0.0000E+00  0.2135E-10  0.0000E+00  0.0000E+00
     1  4033     1     1        0  0.0000E+00  0.6047E+02  0.0000E+00  0.0000E+00
     1  4033     1     2        0  0.0000E+00  0.5773E-10  0.0000E+00  0.0000E+00
     1  4034     1     1        0  0.0000E+00  0.3559E+02  0.0000E+00  0.0000E+00
     1  4034     1     2        0  0.0000E+00  0.1657E-10  0.0000E+00  0.0000E+00
     1  4035     1     1        0  0.0000E+00  0.6534E+01  0.0000E+00  0.0000E+00
     1  4035     1     2        0  0.0000E+00  0.3301E-11  0.0000E+00  0.0000E+00
     1  4036     1     1        0  0.0000E+00  0.3672E+01  0.0000E+00  0.0000E+00
     1  4036     1     2        0  0.0000E+00  0.1076E-11  0.0000E+00  0.0000E+00
     1  4037     1     1        0  0.0000E+00  0.1679E+02  0.0000E+00  0.0000E+00
     1  4037     1     2        0  0.0000E+00  0.2206E-10  0.0000E+00  0.0000E+00
     1  4038     1     1        0  0.0000E+00  0.5143E+02  0.0000E+00  0.0000E+00
     1  4038     1     2        0  0.0000E+00  0.4812E-10  0.0000E+00  0.0000E+00
     1  4039     1     1        0  0.0000E+00  0.3969E+02  0.0000E+00  0.0000E+00
     1  4039     1     2        0  0.0000E+00  0.4835E-10  0.0000E+00  0.0000E+00
     1  4040     1     1        0  0.0000E+00  0.4181E+01  0.0000E+00  0.0000E+00
     1  4040     1     2        0  0.0000E+00  0.1095E-10  0.0000E+00  0.0000E+00
     1  4041     1     1        0  0.0000E+00  0.6312E+01  0.0000E+00  0.0000E+00
     1  4041     1     2        0  0.0000E+00  0.9741E-11  0.0000E+00  0.0000E+00
     1  4042     1     1        0  0.0000E+00  0.1586E+02  0.0000E+00  0.0000E+00
     1  4042     1     2        0  0.0000E+00  0.7730E-11  0.0000E+00  0.0000E+00
     1  4043     1     1        0  0.0000E+00  0.3084E+02  0.0000E+00  0.0000E+00
     1  4043     1     2        0  0.0000E+00  0.2873E-10  0.0000E+00  0.0000E+00
     1  4044     1     1        0  0.0000E+00  0.4618E+02  0.0000E+00  0.0000E+00
     1  4044     1     2        0  0.0000E+00  0.5464E-10  0.0000E+00  0.0000E+00
     1  4045     1     1        0  0.0000E+00  0.1891E+01  0.0000E+00  0.0000E+00
     1  4045     1     2        0  0.0000E+00  0.3260E-12  0.0000E+00  0.0000E+00
     1  4046     1     1        0  0.0000E+00  0.8822E+01  0.0000E+00  0.0000E+00
     1  4046     1     2        0  0.0000E+00  0.9015E-11  0.0000E+00  0.0000E+00
     1  4047     1     1        0  0.0000E+00  0.2890E+02  0.0000E+00  0.0000E+00
     1  4047     1     2        0  0.0000E+00  0.3151E-10  0.0000E+00  0.0000E+00
     1  4048     1     1        0  0.0000E+00  0.1000E+03  0.0000E+00  0.0000E+00
     1  4048     1     2        0  0.0000E+00  0.6885E-10  0.0000E+00  0.0000E+00
     1  4049     1     1        0  0.0000E+00  0.1370E+02  0.0000E+00  0.0000E+00
     1  4049     1     2        0  0.0000E+00  0.7858E-11  0.0000E+00  0.0000E+00
     1  4050     1     1        0  0.0000E+00  0.3171E+02  0.0000E+00  0.0000E+00
     1  4050     1     2        0  0.0000E+00  0.2926E-10  0.0000E+00  0.0000E+00
     1  4051     1     1        0  0.0000E+00  0.1000E+03  0.0000E+00  0.0000E+00
     1  4051     1     2        0  0.0000E+00  0.9184E-10  0.0000E+00  0.0000E+00
     1  4052     1     1        0  0.0000E+00  0.5037E+01  0.0000E+00  0.0000E+00
     1  4052     1     2        0  0.0000E+00  0.7632E-11  0.0000E+00  0.0000E+00
     1  4053     1     1        0  0.0000E+00  0.2880E+01  0.0000E+00  0.0000E+00
     1  4053     1     2        0  0.0000E+00  0.3059E-11  0.0000E+00  0.0000E+00
     1  4054     1     1        0  0.0000E+00  0.2242E+01  0.0000E+00  0.0000E+00
     1  4054     1     2        0  0.0000E+00  0.1073E-12  0.0000E+00  0.0000E+00
     1  4055     1     1        0  0.0000E+00  0.4362E+01  0.0000E+00  0.0000E+00
     1  4055     1     2        0  0.0000E+00  0.1405E-11  0.0000E+00  0.0000E+00
     1  4056     1     1        0  0.0000E+00  0.1119E+02  0.0000E+00  0.0000E+00
     1  4056     1     2        0  0.0000E+00  0.1175E-10  0.0000E+00  0.0000E+00
     1  4057     1     1        0  0.0000E+00  0.2769E+01  0.0000E+00  0.0000E+00
     1  4057     1     2        0  0.0000E+00  0.6021E-11  0.0000E+00  0.0000E+00
     1  4058     1     1        0  0.0000E+00  0.2746E+02  0.0000E+00  0.0000E+00
     1  4058     1     2        0  0.0000E+00  0.1974E-10  0.0000E+00  0.0000E+00
     1  4059     1     1        0  0.0000E+00  0.6076E+01  0.0000E+00  0.0000E+00
     1  4059     1     2        0  0.0000E+00  0.5329E-11  0.0000E+00  0.0000E+00
     1  4060     1     1        0  0.0000E+00  0.1177E+02  0.0000E+00  0.0000E+00
     1  4060     1     2        0  0.0000E+00  0.1895E-10  0.0000E+00  0.0000E+00
     1  4061     1     1        0  0.0000E+00  0.2643E+02  0.0000E+00  0.0000E+00
     1  4061     1     2        0  0.0000E+00  0.2053E-10  0.0000E+00  0.0000E+00
     1  4062     1     1        0  0.0000E+00  0.1000E+03  0.0000E+00  0.0000E+00
     1  4062     1     2        0  0.0000E+00  0.7898E-10  0.0000E+00  0.0000E+00
     1  4063     1     1        0  0.0000E+00  0.2690E+02  0.0000E+00  0.0000E+00
     1  4063     1     2        0  0.0000E+00  0.2561E-10  0.0000E+00  0.0000E+00
     1  4064     1     1        0  0.0000E+00  0.1417E+02  0.0000E+00  0.0000E+00
     1  4064     1     2        0  0.0000E+00  0.7339E-12  0.0000E+00  0.0000E+00
     1  4065     1     1        0  0.0000E+00  0.1932E+01  0.0000E+00  0.0000E+00
     1  4065     1     2        0  0.0000E+00  0.7021E-12  0.0000E+00  0.0000E+00
     1  4066     1     1        0  0.0000E+00  0.6809E+01  0.0000E+00  0.0000E+00
     1  4066     1     2        0  0.0000E+00  0.3419E-11  0.0000E+00  0.0000E+00
     1  4067     1     1        0  0.0000E+00  0.1331E+02  0.0000E+00  0.0000E+00
     1  4067     1     2        0  0.0000E+00  0.1524E-10  0.0000E+00  0.0000E+00
     1  4068     1     1        0  0.0000E+00  0.1885E+02  0.0000E+00  0.0000E+00
     1  4068     1     2        0  0.0000E+00  0.2124E-10  0.0000E+00  0.0000E+00
     1  4069     1     1        0  0.0000E+00  0.7043E+02  0.0000E+00  0.0000E+00
     1  4069     1     2        0  0.0000E+00  0.6853E-10  0.0000E+00  0.0000E+00
     1  4070     1     1        0  0.0000E+00  0.5080E+01  0.0000E+00  0.0000E+00
     1  4070     1     2        0  0.0000E+00  0.7813E-11  0.0000E+00  0.0000E+00
     1  4071     1     1        0  0.0000E+00  0.3302E+02  0.0000E+00  0.0000E+00
     1  4071     1     2        0  0.0000E+00  0.2650E-10  0.0000E+00  0.0000E+00
     1  4072     1     1        0  0.0000E+00  0.1000E+03  0.0000E+00  0.0000E+00
     1  4072     1     2        0  0.0000E+00  0.9275E-10  0.0000E+00  0.0000E+00
     1  4073     1     1        0  0.0000E+00  0.1484E+02  0.0000E+00  0.0000E+00
     1  4073     1     2        0  0.0000E+00  0.1119E-10  0.0000E+00  0.0000E+00
     1  4074     1     1        0  0.0000E+00  0.5293E+00  0.0000E+00  0.0000E+00
     1  4074     1     2        0  0.0000E+00  0.7697E-11  0.0000E+00  0.0000E+00
     1  4075     1     1        0  0.0000E+00  0.7197E+01  0.0000E+00  0.0000E+00
     1  4075     1     2        0  0.0000E+00  0.5159E-11  0.0000E+00  0.0000E+00
     1  4076     1     1        0  0.0000E+00  0.1495E+02  0.0000E+00  0.0000E+00
     1  4076     1     2        0  0.0000E+00  0.1058E-10  0.0000E+00  0.0000E+00
     1  4077     1     1        0  0.0000E+00  0.4039E+02  0.0000E+00  0.0000E+00
     1  4077     1     2        0  0.0000E+00  0.3676E-10  0.0000E+00  0.0000E+00
     1  4078     1     1        0  0.0000E+00  0.1494E+02  0.0000E+00  0.0000E+00
     1  4078     1     2        0  0.0000E+00  0.2671E-10  0.0000E+00  0.0000E+00
     1  4079     1     1        0  0.0000E+00  0.2648E+02  0.0000E+00  0.0000E+00
     1  4079     1     2        0  0.0000E+00  0.2476E-10  0.0000E+00  0.0000E+00
     1  4080     1     1        0  0.0000E+00  0.5029E+02  0.0000E+00  0.0000E+00
     1  4080     1     2        0  0.0000E+00  0.4475E-10  0.0000E+00  0.0000E+00
     1  4081     1     1        0  0.0000E+00  0.2151E+02  0.0000E+00  0.0000E+00
     1  4081     1     2        0  0.0000E+00  0.1288E-10  0.0000E+00  0.0000E+00
     1  4082     1     1        0  0.0000E+00  0.3011E+02  0.0000E+00  0.0000E+00
     1  4082     1     2        0  0.0000E+00  0.2544E-10  0.0000E+00  0.0000E+00
     1  4083     1     1        0  0.0000E+00  0.1000E+03  0.0000E+00  0.0000E+00
     1  4083     1     2        0  0.0000E+00  0.9309E-10  0.0000E+00  0.0000E+00
     1  4084     1     1        0  0.0000E+00  0.9499E+01  0.0000E+00  0.0000E+00
     1  4084     1     2        0  0.0000E+00  0.1815E-10  0.0000E+00  0.0000E+00
     1  4085     1     1        0  0.0000E+00  0.1588E+02  0.0000E+00  0.0000E+00
     1  4085     1     2        0  0.0000E+00  0.1313E-10  0.0000E+00  0.0000E+00
     1  4086     1     1        0  0.0000E+00  0.1587E+02  0.0000E+00  0.0000E+00
     1  4086     1     2        0  0.0000E+00  0.2239E-10  0.0000E+00  0.0000E+00
     1  4087     1     1        0  0.0000E+00  0.1265E+01  0.0000E+00  0.0000E+00
     1  4087     1     2        0  0.0000E+00  0.4639E-11  0.0000E+00  0.0000E+00
     1  4088     1     1        0  0.0000E+00  0.9583E+00  0.0000E+00  0.0000E+00
     1  4088     1     2        0  0.0000E+00  0.1098E-11  0.0000E+00  0.0000E+00
     1  4089     1     1        0  0.0000E+00  0.4327E+01  0.0000E+00  0.0000E+00
     1  4089     1     2        0  0.0000E+00  0.3093E-11  0.0000E+00  0.0000E+00
     1  4090     1     1        0  0.0000E+00  0.2048E+01  0.0000E+00  0.0000E+00
     1  4090     1     2        0  0.0000E+00  0.4328E-11  0.0000E+00  0.0000E+00
     1  4091     1     1        0  0.0000E+00  0.1353E+01  0.0000E+00  0.0000E+00
     1  4091     1     2        0  0.0000E+00  0.3040E-11  0.0000E+00  0.0000E+00
     1  4092     1     1        0  0.0000E+00  0.4564E+01  0.0000E+00  0.0000E+00
     1  4092     1     2        0  0.0000E+00  0.6583E-11  0.0000E+00  0.0000E+00
     1  4093     1     1        0  0.0000E+00  0.3472E+01  0.0000E+00  0.0000E+00
     1  4093     1     2        0  0.0000E+00  0.2730E-11  0.0000E+00  0.0000E+00
     1  4094     1     1        0  0.0000E+00  0.1280E+02  0.0000E+00  0.0000E+00
     1  4094     1     2        0  0.0000E+00  0.1686E-10  0.0000E+00  0.0000E+00
     1  4095     1     1        0  0.0000E+00  0.1080E+02  0.0000E+00  0.0000E+00
     1  4095     1     2        0  0.0000E+00  0.2602E-12  0.0000E+00  0.0000E+00
     1  4096     1     1        0  0.0000E+00  0.3056E+01  0.0000E+00  0.0000E+00
     1  4096     1     2        0  0.0000E+00  0.1710E-12  0.0000E+00  0.0000E+00
     1  4097     1     1        0  0.0000E+00  0.1558E+02  0.0000E+00  0.0000E+00
     1  4097     1     2        0  0.0000E+00  0.1870E-10  0.0000E+00  0.0000E+00
     1  4098     1     1        0  0.0000E+00  0.4259E+02  0.0000E+00  0.0000E+00
     1  4098     1     2        0  0.0000E+00  0.3927E-10  0.0000E+00  0.0000E+00
     1  4099     1     1        0  0.0000E+00  0.4361E+02  0.0000E+00  0.0000E+00
     1  4099     1     2        0  0.0000E+00  0.2766E-10  0.0000E+00  0.0000E+00
     1  4100     1     1        0  0.0000E+00  0.2114E+01  0.0000E+00  0.0000E+00
     1  4100     1     2        0  0.0000E+00  0.8776E-11  0.0000E+00  0.0000E+00
     1  4101     1     1        0  0.0000E+00  0.1025E+02  0.0000E+00  0.0000E+00
     1  4101     1     2        0  0.0000E+00  0.8089E-11  0.0000E+00  0.0000E+00
     1  4102     1     1        0  0.0000E+00  0.1830E+02  0.0000E+00  0.0000E+00
     1  4102     1     2        0  0.0000E+00  0.1308E-10  0.0000E+00  0.0000E+00
     1  4103     1     1        0  0.0000E+00  0.9149E+02  0.0000E+00  0.0000E+00
     1  4103     1     2        0  0.0000E+00  0.8420E-10  0.0000E+00  0.0000E+00
     1  4104     1     1        0  0.0000E+00  0.2929E+02  0.0000E+00  0.0000E+00
     1  4104     1     2        0  0.0000E+00  0.4354E-11  0.0000E+00  0.0000E+00
     1  4105     1     1        0  0.0000E+00  0.4509E+00  0.0000E+00  0.0000E+00
     1  4105     1     2        0  0.0000E+00  0.3457E-11  0.0000E+00  0.0000E+00
     1  4106     1     1        0  0.0000E+00  0.7851E+01  0.0000E+00  0.0000E+00
     1  4106     1     2        0  0.0000E+00  0.2753E-11  0.0000E+00  0.0000E+00
     1  4107     1     1        0  0.0000E+00  0.1408E+02  0.0000E+00  0.0000E+00
     1  4107     1     2        0  0.0000E+00  0.1638E-10  0.0000E+00  0.0000E+00
     1  4108     1     1        0  0.0000E+00  0.2632E+02  0.0000E+00  0.0000E+00
     1  4108     1     2        0  0.0000E+00  0.1989E-10  0.0000E+00  0.0000E+00
     1  4109     1     1        0  0.0000E+00  0.1000E+03  0.0000E+00  0.0000E+00
     1  4109     1     2        0  0.0000E+00  0.5730E-10  0.0000E+00  0.0000E+00
     1  4110     1     1        0  0.0000E+00  0.8794E+01  0.0000E+00  0.0000E+00
     1  4110     1     2        0  0.0000E+00  0.2008E-10  0.0000E+00  0.0000E+00
     1  4111     1     1        0  0.0000E+00  0.3237E+01  0.0000E+00  0.0000E+00
     1  4111     1     2        0  0.0000E+00  0.1832E-11  0.0000E+00  0.0000E+00
     1  4112     1     1        0  0.0000E+00  0.9626E+01  0.0000E+00  0.0000E+00
     1  4112     1     2        0  0.0000E+00  0.1703E-10  0.0000E+00  0.0000E+00
     1  4113     1     1        0  0.0000E+00  0.1445E+02  0.0000E+00  0.0000E+00
     1  4113     1     2        0  0.0000E+00  0.8804E-11  0.0000E+00  0.0000E+00
     1  4114     1     1        0  0.0000E+00  0.2975E+02  0.0000E+00  0.0000E+00
     1  4114     1     2        0  0.0000E+00  0.3101E-10  0.0000E+00  0.0000E+00
     1  4115     1     1        0  0.0000E+00  0.1000E+03  0.0000E+00  0.0000E+00
     1  4115     1     2        0  0.0000E+00  0.9915E-10  0.0000E+00  0.0000E+00
     1  4116     1     1        0  0.0000E+00  0.1760E+02  0.0000E+00  0.0000E+00
     1  4116     1     2        0  0.0000E+00  0.1555E-10  0.0000E+00  0.0000E+00
     1  4117     1     1        0  0.0000E+00  0.5547E+01  0.0000E+00  0.0000E+00
     1  4117     1     2        0  0.0000E+00  0.3734E-11  0.0000E+00  0.0000E+00
     1  4118     1     1        0  0.0000E+00  0.2075E+02  0.0000E+00  0.0000E+00
     1  4118     1     2        0  0.0000E+00  0.1847E-10  0.0000E+00  0.0000E+00
     1  4119     1     1        0  0.0000E+00  0.4585E+02  0.0000E+00  0.0000E+00
     1  4119     1     2        0  0.0000E+00  0.4311E-10  0.0000E+00  0.0000E+00
     1  4120     1     1        0  0.0000E+00  0.6566E+01  0.0000E+00  0.0000E+00
     1  4120     1     2        0  0.0000E+00  0.1421E-11  0.0000E+00  0.0000E+00
     1  4121     1     1        0  0.0000E+00  0.1533E+01  0.0000E+00  0.0000E+00
     1  4121     1     2        0  0.0000E+00  0.5437E-11  0.0000E+00  0.0000E+00
     1  4122     1     1        0  0.0000E+00  0.2660E+02  0.0000E+00  0.0000E+00
     1  4122     1     2        0  0.0000E+00  0.3726E-10  0.0000E+00  0.0000E+00
     1  4123     1     1        0  0.0000E+00  0.1729E+02  0.0000E+00  0.0000E+00
     1  4123     1     2        0  0.0000E+00  0.1834E-10  0.0000E+00  0.0000E+00
     1  4124     1     1        0  0.0000E+00  0.5624E+01  0.0000E+00  0.0000E+00
     1  4124     1     2        0  0.0000E+00  0.5326E-11  0.0000E+00  0.0000E+00
     1  4125     1     1        0  0.0000E+00  0.1120E+02  0.0000E+00  0.0000E+00
     1  4125     1     2        0  0.0000E+00  0.8835E-11  0.0000E+00  0.0000E+00
     1  4126     1     1        0  0.0000E+00  0.2334E+02  0.0000E+00  0.0000E+00
     1  4126     1     2        0  0.0000E+00  0.3257E-10  0.0000E+00  0.0000E+00
     1  4127     1     1        0  0.0000E+00  0.1000E+03  0.0000E+00  0.0000E+00
     1  4127     1     2        0  0.0000E+00  0.8575E-10  0.0000E+00  0.0000E+00
     1  4128     1     1        0  0.0000E+00  0.1587E+02  0.0000E+00  0.0000E+00
     1  4128     1     2        0  0.0000E+00  0.1339E-10  0.0000E+00  0.0000E+00
     1  4129     1     1        0  0.0000E+00  0.1327E+01  0.0000E+00  0.0000E+00
     1  4129     1     2        0  0.0000E+00  0.8265E-11  0.0000E+00  0.0000E+00
     1  4130     1     1        0  0.0000E+00  0.8005E+01  0.0000E+00  0.0000E+00
     1  4130     1     2        0  0.0000E+00  0.1451E-11  0.0000E+00  0.0000E+00
     1  4131     1     1        0  0.0000E+00  0.1066E+02  0.0000E+00  0.0000E+00
     1  4131     1     2        0  0.0000E+00  0.7018E-11  0.0000E+00  0.0000E+00
     1  4132     1     1        0  0.0000E+00  0.5897E+00  0.0000E+00  0.0000E+00
     1  4132     1     2        0  0.0000E+00  0.2512E-12  0.0000E+00  0.0000E+00
     1  4133     1     1        0  0.0000E+00  0.3719E+01  0.0000E+00  0.0000E+00
     1  4133     1     2        0  0.0000E+00  0.1096E-11  0.0000E+00  0.0000E+00
     1  4134     1     1        0  0.0000E+00  0.4427E+01  0.0000E+00  0.0000E+00
     1  4134     1     2        0  0.0000E+00  0.7720E-12  0.0000E+00  0.0000E+00
     1  4135     1     1        0  0.0000E+00  0.4617E+02  0.0000E+00  0.0000E+00
     1  4135     1     2        0  0.0000E+00  0.4494E-10  0.0000E+00  0.0000E+00
     1  4136     1     1        0  0.0000E+00  0.1000E+03  0.0000E+00  0.0000E+00
     1  4136     1     2        0  0.0000E+00  0.9787E-10  0.0000E+00  0.0000E+00
     1  4137     1     1        0  0.0000E+00  0.1328E+02  0.0000E+00  0.0000E+00
     1  4137     1     2        0  0.0000E+00  0.1133E-10  0.0000E+00  0.0000E+00
     1  4138     1     1        0  0.0000E+00  0.2660E+01  0.0000E+00  0.0000E+00
     1  4138     1     2        0  0.0000E+00  0.1781E-11  0.0000E+00  0.0000E+00
     1  4139     1     1        0  0.0000E+00  0.4975E+01  0.0000E+00  0.0000E+00
     1  4139     1     2        0  0.0000E+00  0.2215E-11  0.0000E+00  0.0000E+00
     1  4140     1     1        0  0.0000E+00  0.1604E+02  0.0000E+00  0.0000E+00
     1  4140     1     2        0  0.0000E+00  0.1746E-10  0.0000E+00  0.0000E+00
     1  4141     1     1        0  0.0000E+00  0.4550E+02  0.0000E+00  0.0000E+00
     1  4141     1     2        0  0.0000E+00  0.4239E-10  0.0000E+00  0.0000E+00
     1  4142     1     1        0  0.0000E+00  0.5436E+02  0.0000E+00  0.0000E+00
     1  4142     1     2        0  0.0000E+00  0.6276E-10  0.0000E+00  0.0000E+00
     1  4143     1     1        0  0.0000E+00  0.4740E+01  0.0000E+00  0.0000E+00
     1  4143     1     2        0  0.0000E+00  0.6480E-11  0.0000E+00  0.0000E+00
     1  4144     1     1        0  0.0000E+00  0.9707E+01  0.0000E+00  0.0000E+00
     1  4144     1     2        0  0.0000E+00  0.1503E-10  0.0000E+00  0.0000E+00
     1  4145     1     1        0  0.0000E+00  0.2300E+02  0.0000E+00  0.0000E+00
     1  4145     1     2        0  0.0000E+00  0.1658E-10  0.0000E+00  0.0000E+00
     1  4146     1     1        0  0.0000E+00  0.8448E+02  0.0000E+00  0.0000E+00
     1  4146     1     2        0  0.0000E+00  0.6770E-10  0.0000E+00  0.0000E+00
     1  4147     1     1        0  0.0000E+00  0.7453E+01  0.0000E+00  0.0000E+00
     1  4147     1     2        0  0.0000E+00  0.8108E-12  0.0000E+00  0.0000E+00
     1  4148     1     1        0  0.0000E+00  0.4174E+02  0.0000E+00  0.0000E+00
     1  4148     1     2        0  0.0000E+00  0.3666E-10  0.0000E+00  0.0000E+00
     1  4149     1     1        0  0.0000E+00  0.1000E+03  0.0000E+00  0.0000E+00
     1  4149     1     2        0  0.0000E+00  0.1051E-09  0.0000E+00  0.0000E+00
     1  4150     1     1        0  0.0000E+00  0.1156E+02  0.0000E+00  0.0000E+00
     1  4150     1     2        0  0.0000E+00  0.2242E-10  0.0000E+00  0.0000E+00
     1  4151     1     1        0  0.0000E+00  0.1287E+01  0.0000E+00  0.0000E+00
     1  4151     1     2        0  0.0000E+00  0.4989E-11  0.0000E+00  0.0000E+00
     1  4152     1     1        0  0.0000E+00  0.1321E+02  0.0000E+00  0.0000E+00
     1  4152     1     2        0  0.0000E+00  0.1677E-10  0.0000E+00  0.0000E+00
     1  4153     1     1        0  0.0000E+00  0.3314E+02  0.0000E+00  0.0000E+00
     1  4153     1     2        0  0.0000E+00  0.3161E-10  0.0000E+00  0.0000E+00
     1  4154     1     1        0  0.0000E+00  0.1000E+03  0.0000E+00  0.0000E+00
     1  4154     1     2        0  0.0000E+00  0.9225E-10  0.0000E+00  0.0000E+00
     1  4155     1     1        0  0.0000E+00  0.7296E+01  0.0000E+00  0.0000E+00
     1  4155     1     2        0  0.0000E+00  0.1265E-10  0.0000E+00  0.0000E+00
     1  4156     1     1        0  0.0000E+00  0.4666E+01  0.0000E+00  0.0000E+00
     1  4156     1     2        0  0.0000E+00  0.4446E-11  0.0000E+00  0.0000E+00
     1  4157     1     1        0  0.0000E+00  0.1059E+02  0.0000E+00  0.0000E+00
     1  4157     1     2        0  0.0000E+00  0.1270E-10  0.0000E+00  0.0000E+00
     1  4158     1     1        0  0.0000E+00  0.1707E+02  0.0000E+00  0.0000E+00
     1  4158     1     2        0  0.0000E+00  0.2350E-10  0.0000E+00  0.0000E+00
     1  4159     1     1        0  0.0000E+00  0.3979E+02  0.0000E+00  0.0000E+00
     1  4159     1     2        0  0.0000E+00  0.3684E-10  0.0000E+00  0.0000E+00
     1  4160     1     1        0  0.0000E+00  0.2098E+02  0.0000E+00  0.0000E+00
     1  4160     1     2        0  0.0000E+00  0.1941E-10  0.0000E+00  0.0000E+00
     1  4161     1     1        0  0.0000E+00  0.6494E+01  0.0000E+00  0.0000E+00
     1  4161     1     2        0  0.0000E+00  0.5308E-11  0.0000E+00  0.0000E+00
     1  4162     1     1        0  0.0000E+00  0.2133E+02  0.0000E+00  0.0000E+00
     1  4162     1     2        0  0.0000E+00  0.2167E-10  0.0000E+00  0.0000E+00
     1  4163     1     1        0  0.0000E+00  0.8187E+02  0.0000E+00  0.0000E+00
     1  4163     1     2        0  0.0000E+00  0.6284E-10  0.0000E+00  0.0000E+00
     1  4164     1     1        0  0.0000E+00  0.2115E+02  0.0000E+00  0.0000E+00
     1  4164     1     2        0  0.0000E+00  0.1634E-10  0.0000E+00  0.0000E+00
     1  4165     1     1        0  0.0000E+00  0.2750E+01  0.0000E+00  0.0000E+00
     1  4165     1     2        0  0.0000E+00  0.1818E-11  0.0000E+00  0.0000E+00
     1  4166     1     1        0  0.0000E+00  0.1065E+02  0.0000E+00  0.0000E+00
     1  4166     1     2        0  0.0000E+00  0.1600E-10  0.0000E+00  0.0000E+00
     1  4167     1     1        0  0.0000E+00  0.1814E+02  0.0000E+00  0.0000E+00
     1  4167     1     2        0  0.0000E+00  0.2058E-10  0.0000E+00  0.0000E+00
     1  4168     1     1        0  0.0000E+00  0.2077E+02  0.0000E+00  0.0000E+00
     1  4168     1     2        0  0.0000E+00  0.1543E-10  0.0000E+00  0.0000E+00
     1  4169     1     1        0  0.0000E+00  0.1000E+03  0.0000E+00  0.0000E+00
     1  4169     1     2        0  0.0000E+00  0.8964E-10  0.0000E+00  0.0000E+00
     1  4170     1     1        0  0.0000E+00  0.8001E+02  0.0000E+00  0.0000E+00
     1  4170     1     2        0  0.0000E+00  0.7862E-10  0.0000E+00  0.0000E+00
     1  4171     1     1        0  0.0000E+00  0.1405E+02  0.0000E+00  0.0000E+00
     1  4171     1     2        0  0.0000E+00  0.2846E-10  0.0000E+00  0.0000E+00
     1  4172     1     1        0  0.0000E+00  0.2766E+01  0.0000E+00  0.0000E+00
     1  4172     1     2        0  0.0000E+00  0.3786E-11  0.0000E+00  0.0000E+00
     1  4173     1     1        0  0.0000E+00  0.1100E+02  0.0000E+00  0.0000E+00
     1  4173     1     2        0  0.0000E+00  0.1843E-10  0.0000E+00  0.0000E+00
     1  4174     1     1        0  0.0000E+00  0.1948E+02  0.0000E+00  0.0000E+00
     1  4174     1     2        0  0.0000E+00  0.1536E-10  0.0000E+00  0.0000E+00
     1  4175     1     1        0  0.0000E+00  0.6301E+02  0.0000E+00  0.0000E+00
     1  4175     1     2        0  0.0000E+00  0.6271E-10  0.0000E+00  0.0000E+00
     1  4176     1     1        0  0.0000E+00  0.1796E+02  0.0000E+00  0.0000E+00
     1  4176     1     2        0  0.0000E+00  0.1437E-10  0.0000E+00  0.0000E+00
     1  4177     1     1        0  0.0000E+00  0.7685E+01  0.0000E+00  0.0000E+00
     1  4177     1     2        0  0.0000E+00  0.4221E-11  0.0000E+00  0.0000E+00
     1  4178     1     1        0  0.0000E+00  0.1784E+02  0.0000E+00  0.0000E+00
     1  4178     1     2        0  0.0000E+00  0.1293E-10  0.0000E+00  0.0000E+00
     1  4179     1     1        0  0.0000E+00  0.2888E+02  0.0000E+00  0.0000E+00
     1  4179     1     2        0  0.0000E+00  0.2543E-10  0.0000E+00  0.0000E+00
     1  4180     1     1        0  0.0000E+00  0.2715E+02  0.0000E+00  0.0000E+00
     1  4180     1     2        0  0.0000E+00  0.2900E-10  0.0000E+00  0.0000E+00
     1  4181     1     1        0  0.0000E+00  0.1249E+02  0.0000E+00  0.0000E+00
     1  4181     1     2        0  0.0000E+00  0.2618E-10  0.0000E+00  0.0000E+00
     1  4182     1     1        0  0.0000E+00  0.2599E+02  0.0000E+00  0.0000E+00
     1  4182     1     2        0  0.0000E+00  0.1928E-10  0.0000E+00  0.0000E+00
     1  4183     1     1        0  0.0000E+00  0.1000E+03  0.0000E+00  0.0000E+00
     1  4183     1     2        0  0.0000E+00  0.1038E-09  0.0000E+00  0.0000E+00
     1  4184     1     1        0  0.0000E+00  0.4474E+02  0.0000E+00  0.0000E+00
     1  4184     1     2        0  0.0000E+00  0.3146E-10  0.0000E+00  0.0000E+00
     1  4185     1     1        0  0.0000E+00  0.8454E+01  0.0000E+00  0.0000E+00
     1  4185     1     2        0  0.0000E+00  0.1197E-11  0.0000E+00  0.0000E+00
     1  4186     1     1        0  0.0000E+00  0.8430E+01  0.0000E+00  0.0000E+00
     1  4186     1     2        0  0.0000E+00  0.2425E-11  0.0000E+00  0.0000E+00
     1  4187     1     1        0  0.0000E+00  0.1924E+02  0.0000E+00  0.0000E+00
     1  4187     1     2        0  0.0000E+00  0.2420E-10  0.0000E+00  0.0000E+00
     1  4188     1     1        0  0.0000E+00  0.5315E+02  0.0000E+00  0.0000E+00
     1  4188     1     2        0  0.0000E+00  0.4783E-10  0.0000E+00  0.0000E+00
     1  4189     1     1        0  0.0000E+00  0.3340E+02  0.0000E+00  0.0000E+00
     1  4189     1     2        0  0.0000E+00  0.4234E-10  0.0000E+00  0.0000E+00
     1  4190     1     1        0  0.0000E+00  0.7149E+00  0.0000E+00  0.0000E+00
     1  4190     1     2        0  0.0000E+00  0.9873E-11  0.0000E+00  0.0000E+00
     1  4191     1     1        0  0.0000E+00  0.5803E+01  0.0000E+00  0.0000E+00
     1  4191     1     2        0  0.0000E+00  0.2440E-11  0.0000E+00  0.0000E+00
     1  4192     1     1        0  0.0000E+00  0.3654E+01  0.0000E+00  0.0000E+00
     1  4192     1     2        0  0.0000E+00  0.5522E-11  0.0000E+00  0.0000E+00
     1  4193     1     1        0  0.0000E+00  0.1748E+02  0.0000E+00  0.0000E+00
     1  4193     1     2        0  0.0000E+00  0.1273E-10  0.0000E+00  0.0000E+00
     1  4194     1     1        0  0.0000E+00  0.1614E+02  0.0000E+00  0.0000E+00
     1  4194     1     2        0  0.0000E+00  0.1295E-10  0.0000E+00  0.0000E+00
     1  4195     1     1        0  0.0000E+00  0.2182E+01  0.0000E+00  0.0000E+00
     1  4195     1     2        0  0.0000E+00  0.2982E-11  0.0000E+00  0.0000E+00
     1  4196     1     1        0  0.0000E+00  0.2440E+01  0.0000E+00  0.0000E+00
     1  4196     1     2        0  0.0000E+00  0.4093E-11  0.0000E+00  0.0000E+00
     1  4197     1     1        0  0.0000E+00  0.4842E+01  0.0000E+00  0.0000E+00
     1  4197     1     2        0  0.0000E+00  0.6217E-11  0.0000E+00  0.0000E+00
     1  4198     1     1        0  0.0000E+00  0.1343E+02  0.0000E+00  0.0000E+00
     1  4198     1     2        0  0.0000E+00  0.9508E-11  0.0000E+00  0.0000E+00
     1  4199     1     1        0  0.0000E+00  0.2659E+02  0.0000E+00  0.0000E+00
     1  4199     1     2        0  0.0000E+00  0.1980E-10  0.0000E+00  0.0000E+00
     1  4200     1     1        0  0.0000E+00  0.1000E+03  0.0000E+00  0.0000E+00
     1  4200     1     2        0  0.0000E+00  0.1033E-09  0.0000E+00  0.0000E+00
     1  4201     1     1        0  0.0000E+00  0.9230E+01  0.0000E+00  0.0000E+00
     1  4201     1     2        0  0.0000E+00  0.5419E-11  0.0000E+00  0.0000E+00
     1  4202     1     1        0  0.0000E+00  0.2656E+02  0.0000E+00  0.0000E+00
     1  4202     1     2        0  0.0000E+00  0.3093E-10  0.0000E+00  0.0000E+00
     1  4203     1     1        0  0.0000E+00  0.1000E+03  0.0000E+00  0.0000E+00
     1  4203     1     2        0  0.0000E+00  0.9501E-10  0.0000E+00  0.0000E+00
     1  4204     1     1        0  0.0000E+00  0.2394E+01  0.0000E+00  0.0000E+00
     1  4204     1     2        0  0.0000E+00  0.1242E-11  0.0000E+00  0.0000E+00
     1  4205     1     1        0  0.0000E+00  0.2987E+02  0.0000E+00  0.0000E+00
     1  4205     1     2        0  0.0000E+00  0.2913E-10  0.0000E+00  0.0000E+00
     1  4206     1     1        0  0.0000E+00  0.1000E+03  0.0000E+00  0.0000E+00
     1  4206     1     2        0  0.0000E+00  0.9976E-10  0.0000E+00  0.0000E+00
     1  4207     1     1        0  0.0000E+00  0.2812E+02  0.0000E+00  0.0000E+00
     1  4207     1     2        0  0.0000E+00  0.3845E-10  0.0000E+00  0.0000E+00
     1  4208     1     1        0  0.0000E+00  0.5491E+01  0.0000E+00  0.0000E+00
     1  4208     1     2        0  0.0000E+00  0.9045E-11  0.0000E+00  0.0000E+00
     1  4209     1     1        0  0.0000E+00  0.9270E+01  0.0000E+00  0.0000E+00
     1  4209     1     2        0  0.0000E+00  0.4057E-11  0.0000E+00  0.0000E+00
     1  4210     1     1        0  0.0000E+00  0.2543E+02  0.0000E+00  0.0000E+00
     1  4210     1     2        0  0.0000E+00  0.2512E-10  0.0000E+00  0.0000E+00
     1  4211     1     1        0  0.0000E+00  0.1000E+03  0.0000E+00  0.0000E+00
     1  4211     1     2        0  0.0000E+00  0.1079E-09  0.0000E+00  0.0000E+00
     1  4212     1     1        0  0.0000E+00  0.1017E+02  0.0000E+00  0.0000E+00
     1  4212     1     2        0  0.0000E+00  0.1133E-10  0.0000E+00  0.0000E+00
     1  4213     1     1        0  0.0000E+00  0.3436E+01  0.0000E+00  0.0000E+00
     1  4213     1     2        0  0.0000E+00  0.4334E-11  0.0000E+00  0.0000E+00
     1  4214     1     1        0  0.0000E+00  0.1785E+02  0.0000E+00  0.0000E+00
     1  4214     1     2        0  0.0000E+00  0.1447E-10  0.0000E+00  0.0000E+00
     1  4215     1     1        0  0.0000E+00  0.5762E+02  0.0000E+00  0.0000E+00
     1  4215     1     2        0  0.0000E+00  0.5483E-10  0.0000E+00  0.0000E+00
     1  4216     1     1        0  0.0000E+00  0.3612E+02  0.0000E+00  0.0000E+00
     1  4216     1     2        0  0.0000E+00  0.3131E-10  0.0000E+00  0.0000E+00
     1  4217     1     1        0  0.0000E+00  0.2971E+01  0.0000E+00  0.0000E+00
     1  4217     1     2        0  0.0000E+00  0.4750E-12  0.0000E+00  0.0000E+00
     1  4218     1     1        0  0.0000E+00  0.1697E+02  0.0000E+00  0.0000E+00
     1  4218     1     2        0  0.0000E+00  0.1192E-10  0.0000E+00  0.0000E+00
     1  4219     1     1        0  0.0000E+00  0.3237E+02  0.0000E+00  0.0000E+00
     1  4219     1     2        0  0.0000E+00  0.2584E-10  0.0000E+00  0.0000E+00
     1  4220     1     1        0  0.0000E+00  0.3515E+02  0.0000E+00  0.0000E+00
     1  4220     1     2        0  0.0000E+00  0.6237E-10  0.0000E+00  0.0000E+00
     1  4221     1     1        0  0.0000E+00  0.2797E+01  0.0000E+00  0.0000E+00
     1  4221     1     2        0  0.0000E+00  0.9440E-12  0.0000E+00  0.0000E+00
     1  4222     1     1        0  0.0000E+00  0.7316E+01  0.0000E+00  0.0000E+00
     1  4222     1     2        0  0.0000E+00  0.2097E-11  0.0000E+00  0.0000E+00
     1  4223     1     1        0  0.0000E+00  0.2992E+02  0.0000E+00  0.0000E+00
     1  4223     1     2        0  0.0000E+00  0.2885E-10  0.0000E+00  0.0000E+00
     1  4224     1     1        0  0.0000E+00  0.1000E+03  0.0000E+00  0.0000E+00
     1  4224     1     2        0  0.0000E+00  0.7457E-10  0.0000E+00  0.0000E+00
     1  4225     1     1        0  0.0000E+00  0.9588E+01  0.0000E+00  0.0000E+00
     1  4225     1     2        0  0.0000E+00  0.7458E-11  0.0000E+00  0.0000E+00
     1  4226     1     1        0  0.0000E+00  0.3485E+01  0.0000E+00  0.0000E+00
     1  4226     1     2        0  0.0000E+00  0.5222E-11  0.0000E+00  0.0000E+00
     1  4227     1     1        0  0.0000E+00  0.1198E+02  0.0000E+00  0.0000E+00
     1  4227     1     2        0  0.0000E+00  0.1109E-10  0.0000E+00  0.0000E+00
     1  4228     1     1        0  0.0000E+00  0.2379E+02  0.0000E+00  0.0000E+00
     1  4228     1     2        0  0.0000E+00  0.2200E-10  0.0000E+00  0.0000E+00
     1  4229     1     1        0  0.0000E+00  0.1000E+03  0.0000E+00  0.0000E+00
     1  4229     1     2        0  0.0000E+00  0.1098E-09  0.0000E+00  0.0000E+00
     1  4230     1     1        0  0.0000E+00  0.5788E+01  0.0000E+00  0.0000E+00
     1  4230     1     2        0  0.0000E+00  0.1352E-11  0.0000E+00  0.0000E+00
     1  4231     1     1        0  0.0000E+00  0.1964E+02  0.0000E+00  0.0000E+00
     1  4231     1     2        0  0.0000E+00  0.2034E-10  0.0000E+00  0.0000E+00
     1  4232     1     1        0  0.0000E+00  0.8434E+02  0.0000E+00  0.0000E+00
     1  4232     1     2        0  0.0000E+00  0.8080E-10  0.0000E+00  0.0000E+00
     1  4233     1     1        0  0.0000E+00  0.5446E+02  0.0000E+00  0.0000E+00
     1  4233     1     2        0  0.0000E+00  0.6997E-10  0.0000E+00  0.0000E+00
     1  4234     1     1        0  0.0000E+00  0.1155E+02  0.0000E+00  0.0000E+00
     1  4234     1     2        0  0.0000E+00  0.4242E-11  0.0000E+00  0.0000E+00
     1  4235     1     1        0  0.0000E+00  0.4575E+01  0.0000E+00  0.0000E+00
     1  4235     1     2        0  0.0000E+00  0.2662E-11  0.0000E+00  0.0000E+00
     1  4236     1     1        0  0.0000E+00  0.1310E+02  0.0000E+00  0.0000E+00
     1  4236     1     2        0  0.0000E+00  0.1314E-10  0.0000E+00  0.0000E+00
     1  4237     1     1        0  0.0000E+00  0.2215E+02  0.0000E+00  0.0000E+00
     1  4237     1     2        0  0.0000E+00  0.1981E-10  0.0000E+00  0.0000E+00
     1  4238     1     1        0  0.0000E+00  0.1000E+03  0.0000E+00  0.0000E+00
     1  4238     1     2        0  0.0000E+00  0.1239E-09  0.0000E+00  0.0000E+00
     1  4239     1     1        0  0.0000E+00  0.8024E+01  0.0000E+00  0.0000E+00
     1  4239     1     2        0  0.0000E+00  0.1253E-10  0.0000E+00  0.0000E+00
     1  4240     1     1        0  0.0000E+00  0.3756E+02  0.0000E+00  0.0000E+00
     1  4240     1     2        0  0.0000E+00  0.3405E-10  0.0000E+00  0.0000E+00
     1  4241     1     1        0  0.0000E+00  0.1000E+03  0.0000E+00  0.0000E+00
     1  4241     1     2        0  0.0000E+00  0.1016E-09  0.0000E+00  0.0000E+00
     1  4242     1     1        0  0.0000E+00  0.1183E+02  0.0000E+00  0.0000E+00
     1  4242     1     2        0  0.0000E+00  0.3831E-11  0.0000E+00  0.0000E+00
     1  4243     1     1        0  0.0000E+00  0.2374E+01  0.0000E+00  0.0000E+00
     1  4243     1     2        0  0.0000E+00  0.7936E-11  0.0000E+00  0.0000E+00
     1  4244     1     1        0  0.0000E+00  0.8446E+01  0.0000E+00  0.0000E+00
     1  4244     1     2        0  0.0000E+00  0.8262E-12  0.0000E+00  0.0000E+00
     1  4245     1     1        0  0.0000E+00  0.1607E+02  0.0000E+00  0.0000E+00
     1  4245     1     2        0  0.0000E+00  0.1356E-10  0.0000E+00  0.0000E+00
     1  4246     1     1        0  0.0000E+00  0.3923E+02  0.0000E+00  0.0000E+00
     1  4246     1     2        0  0.0000E+00  0.3420E-10  0.0000E+00  0.0000E+00
     1  4247     1     1        0  0.0000E+00  0.2112E+02  0.0000E+00  0.0000E+00
     1  4247     1     2        0  0.0000E+00  0.4268E-10  0.0000E+00  0.0000E+00
     1  4248     1     1        0  0.0000E+00  0.1288E+02  0.0000E+00  0.0000E+00
     1  4248     1     2        0  0.0000E+00  0.8322E-11  0.0000E+00  0.0000E+00
     1  4249     1     1        0  0.0000E+00  0.3416E+02  0.0000E+00  0.0000E+00
     1  4249     1     2        0  0.0000E+00  0.2781E-10  0.0000E+00  0.0000E+00
     1  4250     1     1        0  0.0000E+00  0.1000E+03  0.0000E+00  0.0000E+00
     1  4250     1     2        0  0.0000E+00  0.1118E-09  0.0000E+00  0.0000E+00
     1  4251     1     1        0  0.0000E+00  0.5269E+01  0.0000E+00  0.0000E+00
     1  4251     1     2        0  0.0000E+00  0.2132E-11  0.0000E+00  0.0000E+00
     1  4252     1     1        0  0.0000E+00  0.1822E+02  0.0000E+00  0.0000E+00
     1  4252     1     2        0  0.0000E+00  0.2025E-10  0.0000E+00  0.0000E+00
     1  4253     1     1        0  0.0000E+00  0.4402E+02  0.0000E+00  0.0000E+00
     1  4253     1     2        0  0.0000E+00  0.4325E-10  0.0000E+00  0.0000E+00
     1  4254     1     1        0  0.0000E+00  0.1158E+02  0.0000E+00  0.0000E+00
     1  4254     1     2        0  0.0000E+00  0.6664E-11  0.0000E+00  0.0000E+00
     1  4255     1     1        0  0.0000E+00  0.2618E+02  0.0000E+00  0.0000E+00
     1  4255     1     2        0  0.0000E+00  0.2087E-10  0.0000E+00  0.0000E+00
     1  4256     1     1        0  0.0000E+00  0.1000E+03  0.0000E+00  0.0000E+00
     1  4256     1     2        0  0.0000E+00  0.8883E-10  0.0000E+00  0.0000E+00
     1  4257     1     1        0  0.0000E+00  0.3367E+02  0.0000E+00  0.0000E+00
     1  4257     1     2        0  0.0000E+00  0.3596E-10  0.0000E+00  0.0000E+00
     1  4258     1     1        0  0.0000E+00  0.9771E+01  0.0000E+00  0.0000E+00
     1  4258     1     2        0  0.0000E+00  0.6433E-11  0.0000E+00  0.0000E+00
     1  4259     1     1        0  0.0000E+00  0.5410E+01  0.0000E+00  0.0000E+00
     1  4259     1     2        0  0.0000E+00  0.9653E-11  0.0000E+00  0.0000E+00
     1  4260     1     1        0  0.0000E+00  0.1876E+02  0.0000E+00  0.0000E+00
     1  4260     1     2        0  0.0000E+00  0.1856E-10  0.0000E+00  0.0000E+00
     1  4261     1     1        0  0.0000E+00  0.3785E+02  0.0000E+00  0.0000E+00
     1  4261     1     2        0  0.0000E+00  0.3311E-10  0.0000E+00  0.0000E+00
     1  4262     1     1        0  0.0000E+00  0.1441E+02  0.0000E+00  0.0000E+00
     1  4262     1     2        0  0.0000E+00  0.3731E-10  0.0000E+00  0.0000E+00
     1  4263     1     1        0  0.0000E+00  0.2328E+01  0.0000E+00  0.0000E+00
     1  4263     1     2        0  0.0000E+00  0.1320E-10  0.0000E+00  0.0000E+00
     1  4264     1     1        0  0.0000E+00  0.4088E+00  0.0000E+00  0.0000E+00
     1  4264     1     2        0  0.0000E+00  0.2858E-11  0.0000E+00  0.0000E+00
     1  4265     1     1        0  0.0000E+00  0.8044E+01  0.0000E+00  0.0000E+00
     1  4265     1     2        0  0.0000E+00  0.2174E-10  0.0000E+00  0.0000E+00
     1  4266     1     1        0  0.0000E+00  0.1142E+02  0.0000E+00  0.0000E+00
     1  4266     1     2        0  0.0000E+00  0.2023E-10  0.0000E+00  0.0000E+00
     1  4267     1     1        0  0.0000E+00  0.1190E+02  0.0000E+00  0.0000E+00
     1  4267     1     2        0  0.0000E+00  0.1446E-10  0.0000E+00  0.0000E+00
     1  4268     1     1        0  0.0000E+00  0.8745E+01  0.0000E+00  0.0000E+00
     1  4268     1     2        0  0.0000E+00  0.8667E-11  0.0000E+00  0.0000E+00
     1  4269     1     1        0  0.0000E+00  0.1761E+02  0.0000E+00  0.0000E+00
     1  4269     1     2        0  0.0000E+00  0.1908E-10  0.0000E+00  0.0000E+00
     1  4270     1     1        0  0.0000E+00  0.2599E+02  0.0000E+00  0.0000E+00
     1  4270     1     2        0  0.0000E+00  0.3033E-10  0.0000E+00  0.0000E+00
     1  4271     1     1        0  0.0000E+00  0.7912E+02  0.0000E+00  0.0000E+00
     1  4271     1     2        0  0.0000E+00  0.6325E-10  0.0000E+00  0.0000E+00
     1  4272     1     1        0  0.0000E+00  0.3239E+02  0.0000E+00  0.0000E+00
     1  4272     1     2        0  0.0000E+00  0.3274E-10  0.0000E+00  0.0000E+00
     1  4273     1     1        0  0.0000E+00  0.2166E+02  0.0000E+00  0.0000E+00
     1  4273     1     2        0  0.0000E+00  0.2273E-10  0.0000E+00  0.0000E+00
     1  4274     1     1        0  0.0000E+00  0.1452E+02  0.0000E+00  0.0000E+00
     1  4274     1     2        0  0.0000E+00  0.2764E-10  0.0000E+00  0.0000E+00
     1  4275     1     1        0  0.0000E+00  0.6573E+01  0.0000E+00  0.0000E+00
     1  4275     1     2        0  0.0000E+00  0.1945E-10  0.0000E+00  0.0000E+00
     1  4276     1     1        0  0.0000E+00  0.4836E+01  0.0000E+00  0.0000E+00
     1  4276     1     2        0  0.0000E+00  0.6299E-11  0.0000E+00  0.0000E+00
     1  4277     1     1        0  0.0000E+00  0.1885E+02  0.0000E+00  0.0000E+00
     1  4277     1     2        0  0.0000E+00  0.1408E-10  0.0000E+00  0.0000E+00
     1  4278     1     1        0  0.0000E+00  0.5424E+02  0.0000E+00  0.0000E+00
     1  4278     1     2        0  0.0000E+00  0.4543E-10  0.0000E+00  0.0000E+00
     1  4279     1     1        0  0.0000E+00  0.3187E+02  0.0000E+00  0.0000E+00
     1  4279     1     2        0  0.0000E+00  0.3960E-10  0.0000E+00  0.0000E+00
     1  4280     1     1        0  0.0000E+00  0.3247E+01  0.0000E+00  0.0000E+00
     1  4280     1     2        0  0.0000E+00  0.9302E-11  0.0000E+00  0.0000E+00
     1  4281     1     1        0  0.0000E+00  0.3746E+01  0.0000E+00  0.0000E+00
     1  4281     1     2        0  0.0000E+00  0.7014E-11  0.0000E+00  0.0000E+00
     1  4282     1     1        0  0.0000E+00  0.5264E+01  0.0000E+00  0.0000E+00
     1  4282     1     2        0  0.0000E+00  0.3061E-11  0.0000E+00  0.0000E+00
     1  4283     1     1        0  0.0000E+00  0.6714E+01  0.0000E+00  0.0000E+00
     1  4283     1     2        0  0.0000E+00  0.7537E-11  0.0000E+00  0.0000E+00
     1  4284     1     1        0  0.0000E+00  0.3846E+01  0.0000E+00  0.0000E+00
     1  4284     1     2        0  0.0000E+00  0.4123E-11  0.0000E+00  0.0000E+00
     1  4285     1     1        0  0.0000E+00  0.5999E+01  0.0000E+00  0.0000E+00
     1  4285     1     2        0  0.0000E+00  0.3189E-11  0.0000E+00  0.0000E+00
     1  4286     1     1        0  0.0000E+00  0.4042E+01  0.0000E+00  0.0000E+00
     1  4286     1     2        0  0.0000E+00  0.4167E-11  0.0000E+00  0.0000E+00
     1  4287     1     1        0  0.0000E+00  0.1311E+02  0.0000E+00  0.0000E+00
     1  4287     1     2        0  0.0000E+00  0.3983E-11  0.0000E+00  0.0000E+00
     1  4288     1     1        0  0.0000E+00  0.8535E+01  0.0000E+00  0.0000E+00
     1  4288     1     2        0  0.0000E+00  0.2804E-11  0.0000E+00  0.0000E+00
     1  4289     1     1        0  0.0000E+00  0.6457E+01  0.0000E+00  0.0000E+00
     1  4289     1     2        0  0.0000E+00  0.9760E-11  0.0000E+00  0.0000E+00
     1  4290     1     1        0  0.0000E+00  0.2114E+02  0.0000E+00  0.0000E+00
     1  4290     1     2        0  0.0000E+00  0.1570E-10  0.0000E+00  0.0000E+00
     1  4291     1     1        0  0.0000E+00  0.9575E+02  0.0000E+00  0.0000E+00
     1  4291     1     2        0  0.0000E+00  0.8786E-10  0.0000E+00  0.0000E+00
     1  4292     1     1        0  0.0000E+00  0.7815E+01  0.0000E+00  0.0000E+00
     1  4292     1     2        0  0.0000E+00  0.7521E-11  0.0000E+00  0.0000E+00
     1  4293     1     1        0  0.0000E+00  0.1768E+02  0.0000E+00  0.0000E+00
     1  4293     1     2        0  0.0000E+00  0.1465E-10  0.0000E+00  0.0000E+00
     1  4294     1     1        0  0.0000E+00  0.4397E+02  0.0000E+00  0.0000E+00
     1  4294     1     2        0  0.0000E+00  0.4436E-10  0.0000E+00  0.0000E+00
     1  4295     1     1        0  0.0000E+00  0.7536E+01  0.0000E+00  0.0000E+00
     1  4295     1     2        0  0.0000E+00  0.6700E-11  0.0000E+00  0.0000E+00
     1  4296     1     1        0  0.0000E+00  0.5377E+02  0.0000E+00  0.0000E+00
     1  4296     1     2        0  0.0000E+00  0.4393E-10  0.0000E+00  0.0000E+00
     1  4297     1     1        0  0.0000E+00  0.3405E+02  0.0000E+00  0.0000E+00
     1  4297     1     2        0  0.0000E+00  0.3600E-10  0.0000E+00  0.0000E+00
     1  4298     1     1        0  0.0000E+00  0.3775E+01  0.0000E+00  0.0000E+00
     1  4298     1     2        0  0.0000E+00  0.4798E-12  0.0000E+00  0.0000E+00
     1  4299     1     1        0  0.0000E+00  0.6045E+01  0.0000E+00  0.0000E+00
     1  4299     1     2        0  0.0000E+00  0.1493E-10  0.0000E+00  0.0000E+00
     1  4300     1     1        0  0.0000E+00  0.3809E+02  0.0000E+00  0.0000E+00
     1  4300     1     2        0  0.0000E+00  0.3479E-10  0.0000E+00  0.0000E+00
     1  4301     1     1        0  0.0000E+00  0.1000E+03  0.0000E+00  0.0000E+00
     1  4301     1     2        0  0.0000E+00  0.1315E-09  0.0000E+00  0.0000E+00
     1  4302     1     1        0  0.0000E+00  0.1331E+02  0.0000E+00  0.0000E+00
     1  4302     1     2        0  0.0000E+00  0.1709E-10  0.0000E+00  0.0000E+00
     1  4303     1     1        0  0.0000E+00  0.1146E+02  0.0000E+00  0.0000E+00
     1  4303     1     2        0  0.0000E+00  0.1309E-10  0.0000E+00  0.0000E+00
     1  4304     1     1        0  0.0000E+00  0.1530E+01  0.0000E+00  0.0000E+00
     1  4304     1     2        0  0.0000E+00  0.8113E-11  0.0000E+00  0.0000E+00
     1  4305     1     1        0  0.0000E+00  0.1198E+02  0.0000E+00  0.0000E+00
     1  4305     1     2        0  0.0000E+00  0.8144E-11  0.0000E+00  0.0000E+00
     1  4306     1     1        0  0.0000E+00  0.1868E+02  0.0000E+00  0.0000E+00
     1  4306     1     2        0  0.0000E+00  0.1137E-10  0.0000E+00  0.0000E+00
     1  4307     1     1        0  0.0000E+00  0.7251E+01  0.0000E+00  0.0000E+00
     1  4307     1     2        0  0.0000E+00  0.6422E-11  0.0000E+00  0.0000E+00
     1  4308     1     1        0  0.0000E+00  0.1000E+03  0.0000E+00  0.0000E+00
     1  4308     1     2        0  0.0000E+00  0.8640E-10  0.0000E+00  0.0000E+00
     1  4309     1     1        0  0.0000E+00  0.4965E+02  0.0000E+00  0.0000E+00
     1  4309     1     2        0  0.0000E+00  0.4992E-10  0.0000E+00  0.0000E+00
     1  4310     1     1        0  0.0000E+00  0.1452E+02  0.0000E+00  0.0000E+00
     1  4310     1     2        0  0.0000E+00  0.5831E-11  0.0000E+00  0.0000E+00
     1  4311     1     1        0  0.0000E+00  0.3584E+01  0.0000E+00  0.0000E+00
     1  4311     1     2        0  0.0000E+00  0.2961E-11  0.0000E+00  0.0000E+00
     1  4312     1     1        0  0.0000E+00  0.3948E+01  0.0000E+00  0.0000E+00
     1  4312     1     2        0  0.0000E+00  0.1085E-10  0.0000E+00  0.0000E+00
     1  4313     1     1        0  0.0000E+00  0.1136E+02  0.0000E+00  0.0000E+00
     1  4313     1     2        0  0.0000E+00  0.4572E-11  0.0000E+00  0.0000E+00
     1  4314     1     1        0  0.0000E+00  0.2291E+02  0.0000E+00  0.0000E+00
     1  4314     1     2        0  0.0000E+00  0.1999E-10  0.0000E+00  0.0000E+00
     1  4315     1     1        0  0.0000E+00  0.1000E+03  0.0000E+00  0.0000E+00
     1  4315     1     2        0  0.0000E+00  0.9433E-10  0.0000E+00  0.0000E+00
     1  4316     1     1        0  0.0000E+00  0.1070E+01  0.0000E+00  0.0000E+00
     1  4316     1     2        0  0.0000E+00  0.1453E-10  0.0000E+00  0.0000E+00
     1  4317     1     1        0  0.0000E+00  0.1215E+02  0.0000E+00  0.0000E+00
     1  4317     1     2        0  0.0000E+00  0.5512E-11  0.0000E+00  0.0000E+00
     1  4318     1     1        0  0.0000E+00  0.8637E+01  0.0000E+00  0.0000E+00
     1  4318     1     2        0  0.0000E+00  0.4655E-11  0.0000E+00  0.0000E+00
     1  4319     1     1        0  0.0000E+00  0.3186E+01  0.0000E+00  0.0000E+00
     1  4319     1     2        0  0.0000E+00  0.4895E-11  0.0000E+00  0.0000E+00
     1  4320     1     1        0  0.0000E+00  0.1736E+02  0.0000E+00  0.0000E+00
     1  4320     1     2        0  0.0000E+00  0.1387E-10  0.0000E+00  0.0000E+00
     1  4321     1     1        0  0.0000E+00  0.5151E+02  0.0000E+00  0.0000E+00
     1  4321     1     2        0  0.0000E+00  0.5472E-10  0.0000E+00  0.0000E+00
     1  4322     1     1        0  0.0000E+00  0.1717E+02  0.0000E+00  0.0000E+00
     1  4322     1     2        0  0.0000E+00  0.2820E-10  0.0000E+00  0.0000E+00
     1  4323     1     1        0  0.0000E+00  0.2447E+01  0.0000E+00  0.0000E+00
     1  4323     1     2        0  0.0000E+00  0.1241E-10  0.0000E+00  0.0000E+00
     1  4324     1     1        0  0.0000E+00  0.2107E+01  0.0000E+00  0.0000E+00
     1  4324     1     2        0  0.0000E+00  0.3290E-11  0.0000E+00  0.0000E+00
     1  4325     1     1        0  0.0000E+00  0.4249E+01  0.0000E+00  0.0000E+00
     1  4325     1     2        0  0.0000E+00  0.3899E-11  0.0000E+00  0.0000E+00
     1  4326     1     1        0  0.0000E+00  0.6198E+01  0.0000E+00  0.0000E+00
     1  4326     1     2        0  0.0000E+00  0.9977E-11  0.0000E+00  0.0000E+00
     1  4327     1     1        0  0.0000E+00  0.8013E+01  0.0000E+00  0.0000E+00
     1  4327     1     2        0  0.0000E+00  0.4917E-11  0.0000E+00  0.0000E+00
     1  4328     1     1        0  0.0000E+00  0.3072E+01  0.0000E+00  0.0000E+00
     1  4328     1     2        0  0.0000E+00  0.5496E-12  0.0000E+00  0.0000E+00
     1  4329     1     1        0  0.0000E+00  0.8780E+01  0.0000E+00  0.0000E+00
     1  4329     1     2        0  0.0000E+00  0.2452E-10  0.0000E+00  0.0000E+00
     1  4330     1     1        0  0.0000E+00  0.1913E+02  0.0000E+00  0.0000E+00
     1  4330     1     2        0  0.0000E+00  0.7474E-11  0.0000E+00  0.0000E+00
     1  4331     1     1        0  0.0000E+00  0.1307E+02  0.0000E+00  0.0000E+00
     1  4331     1     2        0  0.0000E+00  0.2630E-10  0.0000E+00  0.0000E+00
     1  4332     1     1        0  0.0000E+00  0.4469E+01  0.0000E+00  0.0000E+00
     1  4332     1     2        0  0.0000E+00  0.7281E-11  0.0000E+00  0.0000E+00
     1  4333     1     1        0  0.0000E+00  0.1553E+02  0.0000E+00  0.0000E+00
     1  4333     1     2        0  0.0000E+00  0.1652E-10  0.0000E+00  0.0000E+00
     1  4334     1     1        0  0.0000E+00  0.3525E+02  0.0000E+00  0.0000E+00
     1  4334     1     2        0  0.0000E+00  0.3423E-10  0.0000E+00  0.0000E+00
     1  4335     1     1        0  0.0000E+00  0.1000E+03  0.0000E+00  0.0000E+00
     1  4335     1     2        0  0.0000E+00  0.7664E-10  0.0000E+00  0.0000E+00
     1  4336     1     1        0  0.0000E+00  0.8433E+01  0.0000E+00  0.0000E+00
     1  4336     1     2        0  0.0000E+00  0.7068E-12  0.0000E+00  0.0000E+00
     1  4337     1     1        0  0.0000E+00  0.4235E+01  0.0000E+00  0.0000E+00
     1  4337     1     2        0  0.0000E+00  0.4260E-11  0.0000E+00  0.0000E+00
     1  4338     1     1        0  0.0000E+00  0.9139E+01  0.0000E+00  0.0000E+00
     1  4338     1     2        0  0.0000E+00  0.2247E-10  0.0000E+00  0.0000E+00
     1  4339     1     1        0  0.0000E+00  0.1680E+02  0.0000E+00  0.0000E+00
     1  4339     1     2        0  0.0000E+00  0.1783E-10  0.0000E+00  0.0000E+00
     1  4340     1     1        0  0.0000E+00  0.3543E+02  0.0000E+00  0.0000E+00
     1  4340     1     2        0  0.0000E+00  0.2643E-10  0.0000E+00  0.0000E+00
     1  4341     1     1        0  0.0000E+00  0.1803E+02  0.0000E+00  0.0000E+00
     1  4341     1     2        0  0.0000E+00  0.2671E-10  0.0000E+00  0.0000E+00
     1  4342     1     1        0  0.0000E+00  0.1153E+02  0.0000E+00  0.0000E+00
     1  4342     1     2        0  0.0000E+00  0.1747E-10  0.0000E+00  0.0000E+00
     1  4343     1     1        0  0.0000E+00  0.2971E+02  0.0000E+00  0.0000E+00
     1  4343     1     2        0  0.0000E+00  0.3008E-10  0.0000E+00  0.0000E+00
     1  4344     1     1        0  0.0000E+00  0.1000E+03  0.0000E+00  0.0000E+00
     1  4344     1     2        0  0.0000E+00  0.6355E-10  0.0000E+00  0.0000E+00
     1  4345     1     1        0  0.0000E+00  0.1210E+02  0.0000E+00  0.0000E+00
     1  4345     1     2        0  0.0000E+00  0.1841E-10  0.0000E+00  0.0000E+00
     1  4346     1     1        0  0.0000E+00  0.2751E+02  0.0000E+00  0.0000E+00
     1  4346     1     2        0  0.0000E+00  0.2698E-10  0.0000E+00  0.0000E+00
     1  4347     1     1        0  0.0000E+00  0.1000E+03  0.0000E+00  0.0000E+00
     1  4347     1     2        0  0.0000E+00  0.1121E-09  0.0000E+00  0.0000E+00
     1  4348     1     1        0  0.0000E+00  0.1443E+02  0.0000E+00  0.0000E+00
     1  4348     1     2        0  0.0000E+00  0.3234E-12  0.0000E+00  0.0000E+00
     1  4349     1     1        0  0.0000E+00  0.5781E+01  0.0000E+00  0.0000E+00
     1  4349     1     2        0  0.0000E+00  0.2336E-11  0.0000E+00  0.0000E+00
     1  4350     1     1        0  0.0000E+00  0.2313E+02  0.0000E+00  0.0000E+00
     1  4350     1     2        0  0.0000E+00  0.1939E-10  0.0000E+00  0.0000E+00
     1  4351     1     1        0  0.0000E+00  0.1000E+03  0.0000E+00  0.0000E+00
     1  4351     1     2        0  0.0000E+00  0.1109E-09  0.0000E+00  0.0000E+00
     1  4352     1     1        0  0.0000E+00  0.2772E+02  0.0000E+00  0.0000E+00
     1  4352     1     2        0  0.0000E+00  0.7407E-11  0.0000E+00  0.0000E+00
     1  4353     1     1        0  0.0000E+00  0.6139E+01  0.0000E+00  0.0000E+00
     1  4353     1     2        0  0.0000E+00  0.7049E-11  0.0000E+00  0.0000E+00
     1  4354     1     1        0  0.0000E+00  0.1902E+02  0.0000E+00  0.0000E+00
     1  4354     1     2        0  0.0000E+00  0.1515E-10  0.0000E+00  0.0000E+00
     1  4355     1     1        0  0.0000E+00  0.6362E+02  0.0000E+00  0.0000E+00
     1  4355     1     2        0  0.0000E+00  0.6728E-10  0.0000E+00  0.0000E+00
     1  4356     1     1        0  0.0000E+00  0.4008E+02  0.0000E+00  0.0000E+00
     1  4356     1     2        0  0.0000E+00  0.3550E-10  0.0000E+00  0.0000E+00
     1  4357     1     1        0  0.0000E+00  0.5607E+01  0.0000E+00  0.0000E+00
     1  4357     1     2        0  0.0000E+00  0.1843E-11  0.0000E+00  0.0000E+00
     1  4358     1     1        0  0.0000E+00  0.4907E+01  0.0000E+00  0.0000E+00
     1  4358     1     2        0  0.0000E+00  0.1408E-10  0.0000E+00  0.0000E+00
     1  4359     1     1        0  0.0000E+00  0.1320E+02  0.0000E+00  0.0000E+00
     1  4359     1     2        0  0.0000E+00  0.8561E-11  0.0000E+00  0.0000E+00
     1  4360     1     1        0  0.0000E+00  0.3002E+02  0.0000E+00  0.0000E+00
     1  4360     1     2        0  0.0000E+00  0.2404E-10  0.0000E+00  0.0000E+00
     1  4361     1     1        0  0.0000E+00  0.1000E+03  0.0000E+00  0.0000E+00
     1  4361     1     2        0  0.0000E+00  0.1124E-09  0.0000E+00  0.0000E+00
     1  4362     1     1        0  0.0000E+00  0.8458E+00  0.0000E+00  0.0000E+00
     1  4362     1     2        0  0.0000E+00  0.1196E-10  0.0000E+00  0.0000E+00
     1  4363     1     1        0  0.0000E+00  0.1106E+02  0.0000E+00  0.0000E+00
     1  4363     1     2        0  0.0000E+00  0.1159E-10  0.0000E+00  0.0000E+00
     1  4364     1     1        0  0.0000E+00  0.1847E+02  0.0000E+00  0.0000E+00
     1  4364     1     2        0  0.0000E+00  0.2843E-10  0.0000E+00  0.0000E+00
     1  4365     1     1        0  0.0000E+00  0.3559E+02  0.0000E+00  0.0000E+00
     1  4365     1     2        0  0.0000E+00  0.3518E-10  0.0000E+00  0.0000E+00
     1  4366     1     1        0  0.0000E+00  0.2568E+01  0.0000E+00  0.0000E+00
     1  4366     1     2        0  0.0000E+00  0.1613E-11  0.0000E+00  0.0000E+00
     1  4367     1     1        0  0.0000E+00  0.3943E+02  0.0000E+00  0.0000E+00
     1  4367     1     2        0  0.0000E+00  0.3163E-10  0.0000E+00  0.0000E+00
     1  4368     1     1        0  0.0000E+00  0.1000E+03  0.0000E+00  0.0000E+00
     1  4368     1     2        0  0.0000E+00  0.8298E-10  0.0000E+00  0.0000E+00
     1  4369     1     1        0  0.0000E+00  0.9435E+01  0.0000E+00  0.0000E+00
     1  4369     1     2        0  0.0000E+00  0.3638E-11  0.0000E+00  0.0000E+00
     1  4370     1     1        0  0.0000E+00  0.3051E+02  0.0000E+00  0.0000E+00
     1  4370     1     2        0  0.0000E+00  0.2849E-10  0.0000E+00  0.0000E+00
     1  4371     1     1        0  0.0000E+00  0.1000E+03  0.0000E+00  0.0000E+00
     1  4371     1     2        0  0.0000E+00  0.1119E-09  0.0000E+00  0.0000E+00
     1  4372     1     1        0  0.0000E+00  0.1223E+02  0.0000E+00  0.0000E+00
     1  4372     1     2        0  0.0000E+00  0.7515E-11  0.0000E+00  0.0000E+00
     1  4373     1     1        0  0.0000E+00  0.1188E+02  0.0000E+00  0.0000E+00
     1  4373     1     2        0  0.0000E+00  0.1004E-10  0.0000E+00  0.0000E+00
     1  4374     1     1        0  0.0000E+00  0.1895E+02  0.0000E+00  0.0000E+00
     1  4374     1     2        0  0.0000E+00  0.1262E-10  0.0000E+00  0.0000E+00
     1  4375     1     1        0  0.0000E+00  0.4459E+02  0.0000E+00  0.0000E+00
     1  4375     1     2        0  0.0000E+00  0.4433E-10  0.0000E+00  0.0000E+00
     1  4376     1     1        0  0.0000E+00  0.6710E+02  0.0000E+00  0.0000E+00
     1  4376     1     2        0  0.0000E+00  0.6245E-10  0.0000E+00  0.0000E+00
     1  4377     1     1        0  0.0000E+00  0.7701E+01  0.0000E+00  0.0000E+00
     1  4377     1     2        0  0.0000E+00  0.3710E-11  0.0000E+00  0.0000E+00
     1  4378     1     1        0  0.0000E+00  0.4081E+01  0.0000E+00  0.0000E+00
     1  4378     1     2        0  0.0000E+00  0.5608E-11  0.0000E+00  0.0000E+00
     1  4379     1     1        0  0.0000E+00  0.1011E+02  0.0000E+00  0.0000E+00
     1  4379     1     2        0  0.0000E+00  0.1505E-10  0.0000E+00  0.0000E+00
     1  4380     1     1        0  0.0000E+00  0.1699E+02  0.0000E+00  0.0000E+00
     1  4380     1     2        0  0.0000E+00  0.1740E-10  0.0000E+00  0.0000E+00
     1  4381     1     1        0  0.0000E+00  0.1466E+02  0.0000E+00  0.0000E+00
     1  4381     1     2        0  0.0000E+00  0.1233E-10  0.0000E+00  0.0000E+00
     1  4382     1     1        0  0.0000E+00  0.3192E+02  0.0000E+00  0.0000E+00
     1  4382     1     2        0  0.0000E+00  0.1613E-10  0.0000E+00  0.0000E+00
     1  4383     1     1        0  0.0000E+00  0.3077E+01  0.0000E+00  0.0000E+00
     1  4383     1     2        0  0.0000E+00  0.2146E-10  0.0000E+00  0.0000E+00
     1  4384     1     1        0  0.0000E+00  0.2717E+01  0.0000E+00  0.0000E+00
     1  4384     1     2        0  0.0000E+00  0.7014E-11  0.0000E+00  0.0000E+00
     1  4385     1     1        0  0.0000E+00  0.5024E+01  0.0000E+00  0.0000E+00
     1  4385     1     2        0  0.0000E+00  0.1400E-10  0.0000E+00  0.0000E+00
     1  4386     1     1        0  0.0000E+00  0.5797E+01  0.0000E+00  0.0000E+00
     1  4386     1     2        0  0.0000E+00  0.9663E-11  0.0000E+00  0.0000E+00
     1  4387     1     1        0  0.0000E+00  0.5534E+01  0.0000E+00  0.0000E+00
     1  4387     1     2        0  0.0000E+00  0.2851E-11  0.0000E+00  0.0000E+00
     1  4388     1     1        0  0.0000E+00  0.2818E+01  0.0000E+00  0.0000E+00
     1  4388     1     2        0  0.0000E+00  0.1156E-11  0.0000E+00  0.0000E+00
     1  4389     1     1        0  0.0000E+00  0.4065E+01  0.0000E+00  0.0000E+00
     1  4389     1     2        0  0.0000E+00  0.4810E-12  0.0000E+00  0.0000E+00
     1  4390     1     1        0  0.0000E+00  0.3117E+02  0.0000E+00  0.0000E+00
     1  4390     1     2        0  0.0000E+00  0.2962E-10  0.0000E+00  0.0000E+00
     1  4391     1     1        0  0.0000E+00  0.1000E+03  0.0000E+00  0.0000E+00
     1  4391     1     2        0  0.0000E+00  0.7858E-10  0.0000E+00  0.0000E+00
     1  4392     1     1        0  0.0000E+00  0.1524E+02  0.0000E+00  0.0000E+00
     1  4392     1     2        0  0.0000E+00  0.1156E-10  0.0000E+00  0.0000E+00
     1  4393     1     1        0  0.0000E+00  0.5459E+01  0.0000E+00  0.0000E+00
     1  4393     1     2        0  0.0000E+00  0.8931E-12  0.0000E+00  0.0000E+00
     1  4394     1     1        0  0.0000E+00  0.7168E+00  0.0000E+00  0.0000E+00
     1  4394     1     2        0  0.0000E+00  0.1524E-11  0.0000E+00  0.0000E+00
     1  4395     1     1        0  0.0000E+00  0.4640E+01  0.0000E+00  0.0000E+00
     1  4395     1     2        0  0.0000E+00  0.1690E-11  0.0000E+00  0.0000E+00
     1  4396     1     1        0  0.0000E+00  0.4860E+01  0.0000E+00  0.0000E+00
     1  4396     1     2        0  0.0000E+00  0.3140E-11  0.0000E+00  0.0000E+00
     1  4397     1     1        0  0.0000E+00  0.4251E+01  0.0000E+00  0.0000E+00
     1  4397     1     2        0  0.0000E+00  0.1188E-10  0.0000E+00  0.0000E+00
     1  4398     1     1        0  0.0000E+00  0.1098E+02  0.0000E+00  0.0000E+00
     1  4398     1     2        0  0.0000E+00  0.1562E-10  0.0000E+00  0.0000E+00
     1  4399     1     1        0  0.0000E+00  0.1576E+02  0.0000E+00  0.0000E+00
     1  4399     1     2        0  0.0000E+00  0.1520E-10  0.0000E+00  0.0000E+00
     1  4400     1     1        0  0.0000E+00  0.1488E+02  0.0000E+00  0.0000E+00
     1  4400     1     2        0  0.0000E+00  0.1958E-10  0.0000E+00  0.0000E+00
     1  4401     1     1        0  0.0000E+00  0.9263E+02  0.0000E+00  0.0000E+00
     1  4401     1     2        0  0.0000E+00  0.5797E-10  0.0000E+00  0.0000E+00
     1  4402     1     1        0  0.0000E+00  0.2892E+02  0.0000E+00  0.0000E+00
     1  4402     1     2        0  0.0000E+00  0.1843E-10  0.0000E+00  0.0000E+00
     1  4403     1     1        0  0.0000E+00  0.3233E+01  0.0000E+00  0.0000E+00
     1  4403     1     2        0  0.0000E+00  0.4759E-11  0.0000E+00  0.0000E+00
     1  4404     1     1        0  0.0000E+00  0.2984E+01  0.0000E+00  0.0000E+00
     1  4404     1     2        0  0.0000E+00  0.5629E-11  0.0000E+00  0.0000E+00
     1  4405     1     1        0  0.0000E+00  0.3170E+01  0.0000E+00  0.0000E+00
     1  4405     1     2        0  0.0000E+00  0.7899E-11  0.0000E+00  0.0000E+00
     1  4406     1     1        0  0.0000E+00  0.4325E+01  0.0000E+00  0.0000E+00
     1  4406     1     2        0  0.0000E+00  0.3613E-11  0.0000E+00  0.0000E+00
     1  4407     1     1        0  0.0000E+00  0.4186E+01  0.0000E+00  0.0000E+00
     1  4407     1     2        0  0.0000E+00  0.1724E-11  0.0000E+00  0.0000E+00
     1  4408     1     1        0  0.0000E+00  0.7707E+01  0.0000E+00  0.0000E+00
     1  4408     1     2        0  0.0000E+00  0.1084E-10  0.0000E+00  0.0000E+00
     1  4409     1     1        0  0.0000E+00  0.1557E+02  0.0000E+00  0.0000E+00
     1  4409     1     2        0  0.0000E+00  0.2724E-10  0.0000E+00  0.0000E+00
     1  4410     1     1        0  0.0000E+00  0.3144E+02  0.0000E+00  0.0000E+00
     1  4410     1     2        0  0.0000E+00  0.2424E-10  0.0000E+00  0.0000E+00
     1  4411     1     1        0  0.0000E+00  0.2424E+02  0.0000E+00  0.0000E+00
     1  4411     1     2        0  0.0000E+00  0.1556E-10  0.0000E+00  0.0000E+00
     1  4412     1     1        0  0.0000E+00  0.1006E+02  0.0000E+00  0.0000E+00
     1  4412     1     2        0  0.0000E+00  0.9050E-11  0.0000E+00  0.0000E+00
     1  4413     1     1        0  0.0000E+00  0.1880E+02  0.0000E+00  0.0000E+00
     1  4413     1     2        0  0.0000E+00  0.9873E-11  0.0000E+00  0.0000E+00
     1  4414     1     1        0  0.0000E+00  0.3319E+01  0.0000E+00  0.0000E+00
     1  4414     1     2        0  0.0000E+00  0.5880E-11  0.0000E+00  0.0000E+00
     1  4415     1     1        0  0.0000E+00  0.7916E+01  0.0000E+00  0.0000E+00
     1  4415     1     2        0  0.0000E+00  0.8141E-11  0.0000E+00  0.0000E+00
     1  4416     1     1        0  0.0000E+00  0.1147E+01  0.0000E+00  0.0000E+00
     1  4416     1     2        0  0.0000E+00  0.3266E-11  0.0000E+00  0.0000E+00
     1  4417     1     1        0  0.0000E+00  0.1637E+02  0.0000E+00  0.0000E+00
     1  4417     1     2        0  0.0000E+00  0.1297E-10  0.0000E+00  0.0000E+00
     1  4418     1     1        0  0.0000E+00  0.5752E+01  0.0000E+00  0.0000E+00
     1  4418     1     2        0  0.0000E+00  0.4415E-11  0.0000E+00  0.0000E+00
     1  4419     1     1        0  0.0000E+00  0.3042E+01  0.0000E+00  0.0000E+00
     1  4419     1     2        0  0.0000E+00  0.6467E-11  0.0000E+00  0.0000E+00
     1  4420     1     1        0  0.0000E+00  0.5105E+01  0.0000E+00  0.0000E+00
     1  4420     1     2        0  0.0000E+00  0.2438E-11  0.0000E+00  0.0000E+00
     1  4421     1     1        0  0.0000E+00  0.5553E+01  0.0000E+00  0.0000E+00
     1  4421     1     2        0  0.0000E+00  0.2235E-11  0.0000E+00  0.0000E+00
     1  4422     1     1        0  0.0000E+00  0.5887E+01  0.0000E+00  0.0000E+00
     1  4422     1     2        0  0.0000E+00  0.4789E-11  0.0000E+00  0.0000E+00
     1  4423     1     1        0  0.0000E+00  0.4085E+00  0.0000E+00  0.0000E+00
     1  4423     1     2        0  0.0000E+00  0.8538E-11  0.0000E+00  0.0000E+00
     1  4424     1     1        0  0.0000E+00  0.2395E+02  0.0000E+00  0.0000E+00
     1  4424     1     2        0  0.0000E+00  0.1198E-10  0.0000E+00  0.0000E+00
     1  4425     1     1        0  0.0000E+00  0.1484E+02  0.0000E+00  0.0000E+00
     1  4425     1     2        0  0.0000E+00  0.2204E-10  0.0000E+00  0.0000E+00
     1  4426     1     1        0  0.0000E+00  0.3185E+00  0.0000E+00  0.0000E+00
     1  4426     1     2        0  0.0000E+00  0.3413E-11  0.0000E+00  0.0000E+00
     1  4427     1     1        0  0.0000E+00  0.5345E+01  0.0000E+00  0.0000E+00
     1  4427     1     2        0  0.0000E+00  0.1168E-11  0.0000E+00  0.0000E+00
     1  4428     1     1        0  0.0000E+00  0.1226E+02  0.0000E+00  0.0000E+00
     1  4428     1     2        0  0.0000E+00  0.1550E-10  0.0000E+00  0.0000E+00
     1  4429     1     1        0  0.0000E+00  0.2368E+02  0.0000E+00  0.0000E+00
     1  4429     1     2        0  0.0000E+00  0.2226E-10  0.0000E+00  0.0000E+00
     1  4430     1     1        0  0.0000E+00  0.1000E+03  0.0000E+00  0.0000E+00
     1  4430     1     2        0  0.0000E+00  0.9592E-10  0.0000E+00  0.0000E+00
     1  4431     1     1        0  0.0000E+00  0.4499E+01  0.0000E+00  0.0000E+00
     1  4431     1     2        0  0.0000E+00  0.2150E-11  0.0000E+00  0.0000E+00
     1  4432     1     1        0  0.0000E+00  0.2104E+02  0.0000E+00  0.0000E+00
     1  4432     1     2        0  0.0000E+00  0.2103E-10  0.0000E+00  0.0000E+00
     1  4433     1     1        0  0.0000E+00  0.9991E+02  0.0000E+00  0.0000E+00
     1  4433     1     2        0  0.0000E+00  0.8963E-10  0.0000E+00  0.0000E+00
     1  4434     1     1        0  0.0000E+00  0.2955E+02  0.0000E+00  0.0000E+00
     1  4434     1     2        0  0.0000E+00  0.2615E-10  0.0000E+00  0.0000E+00
     1  4435     1     1        0  0.0000E+00  0.8947E+01  0.0000E+00  0.0000E+00
     1  4435     1     2        0  0.0000E+00  0.8740E-11  0.0000E+00  0.0000E+00
     1  4436     1     1        0  0.0000E+00  0.3007E+02  0.0000E+00  0.0000E+00
     1  4436     1     2        0  0.0000E+00  0.2667E-10  0.0000E+00  0.0000E+00
     1  4437     1     1        0  0.0000E+00  0.1000E+03  0.0000E+00  0.0000E+00
     1  4437     1     2        0  0.0000E+00  0.1015E-09  0.0000E+00  0.0000E+00
     1  4438     1     1        0  0.0000E+00  0.6212E+01  0.0000E+00  0.0000E+00
     1  4438     1     2        0  0.0000E+00  0.9007E-11  0.0000E+00  0.0000E+00
     1  4439     1     1        0  0.0000E+00  0.8074E+01  0.0000E+00  0.0000E+00
     1  4439     1     2        0  0.0000E+00  0.5531E-11  0.0000E+00  0.0000E+00
     1  4440     1     1        0  0.0000E+00  0.3423E+01  0.0000E+00  0.0000E+00
     1  4440     1     2        0  0.0000E+00  0.6787E-11  0.0000E+00  0.0000E+00
     1  4441     1     1        0  0.0000E+00  0.3245E+02  0.0000E+00  0.0000E+00
     1  4441     1     2        0  0.0000E+00  0.2719E-10  0.0000E+00  0.0000E+00
     1  4442     1     1        0  0.0000E+00  0.1123E+02  0.0000E+00  0.0000E+00
     1  4442     1     2        0  0.0000E+00  0.9321E-11  0.0000E+00  0.0000E+00
     1  4443     1     1        0  0.0000E+00  0.6596E+01  0.0000E+00  0.0000E+00
     1  4443     1     2        0  0.0000E+00  0.4918E-11  0.0000E+00  0.0000E+00
     1  4444     1     1        0  0.0000E+00  0.1205E+02  0.0000E+00  0.0000E+00
     1  4444     1     2        0  0.0000E+00  0.1754E-10  0.0000E+00  0.0000E+00
     1  4445     1     1        0  0.0000E+00  0.5713E+01  0.0000E+00  0.0000E+00
     1  4445     1     2        0  0.0000E+00  0.8963E-11  0.0000E+00  0.0000E+00
     1  4446     1     1        0  0.0000E+00  0.3310E+02  0.0000E+00  0.0000E+00
     1  4446     1     2        0  0.0000E+00  0.2042E-10  0.0000E+00  0.0000E+00
     1  4447     1     1        0  0.0000E+00  0.1517E+02  0.0000E+00  0.0000E+00
     1  4447     1     2        0  0.0000E+00  0.1090E-10  0.0000E+00  0.0000E+00
     1  4448     1     1        0  0.0000E+00  0.1224E+01  0.0000E+00  0.0000E+00
     1  4448     1     2        0  0.0000E+00  0.7965E-11  0.0000E+00  0.0000E+00
     1  4449     1     1        0  0.0000E+00  0.3117E+01  0.0000E+00  0.0000E+00
     1  4449     1     2        0  0.0000E+00  0.2729E-11  0.0000E+00  0.0000E+00
     1  4450     1     1        0  0.0000E+00  0.2887E+01  0.0000E+00  0.0000E+00
     1  4450     1     2        0  0.0000E+00  0.4033E-11  0.0000E+00  0.0000E+00
     1  4451     1     1        0  0.0000E+00  0.3829E+01  0.0000E+00  0.0000E+00
     1  4451     1     2        0  0.0000E+00  0.7181E-11  0.0000E+00  0.0000E+00
     1  4452     1     1        0  0.0000E+00  0.1808E+02  0.0000E+00  0.0000E+00
     1  4452     1     2        0  0.0000E+00  0.2854E-10  0.0000E+00  0.0000E+00
     1  4453     1     1        0  0.0000E+00  0.3111E+02  0.0000E+00  0.0000E+00
     1  4453     1     2        0  0.0000E+00  0.2615E-10  0.0000E+00  0.0000E+00
     1  4454     1     1        0  0.0000E+00  0.4534E+02  0.0000E+00  0.0000E+00
     1  4454     1     2        0  0.0000E+00  0.3158E-10  0.0000E+00  0.0000E+00
     1  4455     1     1        0  0.0000E+00  0.2232E+02  0.0000E+00  0.0000E+00
     1  4455     1     2        0  0.0000E+00  0.9380E-11  0.0000E+00  0.0000E+00
     1  4456     1     1        0  0.0000E+00  0.3793E+01  0.0000E+00  0.0000E+00
     1  4456     1     2        0  0.0000E+00  0.6920E-11  0.0000E+00  0.0000E+00
     1  4457     1     1        0  0.0000E+00  0.1718E+02  0.0000E+00  0.0000E+00
     1  4457     1     2        0  0.0000E+00  0.1902E-10  0.0000E+00  0.0000E+00
     1  4458     1     1        0  0.0000E+00  0.9233E+01  0.0000E+00  0.0000E+00
     1  4458     1     2        0  0.0000E+00  0.1185E-10  0.0000E+00  0.0000E+00
     1  4459     1     1        0  0.0000E+00  0.7679E+02  0.0000E+00  0.0000E+00
     1  4459     1     2        0  0.0000E+00  0.6358E-10  0.0000E+00  0.0000E+00
     1  4460     1     1        0  0.0000E+00  0.8440E+01  0.0000E+00  0.0000E+00
     1  4460     1     2        0  0.0000E+00  0.4108E-11  0.0000E+00  0.0000E+00
     1  4461     1     1        0  0.0000E+00  0.7839E+01  0.0000E+00  0.0000E+00
     1  4461     1     2        0  0.0000E+00  0.3012E-11  0.0000E+00  0.0000E+00
     1  4462     1     1        0  0.0000E+00  0.7360E+01  0.0000E+00  0.0000E+00
     1  4462     1     2        0  0.0000E+00  0.2147E-11  0.0000E+00  0.0000E+00
     1  4463     1     1        0  0.0000E+00  0.1434E+02  0.0000E+00  0.0000E+00
     1  4463     1     2        0  0.0000E+00  0.9933E-11  0.0000E+00  0.0000E+00
     1  4464     1     1        0  0.0000E+00  0.3154E+02  0.0000E+00  0.0000E+00
     1  4464     1     2        0  0.0000E+00  0.3087E-10  0.0000E+00  0.0000E+00
     1  4465     1     1        0  0.0000E+00  0.2324E+02  0.0000E+00  0.0000E+00
     1  4465     1     2        0  0.0000E+00  0.1450E-10  0.0000E+00  0.0000E+00
     1  4466     1     1        0  0.0000E+00  0.4869E+02  0.0000E+00  0.0000E+00
     1  4466     1     2        0  0.0000E+00  0.4215E-10  0.0000E+00  0.0000E+00
     1  4467     1     1        0  0.0000E+00  0.6880E+02  0.0000E+00  0.0000E+00
     1  4467     1     2        0  0.0000E+00  0.6094E-10  0.0000E+00  0.0000E+00
     1  4468     1     1        0  0.0000E+00  0.1000E+03  0.0000E+00  0.0000E+00
     1  4468     1     2        0  0.0000E+00  0.6542E-10  0.0000E+00  0.0000E+00
     1  4469     1     1        0  0.0000E+00  0.7462E+02  0.0000E+00  0.0000E+00
     1  4469     1     2        0  0.0000E+00  0.6100E-10  0.0000E+00  0.0000E+00
     1  4470     1     1        0  0.0000E+00  0.3350E+02  0.0000E+00  0.0000E+00
     1  4470     1     2        0  0.0000E+00  0.7826E-12  0.0000E+00  0.0000E+00
     1  4471     1     1        0  0.0000E+00  0.1800E+02  0.0000E+00  0.0000E+00
     1  4471     1     2        0  0.0000E+00  0.1826E-10  0.0000E+00  0.0000E+00
     1  4472     1     1        0  0.0000E+00  0.4568E+01  0.0000E+00  0.0000E+00
     1  4472     1     2        0  0.0000E+00  0.7806E-11  0.0000E+00  0.0000E+00
     1  4473     1     1        0  0.0000E+00  0.6162E+02  0.0000E+00  0.0000E+00
     1  4473     1     2        0  0.0000E+00  0.7064E-10  0.0000E+00  0.0000E+00
     1  4474     1     1        0  0.0000E+00  0.6376E+01  0.0000E+00  0.0000E+00
     1  4474     1     2        0  0.0000E+00  0.7387E-12  0.0000E+00  0.0000E+00
     1  4475     1     1        0  0.0000E+00  0.6135E+01  0.0000E+00  0.0000E+00
     1  4475     1     2        0  0.0000E+00  0.4108E-11  0.0000E+00  0.0000E+00
     1  4476     1     1        0  0.0000E+00  0.1452E+02  0.0000E+00  0.0000E+00
     1  4476     1     2        0  0.0000E+00  0.1279E-10  0.0000E+00  0.0000E+00
     1  4477     1     1        0  0.0000E+00  0.2910E+02  0.0000E+00  0.0000E+00
     1  4477     1     2        0  0.0000E+00  0.2142E-10  0.0000E+00  0.0000E+00
     1  4478     1     1        0  0.0000E+00  0.1000E+03  0.0000E+00  0.0000E+00
     1  4478     1     2        0  0.0000E+00  0.9804E-10  0.0000E+00  0.0000E+00
     1  4479     1     1        0  0.0000E+00  0.1411E+02  0.0000E+00  0.0000E+00
     1  4479     1     2        0  0.0000E+00  0.9227E-11  0.0000E+00  0.0000E+00
     1  4480     1     1        0  0.0000E+00  0.9335E+01  0.0000E+00  0.0000E+00
     1  4480     1     2        0  0.0000E+00  0.9248E-11  0.0000E+00  0.0000E+00
     1  4481     1     1        0  0.0000E+00  0.2234E+02  0.0000E+00  0.0000E+00
     1  4481     1     2        0  0.0000E+00  0.2028E-10  0.0000E+00  0.0000E+00
     1  4482     1     1        0  0.0000E+00  0.4668E+02  0.0000E+00  0.0000E+00
     1  4482     1     2        0  0.0000E+00  0.4638E-10  0.0000E+00  0.0000E+00
     1  4483     1     1        0  0.0000E+00  0.1000E+03  0.0000E+00  0.0000E+00
     1  4483     1     2        0  0.0000E+00  0.1275E-09  0.0000E+00  0.0000E+00
     1  4484     1     1        0  0.0000E+00  0.2723E+01  0.0000E+00  0.0000E+00
     1  4484     1     2        0  0.0000E+00  0.9232E-11  0.0000E+00  0.0000E+00
     1  4485     1     1        0  0.0000E+00  0.4846E+01  0.0000E+00  0.0000E+00
     1  4485     1     2        0  0.0000E+00  0.2563E-11  0.0000E+00  0.0000E+00
     1  4486     1     1        0  0.0000E+00  0.1921E+01  0.0000E+00  0.0000E+00
     1  4486     1     2        0  0.0000E+00  0.3249E-11  0.0000E+00  0.0000E+00
     1  4487     1     1        0  0.0000E+00  0.1651E+02  0.0000E+00  0.0000E+00
     1  4487     1     2        0  0.0000E+00  0.2200E-10  0.0000E+00  0.0000E+00
     1  4488     1     1        0  0.0000E+00  0.7438E+02  0.0000E+00  0.0000E+00
     1  4488     1     2        0  0.0000E+00  0.6233E-10  0.0000E+00  0.0000E+00
     1  4489     1     1        0  0.0000E+00  0.4494E+02  0.0000E+00  0.0000E+00
     1  4489     1     2        0  0.0000E+00  0.4422E-10  0.0000E+00  0.0000E+00
     1  4490     1     1        0  0.0000E+00  0.4241E+01  0.0000E+00  0.0000E+00
     1  4490     1     2        0  0.0000E+00  0.3269E-11  0.0000E+00  0.0000E+00
     1  4491     1     1        0  0.0000E+00  0.8367E+01  0.0000E+00  0.0000E+00
     1  4491     1     2        0  0.0000E+00  0.3112E-11  0.0000E+00  0.0000E+00
     1  4492     1     1        0  0.0000E+00  0.1812E+02  0.0000E+00  0.0000E+00
     1  4492     1     2        0  0.0000E+00  0.2155E-10  0.0000E+00  0.0000E+00
     1  4493     1     1        0  0.0000E+00  0.5010E+02  0.0000E+00  0.0000E+00
     1  4493     1     2        0  0.0000E+00  0.4594E-10  0.0000E+00  0.0000E+00
     1  4494     1     1        0  0.0000E+00  0.1287E+02  0.0000E+00  0.0000E+00
     1  4494     1     2        0  0.0000E+00  0.2458E-11  0.0000E+00  0.0000E+00
     1  4495     1     1        0  0.0000E+00  0.1584E+02  0.0000E+00  0.0000E+00
     1  4495     1     2        0  0.0000E+00  0.1703E-10  0.0000E+00  0.0000E+00
     1  4496     1     1        0  0.0000E+00  0.2679E+02  0.0000E+00  0.0000E+00
     1  4496     1     2        0  0.0000E+00  0.1993E-10  0.0000E+00  0.0000E+00
     1  4497     1     1        0  0.0000E+00  0.9962E+02  0.0000E+00  0.0000E+00
     1  4497     1     2        0  0.0000E+00  0.1431E-09  0.0000E+00  0.0000E+00
     1  4498     1     1        0  0.0000E+00  0.8333E+01  0.0000E+00  0.0000E+00
     1  4498     1     2        0  0.0000E+00  0.1588E-10  0.0000E+00  0.0000E+00
     1  4499     1     1        0  0.0000E+00  0.1858E+02  0.0000E+00  0.0000E+00
     1  4499     1     2        0  0.0000E+00  0.2181E-10  0.0000E+00  0.0000E+00
     1  4500     1     1        0  0.0000E+00  0.2362E+02  0.0000E+00  0.0000E+00
     1  4500     1     2        0  0.0000E+00  0.2227E-10  0.0000E+00  0.0000E+00
     1  4501     1     1        0  0.0000E+00  0.7667E+02  0.0000E+00  0.0000E+00
     1  4501     1     2        0  0.0000E+00  0.9164E-10  0.0000E+00  0.0000E+00
     1  4502     1     1        0  0.0000E+00  0.2815E+02  0.0000E+00  0.0000E+00
     1  4502     1     2        0  0.0000E+00  0.2412E-10  0.0000E+00  0.0000E+00
     1  4503     1     1        0  0.0000E+00  0.1804E+02  0.0000E+00  0.0000E+00
     1  4503     1     2        0  0.0000E+00  0.1716E-10  0.0000E+00  0.0000E+00
     1  4504     1     1        0  0.0000E+00  0.7973E+02  0.0000E+00  0.0000E+00
     1  4504     1     2        0  0.0000E+00  0.7143E-10  0.0000E+00  0.0000E+00
     1  4505     1     1        0  0.0000E+00  0.2979E+01  0.0000E+00  0.0000E+00
     1  4505     1     2        0  0.0000E+00  0.1707E-10  0.0000E+00  0.0000E+00
     1  4506     1     1        0  0.0000E+00  0.3264E+02  0.0000E+00  0.0000E+00
     1  4506     1     2        0  0.0000E+00  0.2517E-10  0.0000E+00  0.0000E+00
     1  4507     1     1        0  0.0000E+00  0.1000E+03  0.0000E+00  0.0000E+00
     1  4507     1     2        0  0.0000E+00  0.7811E-10  0.0000E+00  0.0000E+00
     1  4508     1     1        0  0.0000E+00  0.2417E+02  0.0000E+00  0.0000E+00
     1  4508     1     2        0  0.0000E+00  0.1976E-10  0.0000E+00  0.0000E+00
     1  4509     1     1        0  0.0000E+00  0.1021E+02  0.0000E+00  0.0000E+00
     1  4509     1     2        0  0.0000E+00  0.6518E-11  0.0000E+00  0.0000E+00
     1  4510     1     1        0  0.0000E+00  0.1265E+01  0.0000E+00  0.0000E+00
     1  4510     1     2        0  0.0000E+00  0.2749E-10  0.0000E+00  0.0000E+00
     1  4511     1     1        0  0.0000E+00  0.4678E+01  0.0000E+00  0.0000E+00
     1  4511     1     2        0  0.0000E+00  0.1818E-11  0.0000E+00  0.0000E+00
     1  4512     1     1        0  0.0000E+00  0.4789E+01  0.0000E+00  0.0000E+00
     1  4512     1     2        0  0.0000E+00  0.1402E-10  0.0000E+00  0.0000E+00
     1  4513     1     1        0  0.0000E+00  0.2324E+02  0.0000E+00  0.0000E+00
     1  4513     1     2        0  0.0000E+00  0.2310E-10  0.0000E+00  0.0000E+00
     1  4514     1     1        0  0.0000E+00  0.2528E+02  0.0000E+00  0.0000E+00
     1  4514     1     2        0  0.0000E+00  0.1944E-10  0.0000E+00  0.0000E+00
     1  4515     1     1        0  0.0000E+00  0.4795E+02  0.0000E+00  0.0000E+00
     1  4515     1     2        0  0.0000E+00  0.3155E-10  0.0000E+00  0.0000E+00
     1  4516     1     1        0  0.0000E+00  0.1000E+03  0.0000E+00  0.0000E+00
     1  4516     1     2        0  0.0000E+00  0.6062E-10  0.0000E+00  0.0000E+00
     1  4517     1     1        0  0.0000E+00  0.1000E+03  0.0000E+00  0.0000E+00
     1  4517     1     2        0  0.0000E+00  0.1162E-09  0.0000E+00  0.0000E+00
     1  4518     1     1        0  0.0000E+00  0.6571E+02  0.0000E+00  0.0000E+00
     1  4518     1     2        0  0.0000E+00  0.5777E-10  0.0000E+00  0.0000E+00
     1  4519     1     1        0  0.0000E+00  0.7294E+01  0.0000E+00  0.0000E+00
     1  4519     1     2        0  0.0000E+00  0.3374E-11  0.0000E+00  0.0000E+00
     1  4520     1     1        0  0.0000E+00  0.2932E+02  0.0000E+00  0.0000E+00
     1  4520     1     2        0  0.0000E+00  0.3302E-10  0.0000E+00  0.0000E+00
     1  4521     1     1        0  0.0000E+00  0.1000E+03  0.0000E+00  0.0000E+00
     1  4521     1     2        0  0.0000E+00  0.9427E-10  0.0000E+00  0.0000E+00
     1  4522     1     1        0  0.0000E+00  0.5783E+01  0.0000E+00  0.0000E+00
     1  4522     1     2        0  0.0000E+00  0.2769E-11  0.0000E+00  0.0000E+00
     1  4523     1     1        0  0.0000E+00  0.9733E+01  0.0000E+00  0.0000E+00
     1  4523     1     2        0  0.0000E+00  0.2237E-11  0.0000E+00  0.0000E+00
     1  4524     1     1        0  0.0000E+00  0.6245E+01  0.0000E+00  0.0000E+00
     1  4524     1     2        0  0.0000E+00  0.3436E-11  0.0000E+00  0.0000E+00
     1  4525     1     1        0  0.0000E+00  0.8660E+01  0.0000E+00  0.0000E+00
     1  4525     1     2        0  0.0000E+00  0.1115E-10  0.0000E+00  0.0000E+00
     1  4526     1     1        0  0.0000E+00  0.2315E+02  0.0000E+00  0.0000E+00
     1  4526     1     2        0  0.0000E+00  0.2102E-10  0.0000E+00  0.0000E+00
     1  4527     1     1        0  0.0000E+00  0.6401E+02  0.0000E+00  0.0000E+00
     1  4527     1     2        0  0.0000E+00  0.5966E-10  0.0000E+00  0.0000E+00
     1  4528     1     1        0  0.0000E+00  0.3004E+02  0.0000E+00  0.0000E+00
     1  4528     1     2        0  0.0000E+00  0.2619E-10  0.0000E+00  0.0000E+00
     1  4529     1     1        0  0.0000E+00  0.1000E+03  0.0000E+00  0.0000E+00
     1  4529     1     2        0  0.0000E+00  0.9452E-10  0.0000E+00  0.0000E+00
     1  4530     1     1        0  0.0000E+00  0.1618E+01  0.0000E+00  0.0000E+00
     1  4530     1     2        0  0.0000E+00  0.6591E-12  0.0000E+00  0.0000E+00
     1  4531     1     1        0  0.0000E+00  0.3827E+02  0.0000E+00  0.0000E+00
     1  4531     1     2        0  0.0000E+00  0.3214E-10  0.0000E+00  0.0000E+00
     1  4532     1     1        0  0.0000E+00  0.1000E+03  0.0000E+00  0.0000E+00
     1  4532     1     2        0  0.0000E+00  0.9832E-10  0.0000E+00  0.0000E+00
     1  4533     1     1        0  0.0000E+00  0.1023E+02  0.0000E+00  0.0000E+00
     1  4533     1     2        0  0.0000E+00  0.6809E-11  0.0000E+00  0.0000E+00
     1  4534     1     1        0  0.0000E+00  0.1935E+01  0.0000E+00  0.0000E+00
     1  4534     1     2        0  0.0000E+00  0.2146E-12  0.0000E+00  0.0000E+00
     1  4535     1     1        0  0.0000E+00  0.8976E+01  0.0000E+00  0.0000E+00
     1  4535     1     2        0  0.0000E+00  0.7479E-12  0.0000E+00  0.0000E+00
     1  4536     1     1        0  0.0000E+00  0.1776E+02  0.0000E+00  0.0000E+00
     1  4536     1     2        0  0.0000E+00  0.1750E-10  0.0000E+00  0.0000E+00
     1  4537     1     1        0  0.0000E+00  0.5869E+02  0.0000E+00  0.0000E+00
     1  4537     1     2        0  0.0000E+00  0.5618E-10  0.0000E+00  0.0000E+00
     1  4538     1     1        0  0.0000E+00  0.2112E+02  0.0000E+00  0.0000E+00
     1  4538     1     2        0  0.0000E+00  0.1720E-10  0.0000E+00  0.0000E+00
     1  4539     1     1        0  0.0000E+00  0.1800E+02  0.0000E+00  0.0000E+00
     1  4539     1     2        0  0.0000E+00  0.2115E-10  0.0000E+00  0.0000E+00
     1  4540     1     1        0  0.0000E+00  0.3280E+02  0.0000E+00  0.0000E+00
     1  4540     1     2        0  0.0000E+00  0.3078E-10  0.0000E+00  0.0000E+00
     1  4541     1     1        0  0.0000E+00  0.4395E+02  0.0000E+00  0.0000E+00
     1  4541     1     2        0  0.0000E+00  0.5149E-10  0.0000E+00  0.0000E+00
     1  4542     1     1        0  0.0000E+00  0.1545E+02  0.0000E+00  0.0000E+00
     1  4542     1     2        0  0.0000E+00  0.2236E-11  0.0000E+00  0.0000E+00
     1  4543     1     1        0  0.0000E+00  0.3033E+01  0.0000E+00  0.0000E+00
     1  4543     1     2        0  0.0000E+00  0.3457E-11  0.0000E+00  0.0000E+00
     1  4544     1     1        0  0.0000E+00  0.8315E+01  0.0000E+00  0.0000E+00
     1  4544     1     2        0  0.0000E+00  0.2412E-11  0.0000E+00  0.0000E+00
     1  4545     1     1        0  0.0000E+00  0.2852E+02  0.0000E+00  0.0000E+00
     1  4545     1     2        0  0.0000E+00  0.2302E-10  0.0000E+00  0.0000E+00
     1  4546     1     1        0  0.0000E+00  0.1000E+03  0.0000E+00  0.0000E+00
     1  4546     1     2        0  0.0000E+00  0.9264E-10  0.0000E+00  0.0000E+00
     1  4547     1     1        0  0.0000E+00  0.7382E+01  0.0000E+00  0.0000E+00
     1  4547     1     2        0  0.0000E+00  0.1223E-10  0.0000E+00  0.0000E+00
     1  4548     1     1        0  0.0000E+00  0.7516E+01  0.0000E+00  0.0000E+00
     1  4548     1     2        0  0.0000E+00  0.6322E-11  0.0000E+00  0.0000E+00
     1  4549     1     1        0  0.0000E+00  0.1923E+02  0.0000E+00  0.0000E+00
     1  4549     1     2        0  0.0000E+00  0.2253E-10  0.0000E+00  0.0000E+00
     1  4550     1     1        0  0.0000E+00  0.6791E+02  0.0000E+00  0.0000E+00
     1  4550     1     2        0  0.0000E+00  0.6238E-10  0.0000E+00  0.0000E+00
     1  4551     1     1        0  0.0000E+00  0.1051E+02  0.0000E+00  0.0000E+00
     1  4551     1     2        0  0.0000E+00  0.1583E-10  0.0000E+00  0.0000E+00
     1  4552     1     1        0  0.0000E+00  0.1599E+02  0.0000E+00  0.0000E+00
     1  4552     1     2        0  0.0000E+00  0.1391E-10  0.0000E+00  0.0000E+00
     1  4553     1     1        0  0.0000E+00  0.3756E+02  0.0000E+00  0.0000E+00
     1  4553     1     2        0  0.0000E+00  0.3326E-10  0.0000E+00  0.0000E+00
     1  4554     1     1        0  0.0000E+00  0.9446E+02  0.0000E+00  0.0000E+00
     1  4554     1     2        0  0.0000E+00  0.1032E-09  0.0000E+00  0.0000E+00
     1  4555     1     1        0  0.0000E+00  0.7769E+01  0.0000E+00  0.0000E+00
     1  4555     1     2        0  0.0000E+00  0.1864E-10  0.0000E+00  0.0000E+00
     1  4556     1     1        0  0.0000E+00  0.1077E+02  0.0000E+00  0.0000E+00
     1  4556     1     2        0  0.0000E+00  0.5629E-11  0.0000E+00  0.0000E+00
     1  4557     1     1        0  0.0000E+00  0.1887E+02  0.0000E+00  0.0000E+00
     1  4557     1     2        0  0.0000E+00  0.2062E-10  0.0000E+00  0.0000E+00
     1  4558     1     1        0  0.0000E+00  0.2646E+02  0.0000E+00  0.0000E+00
     1  4558     1     2        0  0.0000E+00  0.2630E-10  0.0000E+00  0.0000E+00
     1  4559     1     1        0  0.0000E+00  0.4151E+01  0.0000E+00  0.0000E+00
     1  4559     1     2        0  0.0000E+00  0.1281E-11  0.0000E+00  0.0000E+00
     1  4560     1     1        0  0.0000E+00  0.1609E+02  0.0000E+00  0.0000E+00
     1  4560     1     2        0  0.0000E+00  0.1014E-10  0.0000E+00  0.0000E+00
     1  4561     1     1        0  0.0000E+00  0.3600E+02  0.0000E+00  0.0000E+00
     1  4561     1     2        0  0.0000E+00  0.2869E-10  0.0000E+00  0.0000E+00
     1  4562     1     1        0  0.0000E+00  0.2003E+02  0.0000E+00  0.0000E+00
     1  4562     1     2        0  0.0000E+00  0.1549E-10  0.0000E+00  0.0000E+00
     1  4563     1     1        0  0.0000E+00  0.6565E+02  0.0000E+00  0.0000E+00
     1  4563     1     2        0  0.0000E+00  0.4958E-10  0.0000E+00  0.0000E+00
     1  4564     1     1        0  0.0000E+00  0.3024E+02  0.0000E+00  0.0000E+00
     1  4564     1     2        0  0.0000E+00  0.3523E-10  0.0000E+00  0.0000E+00
     1  4565     1     1        0  0.0000E+00  0.2521E+02  0.0000E+00  0.0000E+00
     1  4565     1     2        0  0.0000E+00  0.3062E-10  0.0000E+00  0.0000E+00
     1  4566     1     1        0  0.0000E+00  0.1650E+02  0.0000E+00  0.0000E+00
     1  4566     1     2        0  0.0000E+00  0.1141E-11  0.0000E+00  0.0000E+00
     1  4567     1     1        0  0.0000E+00  0.7116E+01  0.0000E+00  0.0000E+00
     1  4567     1     2        0  0.0000E+00  0.5212E-11  0.0000E+00  0.0000E+00
     1  4568     1     1        0  0.0000E+00  0.2124E+02  0.0000E+00  0.0000E+00
     1  4568     1     2        0  0.0000E+00  0.2420E-10  0.0000E+00  0.0000E+00
     1  4569     1     1        0  0.0000E+00  0.7300E+02  0.0000E+00  0.0000E+00
     1  4569     1     2        0  0.0000E+00  0.7234E-10  0.0000E+00  0.0000E+00
     1  4570     1     1        0  0.0000E+00  0.4496E+01  0.0000E+00  0.0000E+00
     1  4570     1     2        0  0.0000E+00  0.5811E-11  0.0000E+00  0.0000E+00
     1  4571     1     1        0  0.0000E+00  0.2558E+02  0.0000E+00  0.0000E+00
     1  4571     1     2        0  0.0000E+00  0.1603E-10  0.0000E+00  0.0000E+00
     1  4572     1     1        0  0.0000E+00  0.2316E+02  0.0000E+00  0.0000E+00
     1  4572     1     2        0  0.0000E+00  0.1370E-10  0.0000E+00  0.0000E+00
     1  4573     1     1        0  0.0000E+00  0.1000E+03  0.0000E+00  0.0000E+00
     1  4573     1     2        0  0.0000E+00  0.7845E-10  0.0000E+00  0.0000E+00
     1  4574     1     1        0  0.0000E+00  0.7113E+02  0.0000E+00  0.0000E+00
     1  4574     1     2        0  0.0000E+00  0.8495E-10  0.0000E+00  0.0000E+00
     1  4575     1     1        0  0.0000E+00  0.1788E+02  0.0000E+00  0.0000E+00
     1  4575     1     2        0  0.0000E+00  0.3520E-11  0.0000E+00  0.0000E+00
     1  4576     1     1        0  0.0000E+00  0.4670E+01  0.0000E+00  0.0000E+00
     1  4576     1     2        0  0.0000E+00  0.4065E-11  0.0000E+00  0.0000E+00
     1  4577     1     1        0  0.0000E+00  0.1501E+01  0.0000E+00  0.0000E+00
     1  4577     1     2        0  0.0000E+00  0.1251E-10  0.0000E+00  0.0000E+00
     1  4578     1     1        0  0.0000E+00  0.8671E+01  0.0000E+00  0.0000E+00
     1  4578     1     2        0  0.0000E+00  0.1307E-10  0.0000E+00  0.0000E+00
     1  4579     1     1        0  0.0000E+00  0.1823E+02  0.0000E+00  0.0000E+00
     1  4579     1     2        0  0.0000E+00  0.1942E-10  0.0000E+00  0.0000E+00
     1  4580     1     1        0  0.0000E+00  0.1651E+02  0.0000E+00  0.0000E+00
     1  4580     1     2        0  0.0000E+00  0.1485E-10  0.0000E+00  0.0000E+00
     1  4581     1     1        0  0.0000E+00  0.1000E+03  0.0000E+00  0.0000E+00
     1  4581     1     2        0  0.0000E+00  0.8541E-10  0.0000E+00  0.0000E+00
     1  4582     1     1        0  0.0000E+00  0.4305E+02  0.0000E+00  0.0000E+00
     1  4582     1     2        0  0.0000E+00  0.2237E-10  0.0000E+00  0.0000E+00
     1  4583     1     1        0  0.0000E+00  0.6238E+01  0.0000E+00  0.0000E+00
     1  4583     1     2        0  0.0000E+00  0.4197E-11  0.0000E+00  0.0000E+00
     1  4584     1     1        0  0.0000E+00  0.6067E+00  0.0000E+00  0.0000E+00
     1  4584     1     2        0  0.0000E+00  0.5893E-11  0.0000E+00  0.0000E+00
     1  4585     1     1        0  0.0000E+00  0.2269E+01  0.0000E+00  0.0000E+00
     1  4585     1     2        0  0.0000E+00  0.2431E-11  0.0000E+00  0.0000E+00
     1  4586     1     1        0  0.0000E+00  0.1358E+02  0.0000E+00  0.0000E+00
     1  4586     1     2        0  0.0000E+00  0.1848E-10  0.0000E+00  0.0000E+00
     1  4587     1     1        0  0.0000E+00  0.4311E+02  0.0000E+00  0.0000E+00
     1  4587     1     2        0  0.0000E+00  0.4118E-10  0.0000E+00  0.0000E+00
     1  4588     1     1        0  0.0000E+00  0.3871E+02  0.0000E+00  0.0000E+00
     1  4588     1     2        0  0.0000E+00  0.4800E-10  0.0000E+00  0.0000E+00
     1  4589     1     1        0  0.0000E+00  0.5233E+01  0.0000E+00  0.0000E+00
     1  4589     1     2        0  0.0000E+00  0.2894E-11  0.0000E+00  0.0000E+00
     1  4590     1     1        0  0.0000E+00  0.2554E+01  0.0000E+00  0.0000E+00
     1  4590     1     2        0  0.0000E+00  0.3955E-11  0.0000E+00  0.0000E+00
     1  4591     1     1        0  0.0000E+00  0.3009E+01  0.0000E+00  0.0000E+00
     1  4591     1     2        0  0.0000E+00  0.1322E-10  0.0000E+00  0.0000E+00
     1  4592     1     1        0  0.0000E+00  0.5839E+01  0.0000E+00  0.0000E+00
     1  4592     1     2        0  0.0000E+00  0.9798E-11  0.0000E+00  0.0000E+00
     1  4593     1     1        0  0.0000E+00  0.2574E+02  0.0000E+00  0.0000E+00
     1  4593     1     2        0  0.0000E+00  0.2647E-10  0.0000E+00  0.0000E+00
     1  4594     1     1        0  0.0000E+00  0.8613E+02  0.0000E+00  0.0000E+00
     1  4594     1     2        0  0.0000E+00  0.8759E-10  0.0000E+00  0.0000E+00
     1  4595     1     1        0  0.0000E+00  0.3707E+02  0.0000E+00  0.0000E+00
     1  4595     1     2        0  0.0000E+00  0.3519E-10  0.0000E+00  0.0000E+00
     1  4596     1     1        0  0.0000E+00  0.1000E+03  0.0000E+00  0.0000E+00
     1  4596     1     2        0  0.0000E+00  0.8889E-10  0.0000E+00  0.0000E+00
     1  4597     1     1        0  0.0000E+00  0.1807E+01  0.0000E+00  0.0000E+00
     1  4597     1     2        0  0.0000E+00  0.1761E-11  0.0000E+00  0.0000E+00
     1  4598     1     1        0  0.0000E+00  0.1331E+02  0.0000E+00  0.0000E+00
     1  4598     1     2        0  0.0000E+00  0.1034E-10  0.0000E+00  0.0000E+00
     1  4599     1     1        0  0.0000E+00  0.2866E+02  0.0000E+00  0.0000E+00
     1  4599     1     2        0  0.0000E+00  0.2341E-10  0.0000E+00  0.0000E+00
     1  4600     1     1        0  0.0000E+00  0.1000E+03  0.0000E+00  0.0000E+00
     1  4600     1     2        0  0.0000E+00  0.6026E-10  0.0000E+00  0.0000E+00
     1  4601     1     1        0  0.0000E+00  0.1062E+02  0.0000E+00  0.0000E+00
     1  4601     1     2        0  0.0000E+00  0.1001E-10  0.0000E+00  0.0000E+00
     1  4602     1     1        0  0.0000E+00  0.1209E+02  0.0000E+00  0.0000E+00
     1  4602     1     2        0  0.0000E+00  0.1683E-10  0.0000E+00  0.0000E+00
     1  4603     1     1        0  0.0000E+00  0.4271E+02  0.0000E+00  0.0000E+00
     1  4603     1     2        0  0.0000E+00  0.4348E-10  0.0000E+00  0.0000E+00
     1  4604     1     1        0  0.0000E+00  0.1000E+03  0.0000E+00  0.0000E+00
     1  4604     1     2        0  0.0000E+00  0.7235E-10  0.0000E+00  0.0000E+00
     1  4605     1     1        0  0.0000E+00  0.1531E+02  0.0000E+00  0.0000E+00
     1  4605     1     2        0  0.0000E+00  0.1277E-10  0.0000E+00  0.0000E+00
     1  4606     1     1        0  0.0000E+00  0.3027E+01  0.0000E+00  0.0000E+00
     1  4606     1     2        0  0.0000E+00  0.8417E-11  0.0000E+00  0.0000E+00
     1  4607     1     1        0  0.0000E+00  0.1456E+02  0.0000E+00  0.0000E+00
     1  4607     1     2        0  0.0000E+00  0.7145E-11  0.0000E+00  0.0000E+00
     1  4608     1     1        0  0.0000E+00  0.2544E+02  0.0000E+00  0.0000E+00
     1  4608     1     2        0  0.0000E+00  0.2670E-10  0.0000E+00  0.0000E+00
     1  4609     1     1        0  0.0000E+00  0.1000E+03  0.0000E+00  0.0000E+00
     1  4609     1     2        0  0.0000E+00  0.1257E-09  0.0000E+00  0.0000E+00
     1  4610     1     1        0  0.0000E+00  0.1801E+02  0.0000E+00  0.0000E+00
     1  4610     1     2        0  0.0000E+00  0.1776E-10  0.0000E+00  0.0000E+00
     1  4611     1     1        0  0.0000E+00  0.4079E+01  0.0000E+00  0.0000E+00
     1  4611     1     2        0  0.0000E+00  0.2642E-11  0.0000E+00  0.0000E+00
     1  4612     1     1        0  0.0000E+00  0.1145E+02  0.0000E+00  0.0000E+00
     1  4612     1     2        0  0.0000E+00  0.1248E-10  0.0000E+00  0.0000E+00
     1  4613     1     1        0  0.0000E+00  0.2398E+02  0.0000E+00  0.0000E+00
     1  4613     1     2        0  0.0000E+00  0.1786E-10  0.0000E+00  0.0000E+00
     1  4614     1     1        0  0.0000E+00  0.5760E+02  0.0000E+00  0.0000E+00
     1  4614     1     2        0  0.0000E+00  0.6619E-10  0.0000E+00  0.0000E+00
     1  4615     1     1        0  0.0000E+00  0.2743E+02  0.0000E+00  0.0000E+00
     1  4615     1     2        0  0.0000E+00  0.2318E-10  0.0000E+00  0.0000E+00
     1  4616     1     1        0  0.0000E+00  0.4074E+02  0.0000E+00  0.0000E+00
     1  4616     1     2        0  0.0000E+00  0.3419E-10  0.0000E+00  0.0000E+00
     1  4617     1     1        0  0.0000E+00  0.3682E+02  0.0000E+00  0.0000E+00
     1  4617     1     2        0  0.0000E+00  0.3143E-10  0.0000E+00  0.0000E+00
     1  4618     1     1        0  0.0000E+00  0.9241E+02  0.0000E+00  0.0000E+00
     1  4618     1     2        0  0.0000E+00  0.8015E-10  0.0000E+00  0.0000E+00
     1  4619     1     1        0  0.0000E+00  0.1040E+02  0.0000E+00  0.0000E+00
     1  4619     1     2        0  0.0000E+00  0.1312E-10  0.0000E+00  0.0000E+00
     1  4620     1     1        0  0.0000E+00  0.2337E+02  0.0000E+00  0.0000E+00
     1  4620     1     2        0  0.0000E+00  0.2835E-10  0.0000E+00  0.0000E+00
     1  4621     1     1        0  0.0000E+00  0.1838E+02  0.0000E+00  0.0000E+00
     1  4621     1     2        0  0.0000E+00  0.3209E-11  0.0000E+00  0.0000E+00
     1  4622     1     1        0  0.0000E+00  0.1933E+02  0.0000E+00  0.0000E+00
     1  4622     1     2        0  0.0000E+00  0.1714E-10  0.0000E+00  0.0000E+00
     1  4623     1     1        0  0.0000E+00  0.2600E+01  0.0000E+00  0.0000E+00
     1  4623     1     2        0  0.0000E+00  0.9748E-11  0.0000E+00  0.0000E+00
     1  4624     1     1        0  0.0000E+00  0.1346E+02  0.0000E+00  0.0000E+00
     1  4624     1     2        0  0.0000E+00  0.1359E-10  0.0000E+00  0.0000E+00
     1  4625     1     1        0  0.0000E+00  0.3114E+02  0.0000E+00  0.0000E+00
     1  4625     1     2        0  0.0000E+00  0.3032E-10  0.0000E+00  0.0000E+00
     1  4626     1     1        0  0.0000E+00  0.1000E+03  0.0000E+00  0.0000E+00
     1  4626     1     2        0  0.0000E+00  0.9803E-10  0.0000E+00  0.0000E+00
     1  4627     1     1        0  0.0000E+00  0.2387E+01  0.0000E+00  0.0000E+00
     1  4627     1     2        0  0.0000E+00  0.5506E-11  0.0000E+00  0.0000E+00
     1  4628     1     1        0  0.0000E+00  0.7527E+01  0.0000E+00  0.0000E+00
     1  4628     1     2        0  0.0000E+00  0.1039E-10  0.0000E+00  0.0000E+00
     1  4629     1     1        0  0.0000E+00  0.2146E+02  0.0000E+00  0.0000E+00
     1  4629     1     2        0  0.0000E+00  0.2782E-10  0.0000E+00  0.0000E+00
     1  4630     1     1        0  0.0000E+00  0.1000E+03  0.0000E+00  0.0000E+00
     1  4630     1     2        0  0.0000E+00  0.9060E-10  0.0000E+00  0.0000E+00
     1  4631     1     1        0  0.0000E+00  0.1018E+02  0.0000E+00  0.0000E+00
     1  4631     1     2        0  0.0000E+00  0.6755E-11  0.0000E+00  0.0000E+00
     1  4632     1     1        0  0.0000E+00  0.1258E+02  0.0000E+00  0.0000E+00
     1  4632     1     2        0  0.0000E+00  0.7690E-11  0.0000E+00  0.0000E+00
     1  4633     1     1        0  0.0000E+00  0.9216E+01  0.0000E+00  0.0000E+00
     1  4633     1     2        0  0.0000E+00  0.9429E-11  0.0000E+00  0.0000E+00
     1  4634     1     1        0  0.0000E+00  0.1051E+02  0.0000E+00  0.0000E+00
     1  4634     1     2        0  0.0000E+00  0.6126E-11  0.0000E+00  0.0000E+00
     1  4635     1     1        0  0.0000E+00  0.2118E+02  0.0000E+00  0.0000E+00
     1  4635     1     2        0  0.0000E+00  0.2092E-10  0.0000E+00  0.0000E+00
     1  4636     1     1        0  0.0000E+00  0.1000E+03  0.0000E+00  0.0000E+00
     1  4636     1     2        0  0.0000E+00  0.9830E-10  0.0000E+00  0.0000E+00
     1  4637     1     1        0  0.0000E+00  0.6727E+01  0.0000E+00  0.0000E+00
     1  4637     1     2        0  0.0000E+00  0.3666E-11  0.0000E+00  0.0000E+00
     1  4638     1     1        0  0.0000E+00  0.6559E+02  0.0000E+00  0.0000E+00
     1  4638     1     2        0  0.0000E+00  0.6134E-10  0.0000E+00  0.0000E+00
     1  4639     1     1        0  0.0000E+00  0.4778E+02  0.0000E+00  0.0000E+00
     1  4639     1     2        0  0.0000E+00  0.3679E-10  0.0000E+00  0.0000E+00
     1  4640     1     1        0  0.0000E+00  0.8457E+01  0.0000E+00  0.0000E+00
     1  4640     1     2        0  0.0000E+00  0.1320E-10  0.0000E+00  0.0000E+00
     1  4641     1     1        0  0.0000E+00  0.1908E+02  0.0000E+00  0.0000E+00
     1  4641     1     2        0  0.0000E+00  0.1252E-10  0.0000E+00  0.0000E+00
     1  4642     1     1        0  0.0000E+00  0.2608E+02  0.0000E+00  0.0000E+00
     1  4642     1     2        0  0.0000E+00  0.2539E-10  0.0000E+00  0.0000E+00
     1  4643     1     1        0  0.0000E+00  0.1000E+03  0.0000E+00  0.0000E+00
     1  4643     1     2        0  0.0000E+00  0.1032E-09  0.0000E+00  0.0000E+00
     1  4644     1     1        0  0.0000E+00  0.2328E+02  0.0000E+00  0.0000E+00
     1  4644     1     2        0  0.0000E+00  0.5350E-11  0.0000E+00  0.0000E+00
     1  4645     1     1        0  0.0000E+00  0.1207E+02  0.0000E+00  0.0000E+00
     1  4645     1     2        0  0.0000E+00  0.1346E-10  0.0000E+00  0.0000E+00
     1  4646     1     1        0  0.0000E+00  0.3789E+02  0.0000E+00  0.0000E+00
     1  4646     1     2        0  0.0000E+00  0.3610E-10  0.0000E+00  0.0000E+00
     1  4647     1     1        0  0.0000E+00  0.7318E+02  0.0000E+00  0.0000E+00
     1  4647     1     2        0  0.0000E+00  0.9866E-10  0.0000E+00  0.0000E+00
     1  4648     1     1        0  0.0000E+00  0.3032E+01  0.0000E+00  0.0000E+00
     1  4648     1     2        0  0.0000E+00  0.9823E-11  0.0000E+00  0.0000E+00
     1  4649     1     1        0  0.0000E+00  0.1295E+02  0.0000E+00  0.0000E+00
     1  4649     1     2        0  0.0000E+00  0.1828E-10  0.0000E+00  0.0000E+00
     1  4650     1     1        0  0.0000E+00  0.1850E+02  0.0000E+00  0.0000E+00
     1  4650     1     2        0  0.0000E+00  0.1794E-10  0.0000E+00  0.0000E+00
     1  4651     1     1        0  0.0000E+00  0.5868E+02  0.0000E+00  0.0000E+00
     1  4651     1     2        0  0.0000E+00  0.5865E-10  0.0000E+00  0.0000E+00
     1  4652     1     1        0  0.0000E+00  0.4071E+02  0.0000E+00  0.0000E+00
     1  4652     1     2        0  0.0000E+00  0.3661E-10  0.0000E+00  0.0000E+00
     1  4653     1     1        0  0.0000E+00  0.4485E+01  0.0000E+00  0.0000E+00
     1  4653     1     2        0  0.0000E+00  0.5982E-11  0.0000E+00  0.0000E+00
     1  4654     1     1        0  0.0000E+00  0.2801E+02  0.0000E+00  0.0000E+00
     1  4654     1     2        0  0.0000E+00  0.2870E-10  0.0000E+00  0.0000E+00
     1  4655     1     1        0  0.0000E+00  0.1000E+03  0.0000E+00  0.0000E+00
     1  4655     1     2        0  0.0000E+00  0.7970E-10  0.0000E+00  0.0000E+00
     1  4656     1     1        0  0.0000E+00  0.1951E+02  0.0000E+00  0.0000E+00
     1  4656     1     2        0  0.0000E+00  0.2317E-10  0.0000E+00  0.0000E+00
     1  4657     1     1        0  0.0000E+00  0.3416E+02  0.0000E+00  0.0000E+00
     1  4657     1     2        0  0.0000E+00  0.3260E-10  0.0000E+00  0.0000E+00
     1  4658     1     1        0  0.0000E+00  0.1000E+03  0.0000E+00  0.0000E+00
     1  4658     1     2        0  0.0000E+00  0.9644E-10  0.0000E+00  0.0000E+00
     1  4659     1     1        0  0.0000E+00  0.1830E+02  0.0000E+00  0.0000E+00
     1  4659     1     2        0  0.0000E+00  0.1184E-10  0.0000E+00  0.0000E+00
     1  4660     1     1        0  0.0000E+00  0.5811E+01  0.0000E+00  0.0000E+00
     1  4660     1     2        0  0.0000E+00  0.1110E-10  0.0000E+00  0.0000E+00
     1  4661     1     1        0  0.0000E+00  0.1853E+02  0.0000E+00  0.0000E+00
     1  4661     1     2        0  0.0000E+00  0.2143E-10  0.0000E+00  0.0000E+00
     1  4662     1     1        0  0.0000E+00  0.4336E+02  0.0000E+00  0.0000E+00
     1  4662     1     2        0  0.0000E+00  0.4347E-10  0.0000E+00  0.0000E+00
     1  4663     1     1        0  0.0000E+00  0.4431E+02  0.0000E+00  0.0000E+00
     1  4663     1     2        0  0.0000E+00  0.2756E-10  0.0000E+00  0.0000E+00
     1  4664     1     1        0  0.0000E+00  0.1442E+01  0.0000E+00  0.0000E+00
     1  4664     1     2        0  0.0000E+00  0.7022E-11  0.0000E+00  0.0000E+00
     1  4665     1     1        0  0.0000E+00  0.1268E+02  0.0000E+00  0.0000E+00
     1  4665     1     2        0  0.0000E+00  0.9841E-11  0.0000E+00  0.0000E+00
     1  4666     1     1        0  0.0000E+00  0.2840E+02  0.0000E+00  0.0000E+00
     1  4666     1     2        0  0.0000E+00  0.2458E-10  0.0000E+00  0.0000E+00
     1  4667     1     1        0  0.0000E+00  0.1000E+03  0.0000E+00  0.0000E+00
     1  4667     1     2        0  0.0000E+00  0.4479E-10  0.0000E+00  0.0000E+00
     1  4668     1     1        0  0.0000E+00  0.9979E+00  0.0000E+00  0.0000E+00
     1  4668     1     2        0  0.0000E+00  0.8513E-11  0.0000E+00  0.0000E+00
     1  4669     1     1        0  0.0000E+00  0.4492E+01  0.0000E+00  0.0000E+00
     1  4669     1     2        0  0.0000E+00  0.7028E-11  0.0000E+00  0.0000E+00
     1  4670     1     1        0  0.0000E+00  0.4752E+01  0.0000E+00  0.0000E+00
     1  4670     1     2        0  0.0000E+00  0.1349E-10  0.0000E+00  0.0000E+00
     1  4671     1     1        0  0.0000E+00  0.7276E+01  0.0000E+00  0.0000E+00
     1  4671     1     2        0  0.0000E+00  0.8755E-11  0.0000E+00  0.0000E+00
     1  4672     1     1        0  0.0000E+00  0.2879E+02  0.0000E+00  0.0000E+00
     1  4672     1     2        0  0.0000E+00  0.2594E-10  0.0000E+00  0.0000E+00
     1  4673     1     1        0  0.0000E+00  0.1000E+03  0.0000E+00  0.0000E+00
     1  4673     1     2        0  0.0000E+00  0.7874E-10  0.0000E+00  0.0000E+00
     1  4674     1     1        0  0.0000E+00  0.1247E+02  0.0000E+00  0.0000E+00
     1  4674     1     2        0  0.0000E+00  0.5238E-11  0.0000E+00  0.0000E+00
     1  4675     1     1        0  0.0000E+00  0.2154E+02  0.0000E+00  0.0000E+00
     1  4675     1     2        0  0.0000E+00  0.1924E-10  0.0000E+00  0.0000E+00
     1  4676     1     1        0  0.0000E+00  0.1000E+03  0.0000E+00  0.0000E+00
     1  4676     1     2        0  0.0000E+00  0.1087E-09  0.0000E+00  0.0000E+00
     1  4677     1     1        0  0.0000E+00  0.5661E+02  0.0000E+00  0.0000E+00
     1  4677     1     2        0  0.0000E+00  0.4797E-10  0.0000E+00  0.0000E+00
     1  4678     1     1        0  0.0000E+00  0.1337E+02  0.0000E+00  0.0000E+00
     1  4678     1     2        0  0.0000E+00  0.3417E-11  0.0000E+00  0.0000E+00
     1  4679     1     1        0  0.0000E+00  0.7960E+01  0.0000E+00  0.0000E+00
     1  4679     1     2        0  0.0000E+00  0.1935E-11  0.0000E+00  0.0000E+00
     1  4680     1     1        0  0.0000E+00  0.2124E+02  0.0000E+00  0.0000E+00
     1  4680     1     2        0  0.0000E+00  0.1147E-10  0.0000E+00  0.0000E+00
     1  4681     1     1        0  0.0000E+00  0.5291E+02  0.0000E+00  0.0000E+00
     1  4681     1     2        0  0.0000E+00  0.4709E-10  0.0000E+00  0.0000E+00
     1  4682     1     1        0  0.0000E+00  0.1144E+02  0.0000E+00  0.0000E+00
     1  4682     1     2        0  0.0000E+00  0.1198E-10  0.0000E+00  0.0000E+00
     1  4683     1     1        0  0.0000E+00  0.9122E+01  0.0000E+00  0.0000E+00
     1  4683     1     2        0  0.0000E+00  0.6584E-11  0.0000E+00  0.0000E+00
     1  4684     1     1        0  0.0000E+00  0.2337E+02  0.0000E+00  0.0000E+00
     1  4684     1     2        0  0.0000E+00  0.2149E-10  0.0000E+00  0.0000E+00
     1  4685     1     1        0  0.0000E+00  0.1000E+03  0.0000E+00  0.0000E+00
     1  4685     1     2        0  0.0000E+00  0.1037E-09  0.0000E+00  0.0000E+00
     1  4686     1     1        0  0.0000E+00  0.2234E+02  0.0000E+00  0.0000E+00
     1  4686     1     2        0  0.0000E+00  0.2162E-10  0.0000E+00  0.0000E+00
     1  4687     1     1        0  0.0000E+00  0.3983E+01  0.0000E+00  0.0000E+00
     1  4687     1     2        0  0.0000E+00  0.3194E-11  0.0000E+00  0.0000E+00
     1  4688     1     1        0  0.0000E+00  0.1536E+02  0.0000E+00  0.0000E+00
     1  4688     1     2        0  0.0000E+00  0.1257E-10  0.0000E+00  0.0000E+00
     1  4689     1     1        0  0.0000E+00  0.1222E+02  0.0000E+00  0.0000E+00
     1  4689     1     2        0  0.0000E+00  0.1008E-10  0.0000E+00  0.0000E+00
     1  4690     1     1        0  0.0000E+00  0.1244E+02  0.0000E+00  0.0000E+00
     1  4690     1     2        0  0.0000E+00  0.1228E-10  0.0000E+00  0.0000E+00
     1  4691     1     1        0  0.0000E+00  0.4876E+02  0.0000E+00  0.0000E+00
     1  4691     1     2        0  0.0000E+00  0.3521E-10  0.0000E+00  0.0000E+00
     1  4692     1     1        0  0.0000E+00  0.1000E+03  0.0000E+00  0.0000E+00
     1  4692     1     2        0  0.0000E+00  0.8875E-10  0.0000E+00  0.0000E+00
     1  4693     1     1        0  0.0000E+00  0.8193E+02  0.0000E+00  0.0000E+00
     1  4693     1     2        0  0.0000E+00  0.3340E-10  0.0000E+00  0.0000E+00
     1  4694     1     1        0  0.0000E+00  0.1171E+02  0.0000E+00  0.0000E+00
     1  4694     1     2        0  0.0000E+00  0.1253E-10  0.0000E+00  0.0000E+00
     1  4695     1     1        0  0.0000E+00  0.3645E+02  0.0000E+00  0.0000E+00
     1  4695     1     2        0  0.0000E+00  0.3173E-10  0.0000E+00  0.0000E+00
     1  4696     1     1        0  0.0000E+00  0.1000E+03  0.0000E+00  0.0000E+00
     1  4696     1     2        0  0.0000E+00  0.7041E-10  0.0000E+00  0.0000E+00
     1  4697     1     1        0  0.0000E+00  0.3356E+01  0.0000E+00  0.0000E+00
     1  4697     1     2        0  0.0000E+00  0.6126E-12  0.0000E+00  0.0000E+00
     1  4698     1     1        0  0.0000E+00  0.1794E+02  0.0000E+00  0.0000E+00
     1  4698     1     2        0  0.0000E+00  0.9847E-11  0.0000E+00  0.0000E+00
     1  4699     1     1        0  0.0000E+00  0.2725E+02  0.0000E+00  0.0000E+00
     1  4699     1     2        0  0.0000E+00  0.2478E-10  0.0000E+00  0.0000E+00
     1  4700     1     1        0  0.0000E+00  0.1000E+03  0.0000E+00  0.0000E+00
     1  4700     1     2        0  0.0000E+00  0.8739E-10  0.0000E+00  0.0000E+00
     1  4701     1     1        0  0.0000E+00  0.1000E+03  0.0000E+00  0.0000E+00
     1  4701     1     2        0  0.0000E+00  0.8419E-10  0.0000E+00  0.0000E+00
     1  4702     1     1        0  0.0000E+00  0.1875E+02  0.0000E+00  0.0000E+00
     1  4702     1     2        0  0.0000E+00  0.5223E-11  0.0000E+00  0.0000E+00
     1  4703     1     1        0  0.0000E+00  0.1558E+01  0.0000E+00  0.0000E+00
     1  4703     1     2        0  0.0000E+00  0.1929E-10  0.0000E+00  0.0000E+00
     1  4704     1     1        0  0.0000E+00  0.1042E+02  0.0000E+00  0.0000E+00
     1  4704     1     2        0  0.0000E+00  0.1160E-10  0.0000E+00  0.0000E+00
     1  4705     1     1        0  0.0000E+00  0.2651E+02  0.0000E+00  0.0000E+00
     1  4705     1     2        0  0.0000E+00  0.2438E-10  0.0000E+00  0.0000E+00
     1  4706     1     1        0  0.0000E+00  0.1000E+03  0.0000E+00  0.0000E+00
     1  4706     1     2        0  0.0000E+00  0.8670E-10  0.0000E+00  0.0000E+00
     1  4707     1     1        0  0.0000E+00  0.2334E+02  0.0000E+00  0.0000E+00
     1  4707     1     2        0  0.0000E+00  0.2076E-10  0.0000E+00  0.0000E+00
     1  4708     1     1        0  0.0000E+00  0.1067E+02  0.0000E+00  0.0000E+00
     1  4708     1     2        0  0.0000E+00  0.1145E-10  0.0000E+00  0.0000E+00
     1  4709     1     1        0  0.0000E+00  0.5919E+01  0.0000E+00  0.0000E+00
     1  4709     1     2        0  0.0000E+00  0.1843E-10  0.0000E+00  0.0000E+00
     1  4710     1     1        0  0.0000E+00  0.3222E+01  0.0000E+00  0.0000E+00
     1  4710     1     2        0  0.0000E+00  0.4113E-11  0.0000E+00  0.0000E+00
     1  4711     1     1        0  0.0000E+00  0.1185E+01  0.0000E+00  0.0000E+00
     1  4711     1     2        0  0.0000E+00  0.1211E-11  0.0000E+00  0.0000E+00
     1  4712     1     1        0  0.0000E+00  0.8865E+01  0.0000E+00  0.0000E+00
     1  4712     1     2        0  0.0000E+00  0.1835E-11  0.0000E+00  0.0000E+00
     1  4713     1     1        0  0.0000E+00  0.2060E+02  0.0000E+00  0.0000E+00
     1  4713     1     2        0  0.0000E+00  0.1578E-10  0.0000E+00  0.0000E+00
     1  4714     1     1        0  0.0000E+00  0.6826E+02  0.0000E+00  0.0000E+00
     1  4714     1     2        0  0.0000E+00  0.6262E-10  0.0000E+00  0.0000E+00
     1  4715     1     1        0  0.0000E+00  0.2911E+02  0.0000E+00  0.0000E+00
     1  4715     1     2        0  0.0000E+00  0.3253E-10  0.0000E+00  0.0000E+00
     1  4716     1     1        0  0.0000E+00  0.8675E+01  0.0000E+00  0.0000E+00
     1  4716     1     2        0  0.0000E+00  0.1374E-11  0.0000E+00  0.0000E+00
     1  4717     1     1        0  0.0000E+00  0.2723E+00  0.0000E+00  0.0000E+00
     1  4717     1     2        0  0.0000E+00  0.1133E-11  0.0000E+00  0.0000E+00
     1  4718     1     1        0  0.0000E+00  0.2617E+01  0.0000E+00  0.0000E+00
     1  4718     1     2        0  0.0000E+00  0.6653E-11  0.0000E+00  0.0000E+00
     1  4719     1     1        0  0.0000E+00  0.1924E+01  0.0000E+00  0.0000E+00
     1  4719     1     2        0  0.0000E+00  0.1313E-10  0.0000E+00  0.0000E+00
     1  4720     1     1        0  0.0000E+00  0.3657E+01  0.0000E+00  0.0000E+00
     1  4720     1     2        0  0.0000E+00  0.1077E-10  0.0000E+00  0.0000E+00
     1  4721     1     1        0  0.0000E+00  0.6783E+01  0.0000E+00  0.0000E+00
     1  4721     1     2        0  0.0000E+00  0.1588E-10  0.0000E+00  0.0000E+00
     1  4722     1     1        0  0.0000E+00  0.1662E+02  0.0000E+00  0.0000E+00
     1  4722     1     2        0  0.0000E+00  0.2043E-10  0.0000E+00  0.0000E+00
     1  4723     1     1        0  0.0000E+00  0.5816E+02  0.0000E+00  0.0000E+00
     1  4723     1     2        0  0.0000E+00  0.5881E-10  0.0000E+00  0.0000E+00
     1  4724     1     1        0  0.0000E+00  0.4724E+02  0.0000E+00  0.0000E+00
     1  4724     1     2        0  0.0000E+00  0.4731E-10  0.0000E+00  0.0000E+00
     1  4725     1     1        0  0.0000E+00  0.1270E+02  0.0000E+00  0.0000E+00
     1  4725     1     2        0  0.0000E+00  0.5679E-11  0.0000E+00  0.0000E+00
     1  4726     1     1        0  0.0000E+00  0.2819E+01  0.0000E+00  0.0000E+00
     1  4726     1     2        0  0.0000E+00  0.7245E-11  0.0000E+00  0.0000E+00
     1  4727     1     1        0  0.0000E+00  0.5370E+01  0.0000E+00  0.0000E+00
     1  4727     1     2        0  0.0000E+00  0.4822E-11  0.0000E+00  0.0000E+00
     1  4728     1     1        0  0.0000E+00  0.1132E+02  0.0000E+00  0.0000E+00
     1  4728     1     2        0  0.0000E+00  0.1004E-10  0.0000E+00  0.0000E+00
     1  4729     1     1        0  0.0000E+00  0.2014E+02  0.0000E+00  0.0000E+00
     1  4729     1     2        0  0.0000E+00  0.2134E-10  0.0000E+00  0.0000E+00
     1  4730     1     1        0  0.0000E+00  0.8689E+02  0.0000E+00  0.0000E+00
     1  4730     1     2        0  0.0000E+00  0.8810E-10  0.0000E+00  0.0000E+00
     1  4731     1     1        0  0.0000E+00  0.1473E+02  0.0000E+00  0.0000E+00
     1  4731     1     2        0  0.0000E+00  0.3436E-10  0.0000E+00  0.0000E+00
     1  4732     1     1        0  0.0000E+00  0.1444E+01  0.0000E+00  0.0000E+00
     1  4732     1     2        0  0.0000E+00  0.9003E-12  0.0000E+00  0.0000E+00
     1  4733     1     1        0  0.0000E+00  0.3936E+01  0.0000E+00  0.0000E+00
     1  4733     1     2        0  0.0000E+00  0.2914E-11  0.0000E+00  0.0000E+00
     1  4734     1     1        0  0.0000E+00  0.2200E+01  0.0000E+00  0.0000E+00
     1  4734     1     2        0  0.0000E+00  0.3118E-11  0.0000E+00  0.0000E+00
     1  4735     1     1        0  0.0000E+00  0.4632E+01  0.0000E+00  0.0000E+00
     1  4735     1     2        0  0.0000E+00  0.9385E-12  0.0000E+00  0.0000E+00
     1  4736     1     1        0  0.0000E+00  0.7117E+01  0.0000E+00  0.0000E+00
     1  4736     1     2        0  0.0000E+00  0.1374E-10  0.0000E+00  0.0000E+00
     1  4737     1     1        0  0.0000E+00  0.2211E+01  0.0000E+00  0.0000E+00
     1  4737     1     2        0  0.0000E+00  0.2023E-11  0.0000E+00  0.0000E+00
     1  4738     1     1        0  0.0000E+00  0.4356E+01  0.0000E+00  0.0000E+00
     1  4738     1     2        0  0.0000E+00  0.8809E-12  0.0000E+00  0.0000E+00
     1  4739     1     1        0  0.0000E+00  0.1555E+02  0.0000E+00  0.0000E+00
     1  4739     1     2        0  0.0000E+00  0.1347E-10  0.0000E+00  0.0000E+00
     1  4740     1     1        0  0.0000E+00  0.4356E+02  0.0000E+00  0.0000E+00
     1  4740     1     2        0  0.0000E+00  0.4218E-10  0.0000E+00  0.0000E+00
     1  4741     1     1        0  0.0000E+00  0.5263E+02  0.0000E+00  0.0000E+00
     1  4741     1     2        0  0.0000E+00  0.5386E-10  0.0000E+00  0.0000E+00
     1  4742     1     1        0  0.0000E+00  0.5792E+01  0.0000E+00  0.0000E+00
     1  4742     1     2        0  0.0000E+00  0.1501E-10  0.0000E+00  0.0000E+00
     1  4743     1     1        0  0.0000E+00  0.6087E+01  0.0000E+00  0.0000E+00
     1  4743     1     2        0  0.0000E+00  0.5722E-12  0.0000E+00  0.0000E+00
     1  4744     1     1        0  0.0000E+00  0.1465E+02  0.0000E+00  0.0000E+00
     1  4744     1     2        0  0.0000E+00  0.1350E-10  0.0000E+00  0.0000E+00
     1  4745     1     1        0  0.0000E+00  0.2740E+02  0.0000E+00  0.0000E+00
     1  4745     1     2        0  0.0000E+00  0.3060E-10  0.0000E+00  0.0000E+00
     1  4746     1     1        0  0.0000E+00  0.1000E+03  0.0000E+00  0.0000E+00
     1  4746     1     2        0  0.0000E+00  0.1192E-09  0.0000E+00  0.0000E+00
     1  4747     1     1        0  0.0000E+00  0.5591E+01  0.0000E+00  0.0000E+00
     1  4747     1     2        0  0.0000E+00  0.1186E-10  0.0000E+00  0.0000E+00
     1  4748     1     1        0  0.0000E+00  0.3696E+01  0.0000E+00  0.0000E+00
     1  4748     1     2        0  0.0000E+00  0.4905E-11  0.0000E+00  0.0000E+00
     1  4749     1     1        0  0.0000E+00  0.1016E+02  0.0000E+00  0.0000E+00
     1  4749     1     2        0  0.0000E+00  0.1113E-10  0.0000E+00  0.0000E+00
     1  4750     1     1        0  0.0000E+00  0.1906E+02  0.0000E+00  0.0000E+00
     1  4750     1     2        0  0.0000E+00  0.1440E-10  0.0000E+00  0.0000E+00
     1  4751     1     1        0  0.0000E+00  0.4131E+02  0.0000E+00  0.0000E+00
     1  4751     1     2        0  0.0000E+00  0.3602E-10  0.0000E+00  0.0000E+00
     1  4752     1     1        0  0.0000E+00  0.2168E+02  0.0000E+00  0.0000E+00
     1  4752     1     2        0  0.0000E+00  0.2034E-10  0.0000E+00  0.0000E+00
     1  4753     1     1        0  0.0000E+00  0.6537E+02  0.0000E+00  0.0000E+00
     1  4753     1     2        0  0.0000E+00  0.6277E-10  0.0000E+00  0.0000E+00
     1  4754     1     1        0  0.0000E+00  0.7928E+02  0.0000E+00  0.0000E+00
     1  4754     1     2        0  0.0000E+00  0.8416E-10  0.0000E+00  0.0000E+00
     1  4755     1     1        0  0.0000E+00  0.2067E+02  0.0000E+00  0.0000E+00
     1  4755     1     2        0  0.0000E+00  0.3963E-10  0.0000E+00  0.0000E+00
     1  4756     1     1        0  0.0000E+00  0.1061E+01  0.0000E+00  0.0000E+00
     1  4756     1     2        0  0.0000E+00  0.5315E-12  0.0000E+00  0.0000E+00
     1  4757     1     1        0  0.0000E+00  0.1479E+02  0.0000E+00  0.0000E+00
     1  4757     1     2        0  0.0000E+00  0.1803E-10  0.0000E+00  0.0000E+00
     1  4758     1     1        0  0.0000E+00  0.3445E+02  0.0000E+00  0.0000E+00
     1  4758     1     2        0  0.0000E+00  0.2914E-10  0.0000E+00  0.0000E+00
     1  4759     1     1        0  0.0000E+00  0.9294E+02  0.0000E+00  0.0000E+00
     1  4759     1     2        0  0.0000E+00  0.5645E-10  0.0000E+00  0.0000E+00
     1  4760     1     1        0  0.0000E+00  0.7192E+01  0.0000E+00  0.0000E+00
     1  4760     1     2        0  0.0000E+00  0.2490E-11  0.0000E+00  0.0000E+00
     1  4761     1     1        0  0.0000E+00  0.5087E+01  0.0000E+00  0.0000E+00
     1  4761     1     2        0  0.0000E+00  0.3482E-11  0.0000E+00  0.0000E+00
     1  4762     1     1        0  0.0000E+00  0.1540E+02  0.0000E+00  0.0000E+00
     1  4762     1     2        0  0.0000E+00  0.5582E-11  0.0000E+00  0.0000E+00
     1  4763     1     1        0  0.0000E+00  0.3805E+02  0.0000E+00  0.0000E+00
     1  4763     1     2        0  0.0000E+00  0.3746E-10  0.0000E+00  0.0000E+00
     1  4764     1     1        0  0.0000E+00  0.4955E+02  0.0000E+00  0.0000E+00
     1  4764     1     2        0  0.0000E+00  0.1801E-10  0.0000E+00  0.0000E+00
     1  4765     1     1        0  0.0000E+00  0.3874E+01  0.0000E+00  0.0000E+00
     1  4765     1     2        0  0.0000E+00  0.8705E-11  0.0000E+00  0.0000E+00
     1  4766     1     1        0  0.0000E+00  0.1771E+02  0.0000E+00  0.0000E+00
     1  4766     1     2        0  0.0000E+00  0.1481E-10  0.0000E+00  0.0000E+00
     1  4767     1     1        0  0.0000E+00  0.3594E+02  0.0000E+00  0.0000E+00
     1  4767     1     2        0  0.0000E+00  0.3624E-10  0.0000E+00  0.0000E+00
     1  4768     1     1        0  0.0000E+00  0.1376E+02  0.0000E+00  0.0000E+00
     1  4768     1     2        0  0.0000E+00  0.2996E-10  0.0000E+00  0.0000E+00
     1  4769     1     1        0  0.0000E+00  0.1976E+02  0.0000E+00  0.0000E+00
     1  4769     1     2        0  0.0000E+00  0.2907E-10  0.0000E+00  0.0000E+00
     1  4770     1     1        0  0.0000E+00  0.7020E+02  0.0000E+00  0.0000E+00
     1  4770     1     2        0  0.0000E+00  0.5740E-10  0.0000E+00  0.0000E+00
     1  4771     1     1        0  0.0000E+00  0.3599E+02  0.0000E+00  0.0000E+00
     1  4771     1     2        0  0.0000E+00  0.2403E-10  0.0000E+00  0.0000E+00
     1  4772     1     1        0  0.0000E+00  0.3705E+01  0.0000E+00  0.0000E+00
     1  4772     1     2        0  0.0000E+00  0.9725E-12  0.0000E+00  0.0000E+00
     1  4773     1     1        0  0.0000E+00  0.1059E+02  0.0000E+00  0.0000E+00
     1  4773     1     2        0  0.0000E+00  0.1005E-10  0.0000E+00  0.0000E+00
     1  4774     1     1        0  0.0000E+00  0.2828E+02  0.0000E+00  0.0000E+00
     1  4774     1     2        0  0.0000E+00  0.2426E-10  0.0000E+00  0.0000E+00
     1  4775     1     1        0  0.0000E+00  0.1000E+03  0.0000E+00  0.0000E+00
     1  4775     1     2        0  0.0000E+00  0.1109E-09  0.0000E+00  0.0000E+00
     1  4776     1     1        0  0.0000E+00  0.1190E+02  0.0000E+00  0.0000E+00
     1  4776     1     2        0  0.0000E+00  0.1716E-10  0.0000E+00  0.0000E+00
     1  4777     1     1        0  0.0000E+00  0.2932E+01  0.0000E+00  0.0000E+00
     1  4777     1     2        0  0.0000E+00  0.9452E-11  0.0000E+00  0.0000E+00
     1  4778     1     1        0  0.0000E+00  0.1269E+02  0.0000E+00  0.0000E+00
     1  4778     1     2        0  0.0000E+00  0.1191E-10  0.0000E+00  0.0000E+00
     1  4779     1     1        0  0.0000E+00  0.2294E+02  0.0000E+00  0.0000E+00
     1  4779     1     2        0  0.0000E+00  0.2732E-10  0.0000E+00  0.0000E+00
     1  4780     1     1        0  0.0000E+00  0.1000E+03  0.0000E+00  0.0000E+00
     1  4780     1     2        0  0.0000E+00  0.8490E-10  0.0000E+00  0.0000E+00
     1  4781     1     1        0  0.0000E+00  0.1458E+02  0.0000E+00  0.0000E+00
     1  4781     1     2        0  0.0000E+00  0.1895E-10  0.0000E+00  0.0000E+00
     1  4782     1     1        0  0.0000E+00  0.6592E+01  0.0000E+00  0.0000E+00
     1  4782     1     2        0  0.0000E+00  0.9081E-11  0.0000E+00  0.0000E+00
     1  4783     1     1        0  0.0000E+00  0.1764E+02  0.0000E+00  0.0000E+00
     1  4783     1     2        0  0.0000E+00  0.1632E-10  0.0000E+00  0.0000E+00
     1  4784     1     1        0  0.0000E+00  0.4376E+02  0.0000E+00  0.0000E+00
     1  4784     1     2        0  0.0000E+00  0.4110E-10  0.0000E+00  0.0000E+00
     1  4785     1     1        0  0.0000E+00  0.3710E+02  0.0000E+00  0.0000E+00
     1  4785     1     2        0  0.0000E+00  0.3387E-10  0.0000E+00  0.0000E+00
     1  4786     1     1        0  0.0000E+00  0.2099E+01  0.0000E+00  0.0000E+00
     1  4786     1     2        0  0.0000E+00  0.1793E-10  0.0000E+00  0.0000E+00
     1  4787     1     1        0  0.0000E+00  0.1237E+02  0.0000E+00  0.0000E+00
     1  4787     1     2        0  0.0000E+00  0.6366E-11  0.0000E+00  0.0000E+00
     1  4788     1     1        0  0.0000E+00  0.2683E+02  0.0000E+00  0.0000E+00
     1  4788     1     2        0  0.0000E+00  0.1787E-10  0.0000E+00  0.0000E+00
     1  4789     1     1        0  0.0000E+00  0.1000E+03  0.0000E+00  0.0000E+00
     1  4789     1     2        0  0.0000E+00  0.9884E-10  0.0000E+00  0.0000E+00
     1  4790     1     1        0  0.0000E+00  0.7211E+01  0.0000E+00  0.0000E+00
     1  4790     1     2        0  0.0000E+00  0.1030E-10  0.0000E+00  0.0000E+00
     1  4791     1     1        0  0.0000E+00  0.2052E+01  0.0000E+00  0.0000E+00
     1  4791     1     2        0  0.0000E+00  0.1183E-10  0.0000E+00  0.0000E+00
     1  4792     1     1        0  0.0000E+00  0.1459E+02  0.0000E+00  0.0000E+00
     1  4792     1     2        0  0.0000E+00  0.1897E-10  0.0000E+00  0.0000E+00
     1  4793     1     1        0  0.0000E+00  0.2782E+02  0.0000E+00  0.0000E+00
     1  4793     1     2        0  0.0000E+00  0.1910E-10  0.0000E+00  0.0000E+00
     1  4794     1     1        0  0.0000E+00  0.1000E+03  0.0000E+00  0.0000E+00
     1  4794     1     2        0  0.0000E+00  0.1328E-09  0.0000E+00  0.0000E+00
     1  4795     1     1        0  0.0000E+00  0.1805E+02  0.0000E+00  0.0000E+00
     1  4795     1     2        0  0.0000E+00  0.2052E-10  0.0000E+00  0.0000E+00
     1  4796     1     1        0  0.0000E+00  0.8009E+02  0.0000E+00  0.0000E+00
     1  4796     1     2        0  0.0000E+00  0.6481E-10  0.0000E+00  0.0000E+00
     1  4797     1     1        0  0.0000E+00  0.3294E+02  0.0000E+00  0.0000E+00
     1  4797     1     2        0  0.0000E+00  0.5649E-10  0.0000E+00  0.0000E+00
     1  4798     1     1        0  0.0000E+00  0.4141E+01  0.0000E+00  0.0000E+00
     1  4798     1     2        0  0.0000E+00  0.5095E-12  0.0000E+00  0.0000E+00
     1  4799     1     1        0  0.0000E+00  0.5325E+01  0.0000E+00  0.0000E+00
     1  4799     1     2        0  0.0000E+00  0.9759E-12  0.0000E+00  0.0000E+00
     1  4800     1     1        0  0.0000E+00  0.2075E+02  0.0000E+00  0.0000E+00
     1  4800     1     2        0  0.0000E+00  0.1728E-10  0.0000E+00  0.0000E+00
     1  4801     1     1        0  0.0000E+00  0.7676E+02  0.0000E+00  0.0000E+00
     1  4801     1     2        0  0.0000E+00  0.6796E-10  0.0000E+00  0.0000E+00
     1  4802     1     1        0  0.0000E+00  0.2799E+02  0.0000E+00  0.0000E+00
     1  4802     1     2        0  0.0000E+00  0.3408E-10  0.0000E+00  0.0000E+00
     1  4803     1     1        0  0.0000E+00  0.4119E+01  0.0000E+00  0.0000E+00
     1  4803     1     2        0  0.0000E+00  0.5693E-11  0.0000E+00  0.0000E+00
     1  4804     1     1        0  0.0000E+00  0.5629E+01  0.0000E+00  0.0000E+00
     1  4804     1     2        0  0.0000E+00  0.5226E-11  0.0000E+00  0.0000E+00
     1  4805     1     1        0  0.0000E+00  0.1043E+02  0.0000E+00  0.0000E+00
     1  4805     1     2        0  0.0000E+00  0.9452E-11  0.0000E+00  0.0000E+00
     1  4806     1     1        0  0.0000E+00  0.1709E+02  0.0000E+00  0.0000E+00
     1  4806     1     2        0  0.0000E+00  0.2818E-10  0.0000E+00  0.0000E+00
     1  4807     1     1        0  0.0000E+00  0.9765E+01  0.0000E+00  0.0000E+00
     1  4807     1     2        0  0.0000E+00  0.5785E-11  0.0000E+00  0.0000E+00
     1  4808     1     1        0  0.0000E+00  0.1000E+03  0.0000E+00  0.0000E+00
     1  4808     1     2        0  0.0000E+00  0.7550E-10  0.0000E+00  0.0000E+00
     1  4809     1     1        0  0.0000E+00  0.3176E+02  0.0000E+00  0.0000E+00
     1  4809     1     2        0  0.0000E+00  0.2760E-10  0.0000E+00  0.0000E+00
     1  4810     1     1        0  0.0000E+00  0.4848E+01  0.0000E+00  0.0000E+00
     1  4810     1     2        0  0.0000E+00  0.2750E-12  0.0000E+00  0.0000E+00
     1  4811     1     1        0  0.0000E+00  0.4104E+01  0.0000E+00  0.0000E+00
     1  4811     1     2        0  0.0000E+00  0.4431E-11  0.0000E+00  0.0000E+00
     1  4812     1     1        0  0.0000E+00  0.1508E+02  0.0000E+00  0.0000E+00
     1  4812     1     2        0  0.0000E+00  0.1118E-10  0.0000E+00  0.0000E+00
     1  4813     1     1        0  0.0000E+00  0.3173E+02  0.0000E+00  0.0000E+00
     1  4813     1     2        0  0.0000E+00  0.2841E-10  0.0000E+00  0.0000E+00
     1  4814     1     1        0  0.0000E+00  0.7032E+02  0.0000E+00  0.0000E+00
     1  4814     1     2        0  0.0000E+00  0.8913E-10  0.0000E+00  0.0000E+00
     1  4815     1     1        0  0.0000E+00  0.3352E+01  0.0000E+00  0.0000E+00
     1  4815     1     2        0  0.0000E+00  0.5254E-12  0.0000E+00  0.0000E+00
     1  4816     1     1        0  0.0000E+00  0.7202E+01  0.0000E+00  0.0000E+00
     1  4816     1     2        0  0.0000E+00  0.1374E-10  0.0000E+00  0.0000E+00
     1  4817     1     1        0  0.0000E+00  0.1535E+02  0.0000E+00  0.0000E+00
     1  4817     1     2        0  0.0000E+00  0.7730E-11  0.0000E+00  0.0000E+00
     1  4818     1     1        0  0.0000E+00  0.2278E+02  0.0000E+00  0.0000E+00
     1  4818     1     2        0  0.0000E+00  0.2179E-10  0.0000E+00  0.0000E+00
     1  4819     1     1        0  0.0000E+00  0.1000E+03  0.0000E+00  0.0000E+00
     1  4819     1     2        0  0.0000E+00  0.1030E-09  0.0000E+00  0.0000E+00
     1  4820     1     1        0  0.0000E+00  0.1357E+02  0.0000E+00  0.0000E+00
     1  4820     1     2        0  0.0000E+00  0.2597E-11  0.0000E+00  0.0000E+00
     1  4821     1     1        0  0.0000E+00  0.9328E+01  0.0000E+00  0.0000E+00
     1  4821     1     2        0  0.0000E+00  0.1369E-10  0.0000E+00  0.0000E+00
     1  4822     1     1        0  0.0000E+00  0.1579E+02  0.0000E+00  0.0000E+00
     1  4822     1     2        0  0.0000E+00  0.1103E-10  0.0000E+00  0.0000E+00
     1  4823     1     1        0  0.0000E+00  0.3004E+02  0.0000E+00  0.0000E+00
     1  4823     1     2        0  0.0000E+00  0.2936E-10  0.0000E+00  0.0000E+00
     1  4824     1     1        0  0.0000E+00  0.1376E+02  0.0000E+00  0.0000E+00
     1  4824     1     2        0  0.0000E+00  0.1669E-10  0.0000E+00  0.0000E+00
     1  4825     1     1        0  0.0000E+00  0.1014E+02  0.0000E+00  0.0000E+00
     1  4825     1     2        0  0.0000E+00  0.1017E-10  0.0000E+00  0.0000E+00
     1  4826     1     1        0  0.0000E+00  0.4884E+01  0.0000E+00  0.0000E+00
     1  4826     1     2        0  0.0000E+00  0.6412E-11  0.0000E+00  0.0000E+00
     1  4827     1     1        0  0.0000E+00  0.5338E+02  0.0000E+00  0.0000E+00
     1  4827     1     2        0  0.0000E+00  0.4205E-10  0.0000E+00  0.0000E+00
     1  4828     1     1        0  0.0000E+00  0.1000E+03  0.0000E+00  0.0000E+00
     1  4828     1     2        0  0.0000E+00  0.8988E-10  0.0000E+00  0.0000E+00
     1  4829     1     1        0  0.0000E+00  0.9219E+01  0.0000E+00  0.0000E+00
     1  4829     1     2        0  0.0000E+00  0.1514E-10  0.0000E+00  0.0000E+00
     1  4830     1     1        0  0.0000E+00  0.1151E+02  0.0000E+00  0.0000E+00
     1  4830     1     2        0  0.0000E+00  0.5999E-11  0.0000E+00  0.0000E+00
     1  4831     1     1        0  0.0000E+00  0.1056E+02  0.0000E+00  0.0000E+00
     1  4831     1     2        0  0.0000E+00  0.1029E-10  0.0000E+00  0.0000E+00
     1  4832     1     1        0  0.0000E+00  0.1242E+02  0.0000E+00  0.0000E+00
     1  4832     1     2        0  0.0000E+00  0.1332E-10  0.0000E+00  0.0000E+00
     1  4833     1     1        0  0.0000E+00  0.7414E+01  0.0000E+00  0.0000E+00
     1  4833     1     2        0  0.0000E+00  0.1514E-10  0.0000E+00  0.0000E+00
     1  4834     1     1        0  0.0000E+00  0.6542E+01  0.0000E+00  0.0000E+00
     1  4834     1     2        0  0.0000E+00  0.1413E-11  0.0000E+00  0.0000E+00
     1  4835     1     1        0  0.0000E+00  0.8579E+01  0.0000E+00  0.0000E+00
     1  4835     1     2        0  0.0000E+00  0.1130E-10  0.0000E+00  0.0000E+00
     1  4836     1     1        0  0.0000E+00  0.2692E+01  0.0000E+00  0.0000E+00
     1  4836     1     2        0  0.0000E+00  0.9132E-11  0.0000E+00  0.0000E+00
     1  4837     1     1        0  0.0000E+00  0.5610E+01  0.0000E+00  0.0000E+00
     1  4837     1     2        0  0.0000E+00  0.5665E-11  0.0000E+00  0.0000E+00
     1  4838     1     1        0  0.0000E+00  0.1343E+02  0.0000E+00  0.0000E+00
     1  4838     1     2        0  0.0000E+00  0.1365E-10  0.0000E+00  0.0000E+00
     1  4839     1     1        0  0.0000E+00  0.4376E+02  0.0000E+00  0.0000E+00
     1  4839     1     2        0  0.0000E+00  0.3603E-10  0.0000E+00  0.0000E+00
     1  4840     1     1        0  0.0000E+00  0.5741E+02  0.0000E+00  0.0000E+00
     1  4840     1     2        0  0.0000E+00  0.4107E-10  0.0000E+00  0.0000E+00
     1  4841     1     1        0  0.0000E+00  0.1021E+02  0.0000E+00  0.0000E+00
     1  4841     1     2        0  0.0000E+00  0.1643E-10  0.0000E+00  0.0000E+00
     1  4842     1     1        0  0.0000E+00  0.3771E+01  0.0000E+00  0.0000E+00
     1  4842     1     2        0  0.0000E+00  0.4240E-11  0.0000E+00  0.0000E+00
     1  4843     1     1        0  0.0000E+00  0.4385E+00  0.0000E+00  0.0000E+00
     1  4843     1     2        0  0.0000E+00  0.6942E-11  0.0000E+00  0.0000E+00
     1  4844     1     1        0  0.0000E+00  0.2565E+01  0.0000E+00  0.0000E+00
     1  4844     1     2        0  0.0000E+00  0.2696E-11  0.0000E+00  0.0000E+00
     1  4845     1     1        0  0.0000E+00  0.6481E+01  0.0000E+00  0.0000E+00
     1  4845     1     2        0  0.0000E+00  0.1125E-10  0.0000E+00  0.0000E+00
     1  4846     1     1        0  0.0000E+00  0.1034E+02  0.0000E+00  0.0000E+00
     1  4846     1     2        0  0.0000E+00  0.1549E-11  0.0000E+00  0.0000E+00
     1  4847     1     1        0  0.0000E+00  0.2367E+02  0.0000E+00  0.0000E+00
     1  4847     1     2        0  0.0000E+00  0.2541E-10  0.0000E+00  0.0000E+00
     1  4848     1     1        0  0.0000E+00  0.1000E+03  0.0000E+00  0.0000E+00
     1  4848     1     2        0  0.0000E+00  0.8180E-10  0.0000E+00  0.0000E+00
     1  4849     1     1        0  0.0000E+00  0.3122E+02  0.0000E+00  0.0000E+00
     1  4849     1     2        0  0.0000E+00  0.4399E-10  0.0000E+00  0.0000E+00
     1  4850     1     1        0  0.0000E+00  0.1081E+02  0.0000E+00  0.0000E+00
     1  4850     1     2        0  0.0000E+00  0.7643E-11  0.0000E+00  0.0000E+00
     1  4851     1     1        0  0.0000E+00  0.1939E+01  0.0000E+00  0.0000E+00
     1  4851     1     2        0  0.0000E+00  0.7439E-11  0.0000E+00  0.0000E+00
     1  4852     1     1        0  0.0000E+00  0.5581E+01  0.0000E+00  0.0000E+00
     1  4852     1     2        0  0.0000E+00  0.7373E-11  0.0000E+00  0.0000E+00
     1  4853     1     1        0  0.0000E+00  0.1282E+02  0.0000E+00  0.0000E+00
     1  4853     1     2        0  0.0000E+00  0.7574E-11  0.0000E+00  0.0000E+00
     1  4854     1     1        0  0.0000E+00  0.1910E+02  0.0000E+00  0.0000E+00
     1  4854     1     2        0  0.0000E+00  0.2142E-10  0.0000E+00  0.0000E+00
     1  4855     1     1        0  0.0000E+00  0.3076E+02  0.0000E+00  0.0000E+00
     1  4855     1     2        0  0.0000E+00  0.2738E-10  0.0000E+00  0.0000E+00
     1  4856     1     1        0  0.0000E+00  0.2385E+02  0.0000E+00  0.0000E+00
     1  4856     1     2        0  0.0000E+00  0.2935E-10  0.0000E+00  0.0000E+00
     1  4857     1     1        0  0.0000E+00  0.1000E+03  0.0000E+00  0.0000E+00
     1  4857     1     2        0  0.0000E+00  0.8726E-10  0.0000E+00  0.0000E+00
     1  4858     1     1        0  0.0000E+00  0.6820E+02  0.0000E+00  0.0000E+00
     1  4858     1     2        0  0.0000E+00  0.3642E-10  0.0000E+00  0.0000E+00
     1  4859     1     1        0  0.0000E+00  0.1399E+02  0.0000E+00  0.0000E+00
     1  4859     1     2        0  0.0000E+00  0.2781E-10  0.0000E+00  0.0000E+00
     1  4860     1     1        0  0.0000E+00  0.5675E+01  0.0000E+00  0.0000E+00
     1  4860     1     2        0  0.0000E+00  0.8259E-11  0.0000E+00  0.0000E+00
     1  4861     1     1        0  0.0000E+00  0.1941E+02  0.0000E+00  0.0000E+00
     1  4861     1     2        0  0.0000E+00  0.7544E-11  0.0000E+00  0.0000E+00
     1  4862     1     1        0  0.0000E+00  0.6224E+02  0.0000E+00  0.0000E+00
     1  4862     1     2        0  0.0000E+00  0.6219E-10  0.0000E+00  0.0000E+00
     1  4863     1     1        0  0.0000E+00  0.4291E+02  0.0000E+00  0.0000E+00
     1  4863     1     2        0  0.0000E+00  0.2498E-10  0.0000E+00  0.0000E+00
     1  4864     1     1        0  0.0000E+00  0.1246E+02  0.0000E+00  0.0000E+00
     1  4864     1     2        0  0.0000E+00  0.1230E-10  0.0000E+00  0.0000E+00
     1  4865     1     1        0  0.0000E+00  0.3935E+01  0.0000E+00  0.0000E+00
     1  4865     1     2        0  0.0000E+00  0.3538E-11  0.0000E+00  0.0000E+00
     1  4866     1     1        0  0.0000E+00  0.4722E+01  0.0000E+00  0.0000E+00
     1  4866     1     2        0  0.0000E+00  0.3632E-11  0.0000E+00  0.0000E+00
     1  4867     1     1        0  0.0000E+00  0.8048E+01  0.0000E+00  0.0000E+00
     1  4867     1     2        0  0.0000E+00  0.1029E-11  0.0000E+00  0.0000E+00
     1  4868     1     1        0  0.0000E+00  0.1106E+02  0.0000E+00  0.0000E+00
     1  4868     1     2        0  0.0000E+00  0.1558E-10  0.0000E+00  0.0000E+00
     1  4869     1     1        0  0.0000E+00  0.2222E+02  0.0000E+00  0.0000E+00
     1  4869     1     2        0  0.0000E+00  0.1590E-10  0.0000E+00  0.0000E+00
     1  4870     1     1        0  0.0000E+00  0.1000E+03  0.0000E+00  0.0000E+00
     1  4870     1     2        0  0.0000E+00  0.8188E-10  0.0000E+00  0.0000E+00
     1  4871     1     1        0  0.0000E+00  0.1560E+01  0.0000E+00  0.0000E+00
     1  4871     1     2        0  0.0000E+00  0.9228E-12  0.0000E+00  0.0000E+00
     1  4872     1     1        0  0.0000E+00  0.3734E+01  0.0000E+00  0.0000E+00
     1  4872     1     2        0  0.0000E+00  0.1666E-11  0.0000E+00  0.0000E+00
     1  4873     1     1        0  0.0000E+00  0.1942E+02  0.0000E+00  0.0000E+00
     1  4873     1     2        0  0.0000E+00  0.1569E-10  0.0000E+00  0.0000E+00
     1  4874     1     1        0  0.0000E+00  0.1203E+02  0.0000E+00  0.0000E+00
     1  4874     1     2        0  0.0000E+00  0.2725E-10  0.0000E+00  0.0000E+00
     1  4875     1     1        0  0.0000E+00  0.2053E+01  0.0000E+00  0.0000E+00
     1  4875     1     2        0  0.0000E+00  0.1725E-11  0.0000E+00  0.0000E+00
     1  4876     1     1        0  0.0000E+00  0.1087E+01  0.0000E+00  0.0000E+00
     1  4876     1     2        0  0.0000E+00  0.1798E-11  0.0000E+00  0.0000E+00
     1  4877     1     1        0  0.0000E+00  0.5664E+01  0.0000E+00  0.0000E+00
     1  4877     1     2        0  0.0000E+00  0.5583E-11  0.0000E+00  0.0000E+00
     1  4878     1     1        0  0.0000E+00  0.1352E+02  0.0000E+00  0.0000E+00
     1  4878     1     2        0  0.0000E+00  0.1661E-10  0.0000E+00  0.0000E+00
     1  4879     1     1        0  0.0000E+00  0.2026E+02  0.0000E+00  0.0000E+00
     1  4879     1     2        0  0.0000E+00  0.1991E-10  0.0000E+00  0.0000E+00
     1  4880     1     1        0  0.0000E+00  0.1000E+03  0.0000E+00  0.0000E+00
     1  4880     1     2        0  0.0000E+00  0.7741E-10  0.0000E+00  0.0000E+00
     1  4881     1     1        0  0.0000E+00  0.1715E+02  0.0000E+00  0.0000E+00
     1  4881     1     2        0  0.0000E+00  0.2912E-11  0.0000E+00  0.0000E+00
     1  4882     1     1        0  0.0000E+00  0.4125E+01  0.0000E+00  0.0000E+00
     1  4882     1     2        0  0.0000E+00  0.2361E-11  0.0000E+00  0.0000E+00
     1  4883     1     1        0  0.0000E+00  0.5126E+01  0.0000E+00  0.0000E+00
     1  4883     1     2        0  0.0000E+00  0.4655E-12  0.0000E+00  0.0000E+00
     1  4884     1     1        0  0.0000E+00  0.7678E+01  0.0000E+00  0.0000E+00
     1  4884     1     2        0  0.0000E+00  0.1233E-10  0.0000E+00  0.0000E+00
     1  4885     1     1        0  0.0000E+00  0.1357E+02  0.0000E+00  0.0000E+00
     1  4885     1     2        0  0.0000E+00  0.1508E-10  0.0000E+00  0.0000E+00
     1  4886     1     1        0  0.0000E+00  0.1019E+02  0.0000E+00  0.0000E+00
     1  4886     1     2        0  0.0000E+00  0.4403E-11  0.0000E+00  0.0000E+00
     1  4887     1     1        0  0.0000E+00  0.1015E+02  0.0000E+00  0.0000E+00
     1  4887     1     2        0  0.0000E+00  0.1013E-10  0.0000E+00  0.0000E+00
     1  4888     1     1        0  0.0000E+00  0.3579E+01  0.0000E+00  0.0000E+00
     1  4888     1     2        0  0.0000E+00  0.1256E-10  0.0000E+00  0.0000E+00
     1  4889     1     1        0  0.0000E+00  0.2367E+02  0.0000E+00  0.0000E+00
     1  4889     1     2        0  0.0000E+00  0.2393E-10  0.0000E+00  0.0000E+00
     1  4890     1     1        0  0.0000E+00  0.1043E+02  0.0000E+00  0.0000E+00
     1  4890     1     2        0  0.0000E+00  0.1272E-10  0.0000E+00  0.0000E+00
     1  4891     1     1        0  0.0000E+00  0.9448E+01  0.0000E+00  0.0000E+00
     1  4891     1     2        0  0.0000E+00  0.1077E-10  0.0000E+00  0.0000E+00
     1  4892     1     1        0  0.0000E+00  0.1697E+02  0.0000E+00  0.0000E+00
     1  4892     1     2        0  0.0000E+00  0.1923E-10  0.0000E+00  0.0000E+00
     1  4893     1     1        0  0.0000E+00  0.4556E+02  0.0000E+00  0.0000E+00
     1  4893     1     2        0  0.0000E+00  0.4432E-10  0.0000E+00  0.0000E+00
     1  4894     1     1        0  0.0000E+00  0.4019E+02  0.0000E+00  0.0000E+00
     1  4894     1     2        0  0.0000E+00  0.2729E-10  0.0000E+00  0.0000E+00
     1  4895     1     1        0  0.0000E+00  0.4722E+01  0.0000E+00  0.0000E+00
     1  4895     1     2        0  0.0000E+00  0.6522E-11  0.0000E+00  0.0000E+00
     1  4896     1     1        0  0.0000E+00  0.1316E+02  0.0000E+00  0.0000E+00
     1  4896     1     2        0  0.0000E+00  0.8533E-11  0.0000E+00  0.0000E+00
     1  4897     1     1        0  0.0000E+00  0.2418E+02  0.0000E+00  0.0000E+00
     1  4897     1     2        0  0.0000E+00  0.2894E-10  0.0000E+00  0.0000E+00
     1  4898     1     1        0  0.0000E+00  0.1000E+03  0.0000E+00  0.0000E+00
     1  4898     1     2        0  0.0000E+00  0.9613E-10  0.0000E+00  0.0000E+00
     1  4899     1     1        0  0.0000E+00  0.8337E+01  0.0000E+00  0.0000E+00
     1  4899     1     2        0  0.0000E+00  0.6174E-11  0.0000E+00  0.0000E+00
     1  4900     1     1        0  0.0000E+00  0.5732E+02  0.0000E+00  0.0000E+00
     1  4900     1     2        0  0.0000E+00  0.5505E-10  0.0000E+00  0.0000E+00
     1  4901     1     1        0  0.0000E+00  0.7401E+02  0.0000E+00  0.0000E+00
     1  4901     1     2        0  0.0000E+00  0.6982E-10  0.0000E+00  0.0000E+00
     1  4902     1     1        0  0.0000E+00  0.8190E+01  0.0000E+00  0.0000E+00
     1  4902     1     2        0  0.0000E+00  0.6114E-11  0.0000E+00  0.0000E+00
     1  4903     1     1        0  0.0000E+00  0.2981E+01  0.0000E+00  0.0000E+00
     1  4903     1     2        0  0.0000E+00  0.4123E-11  0.0000E+00  0.0000E+00
     1  4904     1     1        0  0.0000E+00  0.1383E+02  0.0000E+00  0.0000E+00
     1  4904     1     2        0  0.0000E+00  0.1076E-10  0.0000E+00  0.0000E+00
     1  4905     1     1        0  0.0000E+00  0.3797E+02  0.0000E+00  0.0000E+00
     1  4905     1     2        0  0.0000E+00  0.3168E-10  0.0000E+00  0.0000E+00
     1  4906     1     1        0  0.0000E+00  0.5602E+02  0.0000E+00  0.0000E+00
     1  4906     1     2        0  0.0000E+00  0.4309E-10  0.0000E+00  0.0000E+00
     1  4907     1     1        0  0.0000E+00  0.2067E+01  0.0000E+00  0.0000E+00
     1  4907     1     2        0  0.0000E+00  0.1229E-10  0.0000E+00  0.0000E+00
     1  4908     1     1        0  0.0000E+00  0.6600E+01  0.0000E+00  0.0000E+00
     1  4908     1     2        0  0.0000E+00  0.3770E-11  0.0000E+00  0.0000E+00
     1  4909     1     1        0  0.0000E+00  0.1321E+02  0.0000E+00  0.0000E+00
     1  4909     1     2        0  0.0000E+00  0.1722E-10  0.0000E+00  0.0000E+00
     1  4910     1     1        0  0.0000E+00  0.1993E+02  0.0000E+00  0.0000E+00
     1  4910     1     2        0  0.0000E+00  0.1179E-10  0.0000E+00  0.0000E+00
     1  4911     1     1        0  0.0000E+00  0.4499E+02  0.0000E+00  0.0000E+00
     1  4911     1     2        0  0.0000E+00  0.3458E-10  0.0000E+00  0.0000E+00
     1  4912     1     1        0  0.0000E+00  0.1000E+03  0.0000E+00  0.0000E+00
     1  4912     1     2        0  0.0000E+00  0.7860E-10  0.0000E+00  0.0000E+00
     1  4913     1     1        0  0.0000E+00  0.2601E+02  0.0000E+00  0.0000E+00
     1  4913     1     2        0  0.0000E+00  0.1114E-10  0.0000E+00  0.0000E+00
     1  4914     1     1        0  0.0000E+00  0.9443E+01  0.0000E+00  0.0000E+00
     1  4914     1     2        0  0.0000E+00  0.1023E-10  0.0000E+00  0.0000E+00
     1  4915     1     1        0  0.0000E+00  0.3558E+01  0.0000E+00  0.0000E+00
     1  4915     1     2        0  0.0000E+00  0.9020E-11  0.0000E+00  0.0000E+00
     1  4916     1     1        0  0.0000E+00  0.9783E+01  0.0000E+00  0.0000E+00
     1  4916     1     2        0  0.0000E+00  0.1173E-11  0.0000E+00  0.0000E+00
     1  4917     1     1        0  0.0000E+00  0.3696E+01  0.0000E+00  0.0000E+00
     1  4917     1     2        0  0.0000E+00  0.1723E-11  0.0000E+00  0.0000E+00
     1  4918     1     1        0  0.0000E+00  0.1697E+01  0.0000E+00  0.0000E+00
     1  4918     1     2        0  0.0000E+00  0.6438E-11  0.0000E+00  0.0000E+00
     1  4919     1     1        0  0.0000E+00  0.9055E+01  0.0000E+00  0.0000E+00
     1  4919     1     2        0  0.0000E+00  0.1106E-10  0.0000E+00  0.0000E+00
     1  4920     1     1        0  0.0000E+00  0.1904E+01  0.0000E+00  0.0000E+00
     1  4920     1     2        0  0.0000E+00  0.8477E-11  0.0000E+00  0.0000E+00
     1  4921     1     1        0  0.0000E+00  0.2492E+02  0.0000E+00  0.0000E+00
     1  4921     1     2        0  0.0000E+00  0.1461E-10  0.0000E+00  0.0000E+00
     1  4922     1     1        0  0.0000E+00  0.1585E+02  0.0000E+00  0.0000E+00
     1  4922     1     2        0  0.0000E+00  0.1614E-10  0.0000E+00  0.0000E+00
     1  4923     1     1        0  0.0000E+00  0.2024E+01  0.0000E+00  0.0000E+00
     1  4923     1     2        0  0.0000E+00  0.6068E-11  0.0000E+00  0.0000E+00
     1  4924     1     1        0  0.0000E+00  0.4011E+01  0.0000E+00  0.0000E+00
     1  4924     1     2        0  0.0000E+00  0.1171E-11  0.0000E+00  0.0000E+00
     1  4925     1     1        0  0.0000E+00  0.7024E+01  0.0000E+00  0.0000E+00
     1  4925     1     2        0  0.0000E+00  0.1290E-11  0.0000E+00  0.0000E+00
     1  4926     1     1        0  0.0000E+00  0.1561E+02  0.0000E+00  0.0000E+00
     1  4926     1     2        0  0.0000E+00  0.2201E-10  0.0000E+00  0.0000E+00
     1  4927     1     1        0  0.0000E+00  0.3935E+02  0.0000E+00  0.0000E+00
     1  4927     1     2        0  0.0000E+00  0.3325E-10  0.0000E+00  0.0000E+00
     1  4928     1     1        0  0.0000E+00  0.4065E+02  0.0000E+00  0.0000E+00
     1  4928     1     2        0  0.0000E+00  0.4083E-10  0.0000E+00  0.0000E+00
     1  4929     1     1        0  0.0000E+00  0.1108E+02  0.0000E+00  0.0000E+00
     1  4929     1     2        0  0.0000E+00  0.1435E-10  0.0000E+00  0.0000E+00
     1  4930     1     1        0  0.0000E+00  0.1577E+01  0.0000E+00  0.0000E+00
     1  4930     1     2        0  0.0000E+00  0.8380E-11  0.0000E+00  0.0000E+00
     1  4931     1     1        0  0.0000E+00  0.4559E+01  0.0000E+00  0.0000E+00
     1  4931     1     2        0  0.0000E+00  0.3067E-11  0.0000E+00  0.0000E+00
     1  4932     1     1        0  0.0000E+00  0.2923E+01  0.0000E+00  0.0000E+00
     1  4932     1     2        0  0.0000E+00  0.1222E-10  0.0000E+00  0.0000E+00
     1  4933     1     1        0  0.0000E+00  0.1091E+02  0.0000E+00  0.0000E+00
     1  4933     1     2        0  0.0000E+00  0.2170E-10  0.0000E+00  0.0000E+00
     1  4934     1     1        0  0.0000E+00  0.1200E+02  0.0000E+00  0.0000E+00
     1  4934     1     2        0  0.0000E+00  0.2224E-12  0.0000E+00  0.0000E+00
     1  4935     1     1        0  0.0000E+00  0.1471E+02  0.0000E+00  0.0000E+00
     1  4935     1     2        0  0.0000E+00  0.1715E-10  0.0000E+00  0.0000E+00
     1  4936     1     1        0  0.0000E+00  0.1000E+03  0.0000E+00  0.0000E+00
     1  4936     1     2        0  0.0000E+00  0.9425E-10  0.0000E+00  0.0000E+00
     1  4937     1     1        0  0.0000E+00  0.2204E+02  0.0000E+00  0.0000E+00
     1  4937     1     2        0  0.0000E+00  0.1684E-10  0.0000E+00  0.0000E+00
     1  4938     1     1        0  0.0000E+00  0.3120E+01  0.0000E+00  0.0000E+00
     1  4938     1     2        0  0.0000E+00  0.8580E-12  0.0000E+00  0.0000E+00
     1  4939     1     1        0  0.0000E+00  0.2604E+01  0.0000E+00  0.0000E+00
     1  4939     1     2        0  0.0000E+00  0.3399E-11  0.0000E+00  0.0000E+00
     1  4940     1     1        0  0.0000E+00  0.1280E+01  0.0000E+00  0.0000E+00
     1  4940     1     2        0  0.0000E+00  0.5465E-11  0.0000E+00  0.0000E+00
     1  4941     1     1        0  0.0000E+00  0.9471E+01  0.0000E+00  0.0000E+00
     1  4941     1     2        0  0.0000E+00  0.1310E-11  0.0000E+00  0.0000E+00
     1  4942     1     1        0  0.0000E+00  0.2033E+02  0.0000E+00  0.0000E+00
     1  4942     1     2        0  0.0000E+00  0.1564E-10  0.0000E+00  0.0000E+00
     1  4943     1     1        0  0.0000E+00  0.3650E+02  0.0000E+00  0.0000E+00
     1  4943     1     2        0  0.0000E+00  0.3175E-10  0.0000E+00  0.0000E+00
     1  4944     1     1        0  0.0000E+00  0.2177E+02  0.0000E+00  0.0000E+00
     1  4944     1     2        0  0.0000E+00  0.9893E-11  0.0000E+00  0.0000E+00
     1  4945     1     1        0  0.0000E+00  0.5136E+01  0.0000E+00  0.0000E+00
     1  4945     1     2        0  0.0000E+00  0.9236E-11  0.0000E+00  0.0000E+00
     1  4946     1     1        0  0.0000E+00  0.1847E+02  0.0000E+00  0.0000E+00
     1  4946     1     2        0  0.0000E+00  0.9761E-11  0.0000E+00  0.0000E+00
     1  4947     1     1        0  0.0000E+00  0.6383E+02  0.0000E+00  0.0000E+00
     1  4947     1     2        0  0.0000E+00  0.5965E-10  0.0000E+00  0.0000E+00
     1  4948     1     1        0  0.0000E+00  0.6115E+02  0.0000E+00  0.0000E+00
     1  4948     1     2        0  0.0000E+00  0.5460E-10  0.0000E+00  0.0000E+00
     1  4949     1     1        0  0.0000E+00  0.5423E+01  0.0000E+00  0.0000E+00
     1  4949     1     2        0  0.0000E+00  0.6816E-11  0.0000E+00  0.0000E+00
     1  4950     1     1        0  0.0000E+00  0.3000E+02  0.0000E+00  0.0000E+00
     1  4950     1     2        0  0.0000E+00  0.2760E-10  0.0000E+00  0.0000E+00
     1  4951     1     1        0  0.0000E+00  0.1000E+03  0.0000E+00  0.0000E+00
     1  4951     1     2        0  0.0000E+00  0.9859E-10  0.0000E+00  0.0000E+00
     1  4952     1     1        0  0.0000E+00  0.1279E+02  0.0000E+00  0.0000E+00
     1  4952     1     2        0  0.0000E+00  0.1224E-10  0.0000E+00  0.0000E+00
     1  4953     1     1        0  0.0000E+00  0.3642E+00  0.0000E+00  0.0000E+00
     1  4953     1     2        0  0.0000E+00  0.6180E-11  0.0000E+00  0.0000E+00
     1  4954     1     1        0  0.0000E+00  0.5879E+01  0.0000E+00  0.0000E+00
     1  4954     1     2        0  0.0000E+00  0.3305E-11  0.0000E+00  0.0000E+00
     1  4955     1     1        0  0.0000E+00  0.1399E+02  0.0000E+00  0.0000E+00
     1  4955     1     2        0  0.0000E+00  0.1066E-10  0.0000E+00  0.0000E+00
     1  4956     1     1        0  0.0000E+00  0.1667E+02  0.0000E+00  0.0000E+00
     1  4956     1     2        0  0.0000E+00  0.1763E-10  0.0000E+00  0.0000E+00
     1  4957     1     1        0  0.0000E+00  0.7922E+01  0.0000E+00  0.0000E+00
     1  4957     1     2        0  0.0000E+00  0.7911E-12  0.0000E+00  0.0000E+00
     1  4958     1     1        0  0.0000E+00  0.1000E+03  0.0000E+00  0.0000E+00
     1  4958     1     2        0  0.0000E+00  0.1089E-09  0.0000E+00  0.0000E+00
     1  4959     1     1        0  0.0000E+00  0.5264E+02  0.0000E+00  0.0000E+00
     1  4959     1     2        0  0.0000E+00  0.3885E-10  0.0000E+00  0.0000E+00
     1  4960     1     1        0  0.0000E+00  0.1430E+02  0.0000E+00  0.0000E+00
     1  4960     1     2        0  0.0000E+00  0.5005E-11  0.0000E+00  0.0000E+00
     1  4961     1     1        0  0.0000E+00  0.6826E+00  0.0000E+00  0.0000E+00
     1  4961     1     2        0  0.0000E+00  0.4238E-11  0.0000E+00  0.0000E+00
     1  4962     1     1        0  0.0000E+00  0.8940E+01  0.0000E+00  0.0000E+00
     1  4962     1     2        0  0.0000E+00  0.2229E-11  0.0000E+00  0.0000E+00
     1  4963     1     1        0  0.0000E+00  0.2204E+02  0.0000E+00  0.0000E+00
     1  4963     1     2        0  0.0000E+00  0.1907E-10  0.0000E+00  0.0000E+00
     1  4964     1     1        0  0.0000E+00  0.7949E+02  0.0000E+00  0.0000E+00
     1  4964     1     2        0  0.0000E+00  0.8097E-10  0.0000E+00  0.0000E+00
     1  4965     1     1        0  0.0000E+00  0.9449E+01  0.0000E+00  0.0000E+00
     1  4965     1     2        0  0.0000E+00  0.6533E-11  0.0000E+00  0.0000E+00
     1  4966     1     1        0  0.0000E+00  0.6491E+01  0.0000E+00  0.0000E+00
     1  4966     1     2        0  0.0000E+00  0.1618E-10  0.0000E+00  0.0000E+00
     1  4967     1     1        0  0.0000E+00  0.9409E+01  0.0000E+00  0.0000E+00
     1  4967     1     2        0  0.0000E+00  0.5694E-11  0.0000E+00  0.0000E+00
     1  4968     1     1        0  0.0000E+00  0.9991E+01  0.0000E+00  0.0000E+00
     1  4968     1     2        0  0.0000E+00  0.1455E-10  0.0000E+00  0.0000E+00
     1  4969     1     1        0  0.0000E+00  0.8167E+01  0.0000E+00  0.0000E+00
     1  4969     1     2        0  0.0000E+00  0.2958E-11  0.0000E+00  0.0000E+00
     1  4970     1     1        0  0.0000E+00  0.6272E+01  0.0000E+00  0.0000E+00
     1  4970     1     2        0  0.0000E+00  0.2423E-11  0.0000E+00  0.0000E+00
     1  4971     1     1        0  0.0000E+00  0.1043E+02  0.0000E+00  0.0000E+00
     1  4971     1     2        0  0.0000E+00  0.6392E-11  0.0000E+00  0.0000E+00
     1  4972     1     1        0  0.0000E+00  0.2196E+01  0.0000E+00  0.0000E+00
     1  4972     1     2        0  0.0000E+00  0.1552E-10  0.0000E+00  0.0000E+00
     1  4973     1     1        0  0.0000E+00  0.1379E+02  0.0000E+00  0.0000E+00
     1  4973     1     2        0  0.0000E+00  0.9401E-11  0.0000E+00  0.0000E+00
     1  4974     1     1        0  0.0000E+00  0.7105E+02  0.0000E+00  0.0000E+00
     1  4974     1     2        0  0.0000E+00  0.6840E-10  0.0000E+00  0.0000E+00
     1  4975     1     1        0  0.0000E+00  0.7242E+02  0.0000E+00  0.0000E+00
     1  4975     1     2        0  0.0000E+00  0.5269E-10  0.0000E+00  0.0000E+00
     1  4976     1     1        0  0.0000E+00  0.8821E+01  0.0000E+00  0.0000E+00
     1  4976     1     2        0  0.0000E+00  0.1772E-10  0.0000E+00  0.0000E+00
     1  4977     1     1        0  0.0000E+00  0.8230E+01  0.0000E+00  0.0000E+00
     1  4977     1     2        0  0.0000E+00  0.3688E-11  0.0000E+00  0.0000E+00
     1  4978     1     1        0  0.0000E+00  0.1364E+02  0.0000E+00  0.0000E+00
     1  4978     1     2        0  0.0000E+00  0.1637E-10  0.0000E+00  0.0000E+00
     1  4979     1     1        0  0.0000E+00  0.9809E+01  0.0000E+00  0.0000E+00
     1  4979     1     2        0  0.0000E+00  0.1351E-10  0.0000E+00  0.0000E+00
     1  4980     1     1        0  0.0000E+00  0.1035E+02  0.0000E+00  0.0000E+00
     1  4980     1     2        0  0.0000E+00  0.5540E-11  0.0000E+00  0.0000E+00
     1  4981     1     1        0  0.0000E+00  0.6227E+02  0.0000E+00  0.0000E+00
     1  4981     1     2        0  0.0000E+00  0.5167E-10  0.0000E+00  0.0000E+00
     1  4982     1     1        0  0.0000E+00  0.1560E+02  0.0000E+00  0.0000E+00
     1  4982     1     2        0  0.0000E+00  0.3450E-11  0.0000E+00  0.0000E+00
     1  4983     1     1        0  0.0000E+00  0.4016E+02  0.0000E+00  0.0000E+00
     1  4983     1     2        0  0.0000E+00  0.3367E-10  0.0000E+00  0.0000E+00
     1  4984     1     1        0  0.0000E+00  0.1000E+03  0.0000E+00  0.0000E+00
     1  4984     1     2        0  0.0000E+00  0.1160E-09  0.0000E+00  0.0000E+00
     1  4985     1     1        0  0.0000E+00  0.2901E+00  0.0000E+00  0.0000E+00
     1  4985     1     2        0  0.0000E+00  0.4049E-11  0.0000E+00  0.0000E+00
     1  4986     1     1        0  0.0000E+00  0.1666E+02  0.0000E+00  0.0000E+00
     1  4986     1     2        0  0.0000E+00  0.2076E-10  0.0000E+00  0.0000E+00
     1  4987     1     1        0  0.0000E+00  0.1689E+02  0.0000E+00  0.0000E+00
     1  4987     1     2        0  0.0000E+00  0.1351E-10  0.0000E+00  0.0000E+00
     1  4988     1     1        0  0.0000E+00  0.2323E+02  0.0000E+00  0.0000E+00
     1  4988     1     2        0  0.0000E+00  0.2273E-10  0.0000E+00  0.0000E+00
     1  4989     1     1        0  0.0000E+00  0.1000E+03  0.0000E+00  0.0000E+00
     1  4989     1     2        0  0.0000E+00  0.7059E-10  0.0000E+00  0.0000E+00
     1  4990     1     1        0  0.0000E+00  0.2803E+02  0.0000E+00  0.0000E+00
     1  4990     1     2        0  0.0000E+00  0.2906E-10  0.0000E+00  0.0000E+00
     1  4991     1     1        0  0.0000E+00  0.6969E+01  0.0000E+00  0.0000E+00
     1  4991     1     2        0  0.0000E+00  0.2677E-12  0.0000E+00  0.0000E+00
     1  4992     1     1        0  0.0000E+00  0.4135E+02  0.0000E+00  0.0000E+00
     1  4992     1     2        0  0.0000E+00  0.4912E-10  0.0000E+00  0.0000E+00
     1  4993     1     1        0  0.0000E+00  0.1000E+03  0.0000E+00  0.0000E+00
     1  4993     1     2        0  0.0000E+00  0.7846E-10  0.0000E+00  0.0000E+00
     1  4994     1     1        0  0.0000E+00  0.5669E+01  0.0000E+00  0.0000E+00
     1  4994     1     2        0  0.0000E+00  0.1102E-10  0.0000E+00  0.0000E+00
     1  4995     1     1        0  0.0000E+00  0.2751E+02  0.0000E+00  0.0000E+00
     1  4995     1     2        0  0.0000E+00  0.2953E-10  0.0000E+00  0.0000E+00
     1  4996     1     1        0  0.0000E+00  0.7192E+02  0.0000E+00  0.0000E+00
     1  4996     1     2        0  0.0000E+00  0.6871E-10  0.0000E+00  0.0000E+00
     1  4997     1     1        0  0.0000E+00  0.3351E+02  0.0000E+00  0.0000E+00
     1  4997     1     2        0  0.0000E+00  0.2622E-10  0.0000E+00  0.0000E+00
     1  4998     1     1        0  0.0000E+00  0.7903E+02  0.0000E+00  0.0000E+00
     1  4998     1     2        0  0.0000E+00  0.8118E-10  0.0000E+00  0.0000E+00
     1  4999     1     1        0  0.0000E+00  0.1731E+02  0.0000E+00  0.0000E+00
     1  4999     1     2        0  0.0000E+00  0.1031E-10  0.0000E+00  0.0000E+00
     1  5000     1     1        0  0.0000E+00  0.3717E+02  0.0000E+00  0.0000E+00
     1  5000     1     2        0  0.0000E+00  0.3439E-10  0.0000E+00  0.0000E+00
     1  5001     1     1        0  0.0000E+00  0.7019E+02  0.0000E+00  0.0000E+00
     1  5001     1     2        0  0.0000E+00  0.7323E-10  0.0000E+00  0.0000E+00
     1  5002     1     1        0  0.0000E+00  0.4204E+01  0.0000E+00  0.0000E+00
     1  5002     1     2        0  0.0000E+00  0.2525E-11  0.0000E+00  0.0000E+00
     1  5003     1     1        0  0.0000E+00  0.1767E+02  0.0000E+00  0.0000E+00
     1  5003     1     2        0  0.0000E+00  0.1659E-10  0.0000E+00  0.0000E+00
     1  5004     1     1        0  0.0000E+00  0.3417E+02  0.0000E+00  0.0000E+00
     1  5004     1     2        0  0.0000E+00  0.3033E-10  0.0000E+00  0.0000E+00
     1  5005     1     1        0  0.0000E+00  0.2537E+02  0.0000E+00  0.0000E+00
     1  5005     1     2        0  0.0000E+00  0.1813E-10  0.0000E+00  0.0000E+00
     1  5006     1     1        0  0.0000E+00  0.6341E+01  0.0000E+00  0.0000E+00
     1  5006     1     2        0  0.0000E+00  0.1330E-10  0.0000E+00  0.0000E+00
     1  5007     1     1        0  0.0000E+00  0.2149E+01  0.0000E+00  0.0000E+00
     1  5007     1     2        0  0.0000E+00  0.3865E-11  0.0000E+00  0.0000E+00
     1  5008     1     1        0  0.0000E+00  0.1642E+02  0.0000E+00  0.0000E+00
     1  5008     1     2        0  0.0000E+00  0.1105E-10  0.0000E+00  0.0000E+00
     1  5009     1     1        0  0.0000E+00  0.5050E+01  0.0000E+00  0.0000E+00
     1  5009     1     2        0  0.0000E+00  0.2960E-12  0.0000E+00  0.0000E+00
     1  5010     1     1        0  0.0000E+00  0.2239E+02  0.0000E+00  0.0000E+00
     1  5010     1     2        0  0.0000E+00  0.1117E-10  0.0000E+00  0.0000E+00
     1  5011     1     1        0  0.0000E+00  0.5508E+02  0.0000E+00  0.0000E+00
     1  5011     1     2        0  0.0000E+00  0.5135E-10  0.0000E+00  0.0000E+00
     1  5012     1     1        0  0.0000E+00  0.1965E+02  0.0000E+00  0.0000E+00
     1  5012     1     2        0  0.0000E+00  0.2065E-10  0.0000E+00  0.0000E+00
     1  5013     1     1        0  0.0000E+00  0.9842E+01  0.0000E+00  0.0000E+00
     1  5013     1     2        0  0.0000E+00  0.3535E-11  0.0000E+00  0.0000E+00
     1  5014     1     1        0  0.0000E+00  0.7337E+01  0.0000E+00  0.0000E+00
     1  5014     1     2        0  0.0000E+00  0.7146E-11  0.0000E+00  0.0000E+00
     1  5015     1     1        0  0.0000E+00  0.5731E+01  0.0000E+00  0.0000E+00
     1  5015     1     2        0  0.0000E+00  0.1541E-11  0.0000E+00  0.0000E+00
     1  5016     1     1        0  0.0000E+00  0.5225E+01  0.0000E+00  0.0000E+00
     1  5016     1     2        0  0.0000E+00  0.8704E-11  0.0000E+00  0.0000E+00
     1  5017     1     1        0  0.0000E+00  0.2100E+02  0.0000E+00  0.0000E+00
     1  5017     1     2        0  0.0000E+00  0.2461E-10  0.0000E+00  0.0000E+00
     1  5018     1     1        0  0.0000E+00  0.5438E+02  0.0000E+00  0.0000E+00
     1  5018     1     2        0  0.0000E+00  0.4674E-10  0.0000E+00  0.0000E+00
     1  5019     1     1        0  0.0000E+00  0.2099E+02  0.0000E+00  0.0000E+00
     1  5019     1     2        0  0.0000E+00  0.1913E-10  0.0000E+00  0.0000E+00
     1  5020     1     1        0  0.0000E+00  0.5735E+02  0.0000E+00  0.0000E+00
     1  5020     1     2        0  0.0000E+00  0.4297E-10  0.0000E+00  0.0000E+00
     1  5021     1     1        0  0.0000E+00  0.1573E+01  0.0000E+00  0.0000E+00
     1  5021     1     2        0  0.0000E+00  0.2044E-11  0.0000E+00  0.0000E+00
     1  5022     1     1        0  0.0000E+00  0.2417E+02  0.0000E+00  0.0000E+00
     1  5022     1     2        0  0.0000E+00  0.1146E-10  0.0000E+00  0.0000E+00
     1  5023     1     1        0  0.0000E+00  0.6855E+02  0.0000E+00  0.0000E+00
     1  5023     1     2        0  0.0000E+00  0.6865E-10  0.0000E+00  0.0000E+00
     1  5024     1     1        0  0.0000E+00  0.7395E+01  0.0000E+00  0.0000E+00
     1  5024     1     2        0  0.0000E+00  0.1078E-10  0.0000E+00  0.0000E+00
     1  5025     1     1        0  0.0000E+00  0.1590E+02  0.0000E+00  0.0000E+00
     1  5025     1     2        0  0.0000E+00  0.1671E-10  0.0000E+00  0.0000E+00
     1  5026     1     1        0  0.0000E+00  0.2722E+02  0.0000E+00  0.0000E+00
     1  5026     1     2        0  0.0000E+00  0.2086E-10  0.0000E+00  0.0000E+00
     1  5027     1     1        0  0.0000E+00  0.1000E+03  0.0000E+00  0.0000E+00
     1  5027     1     2        0  0.0000E+00  0.1218E-09  0.0000E+00  0.0000E+00
     1  5028     1     1        0  0.0000E+00  0.2249E+02  0.0000E+00  0.0000E+00
     1  5028     1     2        0  0.0000E+00  0.3751E-10  0.0000E+00  0.0000E+00
     1  5029     1     1        0  0.0000E+00  0.4539E+02  0.0000E+00  0.0000E+00
     1  5029     1     2        0  0.0000E+00  0.3527E-10  0.0000E+00  0.0000E+00
     1  5030     1     1        0  0.0000E+00  0.4712E+02  0.0000E+00  0.0000E+00
     1  5030     1     2        0  0.0000E+00  0.5809E-10  0.0000E+00  0.0000E+00
     1  5031     1     1        0  0.0000E+00  0.5566E+01  0.0000E+00  0.0000E+00
     1  5031     1     2        0  0.0000E+00  0.1257E-11  0.0000E+00  0.0000E+00
     1  5032     1     1        0  0.0000E+00  0.1339E+02  0.0000E+00  0.0000E+00
     1  5032     1     2        0  0.0000E+00  0.1263E-10  0.0000E+00  0.0000E+00
     1  5033     1     1        0  0.0000E+00  0.4803E+02  0.0000E+00  0.0000E+00
     1  5033     1     2        0  0.0000E+00  0.4381E-10  0.0000E+00  0.0000E+00
     1  5034     1     1        0  0.0000E+00  0.1000E+03  0.0000E+00  0.0000E+00
     1  5034     1     2        0  0.0000E+00  0.7171E-10  0.0000E+00  0.0000E+00
     1  5035     1     1        0  0.0000E+00  0.2361E+02  0.0000E+00  0.0000E+00
     1  5035     1     2        0  0.0000E+00  0.4364E-10  0.0000E+00  0.0000E+00
     1  5036     1     1        0  0.0000E+00  0.9663E+00  0.0000E+00  0.0000E+00
     1  5036     1     2        0  0.0000E+00  0.3588E-12  0.0000E+00  0.0000E+00
     1  5037     1     1        0  0.0000E+00  0.6569E+01  0.0000E+00  0.0000E+00
     1  5037     1     2        0  0.0000E+00  0.3391E-12  0.0000E+00  0.0000E+00
     1  5038     1     1        0  0.0000E+00  0.1248E+02  0.0000E+00  0.0000E+00
     1  5038     1     2        0  0.0000E+00  0.8419E-11  0.0000E+00  0.0000E+00
     1  5039     1     1        0  0.0000E+00  0.2790E+02  0.0000E+00  0.0000E+00
     1  5039     1     2        0  0.0000E+00  0.2317E-10  0.0000E+00  0.0000E+00
     1  5040     1     1        0  0.0000E+00  0.1000E+03  0.0000E+00  0.0000E+00
     1  5040     1     2        0  0.0000E+00  0.1037E-09  0.0000E+00  0.0000E+00
     1  5041     1     1        0  0.0000E+00  0.1524E+02  0.0000E+00  0.0000E+00
     1  5041     1     2        0  0.0000E+00  0.1158E-10  0.0000E+00  0.0000E+00
     1  5042     1     1        0  0.0000E+00  0.1156E+02  0.0000E+00  0.0000E+00
     1  5042     1     2        0  0.0000E+00  0.1267E-10  0.0000E+00  0.0000E+00
     1  5043     1     1        0  0.0000E+00  0.1817E+02  0.0000E+00  0.0000E+00
     1  5043     1     2        0  0.0000E+00  0.1996E-10  0.0000E+00  0.0000E+00
     1  5044     1     1        0  0.0000E+00  0.1000E+03  0.0000E+00  0.0000E+00
     1  5044     1     2        0  0.0000E+00  0.9904E-10  0.0000E+00  0.0000E+00
     1  5045     1     1        0  0.0000E+00  0.1033E+02  0.0000E+00  0.0000E+00
     1  5045     1     2        0  0.0000E+00  0.1766E-10  0.0000E+00  0.0000E+00
     1  5046     1     1        0  0.0000E+00  0.7161E+02  0.0000E+00  0.0000E+00
     1  5046     1     2        0  0.0000E+00  0.6152E-10  0.0000E+00  0.0000E+00
     1  5047     1     1        0  0.0000E+00  0.3351E+02  0.0000E+00  0.0000E+00
     1  5047     1     2        0  0.0000E+00  0.3150E-11  0.0000E+00  0.0000E+00
     1  5048     1     1        0  0.0000E+00  0.5619E+01  0.0000E+00  0.0000E+00
     1  5048     1     2        0  0.0000E+00  0.1296E-10  0.0000E+00  0.0000E+00
     1  5049     1     1        0  0.0000E+00  0.8700E+01  0.0000E+00  0.0000E+00
     1  5049     1     2        0  0.0000E+00  0.1035E-10  0.0000E+00  0.0000E+00
     1  5050     1     1        0  0.0000E+00  0.9370E+01  0.0000E+00  0.0000E+00
     1  5050     1     2        0  0.0000E+00  0.3736E-11  0.0000E+00  0.0000E+00
     1  5051     1     1        0  0.0000E+00  0.3604E+01  0.0000E+00  0.0000E+00
     1  5051     1     2        0  0.0000E+00  0.6301E-11  0.0000E+00  0.0000E+00
     1  5052     1     1        0  0.0000E+00  0.1254E+02  0.0000E+00  0.0000E+00
     1  5052     1     2        0  0.0000E+00  0.7170E-11  0.0000E+00  0.0000E+00
     1  5053     1     1        0  0.0000E+00  0.5878E+01  0.0000E+00  0.0000E+00
     1  5053     1     2        0  0.0000E+00  0.8342E-11  0.0000E+00  0.0000E+00
     1  5054     1     1        0  0.0000E+00  0.1521E+02  0.0000E+00  0.0000E+00
     1  5054     1     2        0  0.0000E+00  0.1344E-10  0.0000E+00  0.0000E+00
     1  5055     1     1        0  0.0000E+00  0.1000E+03  0.0000E+00  0.0000E+00
     1  5055     1     2        0  0.0000E+00  0.8154E-10  0.0000E+00  0.0000E+00
     1  5056     1     1        0  0.0000E+00  0.2765E+02  0.0000E+00  0.0000E+00
     1  5056     1     2        0  0.0000E+00  0.3493E-10  0.0000E+00  0.0000E+00
     1  5057     1     1        0  0.0000E+00  0.2385E+01  0.0000E+00  0.0000E+00
     1  5057     1     2        0  0.0000E+00  0.6128E-11  0.0000E+00  0.0000E+00
     1  5058     1     1        0  0.0000E+00  0.6998E+01  0.0000E+00  0.0000E+00
     1  5058     1     2        0  0.0000E+00  0.8106E-11  0.0000E+00  0.0000E+00
     1  5059     1     1        0  0.0000E+00  0.4538E+01  0.0000E+00  0.0000E+00
     1  5059     1     2        0  0.0000E+00  0.4062E-11  0.0000E+00  0.0000E+00
     1  5060     1     1        0  0.0000E+00  0.6050E+01  0.0000E+00  0.0000E+00
     1  5060     1     2        0  0.0000E+00  0.1923E-10  0.0000E+00  0.0000E+00
     1  5061     1     1        0  0.0000E+00  0.1065E+02  0.0000E+00  0.0000E+00
     1  5061     1     2        0  0.0000E+00  0.1088E-10  0.0000E+00  0.0000E+00
     1  5062     1     1        0  0.0000E+00  0.1221E+02  0.0000E+00  0.0000E+00
     1  5062     1     2        0  0.0000E+00  0.1158E-10  0.0000E+00  0.0000E+00
     1  5063     1     1        0  0.0000E+00  0.2223E+02  0.0000E+00  0.0000E+00
     1  5063     1     2        0  0.0000E+00  0.1451E-10  0.0000E+00  0.0000E+00
     1  5064     1     1        0  0.0000E+00  0.1000E+03  0.0000E+00  0.0000E+00
     1  5064     1     2        0  0.0000E+00  0.1000E-09  0.0000E+00  0.0000E+00
     1  5065     1     1        0  0.0000E+00  0.4757E+02  0.0000E+00  0.0000E+00
     1  5065     1     2        0  0.0000E+00  0.3883E-10  0.0000E+00  0.0000E+00
     1  5066     1     1        0  0.0000E+00  0.1295E+02  0.0000E+00  0.0000E+00
     1  5066     1     2        0  0.0000E+00  0.6694E-11  0.0000E+00  0.0000E+00
     1  5067     1     1        0  0.0000E+00  0.1985E+01  0.0000E+00  0.0000E+00
     1  5067     1     2        0  0.0000E+00  0.9526E-12  0.0000E+00  0.0000E+00
     1  5068     1     1        0  0.0000E+00  0.1123E+01  0.0000E+00  0.0000E+00
     1  5068     1     2        0  0.0000E+00  0.9158E-11  0.0000E+00  0.0000E+00
     1  5069     1     1        0  0.0000E+00  0.6517E+01  0.0000E+00  0.0000E+00
     1  5069     1     2        0  0.0000E+00  0.2237E-11  0.0000E+00  0.0000E+00
     1  5070     1     1        0  0.0000E+00  0.4689E+01  0.0000E+00  0.0000E+00
     1  5070     1     2        0  0.0000E+00  0.6882E-11  0.0000E+00  0.0000E+00
     1  5071     1     1        0  0.0000E+00  0.3408E+01  0.0000E+00  0.0000E+00
     1  5071     1     2        0  0.0000E+00  0.2001E-10  0.0000E+00  0.0000E+00
     1  5072     1     1        0  0.0000E+00  0.1443E+02  0.0000E+00  0.0000E+00
     1  5072     1     2        0  0.0000E+00  0.6173E-11  0.0000E+00  0.0000E+00
     1  5073     1     1        0  0.0000E+00  0.7217E+01  0.0000E+00  0.0000E+00
     1  5073     1     2        0  0.0000E+00  0.5527E-11  0.0000E+00  0.0000E+00
     1  5074     1     1        0  0.0000E+00  0.5457E+02  0.0000E+00  0.0000E+00
     1  5074     1     2        0  0.0000E+00  0.3374E-10  0.0000E+00  0.0000E+00
     1  5075     1     1        0  0.0000E+00  0.1227E+02  0.0000E+00  0.0000E+00
     1  5075     1     2        0  0.0000E+00  0.2241E-10  0.0000E+00  0.0000E+00
     1  5076     1     1        0  0.0000E+00  0.4071E+01  0.0000E+00  0.0000E+00
     1  5076     1     2        0  0.0000E+00  0.9143E-11  0.0000E+00  0.0000E+00
     1  5077     1     1        0  0.0000E+00  0.7988E+00  0.0000E+00  0.0000E+00
     1  5077     1     2        0  0.0000E+00  0.2538E-11  0.0000E+00  0.0000E+00
     1  5078     1     1        0  0.0000E+00  0.2771E+01  0.0000E+00  0.0000E+00
     1  5078     1     2        0  0.0000E+00  0.6690E-11  0.0000E+00  0.0000E+00
     1  5079     1     1        0  0.0000E+00  0.6394E+01  0.0000E+00  0.0000E+00
     1  5079     1     2        0  0.0000E+00  0.2587E-11  0.0000E+00  0.0000E+00
     1  5080     1     1        0  0.0000E+00  0.8388E+01  0.0000E+00  0.0000E+00
     1  5080     1     2        0  0.0000E+00  0.8904E-11  0.0000E+00  0.0000E+00
     1  5081     1     1        0  0.0000E+00  0.8839E+01  0.0000E+00  0.0000E+00
     1  5081     1     2        0  0.0000E+00  0.8588E-11  0.0000E+00  0.0000E+00
     1  5082     1     1        0  0.0000E+00  0.2134E+01  0.0000E+00  0.0000E+00
     1  5082     1     2        0  0.0000E+00  0.9146E-12  0.0000E+00  0.0000E+00
     1  5083     1     1        0  0.0000E+00  0.1107E+02  0.0000E+00  0.0000E+00
     1  5083     1     2        0  0.0000E+00  0.9985E-11  0.0000E+00  0.0000E+00
     1  5084     1     1        0  0.0000E+00  0.9247E+01  0.0000E+00  0.0000E+00
     1  5084     1     2        0  0.0000E+00  0.1606E-10  0.0000E+00  0.0000E+00
     1  5085     1     1        0  0.0000E+00  0.1049E+01  0.0000E+00  0.0000E+00
     1  5085     1     2        0  0.0000E+00  0.1425E-11  0.0000E+00  0.0000E+00
     1  5086     1     1        0  0.0000E+00  0.2228E+02  0.0000E+00  0.0000E+00
     1  5086     1     2        0  0.0000E+00  0.1328E-10  0.0000E+00  0.0000E+00
     1  5087     1     1        0  0.0000E+00  0.8665E+02  0.0000E+00  0.0000E+00
     1  5087     1     2        0  0.0000E+00  0.8497E-10  0.0000E+00  0.0000E+00
     1  5088     1     1        0  0.0000E+00  0.1209E+02  0.0000E+00  0.0000E+00
     1  5088     1     2        0  0.0000E+00  0.1157E-10  0.0000E+00  0.0000E+00
     1  5089     1     1        0  0.0000E+00  0.8436E+01  0.0000E+00  0.0000E+00
     1  5089     1     2        0  0.0000E+00  0.5365E-11  0.0000E+00  0.0000E+00
     1  5090     1     1        0  0.0000E+00  0.7524E+01  0.0000E+00  0.0000E+00
     1  5090     1     2        0  0.0000E+00  0.7506E-11  0.0000E+00  0.0000E+00
     1  5091     1     1        0  0.0000E+00  0.4523E+01  0.0000E+00  0.0000E+00
     1  5091     1     2        0  0.0000E+00  0.1078E-10  0.0000E+00  0.0000E+00
     1  5092     1     1        0  0.0000E+00  0.3038E+02  0.0000E+00  0.0000E+00
     1  5092     1     2        0  0.0000E+00  0.2861E-10  0.0000E+00  0.0000E+00
     1  5093     1     1        0  0.0000E+00  0.1000E+03  0.0000E+00  0.0000E+00
     1  5093     1     2        0  0.0000E+00  0.9541E-10  0.0000E+00  0.0000E+00
     1  5094     1     1        0  0.0000E+00  0.8334E+01  0.0000E+00  0.0000E+00
     1  5094     1     2        0  0.0000E+00  0.4725E-11  0.0000E+00  0.0000E+00
     1  5095     1     1        0  0.0000E+00  0.1541E+02  0.0000E+00  0.0000E+00
     1  5095     1     2        0  0.0000E+00  0.1525E-10  0.0000E+00  0.0000E+00
     1  5096     1     1        0  0.0000E+00  0.4296E+02  0.0000E+00  0.0000E+00
     1  5096     1     2        0  0.0000E+00  0.3362E-10  0.0000E+00  0.0000E+00
     1  5097     1     1        0  0.0000E+00  0.2448E+02  0.0000E+00  0.0000E+00
     1  5097     1     2        0  0.0000E+00  0.4906E-11  0.0000E+00  0.0000E+00
     1  5098     1     1        0  0.0000E+00  0.1810E+02  0.0000E+00  0.0000E+00
     1  5098     1     2        0  0.0000E+00  0.9165E-11  0.0000E+00  0.0000E+00
     1  5099     1     1        0  0.0000E+00  0.2994E+02  0.0000E+00  0.0000E+00
     1  5099     1     2        0  0.0000E+00  0.2790E-10  0.0000E+00  0.0000E+00
     1  5100     1     1        0  0.0000E+00  0.7925E+01  0.0000E+00  0.0000E+00
     1  5100     1     2        0  0.0000E+00  0.1954E-11  0.0000E+00  0.0000E+00
     1  5101     1     1        0  0.0000E+00  0.2585E+02  0.0000E+00  0.0000E+00
     1  5101     1     2        0  0.0000E+00  0.3010E-10  0.0000E+00  0.0000E+00
     1  5102     1     1        0  0.0000E+00  0.1000E+03  0.0000E+00  0.0000E+00
     1  5102     1     2        0  0.0000E+00  0.1103E-09  0.0000E+00  0.0000E+00
     1  5103     1     1        0  0.0000E+00  0.4619E+02  0.0000E+00  0.0000E+00
     1  5103     1     2        0  0.0000E+00  0.5848E-10  0.0000E+00  0.0000E+00
     1  5104     1     1        0  0.0000E+00  0.2967E+02  0.0000E+00  0.0000E+00
     1  5104     1     2        0  0.0000E+00  0.3487E-10  0.0000E+00  0.0000E+00
     1  5105     1     1        0  0.0000E+00  0.1000E+03  0.0000E+00  0.0000E+00
     1  5105     1     2        0  0.0000E+00  0.8951E-10  0.0000E+00  0.0000E+00
     1  5106     1     1        0  0.0000E+00  0.1472E+02  0.0000E+00  0.0000E+00
     1  5106     1     2        0  0.0000E+00  0.9817E-11  0.0000E+00  0.0000E+00
     1  5107     1     1        0  0.0000E+00  0.7444E+01  0.0000E+00  0.0000E+00
     1  5107     1     2        0  0.0000E+00  0.1101E-10  0.0000E+00  0.0000E+00
     1  5108     1     1        0  0.0000E+00  0.1638E+02  0.0000E+00  0.0000E+00
     1  5108     1     2        0  0.0000E+00  0.1761E-10  0.0000E+00  0.0000E+00
     1  5109     1     1        0  0.0000E+00  0.2027E+02  0.0000E+00  0.0000E+00
     1  5109     1     2        0  0.0000E+00  0.2071E-10  0.0000E+00  0.0000E+00
     1  5110     1     1        0  0.0000E+00  0.1000E+03  0.0000E+00  0.0000E+00
     1  5110     1     2        0  0.0000E+00  0.9244E-10  0.0000E+00  0.0000E+00
     1  5111     1     1        0  0.0000E+00  0.4537E+02  0.0000E+00  0.0000E+00
     1  5111     1     2        0  0.0000E+00  0.4749E-10  0.0000E+00  0.0000E+00
     1  5112     1     1        0  0.0000E+00  0.5202E+01  0.0000E+00  0.0000E+00
     1  5112     1     2        0  0.0000E+00  0.1362E-10  0.0000E+00  0.0000E+00
     1  5113     1     1        0  0.0000E+00  0.1411E+02  0.0000E+00  0.0000E+00
     1  5113     1     2        0  0.0000E+00  0.1401E-10  0.0000E+00  0.0000E+00
     1  5114     1     1        0  0.0000E+00  0.2823E+02  0.0000E+00  0.0000E+00
     1  5114     1     2        0  0.0000E+00  0.2290E-10  0.0000E+00  0.0000E+00
     1  5115     1     1        0  0.0000E+00  0.1000E+03  0.0000E+00  0.0000E+00
     1  5115     1     2        0  0.0000E+00  0.8255E-10  0.0000E+00  0.0000E+00
     1  5116     1     1        0  0.0000E+00  0.2276E+02  0.0000E+00  0.0000E+00
     1  5116     1     2        0  0.0000E+00  0.2767E-10  0.0000E+00  0.0000E+00
     1  5117     1     1        0  0.0000E+00  0.1263E+01  0.0000E+00  0.0000E+00
     1  5117     1     2        0  0.0000E+00  0.2334E-11  0.0000E+00  0.0000E+00
     1  5118     1     1        0  0.0000E+00  0.5827E+01  0.0000E+00  0.0000E+00
     1  5118     1     2        0  0.0000E+00  0.7538E-11  0.0000E+00  0.0000E+00
     1  5119     1     1        0  0.0000E+00  0.7903E+01  0.0000E+00  0.0000E+00
     1  5119     1     2        0  0.0000E+00  0.3504E-11  0.0000E+00  0.0000E+00
     1  5120     1     1        0  0.0000E+00  0.1016E+02  0.0000E+00  0.0000E+00
     1  5120     1     2        0  0.0000E+00  0.1102E-10  0.0000E+00  0.0000E+00
     1  5121     1     1        0  0.0000E+00  0.1599E+02  0.0000E+00  0.0000E+00
     1  5121     1     2        0  0.0000E+00  0.1857E-10  0.0000E+00  0.0000E+00
     1  5122     1     1        0  0.0000E+00  0.5540E+02  0.0000E+00  0.0000E+00
     1  5122     1     2        0  0.0000E+00  0.5261E-10  0.0000E+00  0.0000E+00
     1  5123     1     1        0  0.0000E+00  0.3795E+02  0.0000E+00  0.0000E+00
     1  5123     1     2        0  0.0000E+00  0.5314E-10  0.0000E+00  0.0000E+00
     1  5124     1     1        0  0.0000E+00  0.7924E+01  0.0000E+00  0.0000E+00
     1  5124     1     2        0  0.0000E+00  0.8300E-11  0.0000E+00  0.0000E+00
     1  5125     1     1        0  0.0000E+00  0.1503E+02  0.0000E+00  0.0000E+00
     1  5125     1     2        0  0.0000E+00  0.2043E-10  0.0000E+00  0.0000E+00
     1  5126     1     1        0  0.0000E+00  0.8507E+01  0.0000E+00  0.0000E+00
     1  5126     1     2        0  0.0000E+00  0.1696E-10  0.0000E+00  0.0000E+00
     1  5127     1     1        0  0.0000E+00  0.1849E+02  0.0000E+00  0.0000E+00
     1  5127     1     2        0  0.0000E+00  0.1975E-10  0.0000E+00  0.0000E+00
     1  5128     1     1        0  0.0000E+00  0.4941E+01  0.0000E+00  0.0000E+00
     1  5128     1     2        0  0.0000E+00  0.7165E-11  0.0000E+00  0.0000E+00
     1  5129     1     1        0  0.0000E+00  0.3043E+01  0.0000E+00  0.0000E+00
     1  5129     1     2        0  0.0000E+00  0.8711E-11  0.0000E+00  0.0000E+00
     1  5130     1     1        0  0.0000E+00  0.4053E+01  0.0000E+00  0.0000E+00
     1  5130     1     2        0  0.0000E+00  0.1078E-10  0.0000E+00  0.0000E+00
     1  5131     1     1        0  0.0000E+00  0.7374E+01  0.0000E+00  0.0000E+00
     1  5131     1     2        0  0.0000E+00  0.8052E-11  0.0000E+00  0.0000E+00
     1  5132     1     1        0  0.0000E+00  0.8271E+01  0.0000E+00  0.0000E+00
     1  5132     1     2        0  0.0000E+00  0.9609E-11  0.0000E+00  0.0000E+00
     1  5133     1     1        0  0.0000E+00  0.1027E+02  0.0000E+00  0.0000E+00
     1  5133     1     2        0  0.0000E+00  0.1123E-10  0.0000E+00  0.0000E+00
     1  5134     1     1        0  0.0000E+00  0.2533E+02  0.0000E+00  0.0000E+00
     1  5134     1     2        0  0.0000E+00  0.1517E-10  0.0000E+00  0.0000E+00
     1  5135     1     1        0  0.0000E+00  0.7051E+02  0.0000E+00  0.0000E+00
     1  5135     1     2        0  0.0000E+00  0.4658E-10  0.0000E+00  0.0000E+00
     1  5136     1     1        0  0.0000E+00  0.7906E+01  0.0000E+00  0.0000E+00
     1  5136     1     2        0  0.0000E+00  0.4624E-11  0.0000E+00  0.0000E+00
     1  5137     1     1        0  0.0000E+00  0.6550E+01  0.0000E+00  0.0000E+00
     1  5137     1     2        0  0.0000E+00  0.2386E-10  0.0000E+00  0.0000E+00
     1  5138     1     1        0  0.0000E+00  0.6195E+01  0.0000E+00  0.0000E+00
     1  5138     1     2        0  0.0000E+00  0.1071E-10  0.0000E+00  0.0000E+00
     1  5139     1     1        0  0.0000E+00  0.6991E+01  0.0000E+00  0.0000E+00
     1  5139     1     2        0  0.0000E+00  0.6037E-11  0.0000E+00  0.0000E+00
     1  5140     1     1        0  0.0000E+00  0.5025E+01  0.0000E+00  0.0000E+00
     1  5140     1     2        0  0.0000E+00  0.8547E-11  0.0000E+00  0.0000E+00
     1  5141     1     1        0  0.0000E+00  0.9770E+01  0.0000E+00  0.0000E+00
     1  5141     1     2        0  0.0000E+00  0.1141E-10  0.0000E+00  0.0000E+00
     1  5142     1     1        0  0.0000E+00  0.2223E+02  0.0000E+00  0.0000E+00
     1  5142     1     2        0  0.0000E+00  0.1968E-10  0.0000E+00  0.0000E+00
     1  5143     1     1        0  0.0000E+00  0.2298E+02  0.0000E+00  0.0000E+00
     1  5143     1     2        0  0.0000E+00  0.1889E-10  0.0000E+00  0.0000E+00
     1  5144     1     1        0  0.0000E+00  0.3573E+01  0.0000E+00  0.0000E+00
     1  5144     1     2        0  0.0000E+00  0.1601E-10  0.0000E+00  0.0000E+00
     1  5145     1     1        0  0.0000E+00  0.8613E+01  0.0000E+00  0.0000E+00
     1  5145     1     2        0  0.0000E+00  0.6433E-12  0.0000E+00  0.0000E+00
     1  5146     1     1        0  0.0000E+00  0.1749E+01  0.0000E+00  0.0000E+00
     1  5146     1     2        0  0.0000E+00  0.4293E-11  0.0000E+00  0.0000E+00
     1  5147     1     1        0  0.0000E+00  0.3891E+01  0.0000E+00  0.0000E+00
     1  5147     1     2        0  0.0000E+00  0.1321E-10  0.0000E+00  0.0000E+00
     1  5148     1     1        0  0.0000E+00  0.5146E+01  0.0000E+00  0.0000E+00
     1  5148     1     2        0  0.0000E+00  0.3088E-11  0.0000E+00  0.0000E+00
     1  5149     1     1        0  0.0000E+00  0.8549E+01  0.0000E+00  0.0000E+00
     1  5149     1     2        0  0.0000E+00  0.3988E-11  0.0000E+00  0.0000E+00
     1  5150     1     1        0  0.0000E+00  0.2074E+02  0.0000E+00  0.0000E+00
     1  5150     1     2        0  0.0000E+00  0.1636E-10  0.0000E+00  0.0000E+00
     1  5151     1     1        0  0.0000E+00  0.3443E+02  0.0000E+00  0.0000E+00
     1  5151     1     2        0  0.0000E+00  0.3263E-10  0.0000E+00  0.0000E+00
     1  5152     1     1        0  0.0000E+00  0.2323E+02  0.0000E+00  0.0000E+00
     1  5152     1     2        0  0.0000E+00  0.3130E-10  0.0000E+00  0.0000E+00
     1  5153     1     1        0  0.0000E+00  0.3252E+01  0.0000E+00  0.0000E+00
     1  5153     1     2        0  0.0000E+00  0.1238E-10  0.0000E+00  0.0000E+00
     1  5154     1     1        0  0.0000E+00  0.1441E+02  0.0000E+00  0.0000E+00
     1  5154     1     2        0  0.0000E+00  0.2528E-10  0.0000E+00  0.0000E+00
     1  5155     1     1        0  0.0000E+00  0.1411E+02  0.0000E+00  0.0000E+00
     1  5155     1     2        0  0.0000E+00  0.7126E-11  0.0000E+00  0.0000E+00
     1  5156     1     1        0  0.0000E+00  0.1061E+02  0.0000E+00  0.0000E+00
     1  5156     1     2        0  0.0000E+00  0.5459E-11  0.0000E+00  0.0000E+00
     1  5157     1     1        0  0.0000E+00  0.1697E+02  0.0000E+00  0.0000E+00
     1  5157     1     2        0  0.0000E+00  0.9897E-11  0.0000E+00  0.0000E+00
     1  5158     1     1        0  0.0000E+00  0.5296E+01  0.0000E+00  0.0000E+00
     1  5158     1     2        0  0.0000E+00  0.3398E-11  0.0000E+00  0.0000E+00
     1  5159     1     1        0  0.0000E+00  0.3186E+02  0.0000E+00  0.0000E+00
     1  5159     1     2        0  0.0000E+00  0.3414E-10  0.0000E+00  0.0000E+00
     1  5160     1     1        0  0.0000E+00  0.1000E+03  0.0000E+00  0.0000E+00
     1  5160     1     2        0  0.0000E+00  0.7433E-10  0.0000E+00  0.0000E+00
     1  5161     1     1        0  0.0000E+00  0.3976E+01  0.0000E+00  0.0000E+00
     1  5161     1     2        0  0.0000E+00  0.1157E-11  0.0000E+00  0.0000E+00
     1  5162     1     1        0  0.0000E+00  0.3507E+02  0.0000E+00  0.0000E+00
     1  5162     1     2        0  0.0000E+00  0.3495E-10  0.0000E+00  0.0000E+00
     1  5163     1     1        0  0.0000E+00  0.1000E+03  0.0000E+00  0.0000E+00
     1  5163     1     2        0  0.0000E+00  0.8828E-10  0.0000E+00  0.0000E+00
     1  5164     1     1        0  0.0000E+00  0.2386E+02  0.0000E+00  0.0000E+00
     1  5164     1     2        0  0.0000E+00  0.3217E-10  0.0000E+00  0.0000E+00
     1  5165     1     1        0  0.0000E+00  0.1164E+01  0.0000E+00  0.0000E+00
     1  5165     1     2        0  0.0000E+00  0.1008E-11  0.0000E+00  0.0000E+00
     1  5166     1     1        0  0.0000E+00  0.1720E+02  0.0000E+00  0.0000E+00
     1  5166     1     2        0  0.0000E+00  0.1201E-10  0.0000E+00  0.0000E+00
     1  5167     1     1        0  0.0000E+00  0.5242E+02  0.0000E+00  0.0000E+00
     1  5167     1     2        0  0.0000E+00  0.5170E-10  0.0000E+00  0.0000E+00
     1  5168     1     1        0  0.0000E+00  0.4169E+02  0.0000E+00  0.0000E+00
     1  5168     1     2        0  0.0000E+00  0.3911E-10  0.0000E+00  0.0000E+00
     1  5169     1     1        0  0.0000E+00  0.2578E+01  0.0000E+00  0.0000E+00
     1  5169     1     2        0  0.0000E+00  0.3557E-11  0.0000E+00  0.0000E+00
     1  5170     1     1        0  0.0000E+00  0.2356E+01  0.0000E+00  0.0000E+00
     1  5170     1     2        0  0.0000E+00  0.4006E-11  0.0000E+00  0.0000E+00
     1  5171     1     1        0  0.0000E+00  0.8676E+01  0.0000E+00  0.0000E+00
     1  5171     1     2        0  0.0000E+00  0.1454E-10  0.0000E+00  0.0000E+00
     1  5172     1     1        0  0.0000E+00  0.1709E+02  0.0000E+00  0.0000E+00
     1  5172     1     2        0  0.0000E+00  0.1379E-10  0.0000E+00  0.0000E+00
     1  5173     1     1        0  0.0000E+00  0.2650E+02  0.0000E+00  0.0000E+00
     1  5173     1     2        0  0.0000E+00  0.2375E-10  0.0000E+00  0.0000E+00
     1  5174     1     1        0  0.0000E+00  0.2011E+02  0.0000E+00  0.0000E+00
     1  5174     1     2        0  0.0000E+00  0.2254E-10  0.0000E+00  0.0000E+00
     1  5175     1     1        0  0.0000E+00  0.6684E+02  0.0000E+00  0.0000E+00
     1  5175     1     2        0  0.0000E+00  0.6534E-10  0.0000E+00  0.0000E+00
     1  5176     1     1        0  0.0000E+00  0.7481E+02  0.0000E+00  0.0000E+00
     1  5176     1     2        0  0.0000E+00  0.6991E-10  0.0000E+00  0.0000E+00
     1  5177     1     1        0  0.0000E+00  0.9935E+01  0.0000E+00  0.0000E+00
     1  5177     1     2        0  0.0000E+00  0.1086E-10  0.0000E+00  0.0000E+00
     1  5178     1     1        0  0.0000E+00  0.8769E+01  0.0000E+00  0.0000E+00
     1  5178     1     2        0  0.0000E+00  0.2094E-11  0.0000E+00  0.0000E+00
     1  5179     1     1        0  0.0000E+00  0.2561E+02  0.0000E+00  0.0000E+00
     1  5179     1     2        0  0.0000E+00  0.2316E-10  0.0000E+00  0.0000E+00
     1  5180     1     1        0  0.0000E+00  0.1000E+03  0.0000E+00  0.0000E+00
     1  5180     1     2        0  0.0000E+00  0.9529E-10  0.0000E+00  0.0000E+00
     1  5181     1     1        0  0.0000E+00  0.2001E+02  0.0000E+00  0.0000E+00
     1  5181     1     2        0  0.0000E+00  0.2436E-10  0.0000E+00  0.0000E+00
     1  5182     1     1        0  0.0000E+00  0.1659E+02  0.0000E+00  0.0000E+00
     1  5182     1     2        0  0.0000E+00  0.1495E-10  0.0000E+00  0.0000E+00
     1  5183     1     1        0  0.0000E+00  0.3841E+01  0.0000E+00  0.0000E+00
     1  5183     1     2        0  0.0000E+00  0.1966E-11  0.0000E+00  0.0000E+00
     1  5184     1     1        0  0.0000E+00  0.7804E+01  0.0000E+00  0.0000E+00
     1  5184     1     2        0  0.0000E+00  0.5658E-11  0.0000E+00  0.0000E+00
     1  5185     1     1        0  0.0000E+00  0.1664E+02  0.0000E+00  0.0000E+00
     1  5185     1     2        0  0.0000E+00  0.1507E-10  0.0000E+00  0.0000E+00
     1  5186     1     1        0  0.0000E+00  0.1896E+02  0.0000E+00  0.0000E+00
     1  5186     1     2        0  0.0000E+00  0.1376E-10  0.0000E+00  0.0000E+00
     1  5187     1     1        0  0.0000E+00  0.1000E+03  0.0000E+00  0.0000E+00
     1  5187     1     2        0  0.0000E+00  0.7735E-10  0.0000E+00  0.0000E+00
     1  5188     1     1        0  0.0000E+00  0.6823E+02  0.0000E+00  0.0000E+00
     1  5188     1     2        0  0.0000E+00  0.5647E-10  0.0000E+00  0.0000E+00
     1  5189     1     1        0  0.0000E+00  0.2203E+01  0.0000E+00  0.0000E+00
     1  5189     1     2        0  0.0000E+00  0.1130E-10  0.0000E+00  0.0000E+00
     1  5190     1     1        0  0.0000E+00  0.2722E+01  0.0000E+00  0.0000E+00
     1  5190     1     2        0  0.0000E+00  0.1858E-11  0.0000E+00  0.0000E+00
     1  5191     1     1        0  0.0000E+00  0.1179E+02  0.0000E+00  0.0000E+00
     1  5191     1     2        0  0.0000E+00  0.1819E-10  0.0000E+00  0.0000E+00
     1  5192     1     1        0  0.0000E+00  0.1035E+02  0.0000E+00  0.0000E+00
     1  5192     1     2        0  0.0000E+00  0.4786E-11  0.0000E+00  0.0000E+00
     1  5193     1     1        0  0.0000E+00  0.1000E+02  0.0000E+00  0.0000E+00
     1  5193     1     2        0  0.0000E+00  0.1333E-10  0.0000E+00  0.0000E+00
     1  5194     1     1        0  0.0000E+00  0.3178E+02  0.0000E+00  0.0000E+00
     1  5194     1     2        0  0.0000E+00  0.2985E-10  0.0000E+00  0.0000E+00
     1  5195     1     1        0  0.0000E+00  0.1000E+03  0.0000E+00  0.0000E+00
     1  5195     1     2        0  0.0000E+00  0.8374E-10  0.0000E+00  0.0000E+00
     1  5196     1     1        0  0.0000E+00  0.1881E+02  0.0000E+00  0.0000E+00
     1  5196     1     2        0  0.0000E+00  0.2021E-10  0.0000E+00  0.0000E+00
     1  5197     1     1        0  0.0000E+00  0.3416E+01  0.0000E+00  0.0000E+00
     1  5197     1     2        0  0.0000E+00  0.1842E-11  0.0000E+00  0.0000E+00
     1  5198     1     1        0  0.0000E+00  0.4147E+01  0.0000E+00  0.0000E+00
     1  5198     1     2        0  0.0000E+00  0.6831E-12  0.0000E+00  0.0000E+00
     1  5199     1     1        0  0.0000E+00  0.1556E+02  0.0000E+00  0.0000E+00
     1  5199     1     2        0  0.0000E+00  0.1668E-10  0.0000E+00  0.0000E+00
     1  5200     1     1        0  0.0000E+00  0.3908E+02  0.0000E+00  0.0000E+00
     1  5200     1     2        0  0.0000E+00  0.3298E-10  0.0000E+00  0.0000E+00
     1  5201     1     1        0  0.0000E+00  0.1497E+02  0.0000E+00  0.0000E+00
     1  5201     1     2        0  0.0000E+00  0.4403E-10  0.0000E+00  0.0000E+00
     1  5202     1     1        0  0.0000E+00  0.1881E+02  0.0000E+00  0.0000E+00
     1  5202     1     2        0  0.0000E+00  0.8173E-11  0.0000E+00  0.0000E+00
     1  5203     1     1        0  0.0000E+00  0.7083E+02  0.0000E+00  0.0000E+00
     1  5203     1     2        0  0.0000E+00  0.6794E-10  0.0000E+00  0.0000E+00
     1  5204     1     1        0  0.0000E+00  0.4241E+02  0.0000E+00  0.0000E+00
     1  5204     1     2        0  0.0000E+00  0.4496E-10  0.0000E+00  0.0000E+00
     1  5205     1     1        0  0.0000E+00  0.2376E+01  0.0000E+00  0.0000E+00
     1  5205     1     2        0  0.0000E+00  0.1281E-10  0.0000E+00  0.0000E+00
     1  5206     1     1        0  0.0000E+00  0.6896E+01  0.0000E+00  0.0000E+00
     1  5206     1     2        0  0.0000E+00  0.6231E-11  0.0000E+00  0.0000E+00
     1  5207     1     1        0  0.0000E+00  0.1887E+02  0.0000E+00  0.0000E+00
     1  5207     1     2        0  0.0000E+00  0.1643E-10  0.0000E+00  0.0000E+00
     1  5208     1     1        0  0.0000E+00  0.7005E+02  0.0000E+00  0.0000E+00
     1  5208     1     2        0  0.0000E+00  0.6533E-10  0.0000E+00  0.0000E+00
     1  5209     1     1        0  0.0000E+00  0.2583E+02  0.0000E+00  0.0000E+00
     1  5209     1     2        0  0.0000E+00  0.2497E-10  0.0000E+00  0.0000E+00
     1  5210     1     1        0  0.0000E+00  0.1499E+01  0.0000E+00  0.0000E+00
     1  5210     1     2        0  0.0000E+00  0.3165E-11  0.0000E+00  0.0000E+00
     1  5211     1     1        0  0.0000E+00  0.1374E+02  0.0000E+00  0.0000E+00
     1  5211     1     2        0  0.0000E+00  0.1412E-10  0.0000E+00  0.0000E+00
     1  5212     1     1        0  0.0000E+00  0.2841E+02  0.0000E+00  0.0000E+00
     1  5212     1     2        0  0.0000E+00  0.2414E-10  0.0000E+00  0.0000E+00
     1  5213     1     1        0  0.0000E+00  0.1000E+03  0.0000E+00  0.0000E+00
     1  5213     1     2        0  0.0000E+00  0.7808E-10  0.0000E+00  0.0000E+00
     1  5214     1     1        0  0.0000E+00  0.7725E+01  0.0000E+00  0.0000E+00
     1  5214     1     2        0  0.0000E+00  0.5711E-11  0.0000E+00  0.0000E+00
     1  5215     1     1        0  0.0000E+00  0.2127E+02  0.0000E+00  0.0000E+00
     1  5215     1     2        0  0.0000E+00  0.2155E-10  0.0000E+00  0.0000E+00
     1  5216     1     1        0  0.0000E+00  0.1000E+03  0.0000E+00  0.0000E+00
     1  5216     1     2        0  0.0000E+00  0.9469E-10  0.0000E+00  0.0000E+00
     1  5217     1     1        0  0.0000E+00  0.2088E+02  0.0000E+00  0.0000E+00
     1  5217     1     2        0  0.0000E+00  0.2294E-10  0.0000E+00  0.0000E+00
     1  5218     1     1        0  0.0000E+00  0.8477E+01  0.0000E+00  0.0000E+00
     1  5218     1     2        0  0.0000E+00  0.3547E-11  0.0000E+00  0.0000E+00
     1  5219     1     1        0  0.0000E+00  0.2139E+02  0.0000E+00  0.0000E+00
     1  5219     1     2        0  0.0000E+00  0.2485E-10  0.0000E+00  0.0000E+00
     1  5220     1     1        0  0.0000E+00  0.6991E+02  0.0000E+00  0.0000E+00
     1  5220     1     2        0  0.0000E+00  0.6248E-10  0.0000E+00  0.0000E+00
     1  5221     1     1        0  0.0000E+00  0.1219E+02  0.0000E+00  0.0000E+00
     1  5221     1     2        0  0.0000E+00  0.2314E-10  0.0000E+00  0.0000E+00
     1  5222     1     1        0  0.0000E+00  0.1640E+02  0.0000E+00  0.0000E+00
     1  5222     1     2        0  0.0000E+00  0.2642E-10  0.0000E+00  0.0000E+00
     1  5223     1     1        0  0.0000E+00  0.3739E+02  0.0000E+00  0.0000E+00
     1  5223     1     2        0  0.0000E+00  0.3108E-10  0.0000E+00  0.0000E+00
     1  5224     1     1        0  0.0000E+00  0.5173E+02  0.0000E+00  0.0000E+00
     1  5224     1     2        0  0.0000E+00  0.2791E-10  0.0000E+00  0.0000E+00
     1  5225     1     1        0  0.0000E+00  0.1142E+02  0.0000E+00  0.0000E+00
     1  5225     1     2        0  0.0000E+00  0.2656E-10  0.0000E+00  0.0000E+00
     1  5226     1     1        0  0.0000E+00  0.2117E+01  0.0000E+00  0.0000E+00
     1  5226     1     2        0  0.0000E+00  0.4127E-12  0.0000E+00  0.0000E+00
     1  5227     1     1        0  0.0000E+00  0.1652E+02  0.0000E+00  0.0000E+00
     1  5227     1     2        0  0.0000E+00  0.1663E-10  0.0000E+00  0.0000E+00
     1  5228     1     1        0  0.0000E+00  0.3094E+02  0.0000E+00  0.0000E+00
     1  5228     1     2        0  0.0000E+00  0.2787E-10  0.0000E+00  0.0000E+00
     1  5229     1     1        0  0.0000E+00  0.3571E+02  0.0000E+00  0.0000E+00
     1  5229     1     2        0  0.0000E+00  0.2744E-10  0.0000E+00  0.0000E+00
     1  5230     1     1        0  0.0000E+00  0.9055E+01  0.0000E+00  0.0000E+00
     1  5230     1     2        0  0.0000E+00  0.2351E-10  0.0000E+00  0.0000E+00
     1  5231     1     1        0  0.0000E+00  0.2622E+02  0.0000E+00  0.0000E+00
     1  5231     1     2        0  0.0000E+00  0.1840E-10  0.0000E+00  0.0000E+00
     1  5232     1     1        0  0.0000E+00  0.1000E+03  0.0000E+00  0.0000E+00
     1  5232     1     2        0  0.0000E+00  0.8098E-10  0.0000E+00  0.0000E+00
     1  5233     1     1        0  0.0000E+00  0.7351E+01  0.0000E+00  0.0000E+00
     1  5233     1     2        0  0.0000E+00  0.5618E-12  0.0000E+00  0.0000E+00
     1  5234     1     1        0  0.0000E+00  0.2553E+02  0.0000E+00  0.0000E+00
     1  5234     1     2        0  0.0000E+00  0.2720E-10  0.0000E+00  0.0000E+00
     1  5235     1     1        0  0.0000E+00  0.4891E+02  0.0000E+00  0.0000E+00
     1  5235     1     2        0  0.0000E+00  0.5015E-10  0.0000E+00  0.0000E+00
     1  5236     1     1        0  0.0000E+00  0.5345E+02  0.0000E+00  0.0000E+00
     1  5236     1     2        0  0.0000E+00  0.5864E-10  0.0000E+00  0.0000E+00
     1  5237     1     1        0  0.0000E+00  0.3449E+02  0.0000E+00  0.0000E+00
     1  5237     1     2        0  0.0000E+00  0.3939E-10  0.0000E+00  0.0000E+00
     1  5238     1     1        0  0.0000E+00  0.1142E+01  0.0000E+00  0.0000E+00
     1  5238     1     2        0  0.0000E+00  0.9872E-11  0.0000E+00  0.0000E+00
     1  5239     1     1        0  0.0000E+00  0.1261E+02  0.0000E+00  0.0000E+00
     1  5239     1     2        0  0.0000E+00  0.8876E-11  0.0000E+00  0.0000E+00
     1  5240     1     1        0  0.0000E+00  0.2694E+02  0.0000E+00  0.0000E+00
     1  5240     1     2        0  0.0000E+00  0.2853E-10  0.0000E+00  0.0000E+00
     1  5241     1     1        0  0.0000E+00  0.1000E+03  0.0000E+00  0.0000E+00
     1  5241     1     2        0  0.0000E+00  0.9351E-10  0.0000E+00  0.0000E+00
     1  5242     1     1        0  0.0000E+00  0.4369E+01  0.0000E+00  0.0000E+00
     1  5242     1     2        0  0.0000E+00  0.4152E-11  0.0000E+00  0.0000E+00
     1  5243     1     1        0  0.0000E+00  0.1271E+02  0.0000E+00  0.0000E+00
     1  5243     1     2        0  0.0000E+00  0.1847E-10  0.0000E+00  0.0000E+00
     1  5244     1     1        0  0.0000E+00  0.1054E+02  0.0000E+00  0.0000E+00
     1  5244     1     2        0  0.0000E+00  0.9180E-11  0.0000E+00  0.0000E+00
     1  5245     1     1        0  0.0000E+00  0.5751E+02  0.0000E+00  0.0000E+00
     1  5245     1     2        0  0.0000E+00  0.5646E-10  0.0000E+00  0.0000E+00
     1  5246     1     1        0  0.0000E+00  0.9712E+02  0.0000E+00  0.0000E+00
     1  5246     1     2        0  0.0000E+00  0.5413E-10  0.0000E+00  0.0000E+00
     1  5247     1     1        0  0.0000E+00  0.5114E+01  0.0000E+00  0.0000E+00
     1  5247     1     2        0  0.0000E+00  0.1315E-11  0.0000E+00  0.0000E+00
     1  5248     1     1        0  0.0000E+00  0.1244E+02  0.0000E+00  0.0000E+00
     1  5248     1     2        0  0.0000E+00  0.1136E-10  0.0000E+00  0.0000E+00
     1  5249     1     1        0  0.0000E+00  0.1715E+02  0.0000E+00  0.0000E+00
     1  5249     1     2        0  0.0000E+00  0.1615E-10  0.0000E+00  0.0000E+00
     1  5250     1     1        0  0.0000E+00  0.5214E+01  0.0000E+00  0.0000E+00
     1  5250     1     2        0  0.0000E+00  0.8058E-11  0.0000E+00  0.0000E+00
     1  5251     1     1        0  0.0000E+00  0.1223E+02  0.0000E+00  0.0000E+00
     1  5251     1     2        0  0.0000E+00  0.1048E-10  0.0000E+00  0.0000E+00
     1  5252     1     1        0  0.0000E+00  0.3005E+02  0.0000E+00  0.0000E+00
     1  5252     1     2        0  0.0000E+00  0.1610E-10  0.0000E+00  0.0000E+00
     1  5253     1     1        0  0.0000E+00  0.1000E+03  0.0000E+00  0.0000E+00
     1  5253     1     2        0  0.0000E+00  0.1081E-09  0.0000E+00  0.0000E+00
     1  5254     1     1        0  0.0000E+00  0.1832E+02  0.0000E+00  0.0000E+00
     1  5254     1     2        0  0.0000E+00  0.1939E-10  0.0000E+00  0.0000E+00
     1  5255     1     1        0  0.0000E+00  0.4634E+02  0.0000E+00  0.0000E+00
     1  5255     1     2        0  0.0000E+00  0.5196E-10  0.0000E+00  0.0000E+00
     1  5256     1     1        0  0.0000E+00  0.6609E+02  0.0000E+00  0.0000E+00
     1  5256     1     2        0  0.0000E+00  0.2424E-10  0.0000E+00  0.0000E+00
     1  5257     1     1        0  0.0000E+00  0.6691E+01  0.0000E+00  0.0000E+00
     1  5257     1     2        0  0.0000E+00  0.5779E-11  0.0000E+00  0.0000E+00
     1  5258     1     1        0  0.0000E+00  0.2470E+02  0.0000E+00  0.0000E+00
     1  5258     1     2        0  0.0000E+00  0.3676E-10  0.0000E+00  0.0000E+00
     1  5259     1     1        0  0.0000E+00  0.1137E+02  0.0000E+00  0.0000E+00
     1  5259     1     2        0  0.0000E+00  0.9715E-11  0.0000E+00  0.0000E+00
     1  5260     1     1        0  0.0000E+00  0.1359E+01  0.0000E+00  0.0000E+00
     1  5260     1     2        0  0.0000E+00  0.9720E-11  0.0000E+00  0.0000E+00
     1  5261     1     1        0  0.0000E+00  0.3345E+01  0.0000E+00  0.0000E+00
     1  5261     1     2        0  0.0000E+00  0.8128E-11  0.0000E+00  0.0000E+00
     1  5262     1     1        0  0.0000E+00  0.7713E+01  0.0000E+00  0.0000E+00
     1  5262     1     2        0  0.0000E+00  0.1804E-11  0.0000E+00  0.0000E+00
     1  5263     1     1        0  0.0000E+00  0.1924E+02  0.0000E+00  0.0000E+00
     1  5263     1     2        0  0.0000E+00  0.2343E-10  0.0000E+00  0.0000E+00
     1  5264     1     1        0  0.0000E+00  0.4015E+02  0.0000E+00  0.0000E+00
     1  5264     1     2        0  0.0000E+00  0.3120E-10  0.0000E+00  0.0000E+00
     1  5265     1     1        0  0.0000E+00  0.5326E+02  0.0000E+00  0.0000E+00
     1  5265     1     2        0  0.0000E+00  0.4965E-10  0.0000E+00  0.0000E+00
     1  5266     1     1        0  0.0000E+00  0.1000E+03  0.0000E+00  0.0000E+00
     1  5266     1     2        0  0.0000E+00  0.8456E-10  0.0000E+00  0.0000E+00
     1  5267     1     1        0  0.0000E+00  0.2801E+01  0.0000E+00  0.0000E+00
     1  5267     1     2        0  0.0000E+00  0.5267E-11  0.0000E+00  0.0000E+00
     1  5268     1     1        0  0.0000E+00  0.9405E+01  0.0000E+00  0.0000E+00
     1  5268     1     2        0  0.0000E+00  0.1196E-11  0.0000E+00  0.0000E+00
     1  5269     1     1        0  0.0000E+00  0.2232E+02  0.0000E+00  0.0000E+00
     1  5269     1     2        0  0.0000E+00  0.2502E-10  0.0000E+00  0.0000E+00
     1  5270     1     1        0  0.0000E+00  0.8190E+02  0.0000E+00  0.0000E+00
     1  5270     1     2        0  0.0000E+00  0.8117E-10  0.0000E+00  0.0000E+00
     1  5271     1     1        0  0.0000E+00  0.1287E+02  0.0000E+00  0.0000E+00
     1  5271     1     2        0  0.0000E+00  0.6199E-11  0.0000E+00  0.0000E+00
     1  5272     1     1        0  0.0000E+00  0.8307E+01  0.0000E+00  0.0000E+00
     1  5272     1     2        0  0.0000E+00  0.1389E-10  0.0000E+00  0.0000E+00
     1  5273     1     1        0  0.0000E+00  0.2069E+01  0.0000E+00  0.0000E+00
     1  5273     1     2        0  0.0000E+00  0.5587E-11  0.0000E+00  0.0000E+00
     1  5274     1     1        0  0.0000E+00  0.2596E+02  0.0000E+00  0.0000E+00
     1  5274     1     2        0  0.0000E+00  0.2389E-10  0.0000E+00  0.0000E+00
     1  5275     1     1        0  0.0000E+00  0.1000E+03  0.0000E+00  0.0000E+00
     1  5275     1     2        0  0.0000E+00  0.9756E-10  0.0000E+00  0.0000E+00
     1  5276     1     1        0  0.0000E+00  0.1418E+02  0.0000E+00  0.0000E+00
     1  5276     1     2        0  0.0000E+00  0.1166E-10  0.0000E+00  0.0000E+00
     1  5277     1     1        0  0.0000E+00  0.1280E+01  0.0000E+00  0.0000E+00
     1  5277     1     2        0  0.0000E+00  0.2136E-11  0.0000E+00  0.0000E+00
     1  5278     1     1        0  0.0000E+00  0.6671E+01  0.0000E+00  0.0000E+00
     1  5278     1     2        0  0.0000E+00  0.4054E-11  0.0000E+00  0.0000E+00
     1  5279     1     1        0  0.0000E+00  0.1734E+02  0.0000E+00  0.0000E+00
     1  5279     1     2        0  0.0000E+00  0.2177E-10  0.0000E+00  0.0000E+00
     1  5280     1     1        0  0.0000E+00  0.4041E+02  0.0000E+00  0.0000E+00
     1  5280     1     2        0  0.0000E+00  0.4055E-10  0.0000E+00  0.0000E+00
     1  5281     1     1        0  0.0000E+00  0.7772E+02  0.0000E+00  0.0000E+00
     1  5281     1     2        0  0.0000E+00  0.8518E-10  0.0000E+00  0.0000E+00
     1  5282     1     1        0  0.0000E+00  0.1604E+02  0.0000E+00  0.0000E+00
     1  5282     1     2        0  0.0000E+00  0.5488E-11  0.0000E+00  0.0000E+00
     1  5283     1     1        0  0.0000E+00  0.6254E+00  0.0000E+00  0.0000E+00
     1  5283     1     2        0  0.0000E+00  0.9919E-12  0.0000E+00  0.0000E+00
     1  5284     1     1        0  0.0000E+00  0.3433E+01  0.0000E+00  0.0000E+00
     1  5284     1     2        0  0.0000E+00  0.4945E-11  0.0000E+00  0.0000E+00
     1  5285     1     1        0  0.0000E+00  0.6010E+01  0.0000E+00  0.0000E+00
     1  5285     1     2        0  0.0000E+00  0.3454E-11  0.0000E+00  0.0000E+00
     1  5286     1     1        0  0.0000E+00  0.1994E+02  0.0000E+00  0.0000E+00
     1  5286     1     2        0  0.0000E+00  0.1452E-10  0.0000E+00  0.0000E+00
     1  5287     1     1        0  0.0000E+00  0.4310E+02  0.0000E+00  0.0000E+00
     1  5287     1     2        0  0.0000E+00  0.4291E-10  0.0000E+00  0.0000E+00
     1  5288     1     1        0  0.0000E+00  0.1076E+02  0.0000E+00  0.0000E+00
     1  5288     1     2        0  0.0000E+00  0.1070E-10  0.0000E+00  0.0000E+00
     1  5289     1     1        0  0.0000E+00  0.2657E+01  0.0000E+00  0.0000E+00
     1  5289     1     2        0  0.0000E+00  0.8931E-11  0.0000E+00  0.0000E+00
     1  5290     1     1        0  0.0000E+00  0.1043E+02  0.0000E+00  0.0000E+00
     1  5290     1     2        0  0.0000E+00  0.3066E-11  0.0000E+00  0.0000E+00
     1  5291     1     1        0  0.0000E+00  0.8660E+01  0.0000E+00  0.0000E+00
     1  5291     1     2        0  0.0000E+00  0.3337E-12  0.0000E+00  0.0000E+00
     1  5292     1     1        0  0.0000E+00  0.8906E+01  0.0000E+00  0.0000E+00
     1  5292     1     2        0  0.0000E+00  0.5496E-11  0.0000E+00  0.0000E+00
     1  5293     1     1        0  0.0000E+00  0.3253E+01  0.0000E+00  0.0000E+00
     1  5293     1     2        0  0.0000E+00  0.2182E-11  0.0000E+00  0.0000E+00
     1  5294     1     1        0  0.0000E+00  0.9638E+00  0.0000E+00  0.0000E+00
     1  5294     1     2        0  0.0000E+00  0.6342E-11  0.0000E+00  0.0000E+00
     1  5295     1     1        0  0.0000E+00  0.4699E+01  0.0000E+00  0.0000E+00
     1  5295     1     2        0  0.0000E+00  0.1023E-11  0.0000E+00  0.0000E+00
     1  5296     1     1        0  0.0000E+00  0.1604E+02  0.0000E+00  0.0000E+00
     1  5296     1     2        0  0.0000E+00  0.1284E-10  0.0000E+00  0.0000E+00
     1  5297     1     1        0  0.0000E+00  0.5215E+02  0.0000E+00  0.0000E+00
     1  5297     1     2        0  0.0000E+00  0.4912E-10  0.0000E+00  0.0000E+00
     1  5298     1     1        0  0.0000E+00  0.1606E+02  0.0000E+00  0.0000E+00
     1  5298     1     2        0  0.0000E+00  0.1268E-10  0.0000E+00  0.0000E+00
     1  5299     1     1        0  0.0000E+00  0.1430E+02  0.0000E+00  0.0000E+00
     1  5299     1     2        0  0.0000E+00  0.1988E-10  0.0000E+00  0.0000E+00
     1  5300     1     1        0  0.0000E+00  0.2152E+02  0.0000E+00  0.0000E+00
     1  5300     1     2        0  0.0000E+00  0.2366E-10  0.0000E+00  0.0000E+00
     1  5301     1     1        0  0.0000E+00  0.1000E+03  0.0000E+00  0.0000E+00
     1  5301     1     2        0  0.0000E+00  0.8818E-10  0.0000E+00  0.0000E+00
     1  5302     1     1        0  0.0000E+00  0.7307E+01  0.0000E+00  0.0000E+00
     1  5302     1     2        0  0.0000E+00  0.8683E-11  0.0000E+00  0.0000E+00
     1  5303     1     1        0  0.0000E+00  0.3198E+02  0.0000E+00  0.0000E+00
     1  5303     1     2        0  0.0000E+00  0.2861E-10  0.0000E+00  0.0000E+00
     1  5304     1     1        0  0.0000E+00  0.1000E+03  0.0000E+00  0.0000E+00
     1  5304     1     2        0  0.0000E+00  0.1294E-09  0.0000E+00  0.0000E+00
     1  5305     1     1        0  0.0000E+00  0.1196E+02  0.0000E+00  0.0000E+00
     1  5305     1     2        0  0.0000E+00  0.2350E-11  0.0000E+00  0.0000E+00
     1  5306     1     1        0  0.0000E+00  0.9333E+01  0.0000E+00  0.0000E+00
     1  5306     1     2        0  0.0000E+00  0.2212E-10  0.0000E+00  0.0000E+00
     1  5307     1     1        0  0.0000E+00  0.4952E+02  0.0000E+00  0.0000E+00
     1  5307     1     2        0  0.0000E+00  0.4671E-10  0.0000E+00  0.0000E+00
     1  5308     1     1        0  0.0000E+00  0.3953E+02  0.0000E+00  0.0000E+00
     1  5308     1     2        0  0.0000E+00  0.3261E-10  0.0000E+00  0.0000E+00
     1  5309     1     1        0  0.0000E+00  0.1093E+02  0.0000E+00  0.0000E+00
     1  5309     1     2        0  0.0000E+00  0.9390E-11  0.0000E+00  0.0000E+00
     1  5310     1     1        0  0.0000E+00  0.2326E+02  0.0000E+00  0.0000E+00
     1  5310     1     2        0  0.0000E+00  0.2012E-10  0.0000E+00  0.0000E+00
     1  5311     1     1        0  0.0000E+00  0.1000E+03  0.0000E+00  0.0000E+00
     1  5311     1     2        0  0.0000E+00  0.9883E-10  0.0000E+00  0.0000E+00
     1  5312     1     1        0  0.0000E+00  0.3518E+02  0.0000E+00  0.0000E+00
     1  5312     1     2        0  0.0000E+00  0.2609E-10  0.0000E+00  0.0000E+00
     1  5313     1     1        0  0.0000E+00  0.4814E+00  0.0000E+00  0.0000E+00
     1  5313     1     2        0  0.0000E+00  0.9416E-11  0.0000E+00  0.0000E+00
     1  5314     1     1        0  0.0000E+00  0.1602E+02  0.0000E+00  0.0000E+00
     1  5314     1     2        0  0.0000E+00  0.9425E-11  0.0000E+00  0.0000E+00
     1  5315     1     1        0  0.0000E+00  0.3633E+02  0.0000E+00  0.0000E+00
     1  5315     1     2        0  0.0000E+00  0.3156E-10  0.0000E+00  0.0000E+00
     1  5316     1     1        0  0.0000E+00  0.3285E+02  0.0000E+00  0.0000E+00
     1  5316     1     2        0  0.0000E+00  0.1637E-10  0.0000E+00  0.0000E+00
     1  5317     1     1        0  0.0000E+00  0.8439E+01  0.0000E+00  0.0000E+00
     1  5317     1     2        0  0.0000E+00  0.7682E-11  0.0000E+00  0.0000E+00
     1  5318     1     1        0  0.0000E+00  0.1407E+02  0.0000E+00  0.0000E+00
     1  5318     1     2        0  0.0000E+00  0.1591E-10  0.0000E+00  0.0000E+00
     1  5319     1     1        0  0.0000E+00  0.4783E+02  0.0000E+00  0.0000E+00
     1  5319     1     2        0  0.0000E+00  0.4950E-10  0.0000E+00  0.0000E+00
     1  5320     1     1        0  0.0000E+00  0.8352E+02  0.0000E+00  0.0000E+00
     1  5320     1     2        0  0.0000E+00  0.6716E-10  0.0000E+00  0.0000E+00
     1  5321     1     1        0  0.0000E+00  0.6095E+01  0.0000E+00  0.0000E+00
     1  5321     1     2        0  0.0000E+00  0.5490E-11  0.0000E+00  0.0000E+00
     1  5322     1     1        0  0.0000E+00  0.2921E+01  0.0000E+00  0.0000E+00
     1  5322     1     2        0  0.0000E+00  0.1449E-10  0.0000E+00  0.0000E+00
     1  5323     1     1        0  0.0000E+00  0.3576E+01  0.0000E+00  0.0000E+00
     1  5323     1     2        0  0.0000E+00  0.8232E-11  0.0000E+00  0.0000E+00
     1  5324     1     1        0  0.0000E+00  0.1250E+02  0.0000E+00  0.0000E+00
     1  5324     1     2        0  0.0000E+00  0.4951E-11  0.0000E+00  0.0000E+00
     1  5325     1     1        0  0.0000E+00  0.2161E+02  0.0000E+00  0.0000E+00
     1  5325     1     2        0  0.0000E+00  0.1269E-10  0.0000E+00  0.0000E+00
     1  5326     1     1        0  0.0000E+00  0.1000E+03  0.0000E+00  0.0000E+00
     1  5326     1     2        0  0.0000E+00  0.9516E-10  0.0000E+00  0.0000E+00
     1  5327     1     1        0  0.0000E+00  0.1160E+02  0.0000E+00  0.0000E+00
     1  5327     1     2        0  0.0000E+00  0.1911E-10  0.0000E+00  0.0000E+00
     1  5328     1     1        0  0.0000E+00  0.2436E+02  0.0000E+00  0.0000E+00
     1  5328     1     2        0  0.0000E+00  0.2433E-10  0.0000E+00  0.0000E+00
     1  5329     1     1        0  0.0000E+00  0.1000E+03  0.0000E+00  0.0000E+00
     1  5329     1     2        0  0.0000E+00  0.8633E-10  0.0000E+00  0.0000E+00
     1  5330     1     1        0  0.0000E+00  0.1711E+02  0.0000E+00  0.0000E+00
     1  5330     1     2        0  0.0000E+00  0.8143E-11  0.0000E+00  0.0000E+00
     1  5331     1     1        0  0.0000E+00  0.1520E+01  0.0000E+00  0.0000E+00
     1  5331     1     2        0  0.0000E+00  0.4263E-11  0.0000E+00  0.0000E+00
     1  5332     1     1        0  0.0000E+00  0.1264E+02  0.0000E+00  0.0000E+00
     1  5332     1     2        0  0.0000E+00  0.9558E-11  0.0000E+00  0.0000E+00
     1  5333     1     1        0  0.0000E+00  0.2617E+02  0.0000E+00  0.0000E+00
     1  5333     1     2        0  0.0000E+00  0.1880E-10  0.0000E+00  0.0000E+00
     1  5334     1     1        0  0.0000E+00  0.1000E+03  0.0000E+00  0.0000E+00
     1  5334     1     2        0  0.0000E+00  0.9900E-10  0.0000E+00  0.0000E+00
     1  5335     1     1        0  0.0000E+00  0.1280E+02  0.0000E+00  0.0000E+00
     1  5335     1     2        0  0.0000E+00  0.1617E-11  0.0000E+00  0.0000E+00
     1  5336     1     1        0  0.0000E+00  0.1262E+02  0.0000E+00  0.0000E+00
     1  5336     1     2        0  0.0000E+00  0.1284E-10  0.0000E+00  0.0000E+00
     1  5337     1     1        0  0.0000E+00  0.4091E+02  0.0000E+00  0.0000E+00
     1  5337     1     2        0  0.0000E+00  0.3968E-10  0.0000E+00  0.0000E+00
     1  5338     1     1        0  0.0000E+00  0.3996E+02  0.0000E+00  0.0000E+00
     1  5338     1     2        0  0.0000E+00  0.6133E-10  0.0000E+00  0.0000E+00
     1  5339     1     1        0  0.0000E+00  0.7026E+01  0.0000E+00  0.0000E+00
     1  5339     1     2        0  0.0000E+00  0.9182E-11  0.0000E+00  0.0000E+00
     1  5340     1     1        0  0.0000E+00  0.9010E+01  0.0000E+00  0.0000E+00
     1  5340     1     2        0  0.0000E+00  0.2024E-11  0.0000E+00  0.0000E+00
     1  5341     1     1        0  0.0000E+00  0.3195E+02  0.0000E+00  0.0000E+00
     1  5341     1     2        0  0.0000E+00  0.3729E-10  0.0000E+00  0.0000E+00
     1  5342     1     1        0  0.0000E+00  0.1000E+03  0.0000E+00  0.0000E+00
     1  5342     1     2        0  0.0000E+00  0.7467E-10  0.0000E+00  0.0000E+00
     1  5343     1     1        0  0.0000E+00  0.1192E+02  0.0000E+00  0.0000E+00
     1  5343     1     2        0  0.0000E+00  0.1108E-10  0.0000E+00  0.0000E+00
     1  5344     1     1        0  0.0000E+00  0.2734E+02  0.0000E+00  0.0000E+00
     1  5344     1     2        0  0.0000E+00  0.2339E-10  0.0000E+00  0.0000E+00
     1  5345     1     1        0  0.0000E+00  0.1000E+03  0.0000E+00  0.0000E+00
     1  5345     1     2        0  0.0000E+00  0.5791E-10  0.0000E+00  0.0000E+00
     1  5346     1     1        0  0.0000E+00  0.2698E+02  0.0000E+00  0.0000E+00
     1  5346     1     2        0  0.0000E+00  0.2504E-10  0.0000E+00  0.0000E+00
     1  5347     1     1        0  0.0000E+00  0.5897E+01  0.0000E+00  0.0000E+00
     1  5347     1     2        0  0.0000E+00  0.2664E-10  0.0000E+00  0.0000E+00
     1  5348     1     1        0  0.0000E+00  0.2469E+02  0.0000E+00  0.0000E+00
     1  5348     1     2        0  0.0000E+00  0.2444E-10  0.0000E+00  0.0000E+00
     1  5349     1     1        0  0.0000E+00  0.5911E+02  0.0000E+00  0.0000E+00
     1  5349     1     2        0  0.0000E+00  0.5699E-10  0.0000E+00  0.0000E+00
     1  5350     1     1        0  0.0000E+00  0.2806E+02  0.0000E+00  0.0000E+00
     1  5350     1     2        0  0.0000E+00  0.3085E-10  0.0000E+00  0.0000E+00
     1  5351     1     1        0  0.0000E+00  0.3936E+01  0.0000E+00  0.0000E+00
     1  5351     1     2        0  0.0000E+00  0.6918E-11  0.0000E+00  0.0000E+00
     1  5352     1     1        0  0.0000E+00  0.7285E+01  0.0000E+00  0.0000E+00
     1  5352     1     2        0  0.0000E+00  0.2854E-11  0.0000E+00  0.0000E+00
     1  5353     1     1        0  0.0000E+00  0.7193E+01  0.0000E+00  0.0000E+00
     1  5353     1     2        0  0.0000E+00  0.8958E-12  0.0000E+00  0.0000E+00
     1  5354     1     1        0  0.0000E+00  0.2960E+01  0.0000E+00  0.0000E+00
     1  5354     1     2        0  0.0000E+00  0.9178E-12  0.0000E+00  0.0000E+00
     1  5355     1     1        0  0.0000E+00  0.1771E+02  0.0000E+00  0.0000E+00
     1  5355     1     2        0  0.0000E+00  0.1407E-10  0.0000E+00  0.0000E+00
     1  5356     1     1        0  0.0000E+00  0.3076E+02  0.0000E+00  0.0000E+00
     1  5356     1     2        0  0.0000E+00  0.3217E-10  0.0000E+00  0.0000E+00
     1  5357     1     1        0  0.0000E+00  0.6073E+02  0.0000E+00  0.0000E+00
     1  5357     1     2        0  0.0000E+00  0.7283E-10  0.0000E+00  0.0000E+00
     1  5358     1     1        0  0.0000E+00  0.1203E+02  0.0000E+00  0.0000E+00
     1  5358     1     2        0  0.0000E+00  0.1038E-10  0.0000E+00  0.0000E+00
     1  5359     1     1        0  0.0000E+00  0.1510E+02  0.0000E+00  0.0000E+00
     1  5359     1     2        0  0.0000E+00  0.8490E-11  0.0000E+00  0.0000E+00
     1  5360     1     1        0  0.0000E+00  0.3682E+02  0.0000E+00  0.0000E+00
     1  5360     1     2        0  0.0000E+00  0.3321E-10  0.0000E+00  0.0000E+00
     1  5361     1     1        0  0.0000E+00  0.5405E+02  0.0000E+00  0.0000E+00
     1  5361     1     2        0  0.0000E+00  0.3137E-10  0.0000E+00  0.0000E+00
     1  5362     1     1        0  0.0000E+00  0.1449E+02  0.0000E+00  0.0000E+00
     1  5362     1     2        0  0.0000E+00  0.2428E-10  0.0000E+00  0.0000E+00
     1  5363     1     1        0  0.0000E+00  0.4195E+01  0.0000E+00  0.0000E+00
     1  5363     1     2        0  0.0000E+00  0.2736E-11  0.0000E+00  0.0000E+00
     1  5364     1     1        0  0.0000E+00  0.1760E+02  0.0000E+00  0.0000E+00
     1  5364     1     2        0  0.0000E+00  0.8783E-11  0.0000E+00  0.0000E+00
     1  5365     1     1        0  0.0000E+00  0.1838E+02  0.0000E+00  0.0000E+00
     1  5365     1     2        0  0.0000E+00  0.1781E-10  0.0000E+00  0.0000E+00
     1  5366     1     1        0  0.0000E+00  0.1000E+03  0.0000E+00  0.0000E+00
     1  5366     1     2        0  0.0000E+00  0.8578E-10  0.0000E+00  0.0000E+00
     1  5367     1     1        0  0.0000E+00  0.9448E+02  0.0000E+00  0.0000E+00
     1  5367     1     2        0  0.0000E+00  0.1041E-09  0.0000E+00  0.0000E+00
     1  5368     1     1        0  0.0000E+00  0.8531E+01  0.0000E+00  0.0000E+00
     1  5368     1     2        0  0.0000E+00  0.1788E-11  0.0000E+00  0.0000E+00
     1  5369     1     1        0  0.0000E+00  0.1624E+01  0.0000E+00  0.0000E+00
     1  5369     1     2        0  0.0000E+00  0.1250E-10  0.0000E+00  0.0000E+00
     1  5370     1     1        0  0.0000E+00  0.4182E+01  0.0000E+00  0.0000E+00
     1  5370     1     2        0  0.0000E+00  0.6639E-11  0.0000E+00  0.0000E+00
     1  5371     1     1        0  0.0000E+00  0.2159E+02  0.0000E+00  0.0000E+00
     1  5371     1     2        0  0.0000E+00  0.2222E-10  0.0000E+00  0.0000E+00
     1  5372     1     1        0  0.0000E+00  0.7178E+02  0.0000E+00  0.0000E+00
     1  5372     1     2        0  0.0000E+00  0.6460E-10  0.0000E+00  0.0000E+00
     1  5373     1     1        0  0.0000E+00  0.9626E+01  0.0000E+00  0.0000E+00
     1  5373     1     2        0  0.0000E+00  0.1310E-10  0.0000E+00  0.0000E+00
     1  5374     1     1        0  0.0000E+00  0.9052E+01  0.0000E+00  0.0000E+00
     1  5374     1     2        0  0.0000E+00  0.1006E-10  0.0000E+00  0.0000E+00
     1  5375     1     1        0  0.0000E+00  0.2106E+02  0.0000E+00  0.0000E+00
     1  5375     1     2        0  0.0000E+00  0.2025E-10  0.0000E+00  0.0000E+00
     1  5376     1     1        0  0.0000E+00  0.6658E+02  0.0000E+00  0.0000E+00
     1  5376     1     2        0  0.0000E+00  0.5991E-10  0.0000E+00  0.0000E+00
     1  5377     1     1        0  0.0000E+00  0.1904E+02  0.0000E+00  0.0000E+00
     1  5377     1     2        0  0.0000E+00  0.2698E-10  0.0000E+00  0.0000E+00
     1  5378     1     1        0  0.0000E+00  0.9323E+00  0.0000E+00  0.0000E+00
     1  5378     1     2        0  0.0000E+00  0.3585E-11  0.0000E+00  0.0000E+00
     1  5379     1     1        0  0.0000E+00  0.1394E+02  0.0000E+00  0.0000E+00
     1  5379     1     2        0  0.0000E+00  0.7166E-11  0.0000E+00  0.0000E+00
     1  5380     1     1        0  0.0000E+00  0.2427E+02  0.0000E+00  0.0000E+00
     1  5380     1     2        0  0.0000E+00  0.1426E-10  0.0000E+00  0.0000E+00
     1  5381     1     1        0  0.0000E+00  0.1000E+03  0.0000E+00  0.0000E+00
     1  5381     1     2        0  0.0000E+00  0.1129E-09  0.0000E+00  0.0000E+00
     1  5382     1     1        0  0.0000E+00  0.1493E+02  0.0000E+00  0.0000E+00
     1  5382     1     2        0  0.0000E+00  0.1385E-10  0.0000E+00  0.0000E+00
     1  5383     1     1        0  0.0000E+00  0.2344E+02  0.0000E+00  0.0000E+00
     1  5383     1     2        0  0.0000E+00  0.1920E-10  0.0000E+00  0.0000E+00
     1  5384     1     1        0  0.0000E+00  0.1000E+03  0.0000E+00  0.0000E+00
     1  5384     1     2        0  0.0000E+00  0.9729E-10  0.0000E+00  0.0000E+00
     1  5385     1     1        0  0.0000E+00  0.1748E+02  0.0000E+00  0.0000E+00
     1  5385     1     2        0  0.0000E+00  0.1377E-10  0.0000E+00  0.0000E+00
     1  5386     1     1        0  0.0000E+00  0.1941E+02  0.0000E+00  0.0000E+00
     1  5386     1     2        0  0.0000E+00  0.1004E-10  0.0000E+00  0.0000E+00
     1  5387     1     1        0  0.0000E+00  0.3759E+02  0.0000E+00  0.0000E+00
     1  5387     1     2        0  0.0000E+00  0.3217E-10  0.0000E+00  0.0000E+00
     1  5388     1     1        0  0.0000E+00  0.1519E+02  0.0000E+00  0.0000E+00
     1  5388     1     2        0  0.0000E+00  0.8128E-11  0.0000E+00  0.0000E+00
     1  5389     1     1        0  0.0000E+00  0.9227E+01  0.0000E+00  0.0000E+00
     1  5389     1     2        0  0.0000E+00  0.6686E-11  0.0000E+00  0.0000E+00
     1  5390     1     1        0  0.0000E+00  0.6563E+01  0.0000E+00  0.0000E+00
     1  5390     1     2        0  0.0000E+00  0.1281E-11  0.0000E+00  0.0000E+00
     1  5391     1     1        0  0.0000E+00  0.1630E+02  0.0000E+00  0.0000E+00
     1  5391     1     2        0  0.0000E+00  0.7798E-11  0.0000E+00  0.0000E+00
     1  5392     1     1        0  0.0000E+00  0.1181E+02  0.0000E+00  0.0000E+00
     1  5392     1     2        0  0.0000E+00  0.1352E-10  0.0000E+00  0.0000E+00
     1  5393     1     1        0  0.0000E+00  0.1000E+03  0.0000E+00  0.0000E+00
     1  5393     1     2        0  0.0000E+00  0.9304E-10  0.0000E+00  0.0000E+00
     1  5394     1     1        0  0.0000E+00  0.1590E+02  0.0000E+00  0.0000E+00
     1  5394     1     2        0  0.0000E+00  0.1268E-10  0.0000E+00  0.0000E+00
     1  5395     1     1        0  0.0000E+00  0.3703E+02  0.0000E+00  0.0000E+00
     1  5395     1     2        0  0.0000E+00  0.3522E-10  0.0000E+00  0.0000E+00
     1  5396     1     1        0  0.0000E+00  0.1000E+03  0.0000E+00  0.0000E+00
     1  5396     1     2        0  0.0000E+00  0.1066E-09  0.0000E+00  0.0000E+00
     1  5397     1     1        0  0.0000E+00  0.4411E+01  0.0000E+00  0.0000E+00
     1  5397     1     2        0  0.0000E+00  0.1222E-10  0.0000E+00  0.0000E+00
     1  5398     1     1        0  0.0000E+00  0.5021E+01  0.0000E+00  0.0000E+00
     1  5398     1     2        0  0.0000E+00  0.1328E-11  0.0000E+00  0.0000E+00
     1  5399     1     1        0  0.0000E+00  0.2032E+02  0.0000E+00  0.0000E+00
     1  5399     1     2        0  0.0000E+00  0.1350E-10  0.0000E+00  0.0000E+00
     1  5400     1     1        0  0.0000E+00  0.2763E+02  0.0000E+00  0.0000E+00
     1  5400     1     2        0  0.0000E+00  0.2031E-10  0.0000E+00  0.0000E+00
     1  5401     1     1        0  0.0000E+00  0.5041E+02  0.0000E+00  0.0000E+00
     1  5401     1     2        0  0.0000E+00  0.4041E-10  0.0000E+00  0.0000E+00
     1  5402     1     1        0  0.0000E+00  0.1000E+03  0.0000E+00  0.0000E+00
     1  5402     1     2        0  0.0000E+00  0.1430E-09  0.0000E+00  0.0000E+00
     1  5403     1     1        0  0.0000E+00  0.9946E+02  0.0000E+00  0.0000E+00
     1  5403     1     2        0  0.0000E+00  0.1052E-09  0.0000E+00  0.0000E+00
     1  5404     1     1        0  0.0000E+00  0.2966E+02  0.0000E+00  0.0000E+00
     1  5404     1     2        0  0.0000E+00  0.1961E-10  0.0000E+00  0.0000E+00
     1  5405     1     1        0  0.0000E+00  0.1061E+02  0.0000E+00  0.0000E+00
     1  5405     1     2        0  0.0000E+00  0.1014E-10  0.0000E+00  0.0000E+00
     1  5406     1     1        0  0.0000E+00  0.2202E+02  0.0000E+00  0.0000E+00
     1  5406     1     2        0  0.0000E+00  0.1835E-10  0.0000E+00  0.0000E+00
     1  5407     1     1        0  0.0000E+00  0.5116E+02  0.0000E+00  0.0000E+00
     1  5407     1     2        0  0.0000E+00  0.5016E-10  0.0000E+00  0.0000E+00
     1  5408     1     1        0  0.0000E+00  0.2659E+02  0.0000E+00  0.0000E+00
     1  5408     1     2        0  0.0000E+00  0.1459E-10  0.0000E+00  0.0000E+00
     1  5409     1     1        0  0.0000E+00  0.4730E+01  0.0000E+00  0.0000E+00
     1  5409     1     2        0  0.0000E+00  0.9821E-11  0.0000E+00  0.0000E+00
     1  5410     1     1        0  0.0000E+00  0.1956E+02  0.0000E+00  0.0000E+00
     1  5410     1     2        0  0.0000E+00  0.9640E-11  0.0000E+00  0.0000E+00
     1  5411     1     1        0  0.0000E+00  0.1983E+02  0.0000E+00  0.0000E+00
     1  5411     1     2        0  0.0000E+00  0.1958E-10  0.0000E+00  0.0000E+00
     1  5412     1     1        0  0.0000E+00  0.1000E+03  0.0000E+00  0.0000E+00
     1  5412     1     2        0  0.0000E+00  0.1431E-09  0.0000E+00  0.0000E+00
     1  5413     1     1        0  0.0000E+00  0.6370E+01  0.0000E+00  0.0000E+00
     1  5413     1     2        0  0.0000E+00  0.7456E-11  0.0000E+00  0.0000E+00
     1  5414     1     1        0  0.0000E+00  0.3686E+02  0.0000E+00  0.0000E+00
     1  5414     1     2        0  0.0000E+00  0.3333E-10  0.0000E+00  0.0000E+00
     1  5415     1     1        0  0.0000E+00  0.1000E+03  0.0000E+00  0.0000E+00
     1  5415     1     2        0  0.0000E+00  0.9621E-10  0.0000E+00  0.0000E+00
     1  5416     1     1        0  0.0000E+00  0.8209E+01  0.0000E+00  0.0000E+00
     1  5416     1     2        0  0.0000E+00  0.6328E-12  0.0000E+00  0.0000E+00
     1  5417     1     1        0  0.0000E+00  0.2949E+01  0.0000E+00  0.0000E+00
     1  5417     1     2        0  0.0000E+00  0.8047E-12  0.0000E+00  0.0000E+00
     1  5418     1     1        0  0.0000E+00  0.2722E+01  0.0000E+00  0.0000E+00
     1  5418     1     2        0  0.0000E+00  0.1070E-11  0.0000E+00  0.0000E+00
     1  5419     1     1        0  0.0000E+00  0.1111E+02  0.0000E+00  0.0000E+00
     1  5419     1     2        0  0.0000E+00  0.1671E-10  0.0000E+00  0.0000E+00
     1  5420     1     1        0  0.0000E+00  0.1427E+02  0.0000E+00  0.0000E+00
     1  5420     1     2        0  0.0000E+00  0.3352E-11  0.0000E+00  0.0000E+00
     1  5421     1     1        0  0.0000E+00  0.3483E+02  0.0000E+00  0.0000E+00
     1  5421     1     2        0  0.0000E+00  0.3579E-10  0.0000E+00  0.0000E+00
     1  5422     1     1        0  0.0000E+00  0.8274E+02  0.0000E+00  0.0000E+00
     1  5422     1     2        0  0.0000E+00  0.9682E-10  0.0000E+00  0.0000E+00
     1  5423     1     1        0  0.0000E+00  0.1709E+02  0.0000E+00  0.0000E+00
     1  5423     1     2        0  0.0000E+00  0.2341E-10  0.0000E+00  0.0000E+00
     1  5424     1     1        0  0.0000E+00  0.7079E+02  0.0000E+00  0.0000E+00
     1  5424     1     2        0  0.0000E+00  0.6481E-10  0.0000E+00  0.0000E+00
     1  5425     1     1        0  0.0000E+00  0.3213E+02  0.0000E+00  0.0000E+00
     1  5425     1     2        0  0.0000E+00  0.4365E-10  0.0000E+00  0.0000E+00
     1  5426     1     1        0  0.0000E+00  0.2077E+01  0.0000E+00  0.0000E+00
     1  5426     1     2        0  0.0000E+00  0.8285E-11  0.0000E+00  0.0000E+00
     1  5427     1     1        0  0.0000E+00  0.6330E+01  0.0000E+00  0.0000E+00
     1  5427     1     2        0  0.0000E+00  0.1606E-10  0.0000E+00  0.0000E+00
     1  5428     1     1        0  0.0000E+00  0.2203E+02  0.0000E+00  0.0000E+00
     1  5428     1     2        0  0.0000E+00  0.1985E-10  0.0000E+00  0.0000E+00
     1  5429     1     1        0  0.0000E+00  0.7672E+02  0.0000E+00  0.0000E+00
     1  5429     1     2        0  0.0000E+00  0.6262E-10  0.0000E+00  0.0000E+00
     1  5430     1     1        0  0.0000E+00  0.2080E+02  0.0000E+00  0.0000E+00
     1  5430     1     2        0  0.0000E+00  0.2443E-10  0.0000E+00  0.0000E+00
     1  5431     1     1        0  0.0000E+00  0.1066E+01  0.0000E+00  0.0000E+00
     1  5431     1     2        0  0.0000E+00  0.7328E-11  0.0000E+00  0.0000E+00
     1  5432     1     1        0  0.0000E+00  0.1366E+02  0.0000E+00  0.0000E+00
     1  5432     1     2        0  0.0000E+00  0.1303E-10  0.0000E+00  0.0000E+00
     1  5433     1     1        0  0.0000E+00  0.2603E+02  0.0000E+00  0.0000E+00
     1  5433     1     2        0  0.0000E+00  0.2261E-10  0.0000E+00  0.0000E+00
     1  5434     1     1        0  0.0000E+00  0.1000E+03  0.0000E+00  0.0000E+00
     1  5434     1     2        0  0.0000E+00  0.9448E-10  0.0000E+00  0.0000E+00
     1  5435     1     1        0  0.0000E+00  0.3201E+01  0.0000E+00  0.0000E+00
     1  5435     1     2        0  0.0000E+00  0.5983E-11  0.0000E+00  0.0000E+00
     1  5436     1     1        0  0.0000E+00  0.1458E+02  0.0000E+00  0.0000E+00
     1  5436     1     2        0  0.0000E+00  0.1464E-10  0.0000E+00  0.0000E+00
     1  5437     1     1        0  0.0000E+00  0.3171E+02  0.0000E+00  0.0000E+00
     1  5437     1     2        0  0.0000E+00  0.2791E-10  0.0000E+00  0.0000E+00
     1  5438     1     1        0  0.0000E+00  0.1000E+03  0.0000E+00  0.0000E+00
     1  5438     1     2        0  0.0000E+00  0.8668E-10  0.0000E+00  0.0000E+00
     1  5439     1     1        0  0.0000E+00  0.1782E+01  0.0000E+00  0.0000E+00
     1  5439     1     2        0  0.0000E+00  0.4534E-11  0.0000E+00  0.0000E+00
     1  5440     1     1        0  0.0000E+00  0.2203E+02  0.0000E+00  0.0000E+00
     1  5440     1     2        0  0.0000E+00  0.1978E-10  0.0000E+00  0.0000E+00
     1  5441     1     1        0  0.0000E+00  0.7688E+02  0.0000E+00  0.0000E+00
     1  5441     1     2        0  0.0000E+00  0.7040E-10  0.0000E+00  0.0000E+00
     1  5442     1     1        0  0.0000E+00  0.1957E+02  0.0000E+00  0.0000E+00
     1  5442     1     2        0  0.0000E+00  0.2900E-10  0.0000E+00  0.0000E+00
     1  5443     1     1        0  0.0000E+00  0.3869E+01  0.0000E+00  0.0000E+00
     1  5443     1     2        0  0.0000E+00  0.1363E-10  0.0000E+00  0.0000E+00
     1  5444     1     1        0  0.0000E+00  0.1346E+02  0.0000E+00  0.0000E+00
     1  5444     1     2        0  0.0000E+00  0.6326E-11  0.0000E+00  0.0000E+00
     1  5445     1     1        0  0.0000E+00  0.3025E+02  0.0000E+00  0.0000E+00
     1  5445     1     2        0  0.0000E+00  0.3478E-10  0.0000E+00  0.0000E+00
     1  5446     1     1        0  0.0000E+00  0.1000E+03  0.0000E+00  0.0000E+00
     1  5446     1     2        0  0.0000E+00  0.9011E-10  0.0000E+00  0.0000E+00
     1  5447     1     1        0  0.0000E+00  0.3106E+01  0.0000E+00  0.0000E+00
     1  5447     1     2        0  0.0000E+00  0.3989E-11  0.0000E+00  0.0000E+00
     1  5448     1     1        0  0.0000E+00  0.3102E+02  0.0000E+00  0.0000E+00
     1  5448     1     2        0  0.0000E+00  0.3825E-10  0.0000E+00  0.0000E+00
     1  5449     1     1        0  0.0000E+00  0.1000E+03  0.0000E+00  0.0000E+00
     1  5449     1     2        0  0.0000E+00  0.8745E-10  0.0000E+00  0.0000E+00
     1  5450     1     1        0  0.0000E+00  0.5282E+01  0.0000E+00  0.0000E+00
     1  5450     1     2        0  0.0000E+00  0.2487E-10  0.0000E+00  0.0000E+00
     1  5451     1     1        0  0.0000E+00  0.9791E+01  0.0000E+00  0.0000E+00
     1  5451     1     2        0  0.0000E+00  0.1814E-10  0.0000E+00  0.0000E+00
     1  5452     1     1        0  0.0000E+00  0.1790E+02  0.0000E+00  0.0000E+00
     1  5452     1     2        0  0.0000E+00  0.6363E-11  0.0000E+00  0.0000E+00
     1  5453     1     1        0  0.0000E+00  0.5108E+02  0.0000E+00  0.0000E+00
     1  5453     1     2        0  0.0000E+00  0.4430E-10  0.0000E+00  0.0000E+00
     1  5454     1     1        0  0.0000E+00  0.2613E+02  0.0000E+00  0.0000E+00
     1  5454     1     2        0  0.0000E+00  0.2054E-10  0.0000E+00  0.0000E+00
     1  5455     1     1        0  0.0000E+00  0.7895E+01  0.0000E+00  0.0000E+00
     1  5455     1     2        0  0.0000E+00  0.2079E-10  0.0000E+00  0.0000E+00
     1  5456     1     1        0  0.0000E+00  0.1853E+02  0.0000E+00  0.0000E+00
     1  5456     1     2        0  0.0000E+00  0.2438E-10  0.0000E+00  0.0000E+00
     1  5457     1     1        0  0.0000E+00  0.5102E+02  0.0000E+00  0.0000E+00
     1  5457     1     2        0  0.0000E+00  0.5366E-10  0.0000E+00  0.0000E+00
     1  5458     1     1        0  0.0000E+00  0.2910E+02  0.0000E+00  0.0000E+00
     1  5458     1     2        0  0.0000E+00  0.2334E-10  0.0000E+00  0.0000E+00
     1  5459     1     1        0  0.0000E+00  0.6158E+01  0.0000E+00  0.0000E+00
     1  5459     1     2        0  0.0000E+00  0.1423E-10  0.0000E+00  0.0000E+00
     1  5460     1     1        0  0.0000E+00  0.1860E+02  0.0000E+00  0.0000E+00
     1  5460     1     2        0  0.0000E+00  0.1802E-10  0.0000E+00  0.0000E+00
     1  5461     1     1        0  0.0000E+00  0.5262E+02  0.0000E+00  0.0000E+00
     1  5461     1     2        0  0.0000E+00  0.4497E-10  0.0000E+00  0.0000E+00
     1  5462     1     1        0  0.0000E+00  0.3480E+02  0.0000E+00  0.0000E+00
     1  5462     1     2        0  0.0000E+00  0.3733E-10  0.0000E+00  0.0000E+00
     1  5463     1     1        0  0.0000E+00  0.8339E+01  0.0000E+00  0.0000E+00
     1  5463     1     2        0  0.0000E+00  0.8611E-11  0.0000E+00  0.0000E+00
     1  5464     1     1        0  0.0000E+00  0.3478E+01  0.0000E+00  0.0000E+00
     1  5464     1     2        0  0.0000E+00  0.2728E-11  0.0000E+00  0.0000E+00
     1  5465     1     1        0  0.0000E+00  0.1947E+01  0.0000E+00  0.0000E+00
     1  5465     1     2        0  0.0000E+00  0.1162E-11  0.0000E+00  0.0000E+00
     1  5466     1     1        0  0.0000E+00  0.5991E+01  0.0000E+00  0.0000E+00
     1  5466     1     2        0  0.0000E+00  0.8692E-12  0.0000E+00  0.0000E+00
     1  5467     1     1        0  0.0000E+00  0.5954E+01  0.0000E+00  0.0000E+00
     1  5467     1     2        0  0.0000E+00  0.4673E-11  0.0000E+00  0.0000E+00
     1  5468     1     1        0  0.0000E+00  0.9413E+01  0.0000E+00  0.0000E+00
     1  5468     1     2        0  0.0000E+00  0.1214E-10  0.0000E+00  0.0000E+00
     1  5469     1     1        0  0.0000E+00  0.1746E+02  0.0000E+00  0.0000E+00
     1  5469     1     2        0  0.0000E+00  0.1767E-10  0.0000E+00  0.0000E+00
     1  5470     1     1        0  0.0000E+00  0.2472E+01  0.0000E+00  0.0000E+00
     1  5470     1     2        0  0.0000E+00  0.1544E-11  0.0000E+00  0.0000E+00
     1  5471     1     1        0  0.0000E+00  0.8874E+02  0.0000E+00  0.0000E+00
     1  5471     1     2        0  0.0000E+00  0.7015E-10  0.0000E+00  0.0000E+00
     1  5472     1     1        0  0.0000E+00  0.7821E+01  0.0000E+00  0.0000E+00
     1  5472     1     2        0  0.0000E+00  0.1993E-11  0.0000E+00  0.0000E+00
     1  5473     1     1        0  0.0000E+00  0.1344E+01  0.0000E+00  0.0000E+00
     1  5473     1     2        0  0.0000E+00  0.1142E-11  0.0000E+00  0.0000E+00
     1  5474     1     1        0  0.0000E+00  0.1997E+01  0.0000E+00  0.0000E+00
     1  5474     1     2        0  0.0000E+00  0.7656E-11  0.0000E+00  0.0000E+00
     1  5475     1     1        0  0.0000E+00  0.1508E+02  0.0000E+00  0.0000E+00
     1  5475     1     2        0  0.0000E+00  0.1845E-10  0.0000E+00  0.0000E+00
     1  5476     1     1        0  0.0000E+00  0.3945E+02  0.0000E+00  0.0000E+00
     1  5476     1     2        0  0.0000E+00  0.3453E-10  0.0000E+00  0.0000E+00
     1  5477     1     1        0  0.0000E+00  0.5628E+02  0.0000E+00  0.0000E+00
     1  5477     1     2        0  0.0000E+00  0.5732E-10  0.0000E+00  0.0000E+00
     1  5478     1     1        0  0.0000E+00  0.5977E+01  0.0000E+00  0.0000E+00
     1  5478     1     2        0  0.0000E+00  0.1518E-10  0.0000E+00  0.0000E+00
     1  5479     1     1        0  0.0000E+00  0.4253E+01  0.0000E+00  0.0000E+00
     1  5479     1     2        0  0.0000E+00  0.3459E-11  0.0000E+00  0.0000E+00
     1  5480     1     1        0  0.0000E+00  0.9728E+01  0.0000E+00  0.0000E+00
     1  5480     1     2        0  0.0000E+00  0.1145E-10  0.0000E+00  0.0000E+00
     1  5481     1     1        0  0.0000E+00  0.1016E+01  0.0000E+00  0.0000E+00
     1  5481     1     2        0  0.0000E+00  0.4174E-11  0.0000E+00  0.0000E+00
     1  5482     1     1        0  0.0000E+00  0.5317E+01  0.0000E+00  0.0000E+00
     1  5482     1     2        0  0.0000E+00  0.2520E-11  0.0000E+00  0.0000E+00
     1  5483     1     1        0  0.0000E+00  0.5239E+01  0.0000E+00  0.0000E+00
     1  5483     1     2        0  0.0000E+00  0.6309E-11  0.0000E+00  0.0000E+00
     1  5484     1     1        0  0.0000E+00  0.1387E+02  0.0000E+00  0.0000E+00
     1  5484     1     2        0  0.0000E+00  0.1456E-10  0.0000E+00  0.0000E+00
     1  5485     1     1        0  0.0000E+00  0.1889E+02  0.0000E+00  0.0000E+00
     1  5485     1     2        0  0.0000E+00  0.2235E-10  0.0000E+00  0.0000E+00
     1  5486     1     1        0  0.0000E+00  0.4440E+01  0.0000E+00  0.0000E+00
     1  5486     1     2        0  0.0000E+00  0.6061E-11  0.0000E+00  0.0000E+00
     1  5487     1     1        0  0.0000E+00  0.1168E+02  0.0000E+00  0.0000E+00
     1  5487     1     2        0  0.0000E+00  0.9836E-11  0.0000E+00  0.0000E+00
     1  5488     1     1        0  0.0000E+00  0.1690E+02  0.0000E+00  0.0000E+00
     1  5488     1     2        0  0.0000E+00  0.2168E-10  0.0000E+00  0.0000E+00
     1  5489     1     1        0  0.0000E+00  0.5546E+02  0.0000E+00  0.0000E+00
     1  5489     1     2        0  0.0000E+00  0.5012E-10  0.0000E+00  0.0000E+00
     1  5490     1     1        0  0.0000E+00  0.1681E+02  0.0000E+00  0.0000E+00
     1  5490     1     2        0  0.0000E+00  0.3421E-10  0.0000E+00  0.0000E+00
     1  5491     1     1        0  0.0000E+00  0.7163E+01  0.0000E+00  0.0000E+00
     1  5491     1     2        0  0.0000E+00  0.1016E-10  0.0000E+00  0.0000E+00
     1  5492     1     1        0  0.0000E+00  0.1183E+02  0.0000E+00  0.0000E+00
     1  5492     1     2        0  0.0000E+00  0.1302E-10  0.0000E+00  0.0000E+00
     1  5493     1     1        0  0.0000E+00  0.2798E+01  0.0000E+00  0.0000E+00
     1  5493     1     2        0  0.0000E+00  0.1492E-11  0.0000E+00  0.0000E+00
     1  5494     1     1        0  0.0000E+00  0.4197E+02  0.0000E+00  0.0000E+00
     1  5494     1     2        0  0.0000E+00  0.2490E-10  0.0000E+00  0.0000E+00
     1  5495     1     1        0  0.0000E+00  0.9787E+01  0.0000E+00  0.0000E+00
     1  5495     1     2        0  0.0000E+00  0.1092E-10  0.0000E+00  0.0000E+00
     1  5496     1     1        0  0.0000E+00  0.1085E+02  0.0000E+00  0.0000E+00
     1  5496     1     2        0  0.0000E+00  0.2532E-11  0.0000E+00  0.0000E+00
     1  5497     1     1        0  0.0000E+00  0.1236E+02  0.0000E+00  0.0000E+00
     1  5497     1     2        0  0.0000E+00  0.1022E-10  0.0000E+00  0.0000E+00
     1  5498     1     1        0  0.0000E+00  0.1111E+02  0.0000E+00  0.0000E+00
     1  5498     1     2        0  0.0000E+00  0.1368E-10  0.0000E+00  0.0000E+00
     1  5499     1     1        0  0.0000E+00  0.4789E+02  0.0000E+00  0.0000E+00
     1  5499     1     2        0  0.0000E+00  0.4228E-10  0.0000E+00  0.0000E+00
     1  5500     1     1        0  0.0000E+00  0.6822E+02  0.0000E+00  0.0000E+00
     1  5500     1     2        0  0.0000E+00  0.6108E-10  0.0000E+00  0.0000E+00
     1  5501     1     1        0  0.0000E+00  0.1324E+02  0.0000E+00  0.0000E+00
     1  5501     1     2        0  0.0000E+00  0.2367E-10  0.0000E+00  0.0000E+00
     1  5502     1     1        0  0.0000E+00  0.5170E+01  0.0000E+00  0.0000E+00
     1  5502     1     2        0  0.0000E+00  0.3121E-11  0.0000E+00  0.0000E+00
     1  5503     1     1        0  0.0000E+00  0.2275E+02  0.0000E+00  0.0000E+00
     1  5503     1     2        0  0.0000E+00  0.1915E-10  0.0000E+00  0.0000E+00
     1  5504     1     1        0  0.0000E+00  0.7624E+02  0.0000E+00  0.0000E+00
     1  5504     1     2        0  0.0000E+00  0.6581E-10  0.0000E+00  0.0000E+00
     1  5505     1     1        0  0.0000E+00  0.1831E+02  0.0000E+00  0.0000E+00
     1  5505     1     2        0  0.0000E+00  0.1254E-10  0.0000E+00  0.0000E+00
     1  5506     1     1        0  0.0000E+00  0.3575E+01  0.0000E+00  0.0000E+00
     1  5506     1     2        0  0.0000E+00  0.7327E-11  0.0000E+00  0.0000E+00
     1  5507     1     1        0  0.0000E+00  0.4622E+01  0.0000E+00  0.0000E+00
     1  5507     1     2        0  0.0000E+00  0.3306E-11  0.0000E+00  0.0000E+00
     1  5508     1     1        0  0.0000E+00  0.1112E+02  0.0000E+00  0.0000E+00
     1  5508     1     2        0  0.0000E+00  0.1356E-10  0.0000E+00  0.0000E+00
     1  5509     1     1        0  0.0000E+00  0.1684E+02  0.0000E+00  0.0000E+00
     1  5509     1     2        0  0.0000E+00  0.1207E-10  0.0000E+00  0.0000E+00
     1  5510     1     1        0  0.0000E+00  0.1077E+02  0.0000E+00  0.0000E+00
     1  5510     1     2        0  0.0000E+00  0.1142E-10  0.0000E+00  0.0000E+00
     1  5511     1     1        0  0.0000E+00  0.7860E+02  0.0000E+00  0.0000E+00
     1  5511     1     2        0  0.0000E+00  0.7690E-10  0.0000E+00  0.0000E+00
     1  5512     1     1        0  0.0000E+00  0.2092E+02  0.0000E+00  0.0000E+00
     1  5512     1     2        0  0.0000E+00  0.2778E-10  0.0000E+00  0.0000E+00
     1  5513     1     1        0  0.0000E+00  0.3422E+01  0.0000E+00  0.0000E+00
     1  5513     1     2        0  0.0000E+00  0.7634E-11  0.0000E+00  0.0000E+00
     1  5514     1     1        0  0.0000E+00  0.8159E+01  0.0000E+00  0.0000E+00
     1  5514     1     2        0  0.0000E+00  0.5323E-11  0.0000E+00  0.0000E+00
     1  5515     1     1        0  0.0000E+00  0.1414E+02  0.0000E+00  0.0000E+00
     1  5515     1     2        0  0.0000E+00  0.6920E-11  0.0000E+00  0.0000E+00
     1  5516     1     1        0  0.0000E+00  0.2210E+02  0.0000E+00  0.0000E+00
     1  5516     1     2        0  0.0000E+00  0.2000E-10  0.0000E+00  0.0000E+00
     1  5517     1     1        0  0.0000E+00  0.1000E+03  0.0000E+00  0.0000E+00
     1  5517     1     2        0  0.0000E+00  0.9827E-10  0.0000E+00  0.0000E+00
     1  5518     1     1        0  0.0000E+00  0.1638E+02  0.0000E+00  0.0000E+00
     1  5518     1     2        0  0.0000E+00  0.1766E-11  0.0000E+00  0.0000E+00
     1  5519     1     1        0  0.0000E+00  0.1288E+02  0.0000E+00  0.0000E+00
     1  5519     1     2        0  0.0000E+00  0.7090E-11  0.0000E+00  0.0000E+00
     1  5520     1     1        0  0.0000E+00  0.1000E+03  0.0000E+00  0.0000E+00
     1  5520     1     2        0  0.0000E+00  0.1095E-09  0.0000E+00  0.0000E+00
     1  5521     1     1        0  0.0000E+00  0.6479E+02  0.0000E+00  0.0000E+00
     1  5521     1     2        0  0.0000E+00  0.6001E-10  0.0000E+00  0.0000E+00
     1  5522     1     1        0  0.0000E+00  0.4657E+01  0.0000E+00  0.0000E+00
     1  5522     1     2        0  0.0000E+00  0.2018E-10  0.0000E+00  0.0000E+00
     1  5523     1     1        0  0.0000E+00  0.3581E+01  0.0000E+00  0.0000E+00
     1  5523     1     2        0  0.0000E+00  0.3279E-11  0.0000E+00  0.0000E+00
     1  5524     1     1        0  0.0000E+00  0.3841E+01  0.0000E+00  0.0000E+00
     1  5524     1     2        0  0.0000E+00  0.5489E-11  0.0000E+00  0.0000E+00
     1  5525     1     1        0  0.0000E+00  0.6652E+01  0.0000E+00  0.0000E+00
     1  5525     1     2        0  0.0000E+00  0.9883E-11  0.0000E+00  0.0000E+00
     1  5526     1     1        0  0.0000E+00  0.7039E+01  0.0000E+00  0.0000E+00
     1  5526     1     2        0  0.0000E+00  0.3918E-11  0.0000E+00  0.0000E+00
     1  5527     1     1        0  0.0000E+00  0.4839E+01  0.0000E+00  0.0000E+00
     1  5527     1     2        0  0.0000E+00  0.7402E-11  0.0000E+00  0.0000E+00
     1  5528     1     1        0  0.0000E+00  0.1993E+02  0.0000E+00  0.0000E+00
     1  5528     1     2        0  0.0000E+00  0.2565E-10  0.0000E+00  0.0000E+00
     1  5529     1     1        0  0.0000E+00  0.1280E+02  0.0000E+00  0.0000E+00
     1  5529     1     2        0  0.0000E+00  0.9382E-11  0.0000E+00  0.0000E+00
     1  5530     1     1        0  0.0000E+00  0.2235E+01  0.0000E+00  0.0000E+00
     1  5530     1     2        0  0.0000E+00  0.1187E-11  0.0000E+00  0.0000E+00
     1  5531     1     1        0  0.0000E+00  0.4170E+01  0.0000E+00  0.0000E+00
     1  5531     1     2        0  0.0000E+00  0.6089E-11  0.0000E+00  0.0000E+00
     1  5532     1     1        0  0.0000E+00  0.1050E+02  0.0000E+00  0.0000E+00
     1  5532     1     2        0  0.0000E+00  0.8696E-11  0.0000E+00  0.0000E+00
     1  5533     1     1        0  0.0000E+00  0.2052E+02  0.0000E+00  0.0000E+00
     1  5533     1     2        0  0.0000E+00  0.1722E-10  0.0000E+00  0.0000E+00
     1  5534     1     1        0  0.0000E+00  0.4468E+02  0.0000E+00  0.0000E+00
     1  5534     1     2        0  0.0000E+00  0.3598E-10  0.0000E+00  0.0000E+00
     1  5535     1     1        0  0.0000E+00  0.1886E+02  0.0000E+00  0.0000E+00
     1  5535     1     2        0  0.0000E+00  0.5352E-11  0.0000E+00  0.0000E+00
     1  5536     1     1        0  0.0000E+00  0.6284E+02  0.0000E+00  0.0000E+00
     1  5536     1     2        0  0.0000E+00  0.6440E-10  0.0000E+00  0.0000E+00
     1  5537     1     1        0  0.0000E+00  0.8570E+02  0.0000E+00  0.0000E+00
     1  5537     1     2        0  0.0000E+00  0.9668E-10  0.0000E+00  0.0000E+00
     1  5538     1     1        0  0.0000E+00  0.1906E+02  0.0000E+00  0.0000E+00
     1  5538     1     2        0  0.0000E+00  0.2233E-10  0.0000E+00  0.0000E+00
     1  5539     1     1        0  0.0000E+00  0.2164E+01  0.0000E+00  0.0000E+00
     1  5539     1     2        0  0.0000E+00  0.9231E-12  0.0000E+00  0.0000E+00
     1  5540     1     1        0  0.0000E+00  0.5467E+01  0.0000E+00  0.0000E+00
     1  5540     1     2        0  0.0000E+00  0.3828E-11  0.0000E+00  0.0000E+00
     1  5541     1     1        0  0.0000E+00  0.1076E+02  0.0000E+00  0.0000E+00
     1  5541     1     2        0  0.0000E+00  0.7449E-11  0.0000E+00  0.0000E+00
     1  5542     1     1        0  0.0000E+00  0.1624E+02  0.0000E+00  0.0000E+00
     1  5542     1     2        0  0.0000E+00  0.1491E-10  0.0000E+00  0.0000E+00
     1  5543     1     1        0  0.0000E+00  0.2048E+02  0.0000E+00  0.0000E+00
     1  5543     1     2        0  0.0000E+00  0.1835E-10  0.0000E+00  0.0000E+00
     1  5544     1     1        0  0.0000E+00  0.1000E+03  0.0000E+00  0.0000E+00
     1  5544     1     2        0  0.0000E+00  0.8700E-10  0.0000E+00  0.0000E+00
     1  5545     1     1        0  0.0000E+00  0.1000E+03  0.0000E+00  0.0000E+00
     1  5545     1     2        0  0.0000E+00  0.8163E-10  0.0000E+00  0.0000E+00
     1  5546     1     1        0  0.0000E+00  0.3130E+02  0.0000E+00  0.0000E+00
     1  5546     1     2        0  0.0000E+00  0.5682E-11  0.0000E+00  0.0000E+00
     1  5547     1     1        0  0.0000E+00  0.8606E+01  0.0000E+00  0.0000E+00
     1  5547     1     2        0  0.0000E+00  0.1782E-10  0.0000E+00  0.0000E+00
     1  5548     1     1        0  0.0000E+00  0.1314E+01  0.0000E+00  0.0000E+00
     1  5548     1     2        0  0.0000E+00  0.5692E-11  0.0000E+00  0.0000E+00
     1  5549     1     1        0  0.0000E+00  0.7342E+01  0.0000E+00  0.0000E+00
     1  5549     1     2        0  0.0000E+00  0.1267E-10  0.0000E+00  0.0000E+00
     1  5550     1     1        0  0.0000E+00  0.1164E+02  0.0000E+00  0.0000E+00
     1  5550     1     2        0  0.0000E+00  0.1750E-10  0.0000E+00  0.0000E+00
     1  5551     1     1        0  0.0000E+00  0.1551E+02  0.0000E+00  0.0000E+00
     1  5551     1     2        0  0.0000E+00  0.1256E-10  0.0000E+00  0.0000E+00
     1  5552     1     1        0  0.0000E+00  0.1290E+02  0.0000E+00  0.0000E+00
     1  5552     1     2        0  0.0000E+00  0.7741E-11  0.0000E+00  0.0000E+00
     1  5553     1     1        0  0.0000E+00  0.1000E+03  0.0000E+00  0.0000E+00
     1  5553     1     2        0  0.0000E+00  0.7235E-10  0.0000E+00  0.0000E+00
     1  5554     1     1        0  0.0000E+00  0.5936E+02  0.0000E+00  0.0000E+00
     1  5554     1     2        0  0.0000E+00  0.5356E-10  0.0000E+00  0.0000E+00
     1  5555     1     1        0  0.0000E+00  0.1543E+02  0.0000E+00  0.0000E+00
     1  5555     1     2        0  0.0000E+00  0.3533E-11  0.0000E+00  0.0000E+00
     1  5556     1     1        0  0.0000E+00  0.2541E+01  0.0000E+00  0.0000E+00
     1  5556     1     2        0  0.0000E+00  0.1889E-11  0.0000E+00  0.0000E+00
     1  5557     1     1        0  0.0000E+00  0.6139E+01  0.0000E+00  0.0000E+00
     1  5557     1     2        0  0.0000E+00  0.2692E-11  0.0000E+00  0.0000E+00
     1  5558     1     1        0  0.0000E+00  0.1061E+02  0.0000E+00  0.0000E+00
     1  5558     1     2        0  0.0000E+00  0.8150E-11  0.0000E+00  0.0000E+00
     1  5559     1     1        0  0.0000E+00  0.1234E+02  0.0000E+00  0.0000E+00
     1  5559     1     2        0  0.0000E+00  0.1030E-10  0.0000E+00  0.0000E+00
     1  5560     1     1        0  0.0000E+00  0.9767E+01  0.0000E+00  0.0000E+00
     1  5560     1     2        0  0.0000E+00  0.5361E-11  0.0000E+00  0.0000E+00
     1  5561     1     1        0  0.0000E+00  0.3042E+02  0.0000E+00  0.0000E+00
     1  5561     1     2        0  0.0000E+00  0.1759E-10  0.0000E+00  0.0000E+00
     1  5562     1     1        0  0.0000E+00  0.2586E+02  0.0000E+00  0.0000E+00
     1  5562     1     2        0  0.0000E+00  0.3986E-10  0.0000E+00  0.0000E+00
     1  5563     1     1        0  0.0000E+00  0.1015E+02  0.0000E+00  0.0000E+00
     1  5563     1     2        0  0.0000E+00  0.1901E-10  0.0000E+00  0.0000E+00
     1  5564     1     1        0  0.0000E+00  0.3139E+01  0.0000E+00  0.0000E+00
     1  5564     1     2        0  0.0000E+00  0.9144E-11  0.0000E+00  0.0000E+00
     1  5565     1     1        0  0.0000E+00  0.5111E+01  0.0000E+00  0.0000E+00
     1  5565     1     2        0  0.0000E+00  0.1281E-11  0.0000E+00  0.0000E+00
     1  5566     1     1        0  0.0000E+00  0.9317E+01  0.0000E+00  0.0000E+00
     1  5566     1     2        0  0.0000E+00  0.7030E-11  0.0000E+00  0.0000E+00
     1  5567     1     1        0  0.0000E+00  0.1167E+02  0.0000E+00  0.0000E+00
     1  5567     1     2        0  0.0000E+00  0.5576E-11  0.0000E+00  0.0000E+00
     1  5568     1     1        0  0.0000E+00  0.9907E+01  0.0000E+00  0.0000E+00
     1  5568     1     2        0  0.0000E+00  0.8738E-11  0.0000E+00  0.0000E+00
     1  5569     1     1        0  0.0000E+00  0.1886E+02  0.0000E+00  0.0000E+00
     1  5569     1     2        0  0.0000E+00  0.1759E-10  0.0000E+00  0.0000E+00
     1  5570     1     1        0  0.0000E+00  0.2658E+02  0.0000E+00  0.0000E+00
     1  5570     1     2        0  0.0000E+00  0.1466E-10  0.0000E+00  0.0000E+00
     1  5571     1     1        0  0.0000E+00  0.1283E+02  0.0000E+00  0.0000E+00
     1  5571     1     2        0  0.0000E+00  0.2001E-10  0.0000E+00  0.0000E+00
     1  5572     1     1        0  0.0000E+00  0.4883E+01  0.0000E+00  0.0000E+00
     1  5572     1     2        0  0.0000E+00  0.3407E-11  0.0000E+00  0.0000E+00
     1  5573     1     1        0  0.0000E+00  0.4133E+01  0.0000E+00  0.0000E+00
     1  5573     1     2        0  0.0000E+00  0.9062E-11  0.0000E+00  0.0000E+00
     1  5574     1     1        0  0.0000E+00  0.7299E+01  0.0000E+00  0.0000E+00
     1  5574     1     2        0  0.0000E+00  0.1377E-10  0.0000E+00  0.0000E+00
     1  5575     1     1        0  0.0000E+00  0.1022E+02  0.0000E+00  0.0000E+00
     1  5575     1     2        0  0.0000E+00  0.7851E-11  0.0000E+00  0.0000E+00
     1  5576     1     1        0  0.0000E+00  0.9782E+01  0.0000E+00  0.0000E+00
     1  5576     1     2        0  0.0000E+00  0.5061E-11  0.0000E+00  0.0000E+00
     1  5577     1     1        0  0.0000E+00  0.1830E+02  0.0000E+00  0.0000E+00
     1  5577     1     2        0  0.0000E+00  0.2655E-11  0.0000E+00  0.0000E+00
     1  5578     1     1        0  0.0000E+00  0.2090E+02  0.0000E+00  0.0000E+00
     1  5578     1     2        0  0.0000E+00  0.1015E-10  0.0000E+00  0.0000E+00
     1  5579     1     1        0  0.0000E+00  0.1554E+02  0.0000E+00  0.0000E+00
     1  5579     1     2        0  0.0000E+00  0.3519E-11  0.0000E+00  0.0000E+00
     1  5580     1     1        0  0.0000E+00  0.7968E+01  0.0000E+00  0.0000E+00
     1  5580     1     2        0  0.0000E+00  0.7831E-11  0.0000E+00  0.0000E+00
     1  5581     1     1        0  0.0000E+00  0.6231E+01  0.0000E+00  0.0000E+00
     1  5581     1     2        0  0.0000E+00  0.3419E-11  0.0000E+00  0.0000E+00
     1  5582     1     1        0  0.0000E+00  0.6072E+01  0.0000E+00  0.0000E+00
     1  5582     1     2        0  0.0000E+00  0.1745E-10  0.0000E+00  0.0000E+00
     1  5583     1     1        0  0.0000E+00  0.9032E+01  0.0000E+00  0.0000E+00
     1  5583     1     2        0  0.0000E+00  0.8350E-11  0.0000E+00  0.0000E+00
     1  5584     1     1        0  0.0000E+00  0.1110E+02  0.0000E+00  0.0000E+00
     1  5584     1     2        0  0.0000E+00  0.1362E-10  0.0000E+00  0.0000E+00
     1  5585     1     1        0  0.0000E+00  0.2025E+02  0.0000E+00  0.0000E+00
     1  5585     1     2        0  0.0000E+00  0.2506E-11  0.0000E+00  0.0000E+00
     1  5586     1     1        0  0.0000E+00  0.3113E+02  0.0000E+00  0.0000E+00
     1  5586     1     2        0  0.0000E+00  0.2950E-11  0.0000E+00  0.0000E+00
     1  5587     1     1        0  0.0000E+00  0.2341E+02  0.0000E+00  0.0000E+00
     1  5587     1     2        0  0.0000E+00  0.2513E-10  0.0000E+00  0.0000E+00
     1  5588     1     1        0  0.0000E+00  0.1414E+02  0.0000E+00  0.0000E+00
     1  5588     1     2        0  0.0000E+00  0.1105E-10  0.0000E+00  0.0000E+00
     1  5589     1     1        0  0.0000E+00  0.1015E+02  0.0000E+00  0.0000E+00
     1  5589     1     2        0  0.0000E+00  0.5275E-11  0.0000E+00  0.0000E+00
     1  5590     1     1        0  0.0000E+00  0.1122E+02  0.0000E+00  0.0000E+00
     1  5590     1     2        0  0.0000E+00  0.4234E-11  0.0000E+00  0.0000E+00
