SUMMARY OF JOB INFORMATION
  STEP      INC     ATT  ITRS     TOT TIME     STEP TIME      INC TIME
     1          1     1     2  0.100000E-01  0.100000E-01  0.100000E-01
     1          2     1     2  0.200000E-01  0.200000E-01  0.100000E-01
     1          3     1     2  0.300000E-01  0.300000E-01  0.100000E-01
     1          4     1     2  0.400000E-01  0.400000E-01  0.100000E-01
     1          5     1     2  0.500000E-01  0.500000E-01  0.100000E-01
     1          6     1     2  0.600000E-01  0.600000E-01  0.100000E-01
     1          7     1     2  0.700000E-01  0.700000E-01  0.100000E-01
     1          8     1     2  0.800000E-01  0.800000E-01  0.100000E-01
     1          9     1     2  0.900000E-01  0.900000E-01  0.100000E-01
     1         10     1     2  0.100000E+00  0.100000E+00  0.100000E-01
     1         11     1     2  0.110000E+00  0.110000E+00  0.100000E-01
     1         12     1     2  0.120000E+00  0.120000E+00  0.100000E-01
     1         13     1     2  0.130000E+00  0.130000E+00  0.100000E-01
     1         14     1     2  0.140000E+00  0.140000E+00  0.100000E-01
     1         15     1     2  0.150000E+00  0.150000E+00  0.100000E-01
     1         16     1     2  0.160000E+00  0.160000E+00  0.100000E-01
     1         17     1     2  0.170000E+00  0.170000E+00  0.100000E-01
     1         18     1     2  0.180000E+00  0.180000E+00  0.100000E-01
     1         19     1     2  0.190000E+00  0.190000E+00  0.100000E-01
     1         20     1     2  0.200000E+00  0.200000E+00  0.100000E-01
     1         21     1     2  0.210000E+00  0.210000E+00  0.100000E-01
     1         22     1     2  0.220000E+00  0.220000E+00  0.100000E-01
     1         23     1     2  0.230000E+00  0.230000E+00  0.100000E-01
     1         24     1     2  0.240000E+00  0.240000E+00  0.100000E-01
     1         25     1     2  0.250000E+00  0.250000E+00  0.100000E-01
     1         26     1     2  0.260000E+00  0.260000E+00  0.100000E-01
     1         27     1     2  0.270000E+00  0.270000E+00  0.100000E-01
     1         28     1     2  0.280000E+00  0.280000E+00  0.100000E-01
     1         29     1     2  0.290000E+00  0.290000E+00  0.100000E-01
     1         30     1     2  0.300000E+00  0.300000E+00  0.100000E-01
     1         31     1     2  0.310000E+00  0.310000E+00  0.100000E-01
     1         32     1     2  0.320000E+00  0.320000E+00  0.100000E-01
     1         33     1     2  0.330000E+00  0.330000E+00  0.100000E-01
     1         34     1     2  0.340000E+00  0.340000E+00  0.100000E-01
     1         35     1     2  0.350000E+00  0.350000E+00  0.100000E-01
     1         36     1     2  0.360000E+00  0.360000E+00  0.100000E-01
     1         37     1     2  0.370000E+00  0.370000E+00  0.100000E-01
     1         38     1     2  0.380000E+00  0.380000E+00  0.100000E-01
     1         39     1     2  0.390000E+00  0.390000E+00  0.100000E-01
     1         40     1     2  0.400000E+00  0.400000E+00  0.100000E-01
     1         41     1     2  0.410000E+00  0.410000E+00  0.100000E-01
     1         42     1     2  0.420000E+00  0.420000E+00  0.100000E-01
     1         43     1     2  0.430000E+00  0.430000E+00  0.100000E-01
     1         44     1     2  0.440000E+00  0.440000E+00  0.100000E-01
     1         45     1     2  0.450000E+00  0.450000E+00  0.100000E-01
     1         46     1     2  0.460000E+00  0.460000E+00  0.100000E-01
     1         47     1     2  0.470000E+00  0.470000E+00  0.100000E-01
     1         48     1     2  0.480000E+00  0.480000E+00  0.100000E-01
     1         49     1     2  0.490000E+00  0.490000E+00  0.100000E-01
     1         50     1     2  0.500000E+00  0.500000E+00  0.100000E-01
     1         51     1     2  0.510000E+00  0.510000E+00  0.100000E-01
     1         52     1     2  0.520000E+00  0.520000E+00  0.100000E-01
     1         53     1     2  0.530000E+00  0.530000E+00  0.100000E-01
     1         54     1     2  0.540000E+00  0.540000E+00  0.100000E-01
     1         55     1     2  0.550000E+00  0.550000E+00  0.100000E-01
     1         56     1     2  0.560000E+00  0.560000E+00  0.100000E-01
     1         57     1     2  0.570000E+00  0.570000E+00  0.100000E-01
     1         58     1     2  0.580000E+00  0.580000E+00  0.100000E-01
     1         59     1     2  0.590000E+00  0.590000E+00  0.100000E-01
     1         60     1     2  0.600000E+00  0.600000E+00  0.100000E-01
     1         61     1     2  0.610000E+00  0.610000E+00  0.100000E-01
     1         62     1     2  0.620000E+00  0.620000E+00  0.100000E-01
     1         63     1     2  0.630000E+00  0.630000E+00  0.100000E-01
     1         64     1     2  0.640000E+00  0.640000E+00  0.100000E-01
     1         65     1     2  0.650000E+00  0.650000E+00  0.100000E-01
     1         66     1     2  0.660000E+00  0.660000E+00  0.100000E-01
     1         67     1     2  0.670000E+00  0.670000E+00  0.100000E-01
     1         68     1     2  0.680000E+00  0.680000E+00  0.100000E-01
     1         69     1     2  0.690000E+00  0.690000E+00  0.100000E-01
     1         70     1     2  0.700000E+00  0.700000E+00  0.100000E-01
     1         71     1     2  0.710000E+00  0.710000E+00  0.100000E-01
     1         72     1     2  0.720000E+00  0.720000E+00  0.100000E-01
     1         73     1     2  0.730000E+00  0.730000E+00  0.100000E-01
     1         74     1     2  0.740000E+00  0.740000E+00  0.100000E-01
     1         75     1     2  0.750000E+00  0.750000E+00  0.100000E-01
     1         76     1     2  0.760000E+00  0.760000E+00  0.100000E-01
     1         77     1     2  0.770000E+00  0.770000E+00  0.100000E-01
     1         78     1     2  0.780000E+00  0.780000E+00  0.100000E-01
     1         79     1     2  0.790000E+00  0.790000E+00  0.100000E-01
     1         80     1     2  0.800000E+00  0.800000E+00  0.100000E-01
     1         81     1     2  0.810000E+00  0.810000E+00  0.100000E-01
     1         82     1     2  0.820000E+00  0.820000E+00  0.100000E-01
     1         83     1     2  0.830000E+00  0.830000E+00  0.100000E-01
     1         84     1     2  0.840000E+00  0.840000E+00  0.100000E-01
     1         85     1     2  0.850000E+00  0.850000E+00  0.100000E-01
     1         86     1     2  0.860000E+00  0.860000E+00  0.100000E-01
     1         87     1     2  0.870000E+00  0.870000E+00  0.100000E-01
     1         88     1     2  0.880000E+00  0.880000E+00  0.100000E-01
     1         89     1     2  0.890000E+00  0.890000E+00  0.100000E-01
     1         90     1     2  0.900000E+00  0.900000E+00  0.100000E-01
     1         91     1     2  0.910000E+00  0.910000E+00  0.100000E-01
     1         92     1     2  0.920000E+00  0.920000E+00  0.100000E-01
     1         93     1     2  0.930000E+00  0.930000E+00  0.100000E-01
     1         94     1     2  0.940000E+00  0.940000E+00  0.100000E-01
     1         95     1     2  0.950000E+00  0.950000E+00  0.100000E-01
     1         96     1     2  0.960000E+00  0.960000E+00  0.100000E-01
     1         97     1     2  0.970000E+00  0.970000E+00  0.100000E-01
     1         98     1     2  0.980000E+00  0.980000E+00  0.100000E-01
     1         99     1     2  0.990000E+00  0.990000E+00  0.100000E-01
     1        100     1     2  0.100000E+01  0.100000E+01  0.100000E-01
     1        101     1     2  0.101000E+01  0.101000E+01  0.100000E-01
     1        102     1     2  0.102000E+01  0.102000E+01  0.100000E-01
     1        103     1     2  0.103000E+01  0.103000E+01  0.100000E-01
     1        104     1     2  0.104000E+01  0.104000E+01  0.100000E-01
     1        105     1     2  0.105000E+01  0.105000E+01  0.100000E-01
     1        106     1     2  0.106000E+01  0.106000E+01  0.100000E-01
     1        107     1     2  0.107000E+01  0.107000E+01  0.100000E-01
     1        108     1     2  0.108000E+01  0.108000E+01  0.100000E-01
     1        109     1     2  0.109000E+01  0.109000E+01  0.100000E-01
     1        110     1     2  0.110000E+01  0.110000E+01  0.100000E-01
     1        111     1     2  0.111000E+01  0.111000E+01  0.100000E-01
     1        112     1     2  0.112000E+01  0.112000E+01  0.100000E-01
     1        113     1     2  0.113000E+01  0.113000E+01  0.100000E-01
     1        114     1     2  0.114000E+01  0.114000E+01  0.100000E-01
     1        115     1     2  0.115000E+01  0.115000E+01  0.100000E-01
     1        116     1     2  0.116000E+01  0.116000E+01  0.100000E-01
     1        117     1     2  0.117000E+01  0.117000E+01  0.100000E-01
     1        118     1     2  0.118000E+01  0.118000E+01  0.100000E-01
     1        119     1     2  0.119000E+01  0.119000E+01  0.100000E-01
     1        120     1     2  0.120000E+01  0.120000E+01  0.100000E-01
     1        121     1     2  0.121000E+01  0.121000E+01  0.100000E-01
     1        122     1     2  0.122000E+01  0.122000E+01  0.100000E-01
     1        123     1     2  0.123000E+01  0.123000E+01  0.100000E-01
     1        124     1     2  0.124000E+01  0.124000E+01  0.100000E-01
     1        125     1     2  0.125000E+01  0.125000E+01  0.100000E-01
     1        126     1     2  0.126000E+01  0.126000E+01  0.100000E-01
     1        127     1     2  0.127000E+01  0.127000E+01  0.100000E-01
     1        128     1     2  0.128000E+01  0.128000E+01  0.100000E-01
     1        129     1     2  0.129000E+01  0.129000E+01  0.100000E-01
     1        130     1     2  0.130000E+01  0.130000E+01  0.100000E-01
     1        131     1     2  0.131000E+01  0.131000E+01  0.100000E-01
     1        132     1     2  0.132000E+01  0.132000E+01  0.100000E-01
     1        133     1     2  0.133000E+01  0.133000E+01  0.100000E-01
     1        134     1     2  0.134000E+01  0.134000E+01  0.100000E-01
     1        135     1     2  0.135000E+01  0.135000E+01  0.100000E-01
     1        136     1     2  0.136000E+01  0.136000E+01  0.100000E-01
     1        137     1     2  0.137000E+01  0.137000E+01  0.100000E-01
     1        138     1     2  0.138000E+01  0.138000E+01  0.100000E-01
     1        139     1     2  0.139000E+01  0.139000E+01  0.100000E-01
     1        140     1     2  0.140000E+01  0.140000E+01  0.100000E-01
     1        141     1     2  0.141000E+01  0.141000E+01  0.100000E-01
     1        142     1     2  0.142000E+01  0.142000E+01  0.100000E-01
     1        143     1     2  0.143000E+01  0.143000E+01  0.100000E-01
     1        144     1     2  0.144000E+01  0.144000E+01  0.100000E-01
     1        145     1     2  0.145000E+01  0.145000E+01  0.100000E-01
     1        146     1     2  0.146000E+01  0.146000E+01  0.100000E-01
     1        147     1     2  0.147000E+01  0.147000E+01  0.100000E-01
     1        148     1     2  0.148000E+01  0.148000E+01  0.100000E-01
     1        149     1     2  0.149000E+01  0.149000E+01  0.100000E-01
     1        150     1     2  0.150000E+01  0.150000E+01  0.100000E-01
     1        151     1     2  0.151000E+01  0.151000E+01  0.100000E-01
     1        152     1     2  0.152000E+01  0.152000E+01  0.100000E-01
     1        153     1     2  0.153000E+01  0.153000E+01  0.100000E-01
     1        154     1     2  0.154000E+01  0.154000E+01  0.100000E-01
     1        155     1     2  0.155000E+01  0.155000E+01  0.100000E-01
     1        156     1     2  0.156000E+01  0.156000E+01  0.100000E-01
     1        157     1     2  0.157000E+01  0.157000E+01  0.100000E-01
     1        158     1     2  0.158000E+01  0.158000E+01  0.100000E-01
     1        159     1     2  0.159000E+01  0.159000E+01  0.100000E-01
     1        160     1     2  0.160000E+01  0.160000E+01  0.100000E-01
     1        161     1     2  0.161000E+01  0.161000E+01  0.100000E-01
     1        162     1     2  0.162000E+01  0.162000E+01  0.100000E-01
     1        163     1     2  0.163000E+01  0.163000E+01  0.100000E-01
     1        164     1     2  0.164000E+01  0.164000E+01  0.100000E-01
     1        165     1     2  0.165000E+01  0.165000E+01  0.100000E-01
     1        166     1     2  0.166000E+01  0.166000E+01  0.100000E-01
     1        167     1     2  0.167000E+01  0.167000E+01  0.100000E-01
     1        168     1     2  0.168000E+01  0.168000E+01  0.100000E-01
     1        169     1     2  0.169000E+01  0.169000E+01  0.100000E-01
     1        170     1     2  0.170000E+01  0.170000E+01  0.100000E-01
     1        171     1     2  0.171000E+01  0.171000E+01  0.100000E-01
     1        172     1     2  0.172000E+01  0.172000E+01  0.100000E-01
     1        173     1     2  0.173000E+01  0.173000E+01  0.100000E-01
     1        174     1     2  0.174000E+01  0.174000E+01  0.100000E-01
     1        175     1     2  0.175000E+01  0.175000E+01  0.100000E-01
     1        176     1     2  0.176000E+01  0.176000E+01  0.100000E-01
     1        177     1     2  0.177000E+01  0.177000E+01  0.100000E-01
     1        178     1     2  0.178000E+01  0.178000E+01  0.100000E-01
     1        179     1     2  0.179000E+01  0.179000E+01  0.100000E-01
     1        180     1     2  0.180000E+01  0.180000E+01  0.100000E-01
     1        181     1     2  0.181000E+01  0.181000E+01  0.100000E-01
     1        182     1     2  0.182000E+01  0.182000E+01  0.100000E-01
     1        183     1     2  0.183000E+01  0.183000E+01  0.100000E-01
     1        184     1     2  0.184000E+01  0.184000E+01  0.100000E-01
     1        185     1     2  0.185000E+01  0.185000E+01  0.100000E-01
     1        186     1     2  0.186000E+01  0.186000E+01  0.100000E-01
     1        187     1     2  0.187000E+01  0.187000E+01  0.100000E-01
     1        188     1     2  0.188000E+01  0.188000E+01  0.100000E-01
     1        189     1     2  0.189000E+01  0.189000E+01  0.100000E-01
     1        190     1     2  0.190000E+01  0.190000E+01  0.100000E-01
     1        191     1     2  0.191000E+01  0.191000E+01  0.100000E-01
     1        192     1     2  0.192000E+01  0.192000E+01  0.100000E-01
     1        193     1     2  0.193000E+01  0.193000E+01  0.100000E-01
     1        194     1     2  0.194000E+01  0.194000E+01  0.100000E-01
     1        195     1     2  0.195000E+01  0.195000E+01  0.100000E-01
     1        196     1     2  0.196000E+01  0.196000E+01  0.100000E-01
     1        197     1     2  0.197000E+01  0.197000E+01  0.100000E-01
     1        198     1     2  0.198000E+01  0.198000E+01  0.100000E-01
     1        199     1     2  0.199000E+01  0.199000E+01  0.100000E-01
     1        200     1     2  0.200000E+01  0.200000E+01  0.100000E-01
     1        201     1     2  0.201000E+01  0.201000E+01  0.100000E-01
     1        202     1     2  0.202000E+01  0.202000E+01  0.100000E-01
     1        203     1     2  0.203000E+01  0.203000E+01  0.100000E-01
     1        204     1     2  0.204000E+01  0.204000E+01  0.100000E-01
     1        205     1     2  0.205000E+01  0.205000E+01  0.100000E-01
     1        206     1     2  0.206000E+01  0.206000E+01  0.100000E-01
     1        207     1     2  0.207000E+01  0.207000E+01  0.100000E-01
     1        208     1     2  0.208000E+01  0.208000E+01  0.100000E-01
     1        209     1     2  0.209000E+01  0.209000E+01  0.100000E-01
     1        210     1     2  0.210000E+01  0.210000E+01  0.100000E-01
     1        211     1     2  0.211000E+01  0.211000E+01  0.100000E-01
     1        212     1     2  0.212000E+01  0.212000E+01  0.100000E-01
     1        213     1     2  0.213000E+01  0.213000E+01  0.100000E-01
     1        214     1     2  0.214000E+01  0.214000E+01  0.100000E-01
     1        215     1     2  0.215000E+01  0.215000E+01  0.100000E-01
     1        216     1     2  0.216000E+01  0.216000E+01  0.100000E-01
     1        217     1     2  0.217000E+01  0.217000E+01  0.100000E-01
     1        218     1     2  0.218000E+01  0.218000E+01  0.100000E-01
     1        219     1     2  0.219000E+01  0.219000E+01  0.100000E-01
     1        220     1     2  0.220000E+01  0.220000E+01  0.100000E-01
     1        221     1     2  0.221000E+01  0.221000E+01  0.100000E-01
     1        222     1     2  0.222000E+01  0.222000E+01  0.100000E-01
     1        223     1     2  0.223000E+01  0.223000E+01  0.100000E-01
     1        224     1     2  0.224000E+01  0.224000E+01  0.100000E-01
     1        225     1     2  0.225000E+01  0.225000E+01  0.100000E-01
     1        226     1     2  0.226000E+01  0.226000E+01  0.100000E-01
     1        227     1     2  0.227000E+01  0.227000E+01  0.100000E-01
     1        228     1     2  0.228000E+01  0.228000E+01  0.100000E-01
     1        229     1     2  0.229000E+01  0.229000E+01  0.100000E-01
     1        230     1     2  0.230000E+01  0.230000E+01  0.100000E-01
     1        231     1     2  0.231000E+01  0.231000E+01  0.100000E-01
     1        232     1     2  0.232000E+01  0.232000E+01  0.100000E-01
     1        233     1     2  0.233000E+01  0.233000E+01  0.100000E-01
     1        234     1     2  0.234000E+01  0.234000E+01  0.100000E-01
     1        235     1     2  0.235000E+01  0.235000E+01  0.100000E-01
     1        236     1     2  0.236000E+01  0.236000E+01  0.100000E-01
     1        237     1     2  0.237000E+01  0.237000E+01  0.100000E-01
     1        238     1     2  0.238000E+01  0.238000E+01  0.100000E-01
     1        239     1     2  0.239000E+01  0.239000E+01  0.100000E-01
     1        240     1     2  0.240000E+01  0.240000E+01  0.100000E-01
     1        241     1     2  0.241000E+01  0.241000E+01  0.100000E-01
     1        242     1     2  0.242000E+01  0.242000E+01  0.100000E-01
     1        243     1     2  0.243000E+01  0.243000E+01  0.100000E-01
     1        244     1     2  0.244000E+01  0.244000E+01  0.100000E-01
     1        245     1     2  0.245000E+01  0.245000E+01  0.100000E-01
     1        246     1     2  0.246000E+01  0.246000E+01  0.100000E-01
     1        247     1     2  0.247000E+01  0.247000E+01  0.100000E-01
     1        248     1     2  0.248000E+01  0.248000E+01  0.100000E-01
     1        249     1     2  0.249000E+01  0.249000E+01  0.100000E-01
     1        250     1     2  0.250000E+01  0.250000E+01  0.100000E-01
     1        251     1     2  0.251000E+01  0.251000E+01  0.100000E-01
     1        252     1     2  0.252000E+01  0.252000E+01  0.100000E-01
     1        253     1     2  0.253000E+01  0.253000E+01  0.100000E-01
     1        254     1     2  0.254000E+01  0.254000E+01  0.100000E-01
     1        255     1     2  0.255000E+01  0.255000E+01  0.100000E-01
     1        256     1     2  0.256000E+01  0.256000E+01  0.100000E-01
     1        257     1     2  0.257000E+01  0.257000E+01  0.100000E-01
     1        258     1     2  0.258000E+01  0.258000E+01  0.100000E-01
     1        259     1     2  0.259000E+01  0.259000E+01  0.100000E-01
     1        260     1     2  0.260000E+01  0.260000E+01  0.100000E-01
     1        261     1     2  0.261000E+01  0.261000E+01  0.100000E-01
     1        262     1     2  0.262000E+01  0.262000E+01  0.100000E-01
     1        263     1     2  0.263000E+01  0.263000E+01  0.100000E-01
     1        264     1     2  0.264000E+01  0.264000E+01  0.100000E-01
     1        265     1     2  0.265000E+01  0.265000E+01  0.100000E-01
     1        266     1     2  0.266000E+01  0.266000E+01  0.100000E-01
     1        267     1     2  0.267000E+01  0.267000E+01  0.100000E-01
     1        268     1     2  0.268000E+01  0.268000E+01  0.100000E-01
     1        269     1     2  0.269000E+01  0.269000E+01  0.100000E-01
     1        270     1     2  0.270000E+01  0.270000E+01  0.100000E-01
     1        271     1     2  0.271000E+01  0.271000E+01  0.100000E-01
     1        272     1     2  0.272000E+01  0.272000E+01  0.100000E-01
     1        273     1     2  0.273000E+01  0.273000E+01  0.100000E-01
     1        274     1     2  0.274000E+01  0.274000E+01  0.100000E-01
     1        275     1     2  0.275000E+01  0.275000E+01  0.100000E-01
     1        276     1     2  0.276000E+01  0.276000E+01  0.100000E-01
     1        277     1     2  0.277000E+01  0.277000E+01  0.100000E-01
     1        278     1     2  0.278000E+01  0.278000E+01  0.100000E-01
     1        279     1     2  0.279000E+01  0.279000E+01  0.100000E-01
     1        280     1     2  0.280000E+01  0.280000E+01  0.100000E-01
     1        281     1     2  0.281000E+01  0.281000E+01  0.100000E-01
     1        282     1     2  0.282000E+01  0.282000E+01  0.100000E-01
     1        283     1     2  0.283000E+01  0.283000E+01  0.100000E-01
     1        284     1     2  0.284000E+01  0.284000E+01  0.100000E-01
     1        285     1     2  0.285000E+01  0.285000E+01  0.100000E-01
     1        286     1     2  0.286000E+01  0.286000E+01  0.100000E-01
     1        287     1     2  0.287000E+01  0.287000E+01  0.100000E-01
     1        288     1     2  0.288000E+01  0.288000E+01  0.100000E-01
     1        289     1     2  0.289000E+01  0.289000E+01  0.100000E-01
     1        290     1     2  0.290000E+01  0.290000E+01  0.100000E-01
     1        291     1     2  0.291000E+01  0.291000E+01  0.100000E-01
     1        292     1     2  0.292000E+01  0.292000E+01  0.100000E-01
     1        293     1     2  0.293000E+01  0.293000E+01  0.100000E-01
     1        294     1     2  0.294000E+01  0.294000E+01  0.100000E-01
     1        295     1     2  0.295000E+01  0.295000E+01  0.100000E-01
     1        296     1     2  0.296000E+01  0.296000E+01  0.100000E-01
     1        297     1     2  0.297000E+01  0.297000E+01  0.100000E-01
     1        298     1     2  0.298000E+01  0.298000E+01  0.100000E-01
     1        299     1     2  0.299000E+01  0.299000E+01  0.100000E-01
     1        300     1     2  0.300000E+01  0.300000E+01  0.100000E-01
     1        301     1     2  0.301000E+01  0.301000E+01  0.100000E-01
     1        302     1     2  0.302000E+01  0.302000E+01  0.100000E-01
     1        303     1     2  0.303000E+01  0.303000E+01  0.100000E-01
     1        304     1     2  0.304000E+01  0.304000E+01  0.100000E-01
     1        305     1     2  0.305000E+01  0.305000E+01  0.100000E-01
     1        306     1     2  0.306000E+01  0.306000E+01  0.100000E-01
     1        307     1     2  0.307000E+01  0.307000E+01  0.100000E-01
     1        308     1     2  0.308000E+01  0.308000E+01  0.100000E-01
     1        309     1     2  0.309000E+01  0.309000E+01  0.100000E-01
     1        310     1     2  0.310000E+01  0.310000E+01  0.100000E-01
     1        311     1     2  0.311000E+01  0.311000E+01  0.100000E-01
     1        312     1     2  0.312000E+01  0.312000E+01  0.100000E-01
     1        313     1     2  0.313000E+01  0.313000E+01  0.100000E-01
     1        314     1     2  0.314000E+01  0.314000E+01  0.100000E-01
     1        315     1     2  0.315000E+01  0.315000E+01  0.100000E-01
     1        316     1     2  0.316000E+01  0.316000E+01  0.100000E-01
     1        317     1     2  0.317000E+01  0.317000E+01  0.100000E-01
     1        318     1     2  0.318000E+01  0.318000E+01  0.100000E-01
     1        319     1     2  0.319000E+01  0.319000E+01  0.100000E-01
     1        320     1     2  0.320000E+01  0.320000E+01  0.100000E-01
     1        321     1     2  0.321000E+01  0.321000E+01  0.100000E-01
     1        322     1     2  0.322000E+01  0.322000E+01  0.100000E-01
     1        323     1     2  0.323000E+01  0.323000E+01  0.100000E-01
     1        324     1     2  0.324000E+01  0.324000E+01  0.100000E-01
     1        325     1     2  0.325000E+01  0.325000E+01  0.100000E-01
     1        326     1     2  0.326000E+01  0.326000E+01  0.100000E-01
     1        327     1     2  0.327000E+01  0.327000E+01  0.100000E-01
     1        328     1     2  0.328000E+01  0.328000E+01  0.100000E-01
     1        329     1     2  0.329000E+01  0.329000E+01  0.100000E-01
     1        330     1     2  0.330000E+01  0.330000E+01  0.100000E-01
     1        331     1     2  0.331000E+01  0.331000E+01  0.100000E-01
     1        332     1     2  0.332000E+01  0.332000E+01  0.100000E-01
     1        333     1     2  0.333000E+01  0.333000E+01  0.100000E-01
     1        334     1     2  0.334000E+01  0.334000E+01  0.100000E-01
     1        335     1     2  0.335000E+01  0.335000E+01  0.100000E-01
     1        336     1     2  0.336000E+01  0.336000E+01  0.100000E-01
     1        337     1     2  0.337000E+01  0.337000E+01  0.100000E-01
     1        338     1     2  0.338000E+01  0.338000E+01  0.100000E-01
     1        339     1     2  0.339000E+01  0.339000E+01  0.100000E-01
     1        340     1     2  0.340000E+01  0.340000E+01  0.100000E-01
     1        341     1     2  0.341000E+01  0.341000E+01  0.100000E-01
     1        342     1     2  0.342000E+01  0.342000E+01  0.100000E-01
     1        343     1     2  0.343000E+01  0.343000E+01  0.100000E-01
     1        344     1     2  0.344000E+01  0.344000E+01  0.100000E-01
     1        345     1     2  0.345000E+01  0.345000E+01  0.100000E-01
     1        346     1     2  0.346000E+01  0.346000E+01  0.100000E-01
     1        347     1     2  0.347000E+01  0.347000E+01  0.100000E-01
     1        348     1     2  0.348000E+01  0.348000E+01  0.100000E-01
     1        349     1     2  0.349000E+01  0.349000E+01  0.100000E-01
     1        350     1     2  0.350000E+01  0.350000E+01  0.100000E-01
     1        351     1     2  0.351000E+01  0.351000E+01  0.100000E-01
     1        352     1     2  0.352000E+01  0.352000E+01  0.100000E-01
     1        353     1     2  0.353000E+01  0.353000E+01  0.100000E-01
     1        354     1     2  0.354000E+01  0.354000E+01  0.100000E-01
     1        355     1     2  0.355000E+01  0.355000E+01  0.100000E-01
     1        356     1     2  0.356000E+01  0.356000E+01  0.100000E-01
     1        357     1     2  0.357000E+01  0.357000E+01  0.100000E-01
     1        358     1     2  0.358000E+01  0.358000E+01  0.100000E-01
     1        359     1     2  0.359000E+01  0.359000E+01  0.100000E-01
     1        360     1     2  0.360000E+01  0.360000E+01  0.100000E-01
     1        361     1     2  0.361000E+01  0.361000E+01  0.100000E-01
     1        362     1     2  0.362000E+01  0.362000E+01  0.100000E-01
     1        363     1     2  0.363000E+01  0.363000E+01  0.100000E-01
     1        364     1     2  0.364000E+01  0.364000E+01  0.100000E-01
     1        365     1     2  0.365000E+01  0.365000E+01  0.100000E-01
     1        366     1     2  0.366000E+01  0.366000E+01  0.100000E-01
     1        367     1     2  0.367000E+01  0.367000E+01  0.100000E-01
     1        368     1     2  0.368000E+01  0.368000E+01  0.100000E-01
     1        369     1     2  0.369000E+01  0.369000E+01  0.100000E-01
     1        370     1     2  0.370000E+01  0.370000E+01  0.100000E-01
     1        371     1     2  0.371000E+01  0.371000E+01  0.100000E-01
     1        372     1     2  0.372000E+01  0.372000E+01  0.100000E-01
     1        373     1     2  0.373000E+01  0.373000E+01  0.100000E-01
     1        374     1     2  0.374000E+01  0.374000E+01  0.100000E-01
     1        375     1     2  0.375000E+01  0.375000E+01  0.100000E-01
     1        376     1     2  0.376000E+01  0.376000E+01  0.100000E-01
     1        377     1     2  0.377000E+01  0.377000E+01  0.100000E-01
     1        378     1     2  0.378000E+01  0.378000E+01  0.100000E-01
     1        379     1     2  0.379000E+01  0.379000E+01  0.100000E-01
     1        380     1     2  0.380000E+01  0.380000E+01  0.100000E-01
     1        381     1     2  0.381000E+01  0.381000E+01  0.100000E-01
     1        382     1     2  0.382000E+01  0.382000E+01  0.100000E-01
     1        383     1     2  0.383000E+01  0.383000E+01  0.100000E-01
     1        384     1     2  0.384000E+01  0.384000E+01  0.100000E-01
     1        385     1     2  0.385000E+01  0.385000E+01  0.100000E-01
     1        386     1     2  0.386000E+01  0.386000E+01  0.100000E-01
     1        387     1     2  0.387000E+01  0.387000E+01  0.100000E-01
     1        388     1     2  0.388000E+01  0.388000E+01  0.100000E-01
     1        389     1     2  0.389000E+01  0.389000E+01  0.100000E-01
     1        390     1     2  0.390000E+01  0.390000E+01  0.100000E-01
     1        391     1     2  0.391000E+01  0.391000E+01  0.100000E-01
     1        392     1     2  0.392000E+01  0.392000E+01  0.100000E-01
     1        393     1     2  0.393000E+01  0.393000E+01  0.100000E-01
     1        394     1     2  0.394000E+01  0.394000E+01  0.100000E-01
     1        395     1     2  0.395000E+01  0.395000E+01  0.100000E-01
     1        396     1     2  0.396000E+01  0.396000E+01  0.100000E-01
     1        397     1     2  0.397000E+01  0.397000E+01  0.100000E-01
     1        398     1     2  0.398000E+01  0.398000E+01  0.100000E-01
     1        399     1     2  0.399000E+01  0.399000E+01  0.100000E-01
     1        400     1     2  0.400000E+01  0.400000E+01  0.100000E-01
     1        401     1     2  0.401000E+01  0.401000E+01  0.100000E-01
     1        402     1     2  0.402000E+01  0.402000E+01  0.100000E-01
     1        403     1     2  0.403000E+01  0.403000E+01  0.100000E-01
     1        404     1     2  0.404000E+01  0.404000E+01  0.100000E-01
     1        405     1     2  0.405000E+01  0.405000E+01  0.100000E-01
     1        406     1     2  0.406000E+01  0.406000E+01  0.100000E-01
     1        407     1     2  0.407000E+01  0.407000E+01  0.100000E-01
     1        408     1     2  0.408000E+01  0.408000E+01  0.100000E-01
     1        409     1     2  0.409000E+01  0.409000E+01  0.100000E-01
     1        410     1     2  0.410000E+01  0.410000E+01  0.100000E-01
     1        411     1     2  0.411000E+01  0.411000E+01  0.100000E-01
     1        412     1     2  0.412000E+01  0.412000E+01  0.100000E-01
     1        413     1     2  0.413000E+01  0.413000E+01  0.100000E-01
     1        414     1     2  0.414000E+01  0.414000E+01  0.100000E-01
     1        415     1     2  0.415000E+01  0.415000E+01  0.100000E-01
     1        416     1     2  0.416000E+01  0.416000E+01  0.100000E-01
     1        417     1     2  0.417000E+01  0.417000E+01  0.100000E-01
     1        418     1     2  0.418000E+01  0.418000E+01  0.100000E-01
     1        419     1     2  0.419000E+01  0.419000E+01  0.100000E-01
     1        420     1     2  0.420000E+01  0.420000E+01  0.100000E-01
     1        421     1     2  0.421000E+01  0.421000E+01  0.100000E-01
     1        422     1     2  0.422000E+01  0.422000E+01  0.100000E-01
     1        423     1     2  0.423000E+01  0.423000E+01  0.100000E-01
     1        424     1     2  0.424000E+01  0.424000E+01  0.100000E-01
     1        425     1     2  0.425000E+01  0.425000E+01  0.100000E-01
     1        426     1     2  0.426000E+01  0.426000E+01  0.100000E-01
     1        427     1     2  0.427000E+01  0.427000E+01  0.100000E-01
     1        428     1     2  0.428000E+01  0.428000E+01  0.100000E-01
     1        429     1     2  0.429000E+01  0.429000E+01  0.100000E-01
     1        430     1     2  0.430000E+01  0.430000E+01  0.100000E-01
     1        431     1     2  0.431000E+01  0.431000E+01  0.100000E-01
     1        432     1     2  0.432000E+01  0.432000E+01  0.100000E-01
     1        433     1     2  0.433000E+01  0.433000E+01  0.100000E-01
     1        434     1     2  0.434000E+01  0.434000E+01  0.100000E-01
     1        435     1     2  0.435000E+01  0.435000E+01  0.100000E-01
     1        436     1     2  0.436000E+01  0.436000E+01  0.100000E-01
     1        437     1     2  0.437000E+01  0.437000E+01  0.100000E-01
     1        438     1     2  0.438000E+01  0.438000E+01  0.100000E-01
     1        439     1     2  0.439000E+01  0.439000E+01  0.100000E-01
     1        440     1     2  0.440000E+01  0.440000E+01  0.100000E-01
     1        441     1     2  0.441000E+01  0.441000E+01  0.100000E-01
     1        442     1     2  0.442000E+01  0.442000E+01  0.100000E-01
     1        443     1     2  0.443000E+01  0.443000E+01  0.100000E-01
     1        444     1     2  0.444000E+01  0.444000E+01  0.100000E-01
     1        445     1     2  0.445000E+01  0.445000E+01  0.100000E-01
     1        446     1     2  0.446000E+01  0.446000E+01  0.100000E-01
     1        447     1     2  0.447000E+01  0.447000E+01  0.100000E-01
     1        448     1     2  0.448000E+01  0.448000E+01  0.100000E-01
     1        449     1     2  0.449000E+01  0.449000E+01  0.100000E-01
     1        450     1     2  0.450000E+01  0.450000E+01  0.100000E-01
     1        451     1     2  0.451000E+01  0.451000E+01  0.100000E-01
     1        452     1     2  0.452000E+01  0.452000E+01  0.100000E-01
     1        453     1     2  0.453000E+01  0.453000E+01  0.100000E-01
     1        454     1     2  0.454000E+01  0.454000E+01  0.100000E-01
     1        455     1     2  0.455000E+01  0.455000E+01  0.100000E-01
     1        456     1     2  0.456000E+01  0.456000E+01  0.100000E-01
     1        457     1     2  0.457000E+01  0.457000E+01  0.100000E-01
     1        458     1     2  0.458000E+01  0.458000E+01  0.100000E-01
     1        459     1     2  0.459000E+01  0.459000E+01  0.100000E-01
     1        460     1     2  0.460000E+01  0.460000E+01  0.100000E-01
     1        461     1     2  0.461000E+01  0.461000E+01  0.100000E-01
     1        462     1     2  0.462000E+01  0.462000E+01  0.100000E-01
     1        463     1     2  0.463000E+01  0.463000E+01  0.100000E-01
     1        464     1     2  0.464000E+01  0.464000E+01  0.100000E-01
     1        465     1     2  0.465000E+01  0.465000E+01  0.100000E-01
     1        466     1     2  0.466000E+01  0.466000E+01  0.100000E-01
     1        467     1     2  0.467000E+01  0.467000E+01  0.100000E-01
     1        468     1     2  0.468000E+01  0.468000E+01  0.100000E-01
     1        469     1     2  0.469000E+01  0.469000E+01  0.100000E-01
     1        470     1     2  0.470000E+01  0.470000E+01  0.100000E-01
     1        471     1     2  0.471000E+01  0.471000E+01  0.100000E-01
     1        472     1     2  0.472000E+01  0.472000E+01  0.100000E-01
     1        473     1     2  0.473000E+01  0.473000E+01  0.100000E-01
     1        474     1     2  0.474000E+01  0.474000E+01  0.100000E-01
     1        475     1     2  0.475000E+01  0.475000E+01  0.100000E-01
     1        476     1     2  0.476000E+01  0.476000E+01  0.100000E-01
     1        477     1     2  0.477000E+01  0.477000E+01  0.100000E-01
     1        478     1     2  0.478000E+01  0.478000E+01  0.100000E-01
     1        479     1     2  0.479000E+01  0.479000E+01  0.100000E-01
     1        480     1     2  0.480000E+01  0.480000E+01  0.100000E-01
     1        481     1     2  0.481000E+01  0.481000E+01  0.100000E-01
     1        482     1     2  0.482000E+01  0.482000E+01  0.100000E-01
     1        483     1     2  0.483000E+01  0.483000E+01  0.100000E-01
     1        484     1     2  0.484000E+01  0.484000E+01  0.100000E-01
     1        485     1     2  0.485000E+01  0.485000E+01  0.100000E-01
     1        486     1     2  0.486000E+01  0.486000E+01  0.100000E-01
     1        487     1     2  0.487000E+01  0.487000E+01  0.100000E-01
     1        488     1     2  0.488000E+01  0.488000E+01  0.100000E-01
     1        489     1     2  0.489000E+01  0.489000E+01  0.100000E-01
     1        490     1     2  0.490000E+01  0.490000E+01  0.100000E-01
     1        491     1     2  0.491000E+01  0.491000E+01  0.100000E-01
     1        492     1     2  0.492000E+01  0.492000E+01  0.100000E-01
     1        493     1     2  0.493000E+01  0.493000E+01  0.100000E-01
     1        494     1     2  0.494000E+01  0.494000E+01  0.100000E-01
     1        495     1     2  0.495000E+01  0.495000E+01  0.100000E-01
     1        496     1     2  0.496000E+01  0.496000E+01  0.100000E-01
     1        497     1     2  0.497000E+01  0.497000E+01  0.100000E-01
     1        498     1     2  0.498000E+01  0.498000E+01  0.100000E-01
     1        499     1     2  0.499000E+01  0.499000E+01  0.100000E-01
     1        500     1     2  0.500000E+01  0.500000E+01  0.100000E-01
     1        501     1     2  0.501000E+01  0.501000E+01  0.100000E-01
     1        502     1     2  0.502000E+01  0.502000E+01  0.100000E-01
     1        503     1     2  0.503000E+01  0.503000E+01  0.100000E-01
     1        504     1     2  0.504000E+01  0.504000E+01  0.100000E-01
     1        505     1     2  0.505000E+01  0.505000E+01  0.100000E-01
     1        506     1     2  0.506000E+01  0.506000E+01  0.100000E-01
     1        507     1     2  0.507000E+01  0.507000E+01  0.100000E-01
     1        508     1     2  0.508000E+01  0.508000E+01  0.100000E-01
     1        509     1     2  0.509000E+01  0.509000E+01  0.100000E-01
     1        510     1     2  0.510000E+01  0.510000E+01  0.100000E-01
     1        511     1     2  0.511000E+01  0.511000E+01  0.100000E-01
     1        512     1     2  0.512000E+01  0.512000E+01  0.100000E-01
     1        513     1     2  0.513000E+01  0.513000E+01  0.100000E-01
     1        514     1     2  0.514000E+01  0.514000E+01  0.100000E-01
     1        515     1     2  0.515000E+01  0.515000E+01  0.100000E-01
     1        516     1     2  0.516000E+01  0.516000E+01  0.100000E-01
     1        517     1     2  0.517000E+01  0.517000E+01  0.100000E-01
     1        518     1     2  0.518000E+01  0.518000E+01  0.100000E-01
     1        519     1     2  0.519000E+01  0.519000E+01  0.100000E-01
     1        520     1     2  0.520000E+01  0.520000E+01  0.100000E-01
     1        521     1     2  0.521000E+01  0.521000E+01  0.100000E-01
     1        522     1     2  0.522000E+01  0.522000E+01  0.100000E-01
     1        523     1     2  0.523000E+01  0.523000E+01  0.100000E-01
     1        524     1     2  0.524000E+01  0.524000E+01  0.100000E-01
     1        525     1     2  0.525000E+01  0.525000E+01  0.100000E-01
     1        526     1     2  0.526000E+01  0.526000E+01  0.100000E-01
     1        527     1     2  0.527000E+01  0.527000E+01  0.100000E-01
     1        528     1     2  0.528000E+01  0.528000E+01  0.100000E-01
     1        529     1     2  0.529000E+01  0.529000E+01  0.100000E-01
     1        530     1     2  0.530000E+01  0.530000E+01  0.100000E-01
     1        531     1     2  0.531000E+01  0.531000E+01  0.100000E-01
     1        532     1     2  0.532000E+01  0.532000E+01  0.100000E-01
     1        533     1     2  0.533000E+01  0.533000E+01  0.100000E-01
     1        534     1     2  0.534000E+01  0.534000E+01  0.100000E-01
     1        535     1     2  0.535000E+01  0.535000E+01  0.100000E-01
     1        536     1     2  0.536000E+01  0.536000E+01  0.100000E-01
     1        537     1     2  0.537000E+01  0.537000E+01  0.100000E-01
     1        538     1     2  0.538000E+01  0.538000E+01  0.100000E-01
     1        539     1     2  0.539000E+01  0.539000E+01  0.100000E-01
     1        540     1     2  0.540000E+01  0.540000E+01  0.100000E-01
     1        541     1     2  0.541000E+01  0.541000E+01  0.100000E-01
     1        542     1     2  0.542000E+01  0.542000E+01  0.100000E-01
     1        543     1     2  0.543000E+01  0.543000E+01  0.100000E-01
     1        544     1     2  0.544000E+01  0.544000E+01  0.100000E-01
     1        545     1     2  0.545000E+01  0.545000E+01  0.100000E-01
     1        546     1     2  0.546000E+01  0.546000E+01  0.100000E-01
     1        547     1     2  0.547000E+01  0.547000E+01  0.100000E-01
     1        548     1     2  0.548000E+01  0.548000E+01  0.100000E-01
     1        549     1     2  0.549000E+01  0.549000E+01  0.100000E-01
     1        550     1     2  0.550000E+01  0.550000E+01  0.100000E-01
     1        551     1     2  0.551000E+01  0.551000E+01  0.100000E-01
     1        552     1     2  0.552000E+01  0.552000E+01  0.100000E-01
     1        553     1     2  0.553000E+01  0.553000E+01  0.100000E-01
     1        554     1     2  0.554000E+01  0.554000E+01  0.100000E-01
     1        555     1     2  0.555000E+01  0.555000E+01  0.100000E-01
     1        556     1     2  0.556000E+01  0.556000E+01  0.100000E-01
     1        557     1     2  0.557000E+01  0.557000E+01  0.100000E-01
     1        558     1     2  0.558000E+01  0.558000E+01  0.100000E-01
     1        559     1     2  0.559000E+01  0.559000E+01  0.100000E-01
     1        560     1     2  0.560000E+01  0.560000E+01  0.100000E-01
     1        561     1     2  0.561000E+01  0.561000E+01  0.100000E-01
     1        562     1     2  0.562000E+01  0.562000E+01  0.100000E-01
     1        563     1     2  0.563000E+01  0.563000E+01  0.100000E-01
     1        564     1     2  0.564000E+01  0.564000E+01  0.100000E-01
     1        565     1     2  0.565000E+01  0.565000E+01  0.100000E-01
     1        566     1     2  0.566000E+01  0.566000E+01  0.100000E-01
     1        567     1     2  0.567000E+01  0.567000E+01  0.100000E-01
     1        568     1     2  0.568000E+01  0.568000E+01  0.100000E-01
     1        569     1     2  0.569000E+01  0.569000E+01  0.100000E-01
     1        570     1     2  0.570000E+01  0.570000E+01  0.100000E-01
     1        571     1     2  0.571000E+01  0.571000E+01  0.100000E-01
     1        572     1     2  0.572000E+01  0.572000E+01  0.100000E-01
     1        573     1     2  0.573000E+01  0.573000E+01  0.100000E-01
     1        574     1     2  0.574000E+01  0.574000E+01  0.100000E-01
     1        575     1     2  0.575000E+01  0.575000E+01  0.100000E-01
     1        576     1     2  0.576000E+01  0.576000E+01  0.100000E-01
     1        577     1     2  0.577000E+01  0.577000E+01  0.100000E-01
     1        578     1     2  0.578000E+01  0.578000E+01  0.100000E-01
     1        579     1     2  0.579000E+01  0.579000E+01  0.100000E-01
     1        580     1     2  0.580000E+01  0.580000E+01  0.100000E-01
     1        581     1     2  0.581000E+01  0.581000E+01  0.100000E-01
     1        582     1     2  0.582000E+01  0.582000E+01  0.100000E-01
     1        583     1     2  0.583000E+01  0.583000E+01  0.100000E-01
     1        584     1     2  0.584000E+01  0.584000E+01  0.100000E-01
     1        585     1     2  0.585000E+01  0.585000E+01  0.100000E-01
     1        586     1     2  0.586000E+01  0.586000E+01  0.100000E-01
     1        587     1     2  0.587000E+01  0.587000E+01  0.100000E-01
     1        588     1     2  0.588000E+01  0.588000E+01  0.100000E-01
     1        589     1     2  0.589000E+01  0.589000E+01  0.100000E-01
     1        590     1     2  0.590000E+01  0.590000E+01  0.100000E-01
     1        591     1     2  0.591000E+01  0.591000E+01  0.100000E-01
     1        592     1     2  0.592000E+01  0.592000E+01  0.100000E-01
     1        593     1     2  0.593000E+01  0.593000E+01  0.100000E-01
     1        594     1     2  0.594000E+01  0.594000E+01  0.100000E-01
     1        595     1     2  0.595000E+01  0.595000E+01  0.100000E-01
     1        596     1     2  0.596000E+01  0.596000E+01  0.100000E-01
     1        597     1     2  0.597000E+01  0.597000E+01  0.100000E-01
     1        598     1     2  0.598000E+01  0.598000E+01  0.100000E-01
     1        599     1     2  0.599000E+01  0.599000E+01  0.100000E-01
     1        600     1     2  0.600000E+01  0.600000E+01  0.100000E-01
     1        601     1     2  0.601000E+01  0.601000E+01  0.100000E-01
     1        602     1     2  0.602000E+01  0.602000E+01  0.100000E-01
     1        603     1     2  0.603000E+01  0.603000E+01  0.100000E-01
     1        604     1     2  0.604000E+01  0.604000E+01  0.100000E-01
     1        605     1     2  0.605000E+01  0.605000E+01  0.100000E-01
     1        606     1     2  0.606000E+01  0.606000E+01  0.100000E-01
     1        607     1     2  0.607000E+01  0.607000E+01  0.100000E-01
     1        608     1     2  0.608000E+01  0.608000E+01  0.100000E-01
     1        609     1     2  0.609000E+01  0.609000E+01  0.100000E-01
     1        610     1     2  0.610000E+01  0.610000E+01  0.100000E-01
     1        611     1     2  0.611000E+01  0.611000E+01  0.100000E-01
     1        612     1     2  0.612000E+01  0.612000E+01  0.100000E-01
     1        613     1     2  0.613000E+01  0.613000E+01  0.100000E-01
     1        614     1     2  0.614000E+01  0.614000E+01  0.100000E-01
     1        615     1     2  0.615000E+01  0.615000E+01  0.100000E-01
     1        616     1     2  0.616000E+01  0.616000E+01  0.100000E-01
     1        617     1     2  0.617000E+01  0.617000E+01  0.100000E-01
     1        618     1     2  0.618000E+01  0.618000E+01  0.100000E-01
     1        619     1     2  0.619000E+01  0.619000E+01  0.100000E-01
     1        620     1     2  0.620000E+01  0.620000E+01  0.100000E-01
     1        621     1     2  0.621000E+01  0.621000E+01  0.100000E-01
     1        622     1     2  0.622000E+01  0.622000E+01  0.100000E-01
     1        623     1     2  0.623000E+01  0.623000E+01  0.100000E-01
     1        624     1     2  0.624000E+01  0.624000E+01  0.100000E-01
     1        625     1     2  0.625000E+01  0.625000E+01  0.100000E-01
     1        626     1     2  0.626000E+01  0.626000E+01  0.100000E-01
     1        627     1     2  0.627000E+01  0.627000E+01  0.100000E-01
     1        628     1     2  0.628000E+01  0.628000E+01  0.100000E-01
     1        629     1     2  0.629000E+01  0.629000E+01  0.100000E-01
     1        630     1     2  0.630000E+01  0.630000E+01  0.100000E-01
     1        631     1     2  0.631000E+01  0.631000E+01  0.100000E-01
     1        632     1     2  0.632000E+01  0.632000E+01  0.100000E-01
     1        633     1     2  0.633000E+01  0.633000E+01  0.100000E-01
     1        634     1     2  0.634000E+01  0.634000E+01  0.100000E-01
     1        635     1     2  0.635000E+01  0.635000E+01  0.100000E-01
     1        636     1     2  0.636000E+01  0.636000E+01  0.100000E-01
     1        637     1     2  0.637000E+01  0.637000E+01  0.100000E-01
     1        638     1     2  0.638000E+01  0.638000E+01  0.100000E-01
     1        639     1     2  0.639000E+01  0.639000E+01  0.100000E-01
     1        640     1     2  0.640000E+01  0.640000E+01  0.100000E-01
     1        641     1     2  0.641000E+01  0.641000E+01  0.100000E-01
     1        642     1     2  0.642000E+01  0.642000E+01  0.100000E-01
     1        643     1     2  0.643000E+01  0.643000E+01  0.100000E-01
     1        644     1     2  0.644000E+01  0.644000E+01  0.100000E-01
     1        645     1     2  0.645000E+01  0.645000E+01  0.100000E-01
     1        646     1     2  0.646000E+01  0.646000E+01  0.100000E-01
     1        647     1     2  0.647000E+01  0.647000E+01  0.100000E-01
     1        648     1     2  0.648000E+01  0.648000E+01  0.100000E-01
     1        649     1     2  0.649000E+01  0.649000E+01  0.100000E-01
     1        650     1     2  0.650000E+01  0.650000E+01  0.100000E-01
     1        651     1     2  0.651000E+01  0.651000E+01  0.100000E-01
     1        652     1     2  0.652000E+01  0.652000E+01  0.100000E-01
     1        653     1     2  0.653000E+01  0.653000E+01  0.100000E-01
     1        654     1     2  0.654000E+01  0.654000E+01  0.100000E-01
     1        655     1     2  0.655000E+01  0.655000E+01  0.100000E-01
     1        656     1     2  0.656000E+01  0.656000E+01  0.100000E-01
     1        657     1     2  0.657000E+01  0.657000E+01  0.100000E-01
     1        658     1     2  0.658000E+01  0.658000E+01  0.100000E-01
     1        659     1     2  0.659000E+01  0.659000E+01  0.100000E-01
     1        660     1     2  0.660000E+01  0.660000E+01  0.100000E-01
     1        661     1     2  0.661000E+01  0.661000E+01  0.100000E-01
     1        662     1     2  0.662000E+01  0.662000E+01  0.100000E-01
     1        663     1     2  0.663000E+01  0.663000E+01  0.100000E-01
     1        664     1     2  0.664000E+01  0.664000E+01  0.100000E-01
     1        665     1     2  0.665000E+01  0.665000E+01  0.100000E-01
     1        666     1     2  0.666000E+01  0.666000E+01  0.100000E-01
     1        667     1     2  0.667000E+01  0.667000E+01  0.100000E-01
     1        668     1     2  0.668000E+01  0.668000E+01  0.100000E-01
     1        669     1     2  0.669000E+01  0.669000E+01  0.100000E-01
     1        670     1     2  0.670000E+01  0.670000E+01  0.100000E-01
     1        671     1     2  0.671000E+01  0.671000E+01  0.100000E-01
     1        672     1     2  0.672000E+01  0.672000E+01  0.100000E-01
     1        673     1     2  0.673000E+01  0.673000E+01  0.100000E-01
     1        674     1     2  0.674000E+01  0.674000E+01  0.100000E-01
     1        675     1     2  0.675000E+01  0.675000E+01  0.100000E-01
     1        676     1     2  0.676000E+01  0.676000E+01  0.100000E-01
     1        677     1     2  0.677000E+01  0.677000E+01  0.100000E-01
     1        678     1     2  0.678000E+01  0.678000E+01  0.100000E-01
     1        679     1     2  0.679000E+01  0.679000E+01  0.100000E-01
     1        680     1     2  0.680000E+01  0.680000E+01  0.100000E-01
     1        681     1     2  0.681000E+01  0.681000E+01  0.100000E-01
     1        682     1     2  0.682000E+01  0.682000E+01  0.100000E-01
     1        683     1     2  0.683000E+01  0.683000E+01  0.100000E-01
     1        684     1     2  0.684000E+01  0.684000E+01  0.100000E-01
     1        685     1     2  0.685000E+01  0.685000E+01  0.100000E-01
     1        686     1     2  0.686000E+01  0.686000E+01  0.100000E-01
     1        687     1     2  0.687000E+01  0.687000E+01  0.100000E-01
     1        688     1     2  0.688000E+01  0.688000E+01  0.100000E-01
     1        689     1     2  0.689000E+01  0.689000E+01  0.100000E-01
     1        690     1     2  0.690000E+01  0.690000E+01  0.100000E-01
     1        691     1     2  0.691000E+01  0.691000E+01  0.100000E-01
     1        692     1     2  0.692000E+01  0.692000E+01  0.100000E-01
     1        693     1     2  0.693000E+01  0.693000E+01  0.100000E-01
     1        694     1     2  0.694000E+01  0.694000E+01  0.100000E-01
     1        695     1     2  0.695000E+01  0.695000E+01  0.100000E-01
     1        696     1     2  0.696000E+01  0.696000E+01  0.100000E-01
     1        697     1     2  0.697000E+01  0.697000E+01  0.100000E-01
     1        698     1     2  0.698000E+01  0.698000E+01  0.100000E-01
     1        699     1     2  0.699000E+01  0.699000E+01  0.100000E-01
     1        700     1     2  0.700000E+01  0.700000E+01  0.100000E-01
     1        701     1     2  0.701000E+01  0.701000E+01  0.100000E-01
     1        702     1     2  0.702000E+01  0.702000E+01  0.100000E-01
     1        703     1     2  0.703000E+01  0.703000E+01  0.100000E-01
     1        704     1     2  0.704000E+01  0.704000E+01  0.100000E-01
     1        705     1     2  0.705000E+01  0.705000E+01  0.100000E-01
     1        706     1     2  0.706000E+01  0.706000E+01  0.100000E-01
     1        707     1     2  0.707000E+01  0.707000E+01  0.100000E-01
     1        708     1     2  0.708000E+01  0.708000E+01  0.100000E-01
     1        709     1     2  0.709000E+01  0.709000E+01  0.100000E-01
     1        710     1     2  0.710000E+01  0.710000E+01  0.100000E-01
     1        711     1     2  0.711000E+01  0.711000E+01  0.100000E-01
     1        712     1     2  0.712000E+01  0.712000E+01  0.100000E-01
     1        713     1     2  0.713000E+01  0.713000E+01  0.100000E-01
     1        714     1     2  0.714000E+01  0.714000E+01  0.100000E-01
     1        715     1     2  0.715000E+01  0.715000E+01  0.100000E-01
     1        716     1     2  0.716000E+01  0.716000E+01  0.100000E-01
     1        717     1     2  0.717000E+01  0.717000E+01  0.100000E-01
     1        718     1     2  0.718000E+01  0.718000E+01  0.100000E-01
     1        719     1     2  0.719000E+01  0.719000E+01  0.100000E-01
     1        720     1     2  0.720000E+01  0.720000E+01  0.100000E-01
     1        721     1     2  0.721000E+01  0.721000E+01  0.100000E-01
     1        722     1     2  0.722000E+01  0.722000E+01  0.100000E-01
     1        723     1     2  0.723000E+01  0.723000E+01  0.100000E-01
     1        724     1     2  0.724000E+01  0.724000E+01  0.100000E-01
     1        725     1     2  0.725000E+01  0.725000E+01  0.100000E-01
     1        726     1     2  0.726000E+01  0.726000E+01  0.100000E-01
     1        727     1     2  0.727000E+01  0.727000E+01  0.100000E-01
     1        728     1     2  0.728000E+01  0.728000E+01  0.100000E-01
     1        729     1     2  0.729000E+01  0.729000E+01  0.100000E-01
     1        730     1     2  0.730000E+01  0.730000E+01  0.100000E-01
     1        731     1     2  0.731000E+01  0.731000E+01  0.100000E-01
     1        732     1     2  0.732000E+01  0.732000E+01  0.100000E-01
     1        733     1     2  0.733000E+01  0.733000E+01  0.100000E-01
     1        734     1     2  0.734000E+01  0.734000E+01  0.100000E-01
     1        735     1     2  0.735000E+01  0.735000E+01  0.100000E-01
     1        736     1     2  0.736000E+01  0.736000E+01  0.100000E-01
     1        737     1     2  0.737000E+01  0.737000E+01  0.100000E-01
     1        738     1     2  0.738000E+01  0.738000E+01  0.100000E-01
     1        739     1     2  0.739000E+01  0.739000E+01  0.100000E-01
     1        740     1     2  0.740000E+01  0.740000E+01  0.100000E-01
     1        741     1     2  0.741000E+01  0.741000E+01  0.100000E-01
     1        742     1     2  0.742000E+01  0.742000E+01  0.100000E-01
     1        743     1     2  0.743000E+01  0.743000E+01  0.100000E-01
     1        744     1     2  0.744000E+01  0.744000E+01  0.100000E-01
     1        745     1     2  0.745000E+01  0.745000E+01  0.100000E-01
     1        746     1     2  0.746000E+01  0.746000E+01  0.100000E-01
     1        747     1     2  0.747000E+01  0.747000E+01  0.100000E-01
     1        748     1     2  0.748000E+01  0.748000E+01  0.100000E-01
     1        749     1     2  0.749000E+01  0.749000E+01  0.100000E-01
     1        750     1     2  0.750000E+01  0.750000E+01  0.100000E-01
     1        751     1     2  0.751000E+01  0.751000E+01  0.100000E-01
     1        752     1     2  0.752000E+01  0.752000E+01  0.100000E-01
     1        753     1     2  0.753000E+01  0.753000E+01  0.100000E-01
     1        754     1     2  0.754000E+01  0.754000E+01  0.100000E-01
     1        755     1     2  0.755000E+01  0.755000E+01  0.100000E-01
     1        756     1     2  0.756000E+01  0.756000E+01  0.100000E-01
     1        757     1     2  0.757000E+01  0.757000E+01  0.100000E-01
     1        758     1     2  0.758000E+01  0.758000E+01  0.100000E-01
     1        759     1     2  0.759000E+01  0.759000E+01  0.100000E-01
     1        760     1     2  0.760000E+01  0.760000E+01  0.100000E-01
     1        761     1     2  0.761000E+01  0.761000E+01  0.100000E-01
     1        762     1     2  0.762000E+01  0.762000E+01  0.100000E-01
     1        763     1     2  0.763000E+01  0.763000E+01  0.100000E-01
     1        764     1     2  0.764000E+01  0.764000E+01  0.100000E-01
     1        765     1     2  0.765000E+01  0.765000E+01  0.100000E-01
     1        766     1     2  0.766000E+01  0.766000E+01  0.100000E-01
     1        767     1     2  0.767000E+01  0.767000E+01  0.100000E-01
     1        768     1     2  0.768000E+01  0.768000E+01  0.100000E-01
     1        769     1     2  0.769000E+01  0.769000E+01  0.100000E-01
     1        770     1     2  0.770000E+01  0.770000E+01  0.100000E-01
     1        771     1     2  0.771000E+01  0.771000E+01  0.100000E-01
     1        772     1     2  0.772000E+01  0.772000E+01  0.100000E-01
     1        773     1     2  0.773000E+01  0.773000E+01  0.100000E-01
     1        774     1     2  0.774000E+01  0.774000E+01  0.100000E-01
     1        775     1     2  0.775000E+01  0.775000E+01  0.100000E-01
     1        776     1     2  0.776000E+01  0.776000E+01  0.100000E-01
     1        777     1     2  0.777000E+01  0.777000E+01  0.100000E-01
     1        778     1     2  0.778000E+01  0.778000E+01  0.100000E-01
     1        779     1     2  0.779000E+01  0.779000E+01  0.100000E-01
     1        780     1     2  0.780000E+01  0.780000E+01  0.100000E-01
     1        781     1     2  0.781000E+01  0.781000E+01  0.100000E-01
     1        782     1     2  0.782000E+01  0.782000E+01  0.100000E-01
     1        783     1     2  0.783000E+01  0.783000E+01  0.100000E-01
     1        784     1     2  0.784000E+01  0.784000E+01  0.100000E-01
     1        785     1     2  0.785000E+01  0.785000E+01  0.100000E-01
     1        786     1     2  0.786000E+01  0.786000E+01  0.100000E-01
     1        787     1     2  0.787000E+01  0.787000E+01  0.100000E-01
     1        788     1     2  0.788000E+01  0.788000E+01  0.100000E-01
     1        789     1     2  0.789000E+01  0.789000E+01  0.100000E-01
     1        790     1     2  0.790000E+01  0.790000E+01  0.100000E-01
     1        791     1     2  0.791000E+01  0.791000E+01  0.100000E-01
     1        792     1     2  0.792000E+01  0.792000E+01  0.100000E-01
     1        793     1     2  0.793000E+01  0.793000E+01  0.100000E-01
     1        794     1     2  0.794000E+01  0.794000E+01  0.100000E-01
     1        795     1     2  0.795000E+01  0.795000E+01  0.100000E-01
     1        796     1     2  0.796000E+01  0.796000E+01  0.100000E-01
     1        797     1     2  0.797000E+01  0.797000E+01  0.100000E-01
     1        798     1     2  0.798000E+01  0.798000E+01  0.100000E-01
     1        799     1     2  0.799000E+01  0.799000E+01  0.100000E-01
     1        800     1     2  0.800000E+01  0.800000E+01  0.100000E-01
     1        801     1     2  0.801000E+01  0.801000E+01  0.100000E-01
     1        802     1     2  0.802000E+01  0.802000E+01  0.100000E-01
     1        803     1     2  0.803000E+01  0.803000E+01  0.100000E-01
     1        804     1     2  0.804000E+01  0.804000E+01  0.100000E-01
     1        805     1     2  0.805000E+01  0.805000E+01  0.100000E-01
     1        806     1     2  0.806000E+01  0.806000E+01  0.100000E-01
     1        807     1     2  0.807000E+01  0.807000E+01  0.100000E-01
     1        808     1     2  0.808000E+01  0.808000E+01  0.100000E-01
     1        809     1     2  0.809000E+01  0.809000E+01  0.100000E-01
     1        810     1     2  0.810000E+01  0.810000E+01  0.100000E-01
     1        811     1     2  0.811000E+01  0.811000E+01  0.100000E-01
     1        812     1     2  0.812000E+01  0.812000E+01  0.100000E-01
     1        813     1     2  0.813000E+01  0.813000E+01  0.100000E-01
     1        814     1     2  0.814000E+01  0.814000E+01  0.100000E-01
     1        815     1     2  0.815000E+01  0.815000E+01  0.100000E-01
     1        816     1     2  0.816000E+01  0.816000E+01  0.100000E-01
     1        817     1     2  0.817000E+01  0.817000E+01  0.100000E-01
     1        818     1     2  0.818000E+01  0.818000E+01  0.100000E-01
     1        819     1     2  0.819000E+01  0.819000E+01  0.100000E-01
     1        820     1     2  0.820000E+01  0.820000E+01  0.100000E-01
     1        821     1     2  0.821000E+01  0.821000E+01  0.100000E-01
     1        822     1     2  0.822000E+01  0.822000E+01  0.100000E-01
     1        823     1     2  0.823000E+01  0.823000E+01  0.100000E-01
     1        824     1     2  0.824000E+01  0.824000E+01  0.100000E-01
     1        825     1     2  0.825000E+01  0.825000E+01  0.100000E-01
     1        826     1     2  0.826000E+01  0.826000E+01  0.100000E-01
     1        827     1     2  0.827000E+01  0.827000E+01  0.100000E-01
     1        828     1     2  0.828000E+01  0.828000E+01  0.100000E-01
     1        829     1     2  0.829000E+01  0.829000E+01  0.100000E-01
     1        830     1     2  0.830000E+01  0.830000E+01  0.100000E-01
     1        831     1     2  0.831000E+01  0.831000E+01  0.100000E-01
     1        832     1     2  0.832000E+01  0.832000E+01  0.100000E-01
     1        833     1     2  0.833000E+01  0.833000E+01  0.100000E-01
     1        834     1     2  0.834000E+01  0.834000E+01  0.100000E-01
     1        835     1     2  0.835000E+01  0.835000E+01  0.100000E-01
     1        836     1     2  0.836000E+01  0.836000E+01  0.100000E-01
     1        837     1     2  0.837000E+01  0.837000E+01  0.100000E-01
     1        838     1     2  0.838000E+01  0.838000E+01  0.100000E-01
     1        839     1     2  0.839000E+01  0.839000E+01  0.100000E-01
     1        840     1     2  0.840000E+01  0.840000E+01  0.100000E-01
     1        841     1     2  0.841000E+01  0.841000E+01  0.100000E-01
     1        842     1     2  0.842000E+01  0.842000E+01  0.100000E-01
     1        843     1     2  0.843000E+01  0.843000E+01  0.100000E-01
     1        844     1     2  0.844000E+01  0.844000E+01  0.100000E-01
     1        845     1     2  0.845000E+01  0.845000E+01  0.100000E-01
     1        846     1     2  0.846000E+01  0.846000E+01  0.100000E-01
     1        847     1     2  0.847000E+01  0.847000E+01  0.100000E-01
     1        848     1     2  0.848000E+01  0.848000E+01  0.100000E-01
     1        849     1     2  0.849000E+01  0.849000E+01  0.100000E-01
     1        850     1     2  0.850000E+01  0.850000E+01  0.100000E-01
     1        851     1     2  0.851000E+01  0.851000E+01  0.100000E-01
     1        852     1     2  0.852000E+01  0.852000E+01  0.100000E-01
     1        853     1     2  0.853000E+01  0.853000E+01  0.100000E-01
     1        854     1     2  0.854000E+01  0.854000E+01  0.100000E-01
     1        855     1     2  0.855000E+01  0.855000E+01  0.100000E-01
     1        856     1     2  0.856000E+01  0.856000E+01  0.100000E-01
     1        857     1     2  0.857000E+01  0.857000E+01  0.100000E-01
     1        858     1     2  0.858000E+01  0.858000E+01  0.100000E-01
     1        859     1     2  0.859000E+01  0.859000E+01  0.100000E-01
     1        860     1     2  0.860000E+01  0.860000E+01  0.100000E-01
     1        861     1     2  0.861000E+01  0.861000E+01  0.100000E-01
     1        862     1     2  0.862000E+01  0.862000E+01  0.100000E-01
     1        863     1     2  0.863000E+01  0.863000E+01  0.100000E-01
     1        864     1     2  0.864000E+01  0.864000E+01  0.100000E-01
     1        865     1     2  0.865000E+01  0.865000E+01  0.100000E-01
     1        866     1     2  0.866000E+01  0.866000E+01  0.100000E-01
     1        867     1     2  0.867000E+01  0.867000E+01  0.100000E-01
     1        868     1     2  0.868000E+01  0.868000E+01  0.100000E-01
     1        869     1     2  0.869000E+01  0.869000E+01  0.100000E-01
     1        870     1     2  0.870000E+01  0.870000E+01  0.100000E-01
     1        871     1     2  0.871000E+01  0.871000E+01  0.100000E-01
     1        872     1     2  0.872000E+01  0.872000E+01  0.100000E-01
     1        873     1     2  0.873000E+01  0.873000E+01  0.100000E-01
     1        874     1     2  0.874000E+01  0.874000E+01  0.100000E-01
     1        875     1     2  0.875000E+01  0.875000E+01  0.100000E-01
     1        876     1     2  0.876000E+01  0.876000E+01  0.100000E-01
     1        877     1     2  0.877000E+01  0.877000E+01  0.100000E-01
     1        878     1     2  0.878000E+01  0.878000E+01  0.100000E-01
     1        879     1     2  0.879000E+01  0.879000E+01  0.100000E-01
     1        880     1     2  0.880000E+01  0.880000E+01  0.100000E-01
     1        881     1     2  0.881000E+01  0.881000E+01  0.100000E-01
     1        882     1     2  0.882000E+01  0.882000E+01  0.100000E-01
     1        883     1     2  0.883000E+01  0.883000E+01  0.100000E-01
     1        884     1     2  0.884000E+01  0.884000E+01  0.100000E-01
     1        885     1     2  0.885000E+01  0.885000E+01  0.100000E-01
     1        886     1     2  0.886000E+01  0.886000E+01  0.100000E-01
     1        887     1     2  0.887000E+01  0.887000E+01  0.100000E-01
     1        888     1     2  0.888000E+01  0.888000E+01  0.100000E-01
     1        889     1     2  0.889000E+01  0.889000E+01  0.100000E-01
     1        890     1     2  0.890000E+01  0.890000E+01  0.100000E-01
     1        891     1     2  0.891000E+01  0.891000E+01  0.100000E-01
     1        892     1     2  0.892000E+01  0.892000E+01  0.100000E-01
     1        893     1     2  0.893000E+01  0.893000E+01  0.100000E-01
     1        894     1     2  0.894000E+01  0.894000E+01  0.100000E-01
     1        895     1     2  0.895000E+01  0.895000E+01  0.100000E-01
     1        896     1     2  0.896000E+01  0.896000E+01  0.100000E-01
     1        897     1     2  0.897000E+01  0.897000E+01  0.100000E-01
     1        898     1     2  0.898000E+01  0.898000E+01  0.100000E-01
     1        899     1     2  0.899000E+01  0.899000E+01  0.100000E-01
     1        900     1     2  0.900000E+01  0.900000E+01  0.100000E-01
     1        901     1     2  0.901000E+01  0.901000E+01  0.100000E-01
     1        902     1     2  0.902000E+01  0.902000E+01  0.100000E-01
     1        903     1     2  0.903000E+01  0.903000E+01  0.100000E-01
     1        904     1     2  0.904000E+01  0.904000E+01  0.100000E-01
     1        905     1     2  0.905000E+01  0.905000E+01  0.100000E-01
     1        906     1     2  0.906000E+01  0.906000E+01  0.100000E-01
     1        907     1     2  0.907000E+01  0.907000E+01  0.100000E-01
     1        908     1     2  0.908000E+01  0.908000E+01  0.100000E-01
     1        909     1     2  0.909000E+01  0.909000E+01  0.100000E-01
     1        910     1     2  0.910000E+01  0.910000E+01  0.100000E-01
     1        911     1     2  0.911000E+01  0.911000E+01  0.100000E-01
     1        912     1     2  0.912000E+01  0.912000E+01  0.100000E-01
     1        913     1     2  0.913000E+01  0.913000E+01  0.100000E-01
     1        914     1     2  0.914000E+01  0.914000E+01  0.100000E-01
     1        915     1     2  0.915000E+01  0.915000E+01  0.100000E-01
     1        916     1     2  0.916000E+01  0.916000E+01  0.100000E-01
     1        917     1     2  0.917000E+01  0.917000E+01  0.100000E-01
     1        918     1     2  0.918000E+01  0.918000E+01  0.100000E-01
     1        919     1     2  0.919000E+01  0.919000E+01  0.100000E-01
     1        920     1     2  0.920000E+01  0.920000E+01  0.100000E-01
     1        921     1     2  0.921000E+01  0.921000E+01  0.100000E-01
     1        922     1     2  0.922000E+01  0.922000E+01  0.100000E-01
     1        923     1     2  0.923000E+01  0.923000E+01  0.100000E-01
     1        924     1     2  0.924000E+01  0.924000E+01  0.100000E-01
     1        925     1     2  0.925000E+01  0.925000E+01  0.100000E-01
     1        926     1     2  0.926000E+01  0.926000E+01  0.100000E-01
     1        927     1     2  0.927000E+01  0.927000E+01  0.100000E-01
     1        928     1     2  0.928000E+01  0.928000E+01  0.100000E-01
     1        929     1     2  0.929000E+01  0.929000E+01  0.100000E-01
     1        930     1     2  0.930000E+01  0.930000E+01  0.100000E-01
     1        931     1     2  0.931000E+01  0.931000E+01  0.100000E-01
     1        932     1     2  0.932000E+01  0.932000E+01  0.100000E-01
     1        933     1     2  0.933000E+01  0.933000E+01  0.100000E-01
     1        934     1     2  0.934000E+01  0.934000E+01  0.100000E-01
     1        935     1     2  0.935000E+01  0.935000E+01  0.100000E-01
     1        936     1     2  0.936000E+01  0.936000E+01  0.100000E-01
     1        937     1     2  0.937000E+01  0.937000E+01  0.100000E-01
     1        938     1     2  0.938000E+01  0.938000E+01  0.100000E-01
     1        939     1     2  0.939000E+01  0.939000E+01  0.100000E-01
     1        940     1     2  0.940000E+01  0.940000E+01  0.100000E-01
     1        941     1     2  0.941000E+01  0.941000E+01  0.100000E-01
     1        942     1     2  0.942000E+01  0.942000E+01  0.100000E-01
     1        943     1     2  0.943000E+01  0.943000E+01  0.100000E-01
     1        944     1     2  0.944000E+01  0.944000E+01  0.100000E-01
     1        945     1     2  0.945000E+01  0.945000E+01  0.100000E-01
     1        946     1     2  0.946000E+01  0.946000E+01  0.100000E-01
     1        947     1     2  0.947000E+01  0.947000E+01  0.100000E-01
     1        948     1     2  0.948000E+01  0.948000E+01  0.100000E-01
     1        949     1     2  0.949000E+01  0.949000E+01  0.100000E-01
     1        950     1     2  0.950000E+01  0.950000E+01  0.100000E-01
     1        951     1     2  0.951000E+01  0.951000E+01  0.100000E-01
     1        952     1     2  0.952000E+01  0.952000E+01  0.100000E-01
     1        953     1     2  0.953000E+01  0.953000E+01  0.100000E-01
     1        954     1     2  0.954000E+01  0.954000E+01  0.100000E-01
     1        955     1     2  0.955000E+01  0.955000E+01  0.100000E-01
     1        956     1     2  0.956000E+01  0.956000E+01  0.100000E-01
     1        957     1     2  0.957000E+01  0.957000E+01  0.100000E-01
     1        958     1     2  0.958000E+01  0.958000E+01  0.100000E-01
     1        959     1     2  0.959000E+01  0.959000E+01  0.100000E-01
     1        960     1     2  0.960000E+01  0.960000E+01  0.100000E-01
     1        961     1     2  0.961000E+01  0.961000E+01  0.100000E-01
     1        962     1     2  0.962000E+01  0.962000E+01  0.100000E-01
     1        963     1     2  0.963000E+01  0.963000E+01  0.100000E-01
     1        964     1     2  0.964000E+01  0.964000E+01  0.100000E-01
     1        965     1     2  0.965000E+01  0.965000E+01  0.100000E-01
     1        966     1     2  0.966000E+01  0.966000E+01  0.100000E-01
     1        967     1     2  0.967000E+01  0.967000E+01  0.100000E-01
     1        968     1     2  0.968000E+01  0.968000E+01  0.100000E-01
     1        969     1     2  0.969000E+01  0.969000E+01  0.100000E-01
     1        970     1     2  0.970000E+01  0.970000E+01  0.100000E-01
     1        971     1     2  0.971000E+01  0.971000E+01  0.100000E-01
     1        972     1     2  0.972000E+01  0.972000E+01  0.100000E-01
     1        973     1     2  0.973000E+01  0.973000E+01  0.100000E-01
     1        974     1     2  0.974000E+01  0.974000E+01  0.100000E-01
     1        975     1     2  0.975000E+01  0.975000E+01  0.100000E-01
     1        976     1     2  0.976000E+01  0.976000E+01  0.100000E-01
     1        977     1     2  0.977000E+01  0.977000E+01  0.100000E-01
     1        978     1     2  0.978000E+01  0.978000E+01  0.100000E-01
     1        979     1     2  0.979000E+01  0.979000E+01  0.100000E-01
     1        980     1     2  0.980000E+01  0.980000E+01  0.100000E-01
     1        981     1     2  0.981000E+01  0.981000E+01  0.100000E-01
     1        982     1     2  0.982000E+01  0.982000E+01  0.100000E-01
     1        983     1     2  0.983000E+01  0.983000E+01  0.100000E-01
     1        984     1     2  0.984000E+01  0.984000E+01  0.100000E-01
     1        985     1     2  0.985000E+01  0.985000E+01  0.100000E-01
     1        986     1     2  0.986000E+01  0.986000E+01  0.100000E-01
     1        987     1     2  0.987000E+01  0.987000E+01  0.100000E-01
     1        988     1     2  0.988000E+01  0.988000E+01  0.100000E-01
     1        989     1     2  0.989000E+01  0.989000E+01  0.100000E-01
     1        990     1     2  0.990000E+01  0.990000E+01  0.100000E-01
     1        991     1     2  0.991000E+01  0.991000E+01  0.100000E-01
     1        992     1     2  0.992000E+01  0.992000E+01  0.100000E-01
     1        993     1     2  0.993000E+01  0.993000E+01  0.100000E-01
     1        994     1     2  0.994000E+01  0.994000E+01  0.100000E-01
     1        995     1     2  0.995000E+01  0.995000E+01  0.100000E-01
     1        996     1     2  0.996000E+01  0.996000E+01  0.100000E-01
     1        997     1     2  0.997000E+01  0.997000E+01  0.100000E-01
     1        998     1     2  0.998000E+01  0.998000E+01  0.100000E-01
     1        999     1     2  0.999000E+01  0.999000E+01  0.100000E-01
     1       1000     1     2  0.100000E+02  0.100000E+02  0.100000E-01
     1       1001     1     2  0.100100E+02  0.100100E+02  0.100000E-01
     1       1002     1     2  0.100200E+02  0.100200E+02  0.100000E-01
     1       1003     1     2  0.100300E+02  0.100300E+02  0.100000E-01
     1       1004     1     2  0.100400E+02  0.100400E+02  0.100000E-01
     1       1005     1     2  0.100500E+02  0.100500E+02  0.100000E-01
     1       1006     1     2  0.100600E+02  0.100600E+02  0.100000E-01
     1       1007     1     2  0.100700E+02  0.100700E+02  0.100000E-01
     1       1008     1     2  0.100800E+02  0.100800E+02  0.100000E-01
     1       1009     1     2  0.100900E+02  0.100900E+02  0.100000E-01
     1       1010     1     2  0.101000E+02  0.101000E+02  0.100000E-01
     1       1011     1     2  0.101100E+02  0.101100E+02  0.100000E-01
     1       1012     1     2  0.101200E+02  0.101200E+02  0.100000E-01
     1       1013     1     2  0.101300E+02  0.101300E+02  0.100000E-01
     1       1014     1     2  0.101400E+02  0.101400E+02  0.100000E-01
     1       1015     1     2  0.101500E+02  0.101500E+02  0.100000E-01
     1       1016     1     2  0.101600E+02  0.101600E+02  0.100000E-01
     1       1017     1     2  0.101700E+02  0.101700E+02  0.100000E-01
     1       1018     1     2  0.101800E+02  0.101800E+02  0.100000E-01
     1       1019     1     2  0.101900E+02  0.101900E+02  0.100000E-01
     1       1020     1     2  0.102000E+02  0.102000E+02  0.100000E-01
     1       1021     1     2  0.102100E+02  0.102100E+02  0.100000E-01
     1       1022     1     2  0.102200E+02  0.102200E+02  0.100000E-01
     1       1023     1     2  0.102300E+02  0.102300E+02  0.100000E-01
     1       1024     1     2  0.102400E+02  0.102400E+02  0.100000E-01
     1       1025     1     2  0.102500E+02  0.102500E+02  0.100000E-01
     1       1026     1     2  0.102600E+02  0.102600E+02  0.100000E-01
     1       1027     1     2  0.102700E+02  0.102700E+02  0.100000E-01
     1       1028     1     2  0.102800E+02  0.102800E+02  0.100000E-01
     1       1029     1     2  0.102900E+02  0.102900E+02  0.100000E-01
     1       1030     1     2  0.103000E+02  0.103000E+02  0.100000E-01
     1       1031     1     2  0.103100E+02  0.103100E+02  0.100000E-01
     1       1032     1     2  0.103200E+02  0.103200E+02  0.100000E-01
     1       1033     1     2  0.103300E+02  0.103300E+02  0.100000E-01
     1       1034     1     2  0.103400E+02  0.103400E+02  0.100000E-01
     1       1035     1     2  0.103500E+02  0.103500E+02  0.100000E-01
     1       1036     1     2  0.103600E+02  0.103600E+02  0.100000E-01
     1       1037     1     2  0.103700E+02  0.103700E+02  0.100000E-01
     1       1038     1     2  0.103800E+02  0.103800E+02  0.100000E-01
     1       1039     1     2  0.103900E+02  0.103900E+02  0.100000E-01
     1       1040     1     2  0.104000E+02  0.104000E+02  0.100000E-01
     1       1041     1     2  0.104100E+02  0.104100E+02  0.100000E-01
     1       1042     1     2  0.104200E+02  0.104200E+02  0.100000E-01
     1       1043     1     2  0.104300E+02  0.104300E+02  0.100000E-01
     1       1044     1     2  0.104400E+02  0.104400E+02  0.100000E-01
     1       1045     1     2  0.104500E+02  0.104500E+02  0.100000E-01
     1       1046     1     2  0.104600E+02  0.104600E+02  0.100000E-01
     1       1047     1     2  0.104700E+02  0.104700E+02  0.100000E-01
     1       1048     1     2  0.104800E+02  0.104800E+02  0.100000E-01
     1       1049     1     2  0.104900E+02  0.104900E+02  0.100000E-01
     1       1050     1     2  0.105000E+02  0.105000E+02  0.100000E-01
     1       1051     1     2  0.105100E+02  0.105100E+02  0.100000E-01
     1       1052     1     2  0.105200E+02  0.105200E+02  0.100000E-01
     1       1053     1     2  0.105300E+02  0.105300E+02  0.100000E-01
     1       1054     1     2  0.105400E+02  0.105400E+02  0.100000E-01
     1       1055     1     2  0.105500E+02  0.105500E+02  0.100000E-01
     1       1056     1     2  0.105600E+02  0.105600E+02  0.100000E-01
     1       1057     1     2  0.105700E+02  0.105700E+02  0.100000E-01
     1       1058     1     2  0.105800E+02  0.105800E+02  0.100000E-01
     1       1059     1     2  0.105900E+02  0.105900E+02  0.100000E-01
     1       1060     1     2  0.106000E+02  0.106000E+02  0.100000E-01
     1       1061     1     2  0.106100E+02  0.106100E+02  0.100000E-01
     1       1062     1     2  0.106200E+02  0.106200E+02  0.100000E-01
     1       1063     1     2  0.106300E+02  0.106300E+02  0.100000E-01
     1       1064     1     2  0.106400E+02  0.106400E+02  0.100000E-01
     1       1065     1     2  0.106500E+02  0.106500E+02  0.100000E-01
     1       1066     1     2  0.106600E+02  0.106600E+02  0.100000E-01
     1       1067     1     2  0.106700E+02  0.106700E+02  0.100000E-01
     1       1068     1     2  0.106800E+02  0.106800E+02  0.100000E-01
     1       1069     1     2  0.106900E+02  0.106900E+02  0.100000E-01
     1       1070     1     2  0.107000E+02  0.107000E+02  0.100000E-01
     1       1071     1     2  0.107100E+02  0.107100E+02  0.100000E-01
     1       1072     1     2  0.107200E+02  0.107200E+02  0.100000E-01
     1       1073     1     2  0.107300E+02  0.107300E+02  0.100000E-01
     1       1074     1     2  0.107400E+02  0.107400E+02  0.100000E-01
     1       1075     1     2  0.107500E+02  0.107500E+02  0.100000E-01
     1       1076     1     2  0.107600E+02  0.107600E+02  0.100000E-01
     1       1077     1     2  0.107700E+02  0.107700E+02  0.100000E-01
     1       1078     1     2  0.107800E+02  0.107800E+02  0.100000E-01
     1       1079     1     2  0.107900E+02  0.107900E+02  0.100000E-01
     1       1080     1     2  0.108000E+02  0.108000E+02  0.100000E-01
     1       1081     1     2  0.108100E+02  0.108100E+02  0.100000E-01
     1       1082     1     2  0.108200E+02  0.108200E+02  0.100000E-01
     1       1083     1     2  0.108300E+02  0.108300E+02  0.100000E-01
     1       1084     1     2  0.108400E+02  0.108400E+02  0.100000E-01
     1       1085     1     2  0.108500E+02  0.108500E+02  0.100000E-01
     1       1086     1     2  0.108600E+02  0.108600E+02  0.100000E-01
     1       1087     1     2  0.108700E+02  0.108700E+02  0.100000E-01
     1       1088     1     2  0.108800E+02  0.108800E+02  0.100000E-01
     1       1089     1     2  0.108900E+02  0.108900E+02  0.100000E-01
     1       1090     1     2  0.109000E+02  0.109000E+02  0.100000E-01
     1       1091     1     2  0.109100E+02  0.109100E+02  0.100000E-01
     1       1092     1     2  0.109200E+02  0.109200E+02  0.100000E-01
     1       1093     1     2  0.109300E+02  0.109300E+02  0.100000E-01
     1       1094     1     2  0.109400E+02  0.109400E+02  0.100000E-01
     1       1095     1     2  0.109500E+02  0.109500E+02  0.100000E-01
     1       1096     1     2  0.109600E+02  0.109600E+02  0.100000E-01
     1       1097     1     2  0.109700E+02  0.109700E+02  0.100000E-01
     1       1098     1     2  0.109800E+02  0.109800E+02  0.100000E-01
     1       1099     1     2  0.109900E+02  0.109900E+02  0.100000E-01
     1       1100     1     2  0.110000E+02  0.110000E+02  0.100000E-01
     1       1101     1     2  0.110100E+02  0.110100E+02  0.100000E-01
     1       1102     1     2  0.110200E+02  0.110200E+02  0.100000E-01
     1       1103     1     2  0.110300E+02  0.110300E+02  0.100000E-01
     1       1104     1     2  0.110400E+02  0.110400E+02  0.100000E-01
     1       1105     1     2  0.110500E+02  0.110500E+02  0.100000E-01
     1       1106     1     2  0.110600E+02  0.110600E+02  0.100000E-01
     1       1107     1     2  0.110700E+02  0.110700E+02  0.100000E-01
     1       1108     1     2  0.110800E+02  0.110800E+02  0.100000E-01
     1       1109     1     2  0.110900E+02  0.110900E+02  0.100000E-01
     1       1110     1     2  0.111000E+02  0.111000E+02  0.100000E-01
     1       1111     1     2  0.111100E+02  0.111100E+02  0.100000E-01
     1       1112     1     2  0.111200E+02  0.111200E+02  0.100000E-01
     1       1113     1     2  0.111300E+02  0.111300E+02  0.100000E-01
     1       1114     1     2  0.111400E+02  0.111400E+02  0.100000E-01
     1       1115     1     2  0.111500E+02  0.111500E+02  0.100000E-01
     1       1116     1     2  0.111600E+02  0.111600E+02  0.100000E-01
     1       1117     1     2  0.111700E+02  0.111700E+02  0.100000E-01
     1       1118     1     2  0.111800E+02  0.111800E+02  0.100000E-01
     1       1119     1     2  0.111900E+02  0.111900E+02  0.100000E-01
     1       1120     1     2  0.112000E+02  0.112000E+02  0.100000E-01
     1       1121     1     2  0.112100E+02  0.112100E+02  0.100000E-01
     1       1122     1     2  0.112200E+02  0.112200E+02  0.100000E-01
     1       1123     1     2  0.112300E+02  0.112300E+02  0.100000E-01
     1       1124     1     2  0.112400E+02  0.112400E+02  0.100000E-01
     1       1125     1     2  0.112500E+02  0.112500E+02  0.100000E-01
     1       1126     1     2  0.112600E+02  0.112600E+02  0.100000E-01
     1       1127     1     2  0.112700E+02  0.112700E+02  0.100000E-01
     1       1128     1     2  0.112800E+02  0.112800E+02  0.100000E-01
     1       1129     1     2  0.112900E+02  0.112900E+02  0.100000E-01
     1       1130     1     2  0.113000E+02  0.113000E+02  0.100000E-01
     1       1131     1     2  0.113100E+02  0.113100E+02  0.100000E-01
     1       1132     1     2  0.113200E+02  0.113200E+02  0.100000E-01
     1       1133     1     2  0.113300E+02  0.113300E+02  0.100000E-01
     1       1134     1     2  0.113400E+02  0.113400E+02  0.100000E-01
     1       1135     1     2  0.113500E+02  0.113500E+02  0.100000E-01
     1       1136     1     2  0.113600E+02  0.113600E+02  0.100000E-01
     1       1137     1     2  0.113700E+02  0.113700E+02  0.100000E-01
     1       1138     1     2  0.113800E+02  0.113800E+02  0.100000E-01
     1       1139     1     2  0.113900E+02  0.113900E+02  0.100000E-01
     1       1140     1     2  0.114000E+02  0.114000E+02  0.100000E-01
     1       1141     1     2  0.114100E+02  0.114100E+02  0.100000E-01
     1       1142     1     2  0.114200E+02  0.114200E+02  0.100000E-01
     1       1143     1     2  0.114300E+02  0.114300E+02  0.100000E-01
     1       1144     1     2  0.114400E+02  0.114400E+02  0.100000E-01
     1       1145     1     2  0.114500E+02  0.114500E+02  0.100000E-01
     1       1146     1     2  0.114600E+02  0.114600E+02  0.100000E-01
     1       1147     1     2  0.114700E+02  0.114700E+02  0.100000E-01
     1       1148     1     2  0.114800E+02  0.114800E+02  0.100000E-01
     1       1149     1     2  0.114900E+02  0.114900E+02  0.100000E-01
     1       1150     1     2  0.115000E+02  0.115000E+02  0.100000E-01
     1       1151     1     2  0.115100E+02  0.115100E+02  0.100000E-01
     1       1152     1     2  0.115200E+02  0.115200E+02  0.100000E-01
     1       1153     1     2  0.115300E+02  0.115300E+02  0.100000E-01
     1       1154     1     2  0.115400E+02  0.115400E+02  0.100000E-01
     1       1155     1     2  0.115500E+02  0.115500E+02  0.100000E-01
     1       1156     1     2  0.115600E+02  0.115600E+02  0.100000E-01
     1       1157     1     2  0.115700E+02  0.115700E+02  0.100000E-01
     1       1158     1     2  0.115800E+02  0.115800E+02  0.100000E-01
     1       1159     1     2  0.115900E+02  0.115900E+02  0.100000E-01
     1       1160     1     2  0.116000E+02  0.116000E+02  0.100000E-01
     1       1161     1     2  0.116100E+02  0.116100E+02  0.100000E-01
     1       1162     1     2  0.116200E+02  0.116200E+02  0.100000E-01
     1       1163     1     2  0.116300E+02  0.116300E+02  0.100000E-01
     1       1164     1     2  0.116400E+02  0.116400E+02  0.100000E-01
     1       1165     1     2  0.116500E+02  0.116500E+02  0.100000E-01
     1       1166     1     2  0.116600E+02  0.116600E+02  0.100000E-01
     1       1167     1     2  0.116700E+02  0.116700E+02  0.100000E-01
     1       1168     1     2  0.116800E+02  0.116800E+02  0.100000E-01
     1       1169     1     2  0.116900E+02  0.116900E+02  0.100000E-01
     1       1170     1     2  0.117000E+02  0.117000E+02  0.100000E-01
     1       1171     1     2  0.117100E+02  0.117100E+02  0.100000E-01
     1       1172     1     2  0.117200E+02  0.117200E+02  0.100000E-01
     1       1173     1     2  0.117300E+02  0.117300E+02  0.100000E-01
     1       1174     1     2  0.117400E+02  0.117400E+02  0.100000E-01
     1       1175     1     2  0.117500E+02  0.117500E+02  0.100000E-01
     1       1176     1     2  0.117600E+02  0.117600E+02  0.100000E-01
     1       1177     1     2  0.117700E+02  0.117700E+02  0.100000E-01
     1       1178     1     2  0.117800E+02  0.117800E+02  0.100000E-01
     1       1179     1     2  0.117900E+02  0.117900E+02  0.100000E-01
     1       1180     1     2  0.118000E+02  0.118000E+02  0.100000E-01
     1       1181     1     2  0.118100E+02  0.118100E+02  0.100000E-01
     1       1182     1     2  0.118200E+02  0.118200E+02  0.100000E-01
     1       1183     1     2  0.118300E+02  0.118300E+02  0.100000E-01
     1       1184     1     2  0.118400E+02  0.118400E+02  0.100000E-01
     1       1185     1     2  0.118500E+02  0.118500E+02  0.100000E-01
     1       1186     1     2  0.118600E+02  0.118600E+02  0.100000E-01
     1       1187     1     2  0.118700E+02  0.118700E+02  0.100000E-01
     1       1188     1     2  0.118800E+02  0.118800E+02  0.100000E-01
     1       1189     1     2  0.118900E+02  0.118900E+02  0.100000E-01
     1       1190     1     2  0.119000E+02  0.119000E+02  0.100000E-01
     1       1191     1     2  0.119100E+02  0.119100E+02  0.100000E-01
     1       1192     1     2  0.119200E+02  0.119200E+02  0.100000E-01
     1       1193     1     2  0.119300E+02  0.119300E+02  0.100000E-01
     1       1194     1     2  0.119400E+02  0.119400E+02  0.100000E-01
     1       1195     1     2  0.119500E+02  0.119500E+02  0.100000E-01
     1       1196     1     2  0.119600E+02  0.119600E+02  0.100000E-01
     1       1197     1     2  0.119700E+02  0.119700E+02  0.100000E-01
     1       1198     1     2  0.119800E+02  0.119800E+02  0.100000E-01
     1       1199     1     2  0.119900E+02  0.119900E+02  0.100000E-01
     1       1200     1     2  0.120000E+02  0.120000E+02  0.100000E-01
     1       1201     1     2  0.120100E+02  0.120100E+02  0.100000E-01
     1       1202     1     2  0.120200E+02  0.120200E+02  0.100000E-01
     1       1203     1     2  0.120300E+02  0.120300E+02  0.100000E-01
     1       1204     1     2  0.120400E+02  0.120400E+02  0.100000E-01
     1       1205     1     2  0.120500E+02  0.120500E+02  0.100000E-01
     1       1206     1     2  0.120600E+02  0.120600E+02  0.100000E-01
     1       1207     1     2  0.120700E+02  0.120700E+02  0.100000E-01
     1       1208     1     2  0.120800E+02  0.120800E+02  0.100000E-01
     1       1209     1     2  0.120900E+02  0.120900E+02  0.100000E-01
     1       1210     1     2  0.121000E+02  0.121000E+02  0.100000E-01
     1       1211     1     2  0.121100E+02  0.121100E+02  0.100000E-01
     1       1212     1     2  0.121200E+02  0.121200E+02  0.100000E-01
     1       1213     1     2  0.121300E+02  0.121300E+02  0.100000E-01
     1       1214     1     2  0.121400E+02  0.121400E+02  0.100000E-01
     1       1215     1     2  0.121500E+02  0.121500E+02  0.100000E-01
     1       1216     1     2  0.121600E+02  0.121600E+02  0.100000E-01
     1       1217     1     2  0.121700E+02  0.121700E+02  0.100000E-01
     1       1218     1     2  0.121800E+02  0.121800E+02  0.100000E-01
     1       1219     1     2  0.121900E+02  0.121900E+02  0.100000E-01
     1       1220     1     2  0.122000E+02  0.122000E+02  0.100000E-01
     1       1221     1     2  0.122100E+02  0.122100E+02  0.100000E-01
     1       1222     1     2  0.122200E+02  0.122200E+02  0.100000E-01
     1       1223     1     2  0.122300E+02  0.122300E+02  0.100000E-01
     1       1224     1     2  0.122400E+02  0.122400E+02  0.100000E-01
     1       1225     1     2  0.122500E+02  0.122500E+02  0.100000E-01
     1       1226     1     2  0.122600E+02  0.122600E+02  0.100000E-01
     1       1227     1     2  0.122700E+02  0.122700E+02  0.100000E-01
     1       1228     1     2  0.122800E+02  0.122800E+02  0.100000E-01
     1       1229     1     2  0.122900E+02  0.122900E+02  0.100000E-01
     1       1230     1     2  0.123000E+02  0.123000E+02  0.100000E-01
     1       1231     1     2  0.123100E+02  0.123100E+02  0.100000E-01
     1       1232     1     2  0.123200E+02  0.123200E+02  0.100000E-01
     1       1233     1     2  0.123300E+02  0.123300E+02  0.100000E-01
     1       1234     1     2  0.123400E+02  0.123400E+02  0.100000E-01
     1       1235     1     2  0.123500E+02  0.123500E+02  0.100000E-01
     1       1236     1     2  0.123600E+02  0.123600E+02  0.100000E-01
     1       1237     1     2  0.123700E+02  0.123700E+02  0.100000E-01
     1       1238     1     2  0.123800E+02  0.123800E+02  0.100000E-01
     1       1239     1     2  0.123900E+02  0.123900E+02  0.100000E-01
     1       1240     1     2  0.124000E+02  0.124000E+02  0.100000E-01
     1       1241     1     2  0.124100E+02  0.124100E+02  0.100000E-01
     1       1242     1     2  0.124200E+02  0.124200E+02  0.100000E-01
     1       1243     1     2  0.124300E+02  0.124300E+02  0.100000E-01
     1       1244     1     2  0.124400E+02  0.124400E+02  0.100000E-01
     1       1245     1     2  0.124500E+02  0.124500E+02  0.100000E-01
     1       1246     1     2  0.124600E+02  0.124600E+02  0.100000E-01
     1       1247     1     2  0.124700E+02  0.124700E+02  0.100000E-01
     1       1248     1     2  0.124800E+02  0.124800E+02  0.100000E-01
     1       1249     1     2  0.124900E+02  0.124900E+02  0.100000E-01
     1       1250     1     2  0.125000E+02  0.125000E+02  0.100000E-01
     1       1251     1     2  0.125100E+02  0.125100E+02  0.100000E-01
     1       1252     1     2  0.125200E+02  0.125200E+02  0.100000E-01
     1       1253     1     2  0.125300E+02  0.125300E+02  0.100000E-01
     1       1254     1     2  0.125400E+02  0.125400E+02  0.100000E-01
     1       1255     1     2  0.125500E+02  0.125500E+02  0.100000E-01
     1       1256     1     2  0.125600E+02  0.125600E+02  0.100000E-01
     1       1257     1     2  0.125700E+02  0.125700E+02  0.100000E-01
     1       1258     1     2  0.125800E+02  0.125800E+02  0.100000E-01
     1       1259     1     2  0.125900E+02  0.125900E+02  0.100000E-01
     1       1260     1     2  0.126000E+02  0.126000E+02  0.100000E-01
     1       1261     1     2  0.126100E+02  0.126100E+02  0.100000E-01
     1       1262     1     2  0.126200E+02  0.126200E+02  0.100000E-01
     1       1263     1     2  0.126300E+02  0.126300E+02  0.100000E-01
     1       1264     1     2  0.126400E+02  0.126400E+02  0.100000E-01
     1       1265     1     2  0.126500E+02  0.126500E+02  0.100000E-01
     1       1266     1     2  0.126600E+02  0.126600E+02  0.100000E-01
     1       1267     1     2  0.126700E+02  0.126700E+02  0.100000E-01
     1       1268     1     2  0.126800E+02  0.126800E+02  0.100000E-01
     1       1269     1     2  0.126900E+02  0.126900E+02  0.100000E-01
     1       1270     1     2  0.127000E+02  0.127000E+02  0.100000E-01
     1       1271     1     2  0.127100E+02  0.127100E+02  0.100000E-01
     1       1272     1     2  0.127200E+02  0.127200E+02  0.100000E-01
     1       1273     1     2  0.127300E+02  0.127300E+02  0.100000E-01
     1       1274     1     2  0.127400E+02  0.127400E+02  0.100000E-01
     1       1275     1     2  0.127500E+02  0.127500E+02  0.100000E-01
     1       1276     1     2  0.127600E+02  0.127600E+02  0.100000E-01
     1       1277     1     2  0.127700E+02  0.127700E+02  0.100000E-01
     1       1278     1     2  0.127800E+02  0.127800E+02  0.100000E-01
     1       1279     1     2  0.127900E+02  0.127900E+02  0.100000E-01
     1       1280     1     2  0.128000E+02  0.128000E+02  0.100000E-01
     1       1281     1     2  0.128100E+02  0.128100E+02  0.100000E-01
     1       1282     1     2  0.128200E+02  0.128200E+02  0.100000E-01
     1       1283     1     2  0.128300E+02  0.128300E+02  0.100000E-01
     1       1284     1     2  0.128400E+02  0.128400E+02  0.100000E-01
     1       1285     1     2  0.128500E+02  0.128500E+02  0.100000E-01
     1       1286     1     2  0.128600E+02  0.128600E+02  0.100000E-01
     1       1287     1     2  0.128700E+02  0.128700E+02  0.100000E-01
     1       1288     1     2  0.128800E+02  0.128800E+02  0.100000E-01
     1       1289     1     2  0.128900E+02  0.128900E+02  0.100000E-01
     1       1290     1     2  0.129000E+02  0.129000E+02  0.100000E-01
     1       1291     1     2  0.129100E+02  0.129100E+02  0.100000E-01
     1       1292     1     2  0.129200E+02  0.129200E+02  0.100000E-01
     1       1293     1     2  0.129300E+02  0.129300E+02  0.100000E-01
     1       1294     1     2  0.129400E+02  0.129400E+02  0.100000E-01
     1       1295     1     2  0.129500E+02  0.129500E+02  0.100000E-01
     1       1296     1     2  0.129600E+02  0.129600E+02  0.100000E-01
     1       1297     1     2  0.129700E+02  0.129700E+02  0.100000E-01
     1       1298     1     2  0.129800E+02  0.129800E+02  0.100000E-01
     1       1299     1     2  0.129900E+02  0.129900E+02  0.100000E-01
     1       1300     1     2  0.130000E+02  0.130000E+02  0.100000E-01
     1       1301     1     2  0.130100E+02  0.130100E+02  0.100000E-01
     1       1302     1     2  0.130200E+02  0.130200E+02  0.100000E-01
     1       1303     1     2  0.130300E+02  0.130300E+02  0.100000E-01
     1       1304     1     2  0.130400E+02  0.130400E+02  0.100000E-01
     1       1305     1     2  0.130500E+02  0.130500E+02  0.100000E-01
     1       1306     1     2  0.130600E+02  0.130600E+02  0.100000E-01
     1       1307     1     2  0.130700E+02  0.130700E+02  0.100000E-01
     1       1308     1     2  0.130800E+02  0.130800E+02  0.100000E-01
     1       1309     1     2  0.130900E+02  0.130900E+02  0.100000E-01
     1       1310     1     2  0.131000E+02  0.131000E+02  0.100000E-01
     1       1311     1     2  0.131100E+02  0.131100E+02  0.100000E-01
     1       1312     1     2  0.131200E+02  0.131200E+02  0.100000E-01
     1       1313     1     2  0.131300E+02  0.131300E+02  0.100000E-01
     1       1314     1     2  0.131400E+02  0.131400E+02  0.100000E-01
     1       1315     1     2  0.131500E+02  0.131500E+02  0.100000E-01
     1       1316     1     2  0.131600E+02  0.131600E+02  0.100000E-01
     1       1317     1     2  0.131700E+02  0.131700E+02  0.100000E-01
     1       1318     1     2  0.131800E+02  0.131800E+02  0.100000E-01
     1       1319     1     2  0.131900E+02  0.131900E+02  0.100000E-01
     1       1320     1     2  0.132000E+02  0.132000E+02  0.100000E-01
     1       1321     1     2  0.132100E+02  0.132100E+02  0.100000E-01
     1       1322     1     2  0.132200E+02  0.132200E+02  0.100000E-01
     1       1323     1     2  0.132300E+02  0.132300E+02  0.100000E-01
     1       1324     1     2  0.132400E+02  0.132400E+02  0.100000E-01
     1       1325     1     2  0.132500E+02  0.132500E+02  0.100000E-01
     1       1326     1     2  0.132600E+02  0.132600E+02  0.100000E-01
     1       1327     1     2  0.132700E+02  0.132700E+02  0.100000E-01
     1       1328     1     2  0.132800E+02  0.132800E+02  0.100000E-01
     1       1329     1     2  0.132900E+02  0.132900E+02  0.100000E-01
     1       1330     1     2  0.133000E+02  0.133000E+02  0.100000E-01
     1       1331     1     2  0.133100E+02  0.133100E+02  0.100000E-01
     1       1332     1     2  0.133200E+02  0.133200E+02  0.100000E-01
     1       1333     1     2  0.133300E+02  0.133300E+02  0.100000E-01
     1       1334     1     2  0.133400E+02  0.133400E+02  0.100000E-01
     1       1335     1     2  0.133500E+02  0.133500E+02  0.100000E-01
     1       1336     1     2  0.133600E+02  0.133600E+02  0.100000E-01
     1       1337     1     2  0.133700E+02  0.133700E+02  0.100000E-01
     1       1338     1     2  0.133800E+02  0.133800E+02  0.100000E-01
     1       1339     1     2  0.133900E+02  0.133900E+02  0.100000E-01
     1       1340     1     2  0.134000E+02  0.134000E+02  0.100000E-01
     1       1341     1     2  0.134100E+02  0.134100E+02  0.100000E-01
     1       1342     1     2  0.134200E+02  0.134200E+02  0.100000E-01
     1       1343     1     2  0.134300E+02  0.134300E+02  0.100000E-01
     1       1344     1     2  0.134400E+02  0.134400E+02  0.100000E-01
     1       1345     1     2  0.134500E+02  0.134500E+02  0.100000E-01
     1       1346     1     2  0.134600E+02  0.134600E+02  0.100000E-01
     1       1347     1     2  0.134700E+02  0.134700E+02  0.100000E-01
     1       1348     1     2  0.134800E+02  0.134800E+02  0.100000E-01
     1       1349     1     2  0.134900E+02  0.134900E+02  0.100000E-01
     1       1350     1     2  0.135000E+02  0.135000E+02  0.100000E-01
     1       1351     1     2  0.135100E+02  0.135100E+02  0.100000E-01
     1       1352     1     2  0.135200E+02  0.135200E+02  0.100000E-01
     1       1353     1     2  0.135300E+02  0.135300E+02  0.100000E-01
     1       1354     1     2  0.135400E+02  0.135400E+02  0.100000E-01
     1       1355     1     2  0.135500E+02  0.135500E+02  0.100000E-01
     1       1356     1     2  0.135600E+02  0.135600E+02  0.100000E-01
     1       1357     1     2  0.135700E+02  0.135700E+02  0.100000E-01
     1       1358     1     2  0.135800E+02  0.135800E+02  0.100000E-01
     1       1359     1     2  0.135900E+02  0.135900E+02  0.100000E-01
     1       1360     1     2  0.136000E+02  0.136000E+02  0.100000E-01
     1       1361     1     2  0.136100E+02  0.136100E+02  0.100000E-01
     1       1362     1     2  0.136200E+02  0.136200E+02  0.100000E-01
     1       1363     1     2  0.136300E+02  0.136300E+02  0.100000E-01
     1       1364     1     2  0.136400E+02  0.136400E+02  0.100000E-01
     1       1365     1     2  0.136500E+02  0.136500E+02  0.100000E-01
     1       1366     1     2  0.136600E+02  0.136600E+02  0.100000E-01
     1       1367     1     2  0.136700E+02  0.136700E+02  0.100000E-01
     1       1368     1     2  0.136800E+02  0.136800E+02  0.100000E-01
     1       1369     1     2  0.136900E+02  0.136900E+02  0.100000E-01
     1       1370     1     2  0.137000E+02  0.137000E+02  0.100000E-01
     1       1371     1     2  0.137100E+02  0.137100E+02  0.100000E-01
     1       1372     1     2  0.137200E+02  0.137200E+02  0.100000E-01
     1       1373     1     2  0.137300E+02  0.137300E+02  0.100000E-01
     1       1374     1     2  0.137400E+02  0.137400E+02  0.100000E-01
     1       1375     1     2  0.137500E+02  0.137500E+02  0.100000E-01
     1       1376     1     2  0.137600E+02  0.137600E+02  0.100000E-01
     1       1377     1     2  0.137700E+02  0.137700E+02  0.100000E-01
     1       1378     1     2  0.137800E+02  0.137800E+02  0.100000E-01
     1       1379     1     2  0.137900E+02  0.137900E+02  0.100000E-01
     1       1380     1     2  0.138000E+02  0.138000E+02  0.100000E-01
     1       1381     1     2  0.138100E+02  0.138100E+02  0.100000E-01
     1       1382     1     2  0.138200E+02  0.138200E+02  0.100000E-01
     1       1383     1     2  0.138300E+02  0.138300E+02  0.100000E-01
     1       1384     1     2  0.138400E+02  0.138400E+02  0.100000E-01
     1       1385     1     2  0.138500E+02  0.138500E+02  0.100000E-01
     1       1386     1     2  0.138600E+02  0.138600E+02  0.100000E-01
     1       1387     1     2  0.138700E+02  0.138700E+02  0.100000E-01
     1       1388     1     2  0.138800E+02  0.138800E+02  0.100000E-01
     1       1389     1     2  0.138900E+02  0.138900E+02  0.100000E-01
     1       1390     1     2  0.139000E+02  0.139000E+02  0.100000E-01
     1       1391     1     2  0.139100E+02  0.139100E+02  0.100000E-01
     1       1392     1     2  0.139200E+02  0.139200E+02  0.100000E-01
     1       1393     1     2  0.139300E+02  0.139300E+02  0.100000E-01
     1       1394     1     2  0.139400E+02  0.139400E+02  0.100000E-01
     1       1395     1     2  0.139500E+02  0.139500E+02  0.100000E-01
     1       1396     1     2  0.139600E+02  0.139600E+02  0.100000E-01
     1       1397     1     2  0.139700E+02  0.139700E+02  0.100000E-01
     1       1398     1     2  0.139800E+02  0.139800E+02  0.100000E-01
     1       1399     1     2  0.139900E+02  0.139900E+02  0.100000E-01
     1       1400     1     2  0.140000E+02  0.140000E+02  0.100000E-01
     1       1401     1     2  0.140100E+02  0.140100E+02  0.100000E-01
     1       1402     1     2  0.140200E+02  0.140200E+02  0.100000E-01
     1       1403     1     2  0.140300E+02  0.140300E+02  0.100000E-01
     1       1404     1     2  0.140400E+02  0.140400E+02  0.100000E-01
     1       1405     1     2  0.140500E+02  0.140500E+02  0.100000E-01
     1       1406     1     2  0.140600E+02  0.140600E+02  0.100000E-01
     1       1407     1     2  0.140700E+02  0.140700E+02  0.100000E-01
     1       1408     1     2  0.140800E+02  0.140800E+02  0.100000E-01
     1       1409     1     2  0.140900E+02  0.140900E+02  0.100000E-01
     1       1410     1     2  0.141000E+02  0.141000E+02  0.100000E-01
     1       1411     1     2  0.141100E+02  0.141100E+02  0.100000E-01
     1       1412     1     2  0.141200E+02  0.141200E+02  0.100000E-01
     1       1413     1     2  0.141300E+02  0.141300E+02  0.100000E-01
     1       1414     1     2  0.141400E+02  0.141400E+02  0.100000E-01
     1       1415     1     2  0.141500E+02  0.141500E+02  0.100000E-01
     1       1416     1     2  0.141600E+02  0.141600E+02  0.100000E-01
     1       1417     1     2  0.141700E+02  0.141700E+02  0.100000E-01
     1       1418     1     2  0.141800E+02  0.141800E+02  0.100000E-01
     1       1419     1     2  0.141900E+02  0.141900E+02  0.100000E-01
     1       1420     1     2  0.142000E+02  0.142000E+02  0.100000E-01
     1       1421     1     2  0.142100E+02  0.142100E+02  0.100000E-01
     1       1422     1     2  0.142200E+02  0.142200E+02  0.100000E-01
     1       1423     1     2  0.142300E+02  0.142300E+02  0.100000E-01
     1       1424     1     2  0.142400E+02  0.142400E+02  0.100000E-01
     1       1425     1     2  0.142500E+02  0.142500E+02  0.100000E-01
     1       1426     1     2  0.142600E+02  0.142600E+02  0.100000E-01
     1       1427     1     2  0.142700E+02  0.142700E+02  0.100000E-01
     1       1428     1     2  0.142800E+02  0.142800E+02  0.100000E-01
     1       1429     1     2  0.142900E+02  0.142900E+02  0.100000E-01
     1       1430     1     2  0.143000E+02  0.143000E+02  0.100000E-01
     1       1431     1     2  0.143100E+02  0.143100E+02  0.100000E-01
     1       1432     1     2  0.143200E+02  0.143200E+02  0.100000E-01
     1       1433     1     2  0.143300E+02  0.143300E+02  0.100000E-01
     1       1434     1     2  0.143400E+02  0.143400E+02  0.100000E-01
     1       1435     1     2  0.143500E+02  0.143500E+02  0.100000E-01
     1       1436     1     2  0.143600E+02  0.143600E+02  0.100000E-01
     1       1437     1     2  0.143700E+02  0.143700E+02  0.100000E-01
     1       1438     1     2  0.143800E+02  0.143800E+02  0.100000E-01
     1       1439     1     2  0.143900E+02  0.143900E+02  0.100000E-01
     1       1440     1     2  0.144000E+02  0.144000E+02  0.100000E-01
     1       1441     1     2  0.144100E+02  0.144100E+02  0.100000E-01
     1       1442     1     2  0.144200E+02  0.144200E+02  0.100000E-01
     1       1443     1     2  0.144300E+02  0.144300E+02  0.100000E-01
     1       1444     1     2  0.144400E+02  0.144400E+02  0.100000E-01
     1       1445     1     2  0.144500E+02  0.144500E+02  0.100000E-01
     1       1446     1     2  0.144600E+02  0.144600E+02  0.100000E-01
     1       1447     1     2  0.144700E+02  0.144700E+02  0.100000E-01
     1       1448     1     2  0.144800E+02  0.144800E+02  0.100000E-01
     1       1449     1     2  0.144900E+02  0.144900E+02  0.100000E-01
     1       1450     1     2  0.145000E+02  0.145000E+02  0.100000E-01
     1       1451     1     2  0.145100E+02  0.145100E+02  0.100000E-01
     1       1452     1     2  0.145200E+02  0.145200E+02  0.100000E-01
     1       1453     1     2  0.145300E+02  0.145300E+02  0.100000E-01
     1       1454     1     2  0.145400E+02  0.145400E+02  0.100000E-01
     1       1455     1     2  0.145500E+02  0.145500E+02  0.100000E-01
     1       1456     1     2  0.145600E+02  0.145600E+02  0.100000E-01
     1       1457     1     2  0.145700E+02  0.145700E+02  0.100000E-01
     1       1458     1     2  0.145800E+02  0.145800E+02  0.100000E-01
     1       1459     1     2  0.145900E+02  0.145900E+02  0.100000E-01
     1       1460     1     2  0.146000E+02  0.146000E+02  0.100000E-01
     1       1461     1     2  0.146100E+02  0.146100E+02  0.100000E-01
     1       1462     1     2  0.146200E+02  0.146200E+02  0.100000E-01
     1       1463     1     2  0.146300E+02  0.146300E+02  0.100000E-01
     1       1464     1     2  0.146400E+02  0.146400E+02  0.100000E-01
     1       1465     1     2  0.146500E+02  0.146500E+02  0.100000E-01
     1       1466     1     2  0.146600E+02  0.146600E+02  0.100000E-01
     1       1467     1     2  0.146700E+02  0.146700E+02  0.100000E-01
     1       1468     1     2  0.146800E+02  0.146800E+02  0.100000E-01
     1       1469     1     2  0.146900E+02  0.146900E+02  0.100000E-01
     1       1470     1     2  0.147000E+02  0.147000E+02  0.100000E-01
     1       1471     1     2  0.147100E+02  0.147100E+02  0.100000E-01
     1       1472     1     2  0.147200E+02  0.147200E+02  0.100000E-01
     1       1473     1     2  0.147300E+02  0.147300E+02  0.100000E-01
     1       1474     1     2  0.147400E+02  0.147400E+02  0.100000E-01
     1       1475     1     2  0.147500E+02  0.147500E+02  0.100000E-01
     1       1476     1     2  0.147600E+02  0.147600E+02  0.100000E-01
     1       1477     1     2  0.147700E+02  0.147700E+02  0.100000E-01
     1       1478     1     2  0.147800E+02  0.147800E+02  0.100000E-01
     1       1479     1     2  0.147900E+02  0.147900E+02  0.100000E-01
     1       1480     1     2  0.148000E+02  0.148000E+02  0.100000E-01
     1       1481     1     2  0.148100E+02  0.148100E+02  0.100000E-01
     1       1482     1     2  0.148200E+02  0.148200E+02  0.100000E-01
     1       1483     1     2  0.148300E+02  0.148300E+02  0.100000E-01
     1       1484     1     2  0.148400E+02  0.148400E+02  0.100000E-01
     1       1485     1     2  0.148500E+02  0.148500E+02  0.100000E-01
     1       1486     1     2  0.148600E+02  0.148600E+02  0.100000E-01
     1       1487     1     2  0.148700E+02  0.148700E+02  0.100000E-01
     1       1488     1     2  0.148800E+02  0.148800E+02  0.100000E-01
     1       1489     1     2  0.148900E+02  0.148900E+02  0.100000E-01
     1       1490     1     2  0.149000E+02  0.149000E+02  0.100000E-01
     1       1491     1     2  0.149100E+02  0.149100E+02  0.100000E-01
     1       1492     1     2  0.149200E+02  0.149200E+02  0.100000E-01
     1       1493     1     2  0.149300E+02  0.149300E+02  0.100000E-01
     1       1494     1     2  0.149400E+02  0.149400E+02  0.100000E-01
     1       1495     1     2  0.149500E+02  0.149500E+02  0.100000E-01
     1       1496     1     2  0.149600E+02  0.149600E+02  0.100000E-01
     1       1497     1     2  0.149700E+02  0.149700E+02  0.100000E-01
     1       1498     1     2  0.149800E+02  0.149800E+02  0.100000E-01
     1       1499     1     2  0.149900E+02  0.149900E+02  0.100000E-01
     1       1500     1     2  0.150000E+02  0.150000E+02  0.100000E-01
     1       1501     1     2  0.150100E+02  0.150100E+02  0.100000E-01
     1       1502     1     2  0.150200E+02  0.150200E+02  0.100000E-01
     1       1503     1     2  0.150300E+02  0.150300E+02  0.100000E-01
     1       1504     1     2  0.150400E+02  0.150400E+02  0.100000E-01
     1       1505     1     2  0.150500E+02  0.150500E+02  0.100000E-01
     1       1506     1     2  0.150600E+02  0.150600E+02  0.100000E-01
     1       1507     1     2  0.150700E+02  0.150700E+02  0.100000E-01
     1       1508     1     2  0.150800E+02  0.150800E+02  0.100000E-01
     1       1509     1     2  0.150900E+02  0.150900E+02  0.100000E-01
     1       1510     1     2  0.151000E+02  0.151000E+02  0.100000E-01
     1       1511     1     2  0.151100E+02  0.151100E+02  0.100000E-01
     1       1512     1     2  0.151200E+02  0.151200E+02  0.100000E-01
     1       1513     1     2  0.151300E+02  0.151300E+02  0.100000E-01
     1       1514     1     2  0.151400E+02  0.151400E+02  0.100000E-01
     1       1515     1     2  0.151500E+02  0.151500E+02  0.100000E-01
     1       1516     1     2  0.151600E+02  0.151600E+02  0.100000E-01
     1       1517     1     2  0.151700E+02  0.151700E+02  0.100000E-01
     1       1518     1     2  0.151800E+02  0.151800E+02  0.100000E-01
     1       1519     1     2  0.151900E+02  0.151900E+02  0.100000E-01
     1       1520     1     2  0.152000E+02  0.152000E+02  0.100000E-01
     1       1521     1     2  0.152100E+02  0.152100E+02  0.100000E-01
     1       1522     1     2  0.152200E+02  0.152200E+02  0.100000E-01
     1       1523     1     2  0.152300E+02  0.152300E+02  0.100000E-01
     1       1524     1     2  0.152400E+02  0.152400E+02  0.100000E-01
     1       1525     1     2  0.152500E+02  0.152500E+02  0.100000E-01
     1       1526     1     2  0.152600E+02  0.152600E+02  0.100000E-01
     1       1527     1     2  0.152700E+02  0.152700E+02  0.100000E-01
     1       1528     1     2  0.152800E+02  0.152800E+02  0.100000E-01
     1       1529     1     2  0.152900E+02  0.152900E+02  0.100000E-01
     1       1530     1     2  0.153000E+02  0.153000E+02  0.100000E-01
     1       1531     1     2  0.153100E+02  0.153100E+02  0.100000E-01
     1       1532     1     2  0.153200E+02  0.153200E+02  0.100000E-01
     1       1533     1     2  0.153300E+02  0.153300E+02  0.100000E-01
     1       1534     1     2  0.153400E+02  0.153400E+02  0.100000E-01
     1       1535     1     2  0.153500E+02  0.153500E+02  0.100000E-01
     1       1536     1     2  0.153600E+02  0.153600E+02  0.100000E-01
     1       1537     1     2  0.153700E+02  0.153700E+02  0.100000E-01
     1       1538     1     2  0.153800E+02  0.153800E+02  0.100000E-01
     1       1539     1     2  0.153900E+02  0.153900E+02  0.100000E-01
     1       1540     1     2  0.154000E+02  0.154000E+02  0.100000E-01
     1       1541     1     2  0.154100E+02  0.154100E+02  0.100000E-01
     1       1542     1     2  0.154200E+02  0.154200E+02  0.100000E-01
     1       1543     1     2  0.154300E+02  0.154300E+02  0.100000E-01
     1       1544     1     2  0.154400E+02  0.154400E+02  0.100000E-01
     1       1545     1     2  0.154500E+02  0.154500E+02  0.100000E-01
     1       1546     1     2  0.154600E+02  0.154600E+02  0.100000E-01
     1       1547     1     2  0.154700E+02  0.154700E+02  0.100000E-01
     1       1548     1     2  0.154800E+02  0.154800E+02  0.100000E-01
     1       1549     1     2  0.154900E+02  0.154900E+02  0.100000E-01
     1       1550     1     2  0.155000E+02  0.155000E+02  0.100000E-01
     1       1551     1     2  0.155100E+02  0.155100E+02  0.100000E-01
     1       1552     1     2  0.155200E+02  0.155200E+02  0.100000E-01
     1       1553     1     2  0.155300E+02  0.155300E+02  0.100000E-01
     1       1554     1     2  0.155400E+02  0.155400E+02  0.100000E-01
     1       1555     1     2  0.155500E+02  0.155500E+02  0.100000E-01
     1       1556     1     2  0.155600E+02  0.155600E+02  0.100000E-01
     1       1557     1     2  0.155700E+02  0.155700E+02  0.100000E-01
     1       1558     1     2  0.155800E+02  0.155800E+02  0.100000E-01
     1       1559     1     2  0.155900E+02  0.155900E+02  0.100000E-01
     1       1560     1     2  0.156000E+02  0.156000E+02  0.100000E-01
     1       1561     1     2  0.156100E+02  0.156100E+02  0.100000E-01
     1       1562     1     2  0.156200E+02  0.156200E+02  0.100000E-01
     1       1563     1     2  0.156300E+02  0.156300E+02  0.100000E-01
     1       1564     1     2  0.156400E+02  0.156400E+02  0.100000E-01
     1       1565     1     2  0.156500E+02  0.156500E+02  0.100000E-01
     1       1566     1     2  0.156600E+02  0.156600E+02  0.100000E-01
     1       1567     1     2  0.156700E+02  0.156700E+02  0.100000E-01
     1       1568     1     2  0.156800E+02  0.156800E+02  0.100000E-01
     1       1569     1     2  0.156900E+02  0.156900E+02  0.100000E-01
     1       1570     1     2  0.157000E+02  0.157000E+02  0.100000E-01
     1       1571     1     2  0.157100E+02  0.157100E+02  0.100000E-01
     1       1572     1     2  0.157200E+02  0.157200E+02  0.100000E-01
     1       1573     1     2  0.157300E+02  0.157300E+02  0.100000E-01
     1       1574     1     2  0.157400E+02  0.157400E+02  0.100000E-01
     1       1575     1     2  0.157500E+02  0.157500E+02  0.100000E-01
     1       1576     1     2  0.157600E+02  0.157600E+02  0.100000E-01
     1       1577     1     2  0.157700E+02  0.157700E+02  0.100000E-01
     1       1578     1     2  0.157800E+02  0.157800E+02  0.100000E-01
     1       1579     1     2  0.157900E+02  0.157900E+02  0.100000E-01
     1       1580     1     2  0.158000E+02  0.158000E+02  0.100000E-01
     1       1581     1     2  0.158100E+02  0.158100E+02  0.100000E-01
     1       1582     1     2  0.158200E+02  0.158200E+02  0.100000E-01
     1       1583     1     2  0.158300E+02  0.158300E+02  0.100000E-01
     1       1584     1     2  0.158400E+02  0.158400E+02  0.100000E-01
     1       1585     1     2  0.158500E+02  0.158500E+02  0.100000E-01
     1       1586     1     2  0.158600E+02  0.158600E+02  0.100000E-01
     1       1587     1     2  0.158700E+02  0.158700E+02  0.100000E-01
     1       1588     1     2  0.158800E+02  0.158800E+02  0.100000E-01
     1       1589     1     2  0.158900E+02  0.158900E+02  0.100000E-01
     1       1590     1     2  0.159000E+02  0.159000E+02  0.100000E-01
     1       1591     1     2  0.159100E+02  0.159100E+02  0.100000E-01
     1       1592     1     2  0.159200E+02  0.159200E+02  0.100000E-01
     1       1593     1     2  0.159300E+02  0.159300E+02  0.100000E-01
     1       1594     1     2  0.159400E+02  0.159400E+02  0.100000E-01
     1       1595     1     2  0.159500E+02  0.159500E+02  0.100000E-01
     1       1596     1     2  0.159600E+02  0.159600E+02  0.100000E-01
     1       1597     1     2  0.159700E+02  0.159700E+02  0.100000E-01
     1       1598     1     2  0.159800E+02  0.159800E+02  0.100000E-01
     1       1599     1     2  0.159900E+02  0.159900E+02  0.100000E-01
     1       1600     1     2  0.160000E+02  0.160000E+02  0.100000E-01
     1       1601     1     2  0.160100E+02  0.160100E+02  0.100000E-01
     1       1602     1     2  0.160200E+02  0.160200E+02  0.100000E-01
     1       1603     1     2  0.160300E+02  0.160300E+02  0.100000E-01
     1       1604     1     2  0.160400E+02  0.160400E+02  0.100000E-01
     1       1605     1     2  0.160500E+02  0.160500E+02  0.100000E-01
     1       1606     1     2  0.160600E+02  0.160600E+02  0.100000E-01
     1       1607     1     2  0.160700E+02  0.160700E+02  0.100000E-01
     1       1608     1     2  0.160800E+02  0.160800E+02  0.100000E-01
     1       1609     1     2  0.160900E+02  0.160900E+02  0.100000E-01
     1       1610     1     2  0.161000E+02  0.161000E+02  0.100000E-01
     1       1611     1     2  0.161100E+02  0.161100E+02  0.100000E-01
     1       1612     1     2  0.161200E+02  0.161200E+02  0.100000E-01
     1       1613     1     2  0.161300E+02  0.161300E+02  0.100000E-01
     1       1614     1     2  0.161400E+02  0.161400E+02  0.100000E-01
     1       1615     1     2  0.161500E+02  0.161500E+02  0.100000E-01
     1       1616     1     2  0.161600E+02  0.161600E+02  0.100000E-01
     1       1617     1     2  0.161700E+02  0.161700E+02  0.100000E-01
     1       1618     1     2  0.161800E+02  0.161800E+02  0.100000E-01
     1       1619     1     2  0.161900E+02  0.161900E+02  0.100000E-01
     1       1620     1     2  0.162000E+02  0.162000E+02  0.100000E-01
     1       1621     1     2  0.162100E+02  0.162100E+02  0.100000E-01
     1       1622     1     2  0.162200E+02  0.162200E+02  0.100000E-01
     1       1623     1     2  0.162300E+02  0.162300E+02  0.100000E-01
     1       1624     1     2  0.162400E+02  0.162400E+02  0.100000E-01
     1       1625     1     2  0.162500E+02  0.162500E+02  0.100000E-01
     1       1626     1     2  0.162600E+02  0.162600E+02  0.100000E-01
     1       1627     1     2  0.162700E+02  0.162700E+02  0.100000E-01
     1       1628     1     2  0.162800E+02  0.162800E+02  0.100000E-01
     1       1629     1     2  0.162900E+02  0.162900E+02  0.100000E-01
     1       1630     1     2  0.163000E+02  0.163000E+02  0.100000E-01
     1       1631     1     2  0.163100E+02  0.163100E+02  0.100000E-01
     1       1632     1     2  0.163200E+02  0.163200E+02  0.100000E-01
     1       1633     1     2  0.163300E+02  0.163300E+02  0.100000E-01
     1       1634     1     2  0.163400E+02  0.163400E+02  0.100000E-01
     1       1635     1     2  0.163500E+02  0.163500E+02  0.100000E-01
     1       1636     1     2  0.163600E+02  0.163600E+02  0.100000E-01
     1       1637     1     2  0.163700E+02  0.163700E+02  0.100000E-01
     1       1638     1     2  0.163800E+02  0.163800E+02  0.100000E-01
     1       1639     1     2  0.163900E+02  0.163900E+02  0.100000E-01
     1       1640     1     2  0.164000E+02  0.164000E+02  0.100000E-01
     1       1641     1     2  0.164100E+02  0.164100E+02  0.100000E-01
     1       1642     1     2  0.164200E+02  0.164200E+02  0.100000E-01
     1       1643     1     2  0.164300E+02  0.164300E+02  0.100000E-01
     1       1644     1     2  0.164400E+02  0.164400E+02  0.100000E-01
     1       1645     1     2  0.164500E+02  0.164500E+02  0.100000E-01
     1       1646     1     2  0.164600E+02  0.164600E+02  0.100000E-01
     1       1647     1     2  0.164700E+02  0.164700E+02  0.100000E-01
     1       1648     1     2  0.164800E+02  0.164800E+02  0.100000E-01
     1       1649     1     2  0.164900E+02  0.164900E+02  0.100000E-01
     1       1650     1     2  0.165000E+02  0.165000E+02  0.100000E-01
     1       1651     1     2  0.165100E+02  0.165100E+02  0.100000E-01
     1       1652     1     2  0.165200E+02  0.165200E+02  0.100000E-01
     1       1653     1     2  0.165300E+02  0.165300E+02  0.100000E-01
     1       1654     1     2  0.165400E+02  0.165400E+02  0.100000E-01
     1       1655     1     2  0.165500E+02  0.165500E+02  0.100000E-01
     1       1656     1     2  0.165600E+02  0.165600E+02  0.100000E-01
     1       1657     1     2  0.165700E+02  0.165700E+02  0.100000E-01
     1       1658     1     2  0.165800E+02  0.165800E+02  0.100000E-01
     1       1659     1     2  0.165900E+02  0.165900E+02  0.100000E-01
     1       1660     1     2  0.166000E+02  0.166000E+02  0.100000E-01
     1       1661     1     2  0.166100E+02  0.166100E+02  0.100000E-01
     1       1662     1     2  0.166200E+02  0.166200E+02  0.100000E-01
     1       1663     1     2  0.166300E+02  0.166300E+02  0.100000E-01
     1       1664     1     2  0.166400E+02  0.166400E+02  0.100000E-01
     1       1665     1     2  0.166500E+02  0.166500E+02  0.100000E-01
     1       1666     1     2  0.166600E+02  0.166600E+02  0.100000E-01
     1       1667     1     2  0.166700E+02  0.166700E+02  0.100000E-01
     1       1668     1     2  0.166800E+02  0.166800E+02  0.100000E-01
     1       1669     1     2  0.166900E+02  0.166900E+02  0.100000E-01
     1       1670     1     2  0.167000E+02  0.167000E+02  0.100000E-01
     1       1671     1     2  0.167100E+02  0.167100E+02  0.100000E-01
     1       1672     1     2  0.167200E+02  0.167200E+02  0.100000E-01
     1       1673     1     2  0.167300E+02  0.167300E+02  0.100000E-01
     1       1674     1     2  0.167400E+02  0.167400E+02  0.100000E-01
     1       1675     1     2  0.167500E+02  0.167500E+02  0.100000E-01
     1       1676     1     2  0.167600E+02  0.167600E+02  0.100000E-01
     1       1677     1     2  0.167700E+02  0.167700E+02  0.100000E-01
     1       1678     1     2  0.167800E+02  0.167800E+02  0.100000E-01
     1       1679     1     2  0.167900E+02  0.167900E+02  0.100000E-01
     1       1680     1     2  0.168000E+02  0.168000E+02  0.100000E-01
     1       1681     1     2  0.168100E+02  0.168100E+02  0.100000E-01
     1       1682     1     2  0.168200E+02  0.168200E+02  0.100000E-01
     1       1683     1     2  0.168300E+02  0.168300E+02  0.100000E-01
     1       1684     1     2  0.168400E+02  0.168400E+02  0.100000E-01
     1       1685     1     2  0.168500E+02  0.168500E+02  0.100000E-01
     1       1686     1     2  0.168600E+02  0.168600E+02  0.100000E-01
     1       1687     1     2  0.168700E+02  0.168700E+02  0.100000E-01
     1       1688     1     2  0.168800E+02  0.168800E+02  0.100000E-01
     1       1689     1     2  0.168900E+02  0.168900E+02  0.100000E-01
     1       1690     1     2  0.169000E+02  0.169000E+02  0.100000E-01
     1       1691     1     2  0.169100E+02  0.169100E+02  0.100000E-01
     1       1692     1     2  0.169200E+02  0.169200E+02  0.100000E-01
     1       1693     1     2  0.169300E+02  0.169300E+02  0.100000E-01
     1       1694     1     2  0.169400E+02  0.169400E+02  0.100000E-01
     1       1695     1     2  0.169500E+02  0.169500E+02  0.100000E-01
     1       1696     1     2  0.169600E+02  0.169600E+02  0.100000E-01
     1       1697     1     2  0.169700E+02  0.169700E+02  0.100000E-01
     1       1698     1     2  0.169800E+02  0.169800E+02  0.100000E-01
     1       1699     1     2  0.169900E+02  0.169900E+02  0.100000E-01
     1       1700     1     2  0.170000E+02  0.170000E+02  0.100000E-01
     1       1701     1     2  0.170100E+02  0.170100E+02  0.100000E-01
     1       1702     1     2  0.170200E+02  0.170200E+02  0.100000E-01
     1       1703     1     2  0.170300E+02  0.170300E+02  0.100000E-01
     1       1704     1     2  0.170400E+02  0.170400E+02  0.100000E-01
     1       1705     1     2  0.170500E+02  0.170500E+02  0.100000E-01
     1       1706     1     2  0.170600E+02  0.170600E+02  0.100000E-01
     1       1707     1     2  0.170700E+02  0.170700E+02  0.100000E-01
     1       1708     1     2  0.170800E+02  0.170800E+02  0.100000E-01
     1       1709     1     2  0.170900E+02  0.170900E+02  0.100000E-01
     1       1710     1     2  0.171000E+02  0.171000E+02  0.100000E-01
     1       1711     1     2  0.171100E+02  0.171100E+02  0.100000E-01
     1       1712     1     2  0.171200E+02  0.171200E+02  0.100000E-01
     1       1713     1     2  0.171300E+02  0.171300E+02  0.100000E-01
     1       1714     1     2  0.171400E+02  0.171400E+02  0.100000E-01
     1       1715     1     2  0.171500E+02  0.171500E+02  0.100000E-01
     1       1716     1     2  0.171600E+02  0.171600E+02  0.100000E-01
     1       1717     1     2  0.171700E+02  0.171700E+02  0.100000E-01
     1       1718     1     2  0.171800E+02  0.171800E+02  0.100000E-01
     1       1719     1     2  0.171900E+02  0.171900E+02  0.100000E-01
     1       1720     1     2  0.172000E+02  0.172000E+02  0.100000E-01
     1       1721     1     2  0.172100E+02  0.172100E+02  0.100000E-01
     1       1722     1     2  0.172200E+02  0.172200E+02  0.100000E-01
     1       1723     1     2  0.172300E+02  0.172300E+02  0.100000E-01
     1       1724     1     2  0.172400E+02  0.172400E+02  0.100000E-01
     1       1725     1     2  0.172500E+02  0.172500E+02  0.100000E-01
     1       1726     1     2  0.172600E+02  0.172600E+02  0.100000E-01
     1       1727     1     2  0.172700E+02  0.172700E+02  0.100000E-01
     1       1728     1     2  0.172800E+02  0.172800E+02  0.100000E-01
     1       1729     1     2  0.172900E+02  0.172900E+02  0.100000E-01
     1       1730     1     2  0.173000E+02  0.173000E+02  0.100000E-01
     1       1731     1     2  0.173100E+02  0.173100E+02  0.100000E-01
     1       1732     1     2  0.173200E+02  0.173200E+02  0.100000E-01
     1       1733     1     2  0.173300E+02  0.173300E+02  0.100000E-01
     1       1734     1     2  0.173400E+02  0.173400E+02  0.100000E-01
     1       1735     1     2  0.173500E+02  0.173500E+02  0.100000E-01
     1       1736     1     2  0.173600E+02  0.173600E+02  0.100000E-01
     1       1737     1     2  0.173700E+02  0.173700E+02  0.100000E-01
     1       1738     1     2  0.173800E+02  0.173800E+02  0.100000E-01
     1       1739     1     2  0.173900E+02  0.173900E+02  0.100000E-01
     1       1740     1     2  0.174000E+02  0.174000E+02  0.100000E-01
     1       1741     1     2  0.174100E+02  0.174100E+02  0.100000E-01
     1       1742     1     2  0.174200E+02  0.174200E+02  0.100000E-01
     1       1743     1     2  0.174300E+02  0.174300E+02  0.100000E-01
     1       1744     1     2  0.174400E+02  0.174400E+02  0.100000E-01
     1       1745     1     2  0.174500E+02  0.174500E+02  0.100000E-01
     1       1746     1     2  0.174600E+02  0.174600E+02  0.100000E-01
     1       1747     1     2  0.174700E+02  0.174700E+02  0.100000E-01
     1       1748     1     2  0.174800E+02  0.174800E+02  0.100000E-01
     1       1749     1     2  0.174900E+02  0.174900E+02  0.100000E-01
     1       1750     1     2  0.175000E+02  0.175000E+02  0.100000E-01
     1       1751     1     2  0.175100E+02  0.175100E+02  0.100000E-01
     1       1752     1     2  0.175200E+02  0.175200E+02  0.100000E-01
     1       1753     1     2  0.175300E+02  0.175300E+02  0.100000E-01
     1       1754     1     2  0.175400E+02  0.175400E+02  0.100000E-01
     1       1755     1     2  0.175500E+02  0.175500E+02  0.100000E-01
     1       1756     1     2  0.175600E+02  0.175600E+02  0.100000E-01
     1       1757     1     2  0.175700E+02  0.175700E+02  0.100000E-01
     1       1758     1     2  0.175800E+02  0.175800E+02  0.100000E-01
     1       1759     1     2  0.175900E+02  0.175900E+02  0.100000E-01
     1       1760     1     2  0.176000E+02  0.176000E+02  0.100000E-01
     1       1761     1     2  0.176100E+02  0.176100E+02  0.100000E-01
     1       1762     1     2  0.176200E+02  0.176200E+02  0.100000E-01
     1       1763     1     2  0.176300E+02  0.176300E+02  0.100000E-01
     1       1764     1     2  0.176400E+02  0.176400E+02  0.100000E-01
     1       1765     1     2  0.176500E+02  0.176500E+02  0.100000E-01
     1       1766     1     2  0.176600E+02  0.176600E+02  0.100000E-01
     1       1767     1     2  0.176700E+02  0.176700E+02  0.100000E-01
     1       1768     1     2  0.176800E+02  0.176800E+02  0.100000E-01
     1       1769     1     2  0.176900E+02  0.176900E+02  0.100000E-01
     1       1770     1     2  0.177000E+02  0.177000E+02  0.100000E-01
     1       1771     1     2  0.177100E+02  0.177100E+02  0.100000E-01
     1       1772     1     2  0.177200E+02  0.177200E+02  0.100000E-01
     1       1773     1     2  0.177300E+02  0.177300E+02  0.100000E-01
     1       1774     1     2  0.177400E+02  0.177400E+02  0.100000E-01
     1       1775     1     2  0.177500E+02  0.177500E+02  0.100000E-01
     1       1776     1     2  0.177600E+02  0.177600E+02  0.100000E-01
     1       1777     1     2  0.177700E+02  0.177700E+02  0.100000E-01
     1       1778     1     2  0.177800E+02  0.177800E+02  0.100000E-01
     1       1779     1     2  0.177900E+02  0.177900E+02  0.100000E-01
     1       1780     1     2  0.178000E+02  0.178000E+02  0.100000E-01
     1       1781     1     2  0.178100E+02  0.178100E+02  0.100000E-01
     1       1782     1     2  0.178200E+02  0.178200E+02  0.100000E-01
     1       1783     1     2  0.178300E+02  0.178300E+02  0.100000E-01
     1       1784     1     2  0.178400E+02  0.178400E+02  0.100000E-01
     1       1785     1     2  0.178500E+02  0.178500E+02  0.100000E-01
     1       1786     1     2  0.178600E+02  0.178600E+02  0.100000E-01
     1       1787     1     2  0.178700E+02  0.178700E+02  0.100000E-01
     1       1788     1     2  0.178800E+02  0.178800E+02  0.100000E-01
     1       1789     1     2  0.178900E+02  0.178900E+02  0.100000E-01
     1       1790     1     2  0.179000E+02  0.179000E+02  0.100000E-01
     1       1791     1     2  0.179100E+02  0.179100E+02  0.100000E-01
     1       1792     1     2  0.179200E+02  0.179200E+02  0.100000E-01
     1       1793     1     2  0.179300E+02  0.179300E+02  0.100000E-01
     1       1794     1     2  0.179400E+02  0.179400E+02  0.100000E-01
     1       1795     1     2  0.179500E+02  0.179500E+02  0.100000E-01
     1       1796     1     2  0.179600E+02  0.179600E+02  0.100000E-01
     1       1797     1     2  0.179700E+02  0.179700E+02  0.100000E-01
     1       1798     1     2  0.179800E+02  0.179800E+02  0.100000E-01
     1       1799     1     2  0.179900E+02  0.179900E+02  0.100000E-01
     1       1800     1     2  0.180000E+02  0.180000E+02  0.100000E-01
     1       1801     1     2  0.180100E+02  0.180100E+02  0.100000E-01
     1       1802     1     2  0.180200E+02  0.180200E+02  0.100000E-01
     1       1803     1     2  0.180300E+02  0.180300E+02  0.100000E-01
     1       1804     1     2  0.180400E+02  0.180400E+02  0.100000E-01
     1       1805     1     2  0.180500E+02  0.180500E+02  0.100000E-01
     1       1806     1     2  0.180600E+02  0.180600E+02  0.100000E-01
     1       1807     1     2  0.180700E+02  0.180700E+02  0.100000E-01
     1       1808     1     2  0.180800E+02  0.180800E+02  0.100000E-01
     1       1809     1     2  0.180900E+02  0.180900E+02  0.100000E-01
     1       1810     1     2  0.181000E+02  0.181000E+02  0.100000E-01
     1       1811     1     2  0.181100E+02  0.181100E+02  0.100000E-01
     1       1812     1     2  0.181200E+02  0.181200E+02  0.100000E-01
     1       1813     1     2  0.181300E+02  0.181300E+02  0.100000E-01
     1       1814     1     2  0.181400E+02  0.181400E+02  0.100000E-01
     1       1815     1     2  0.181500E+02  0.181500E+02  0.100000E-01
     1       1816     1     2  0.181600E+02  0.181600E+02  0.100000E-01
     1       1817     1     2  0.181700E+02  0.181700E+02  0.100000E-01
     1       1818     1     2  0.181800E+02  0.181800E+02  0.100000E-01
     1       1819     1     2  0.181900E+02  0.181900E+02  0.100000E-01
     1       1820     1     2  0.182000E+02  0.182000E+02  0.100000E-01
     1       1821     1     2  0.182100E+02  0.182100E+02  0.100000E-01
     1       1822     1     2  0.182200E+02  0.182200E+02  0.100000E-01
     1       1823     1     2  0.182300E+02  0.182300E+02  0.100000E-01
     1       1824     1     2  0.182400E+02  0.182400E+02  0.100000E-01
     1       1825     1     2  0.182500E+02  0.182500E+02  0.100000E-01
     1       1826     1     2  0.182600E+02  0.182600E+02  0.100000E-01
     1       1827     1     2  0.182700E+02  0.182700E+02  0.100000E-01
     1       1828     1     2  0.182800E+02  0.182800E+02  0.100000E-01
     1       1829     1     2  0.182900E+02  0.182900E+02  0.100000E-01
     1       1830     1     2  0.183000E+02  0.183000E+02  0.100000E-01
     1       1831     1     2  0.183100E+02  0.183100E+02  0.100000E-01
     1       1832     1     2  0.183200E+02  0.183200E+02  0.100000E-01
     1       1833     1     2  0.183300E+02  0.183300E+02  0.100000E-01
     1       1834     1     2  0.183400E+02  0.183400E+02  0.100000E-01
     1       1835     1     2  0.183500E+02  0.183500E+02  0.100000E-01
     1       1836     1     2  0.183600E+02  0.183600E+02  0.100000E-01
     1       1837     1     2  0.183700E+02  0.183700E+02  0.100000E-01
     1       1838     1     2  0.183800E+02  0.183800E+02  0.100000E-01
     1       1839     1     2  0.183900E+02  0.183900E+02  0.100000E-01
     1       1840     1     2  0.184000E+02  0.184000E+02  0.100000E-01
     1       1841     1     2  0.184100E+02  0.184100E+02  0.100000E-01
     1       1842     1     2  0.184200E+02  0.184200E+02  0.100000E-01
     1       1843     1     2  0.184300E+02  0.184300E+02  0.100000E-01
     1       1844     1     2  0.184400E+02  0.184400E+02  0.100000E-01
     1       1845     1     2  0.184500E+02  0.184500E+02  0.100000E-01
     1       1846     1     2  0.184600E+02  0.184600E+02  0.100000E-01
     1       1847     1     2  0.184700E+02  0.184700E+02  0.100000E-01
     1       1848     1     2  0.184800E+02  0.184800E+02  0.100000E-01
     1       1849     1     2  0.184900E+02  0.184900E+02  0.100000E-01
     1       1850     1     2  0.185000E+02  0.185000E+02  0.100000E-01
     1       1851     1     2  0.185100E+02  0.185100E+02  0.100000E-01
     1       1852     1     2  0.185200E+02  0.185200E+02  0.100000E-01
     1       1853     1     2  0.185300E+02  0.185300E+02  0.100000E-01
     1       1854     1     2  0.185400E+02  0.185400E+02  0.100000E-01
     1       1855     1     2  0.185500E+02  0.185500E+02  0.100000E-01
     1       1856     1     2  0.185600E+02  0.185600E+02  0.100000E-01
     1       1857     1     2  0.185700E+02  0.185700E+02  0.100000E-01
     1       1858     1     2  0.185800E+02  0.185800E+02  0.100000E-01
     1       1859     1     2  0.185900E+02  0.185900E+02  0.100000E-01
     1       1860     1     2  0.186000E+02  0.186000E+02  0.100000E-01
     1       1861     1     2  0.186100E+02  0.186100E+02  0.100000E-01
     1       1862     1     2  0.186200E+02  0.186200E+02  0.100000E-01
     1       1863     1     2  0.186300E+02  0.186300E+02  0.100000E-01
     1       1864     1     2  0.186400E+02  0.186400E+02  0.100000E-01
     1       1865     1     2  0.186500E+02  0.186500E+02  0.100000E-01
     1       1866     1     2  0.186600E+02  0.186600E+02  0.100000E-01
     1       1867     1     2  0.186700E+02  0.186700E+02  0.100000E-01
     1       1868     1     2  0.186800E+02  0.186800E+02  0.100000E-01
     1       1869     1     2  0.186900E+02  0.186900E+02  0.100000E-01
     1       1870     1     2  0.187000E+02  0.187000E+02  0.100000E-01
     1       1871     1     2  0.187100E+02  0.187100E+02  0.100000E-01
     1       1872     1     2  0.187200E+02  0.187200E+02  0.100000E-01
     1       1873     1     2  0.187300E+02  0.187300E+02  0.100000E-01
     1       1874     1     2  0.187400E+02  0.187400E+02  0.100000E-01
     1       1875     1     2  0.187500E+02  0.187500E+02  0.100000E-01
     1       1876     1     2  0.187600E+02  0.187600E+02  0.100000E-01
     1       1877     1     2  0.187700E+02  0.187700E+02  0.100000E-01
     1       1878     1     2  0.187800E+02  0.187800E+02  0.100000E-01
     1       1879     1     2  0.187900E+02  0.187900E+02  0.100000E-01
     1       1880     1     2  0.188000E+02  0.188000E+02  0.100000E-01
     1       1881     1     2  0.188100E+02  0.188100E+02  0.100000E-01
     1       1882     1     2  0.188200E+02  0.188200E+02  0.100000E-01
     1       1883     1     2  0.188300E+02  0.188300E+02  0.100000E-01
     1       1884     1     2  0.188400E+02  0.188400E+02  0.100000E-01
     1       1885     1     2  0.188500E+02  0.188500E+02  0.100000E-01
     1       1886     1     2  0.188600E+02  0.188600E+02  0.100000E-01
     1       1887     1     2  0.188700E+02  0.188700E+02  0.100000E-01
     1       1888     1     2  0.188800E+02  0.188800E+02  0.100000E-01
     1       1889     1     2  0.188900E+02  0.188900E+02  0.100000E-01
     1       1890     1     2  0.189000E+02  0.189000E+02  0.100000E-01
     1       1891     1     2  0.189100E+02  0.189100E+02  0.100000E-01
     1       1892     1     2  0.189200E+02  0.189200E+02  0.100000E-01
     1       1893     1     2  0.189300E+02  0.189300E+02  0.100000E-01
     1       1894     1     2  0.189400E+02  0.189400E+02  0.100000E-01
     1       1895     1     2  0.189500E+02  0.189500E+02  0.100000E-01
     1       1896     1     2  0.189600E+02  0.189600E+02  0.100000E-01
     1       1897     1     2  0.189700E+02  0.189700E+02  0.100000E-01
     1       1898     1     2  0.189800E+02  0.189800E+02  0.100000E-01
     1       1899     1     2  0.189900E+02  0.189900E+02  0.100000E-01
     1       1900     1     2  0.190000E+02  0.190000E+02  0.100000E-01
     1       1901     1     2  0.190100E+02  0.190100E+02  0.100000E-01
     1       1902     1     2  0.190200E+02  0.190200E+02  0.100000E-01
     1       1903     1     2  0.190300E+02  0.190300E+02  0.100000E-01
     1       1904     1     2  0.190400E+02  0.190400E+02  0.100000E-01
     1       1905     1     2  0.190500E+02  0.190500E+02  0.100000E-01
     1       1906     1     2  0.190600E+02  0.190600E+02  0.100000E-01
     1       1907     1     2  0.190700E+02  0.190700E+02  0.100000E-01
     1       1908     1     2  0.190800E+02  0.190800E+02  0.100000E-01
     1       1909     1     2  0.190900E+02  0.190900E+02  0.100000E-01
     1       1910     1     2  0.191000E+02  0.191000E+02  0.100000E-01
     1       1911     1     2  0.191100E+02  0.191100E+02  0.100000E-01
     1       1912     1     2  0.191200E+02  0.191200E+02  0.100000E-01
     1       1913     1     2  0.191300E+02  0.191300E+02  0.100000E-01
     1       1914     1     2  0.191400E+02  0.191400E+02  0.100000E-01
     1       1915     1     2  0.191500E+02  0.191500E+02  0.100000E-01
     1       1916     1     2  0.191600E+02  0.191600E+02  0.100000E-01
     1       1917     1     2  0.191700E+02  0.191700E+02  0.100000E-01
     1       1918     1     2  0.191800E+02  0.191800E+02  0.100000E-01
     1       1919     1     2  0.191900E+02  0.191900E+02  0.100000E-01
     1       1920     1     2  0.192000E+02  0.192000E+02  0.100000E-01
     1       1921     1     2  0.192100E+02  0.192100E+02  0.100000E-01
     1       1922     1     2  0.192200E+02  0.192200E+02  0.100000E-01
     1       1923     1     2  0.192300E+02  0.192300E+02  0.100000E-01
     1       1924     1     2  0.192400E+02  0.192400E+02  0.100000E-01
     1       1925     1     2  0.192500E+02  0.192500E+02  0.100000E-01
     1       1926     1     2  0.192600E+02  0.192600E+02  0.100000E-01
     1       1927     1     2  0.192700E+02  0.192700E+02  0.100000E-01
     1       1928     1     2  0.192800E+02  0.192800E+02  0.100000E-01
     1       1929     1     2  0.192900E+02  0.192900E+02  0.100000E-01
     1       1930     1     2  0.193000E+02  0.193000E+02  0.100000E-01
     1       1931     1     2  0.193100E+02  0.193100E+02  0.100000E-01
     1       1932     1     2  0.193200E+02  0.193200E+02  0.100000E-01
     1       1933     1     2  0.193300E+02  0.193300E+02  0.100000E-01
     1       1934     1     2  0.193400E+02  0.193400E+02  0.100000E-01
     1       1935     1     2  0.193500E+02  0.193500E+02  0.100000E-01
     1       1936     1     2  0.193600E+02  0.193600E+02  0.100000E-01
     1       1937     1     2  0.193700E+02  0.193700E+02  0.100000E-01
     1       1938     1     2  0.193800E+02  0.193800E+02  0.100000E-01
     1       1939     1     2  0.193900E+02  0.193900E+02  0.100000E-01
     1       1940     1     2  0.194000E+02  0.194000E+02  0.100000E-01
     1       1941     1     2  0.194100E+02  0.194100E+02  0.100000E-01
     1       1942     1     2  0.194200E+02  0.194200E+02  0.100000E-01
     1       1943     1     2  0.194300E+02  0.194300E+02  0.100000E-01
     1       1944     1     2  0.194400E+02  0.194400E+02  0.100000E-01
     1       1945     1     2  0.194500E+02  0.194500E+02  0.100000E-01
     1       1946     1     2  0.194600E+02  0.194600E+02  0.100000E-01
     1       1947     1     2  0.194700E+02  0.194700E+02  0.100000E-01
     1       1948     1     2  0.194800E+02  0.194800E+02  0.100000E-01
     1       1949     1     2  0.194900E+02  0.194900E+02  0.100000E-01
     1       1950     1     2  0.195000E+02  0.195000E+02  0.100000E-01
     1       1951     1     2  0.195100E+02  0.195100E+02  0.100000E-01
     1       1952     1     2  0.195200E+02  0.195200E+02  0.100000E-01
     1       1953     1     2  0.195300E+02  0.195300E+02  0.100000E-01
     1       1954     1     2  0.195400E+02  0.195400E+02  0.100000E-01
     1       1955     1     2  0.195500E+02  0.195500E+02  0.100000E-01
     1       1956     1     2  0.195600E+02  0.195600E+02  0.100000E-01
     1       1957     1     2  0.195700E+02  0.195700E+02  0.100000E-01
     1       1958     1     2  0.195800E+02  0.195800E+02  0.100000E-01
     1       1959     1     2  0.195900E+02  0.195900E+02  0.100000E-01
     1       1960     1     2  0.196000E+02  0.196000E+02  0.100000E-01
     1       1961     1     2  0.196100E+02  0.196100E+02  0.100000E-01
     1       1962     1     2  0.196200E+02  0.196200E+02  0.100000E-01
     1       1963     1     2  0.196300E+02  0.196300E+02  0.100000E-01
     1       1964     1     2  0.196400E+02  0.196400E+02  0.100000E-01
     1       1965     1     2  0.196500E+02  0.196500E+02  0.100000E-01
     1       1966     1     2  0.196600E+02  0.196600E+02  0.100000E-01
     1       1967     1     2  0.196700E+02  0.196700E+02  0.100000E-01
     1       1968     1     2  0.196800E+02  0.196800E+02  0.100000E-01
     1       1969     1     2  0.196900E+02  0.196900E+02  0.100000E-01
     1       1970     1     2  0.197000E+02  0.197000E+02  0.100000E-01
     1       1971     1     2  0.197100E+02  0.197100E+02  0.100000E-01
     1       1972     1     2  0.197200E+02  0.197200E+02  0.100000E-01
     1       1973     1     2  0.197300E+02  0.197300E+02  0.100000E-01
     1       1974     1     2  0.197400E+02  0.197400E+02  0.100000E-01
     1       1975     1     2  0.197500E+02  0.197500E+02  0.100000E-01
     1       1976     1     2  0.197600E+02  0.197600E+02  0.100000E-01
     1       1977     1     2  0.197700E+02  0.197700E+02  0.100000E-01
     1       1978     1     2  0.197800E+02  0.197800E+02  0.100000E-01
     1       1979     1     2  0.197900E+02  0.197900E+02  0.100000E-01
     1       1980     1     2  0.198000E+02  0.198000E+02  0.100000E-01
     1       1981     1     2  0.198100E+02  0.198100E+02  0.100000E-01
     1       1982     1     2  0.198200E+02  0.198200E+02  0.100000E-01
     1       1983     1     2  0.198300E+02  0.198300E+02  0.100000E-01
     1       1984     1     2  0.198400E+02  0.198400E+02  0.100000E-01
     1       1985     1     2  0.198500E+02  0.198500E+02  0.100000E-01
     1       1986     1     2  0.198600E+02  0.198600E+02  0.100000E-01
     1       1987     1     2  0.198700E+02  0.198700E+02  0.100000E-01
     1       1988     1     2  0.198800E+02  0.198800E+02  0.100000E-01
     1       1989     1     2  0.198900E+02  0.198900E+02  0.100000E-01
     1       1990     1     2  0.199000E+02  0.199000E+02  0.100000E-01
     1       1991     1     2  0.199100E+02  0.199100E+02  0.100000E-01
     1       1992     1     2  0.199200E+02  0.199200E+02  0.100000E-01
     1       1993     1     2  0.199300E+02  0.199300E+02  0.100000E-01
     1       1994     1     2  0.199400E+02  0.199400E+02  0.100000E-01
     1       1995     1     2  0.199500E+02  0.199500E+02  0.100000E-01
     1       1996     1     2  0.199600E+02  0.199600E+02  0.100000E-01
     1       1997     1     2  0.199700E+02  0.199700E+02  0.100000E-01
     1       1998     1     2  0.199800E+02  0.199800E+02  0.100000E-01
     1       1999     1     2  0.199900E+02  0.199900E+02  0.100000E-01
     1       2000     1     2  0.200000E+02  0.200000E+02  0.100000E-01
     1       2001     1     2  0.200100E+02  0.200100E+02  0.100000E-01
     1       2002     1     2  0.200200E+02  0.200200E+02  0.100000E-01
     1       2003     1     2  0.200300E+02  0.200300E+02  0.100000E-01
     1       2004     1     2  0.200400E+02  0.200400E+02  0.100000E-01
     1       2005     1     2  0.200500E+02  0.200500E+02  0.100000E-01
     1       2006     1     2  0.200600E+02  0.200600E+02  0.100000E-01
     1       2007     1     2  0.200700E+02  0.200700E+02  0.100000E-01
     1       2008     1     2  0.200800E+02  0.200800E+02  0.100000E-01
     1       2009     1     2  0.200900E+02  0.200900E+02  0.100000E-01
     1       2010     1     2  0.201000E+02  0.201000E+02  0.100000E-01
     1       2011     1     2  0.201100E+02  0.201100E+02  0.100000E-01
     1       2012     1     2  0.201200E+02  0.201200E+02  0.100000E-01
     1       2013     1     2  0.201300E+02  0.201300E+02  0.100000E-01
     1       2014     1     2  0.201400E+02  0.201400E+02  0.100000E-01
     1       2015     1     2  0.201500E+02  0.201500E+02  0.100000E-01
     1       2016     1     2  0.201600E+02  0.201600E+02  0.100000E-01
     1       2017     1     2  0.201700E+02  0.201700E+02  0.100000E-01
     1       2018     1     2  0.201800E+02  0.201800E+02  0.100000E-01
     1       2019     1     2  0.201900E+02  0.201900E+02  0.100000E-01
     1       2020     1     2  0.202000E+02  0.202000E+02  0.100000E-01
     1       2021     1     2  0.202100E+02  0.202100E+02  0.100000E-01
     1       2022     1     2  0.202200E+02  0.202200E+02  0.100000E-01
     1       2023     1     2  0.202300E+02  0.202300E+02  0.100000E-01
     1       2024     1     2  0.202400E+02  0.202400E+02  0.100000E-01
     1       2025     1     2  0.202500E+02  0.202500E+02  0.100000E-01
     1       2026     1     2  0.202600E+02  0.202600E+02  0.100000E-01
     1       2027     1     2  0.202700E+02  0.202700E+02  0.100000E-01
     1       2028     1     2  0.202800E+02  0.202800E+02  0.100000E-01
     1       2029     1     2  0.202900E+02  0.202900E+02  0.100000E-01
     1       2030     1     2  0.203000E+02  0.203000E+02  0.100000E-01
     1       2031     1     2  0.203100E+02  0.203100E+02  0.100000E-01
     1       2032     1     2  0.203200E+02  0.203200E+02  0.100000E-01
     1       2033     1     2  0.203300E+02  0.203300E+02  0.100000E-01
     1       2034     1     2  0.203400E+02  0.203400E+02  0.100000E-01
     1       2035     1     2  0.203500E+02  0.203500E+02  0.100000E-01
     1       2036     1     2  0.203600E+02  0.203600E+02  0.100000E-01
     1       2037     1     2  0.203700E+02  0.203700E+02  0.100000E-01
     1       2038     1     2  0.203800E+02  0.203800E+02  0.100000E-01
     1       2039     1     2  0.203900E+02  0.203900E+02  0.100000E-01
     1       2040     1     2  0.204000E+02  0.204000E+02  0.100000E-01
     1       2041     1     2  0.204100E+02  0.204100E+02  0.100000E-01
     1       2042     1     2  0.204200E+02  0.204200E+02  0.100000E-01
     1       2043     1     2  0.204300E+02  0.204300E+02  0.100000E-01
     1       2044     1     2  0.204400E+02  0.204400E+02  0.100000E-01
     1       2045     1     2  0.204500E+02  0.204500E+02  0.100000E-01
     1       2046     1     2  0.204600E+02  0.204600E+02  0.100000E-01
     1       2047     1     2  0.204700E+02  0.204700E+02  0.100000E-01
     1       2048     1     2  0.204800E+02  0.204800E+02  0.100000E-01
     1       2049     1     2  0.204900E+02  0.204900E+02  0.100000E-01
     1       2050     1     2  0.205000E+02  0.205000E+02  0.100000E-01
     1       2051     1     2  0.205100E+02  0.205100E+02  0.100000E-01
     1       2052     1     2  0.205200E+02  0.205200E+02  0.100000E-01
     1       2053     1     2  0.205300E+02  0.205300E+02  0.100000E-01
     1       2054     1     2  0.205400E+02  0.205400E+02  0.100000E-01
     1       2055     1     2  0.205500E+02  0.205500E+02  0.100000E-01
     1       2056     1     2  0.205600E+02  0.205600E+02  0.100000E-01
     1       2057     1     2  0.205700E+02  0.205700E+02  0.100000E-01
     1       2058     1     2  0.205800E+02  0.205800E+02  0.100000E-01
     1       2059     1     2  0.205900E+02  0.205900E+02  0.100000E-01
     1       2060     1     2  0.206000E+02  0.206000E+02  0.100000E-01
     1       2061     1     2  0.206100E+02  0.206100E+02  0.100000E-01
     1       2062     1     2  0.206200E+02  0.206200E+02  0.100000E-01
     1       2063     1     2  0.206300E+02  0.206300E+02  0.100000E-01
     1       2064     1     2  0.206400E+02  0.206400E+02  0.100000E-01
     1       2065     1     2  0.206500E+02  0.206500E+02  0.100000E-01
     1       2066     1     2  0.206600E+02  0.206600E+02  0.100000E-01
     1       2067     1     2  0.206700E+02  0.206700E+02  0.100000E-01
     1       2068     1     2  0.206800E+02  0.206800E+02  0.100000E-01
     1       2069     1     2  0.206900E+02  0.206900E+02  0.100000E-01
     1       2070     1     2  0.207000E+02  0.207000E+02  0.100000E-01
     1       2071     1     2  0.207100E+02  0.207100E+02  0.100000E-01
     1       2072     1     2  0.207200E+02  0.207200E+02  0.100000E-01
     1       2073     1     2  0.207300E+02  0.207300E+02  0.100000E-01
     1       2074     1     2  0.207400E+02  0.207400E+02  0.100000E-01
     1       2075     1     2  0.207500E+02  0.207500E+02  0.100000E-01
     1       2076     1     2  0.207600E+02  0.207600E+02  0.100000E-01
     1       2077     1     2  0.207700E+02  0.207700E+02  0.100000E-01
     1       2078     1     2  0.207800E+02  0.207800E+02  0.100000E-01
     1       2079     1     2  0.207900E+02  0.207900E+02  0.100000E-01
     1       2080     1     2  0.208000E+02  0.208000E+02  0.100000E-01
     1       2081     1     2  0.208100E+02  0.208100E+02  0.100000E-01
     1       2082     1     2  0.208200E+02  0.208200E+02  0.100000E-01
     1       2083     1     2  0.208300E+02  0.208300E+02  0.100000E-01
     1       2084     1     2  0.208400E+02  0.208400E+02  0.100000E-01
     1       2085     1     2  0.208500E+02  0.208500E+02  0.100000E-01
     1       2086     1     2  0.208600E+02  0.208600E+02  0.100000E-01
     1       2087     1     2  0.208700E+02  0.208700E+02  0.100000E-01
     1       2088     1     2  0.208800E+02  0.208800E+02  0.100000E-01
     1       2089     1     2  0.208900E+02  0.208900E+02  0.100000E-01
     1       2090     1     2  0.209000E+02  0.209000E+02  0.100000E-01
     1       2091     1     2  0.209100E+02  0.209100E+02  0.100000E-01
     1       2092     1     2  0.209200E+02  0.209200E+02  0.100000E-01
     1       2093     1     2  0.209300E+02  0.209300E+02  0.100000E-01
     1       2094     1     2  0.209400E+02  0.209400E+02  0.100000E-01
     1       2095     1     2  0.209500E+02  0.209500E+02  0.100000E-01
     1       2096     1     2  0.209600E+02  0.209600E+02  0.100000E-01
     1       2097     1     2  0.209700E+02  0.209700E+02  0.100000E-01
     1       2098     1     2  0.209800E+02  0.209800E+02  0.100000E-01
     1       2099     1     2  0.209900E+02  0.209900E+02  0.100000E-01
     1       2100     1     2  0.210000E+02  0.210000E+02  0.100000E-01
     1       2101     1     2  0.210100E+02  0.210100E+02  0.100000E-01
     1       2102     1     2  0.210200E+02  0.210200E+02  0.100000E-01
     1       2103     1     2  0.210300E+02  0.210300E+02  0.100000E-01
     1       2104     1     2  0.210400E+02  0.210400E+02  0.100000E-01
     1       2105     1     2  0.210500E+02  0.210500E+02  0.100000E-01
     1       2106     1     2  0.210600E+02  0.210600E+02  0.100000E-01
     1       2107     1     2  0.210700E+02  0.210700E+02  0.100000E-01
     1       2108     1     2  0.210800E+02  0.210800E+02  0.100000E-01
     1       2109     1     2  0.210900E+02  0.210900E+02  0.100000E-01
     1       2110     1     2  0.211000E+02  0.211000E+02  0.100000E-01
     1       2111     1     2  0.211100E+02  0.211100E+02  0.100000E-01
     1       2112     1     2  0.211200E+02  0.211200E+02  0.100000E-01
     1       2113     1     2  0.211300E+02  0.211300E+02  0.100000E-01
     1       2114     1     2  0.211400E+02  0.211400E+02  0.100000E-01
     1       2115     1     2  0.211500E+02  0.211500E+02  0.100000E-01
     1       2116     1     2  0.211600E+02  0.211600E+02  0.100000E-01
     1       2117     1     2  0.211700E+02  0.211700E+02  0.100000E-01
     1       2118     1     2  0.211800E+02  0.211800E+02  0.100000E-01
     1       2119     1     2  0.211900E+02  0.211900E+02  0.100000E-01
     1       2120     1     2  0.212000E+02  0.212000E+02  0.100000E-01
     1       2121     1     2  0.212100E+02  0.212100E+02  0.100000E-01
     1       2122     1     2  0.212200E+02  0.212200E+02  0.100000E-01
     1       2123     1     2  0.212300E+02  0.212300E+02  0.100000E-01
     1       2124     1     2  0.212400E+02  0.212400E+02  0.100000E-01
     1       2125     1     2  0.212500E+02  0.212500E+02  0.100000E-01
     1       2126     1     2  0.212600E+02  0.212600E+02  0.100000E-01
     1       2127     1     2  0.212700E+02  0.212700E+02  0.100000E-01
     1       2128     1     2  0.212800E+02  0.212800E+02  0.100000E-01
     1       2129     1     2  0.212900E+02  0.212900E+02  0.100000E-01
     1       2130     1     2  0.213000E+02  0.213000E+02  0.100000E-01
     1       2131     1     2  0.213100E+02  0.213100E+02  0.100000E-01
     1       2132     1     2  0.213200E+02  0.213200E+02  0.100000E-01
     1       2133     1     2  0.213300E+02  0.213300E+02  0.100000E-01
     1       2134     1     2  0.213400E+02  0.213400E+02  0.100000E-01
     1       2135     1     2  0.213500E+02  0.213500E+02  0.100000E-01
     1       2136     1     2  0.213600E+02  0.213600E+02  0.100000E-01
     1       2137     1     2  0.213700E+02  0.213700E+02  0.100000E-01
     1       2138     1     2  0.213800E+02  0.213800E+02  0.100000E-01
     1       2139     1     2  0.213900E+02  0.213900E+02  0.100000E-01
     1       2140     1     2  0.214000E+02  0.214000E+02  0.100000E-01
     1       2141     1     2  0.214100E+02  0.214100E+02  0.100000E-01
     1       2142     1     2  0.214200E+02  0.214200E+02  0.100000E-01
     1       2143     1     2  0.214300E+02  0.214300E+02  0.100000E-01
     1       2144     1     2  0.214400E+02  0.214400E+02  0.100000E-01
     1       2145     1     2  0.214500E+02  0.214500E+02  0.100000E-01
     1       2146     1     2  0.214600E+02  0.214600E+02  0.100000E-01
     1       2147     1     2  0.214700E+02  0.214700E+02  0.100000E-01
     1       2148     1     2  0.214800E+02  0.214800E+02  0.100000E-01
     1       2149     1     2  0.214900E+02  0.214900E+02  0.100000E-01
     1       2150     1     2  0.215000E+02  0.215000E+02  0.100000E-01
     1       2151     1     2  0.215100E+02  0.215100E+02  0.100000E-01
     1       2152     1     2  0.215200E+02  0.215200E+02  0.100000E-01
     1       2153     1     2  0.215300E+02  0.215300E+02  0.100000E-01
     1       2154     1     2  0.215400E+02  0.215400E+02  0.100000E-01
     1       2155     1     2  0.215500E+02  0.215500E+02  0.100000E-01
     1       2156     1     2  0.215600E+02  0.215600E+02  0.100000E-01
     1       2157     1     2  0.215700E+02  0.215700E+02  0.100000E-01
     1       2158     1     2  0.215800E+02  0.215800E+02  0.100000E-01
     1       2159     1     2  0.215900E+02  0.215900E+02  0.100000E-01
     1       2160     1     2  0.216000E+02  0.216000E+02  0.100000E-01
     1       2161     1     2  0.216100E+02  0.216100E+02  0.100000E-01
     1       2162     1     2  0.216200E+02  0.216200E+02  0.100000E-01
     1       2163     1     2  0.216300E+02  0.216300E+02  0.100000E-01
     1       2164     1     2  0.216400E+02  0.216400E+02  0.100000E-01
     1       2165     1     2  0.216500E+02  0.216500E+02  0.100000E-01
     1       2166     1     2  0.216600E+02  0.216600E+02  0.100000E-01
     1       2167     1     2  0.216700E+02  0.216700E+02  0.100000E-01
     1       2168     1     2  0.216800E+02  0.216800E+02  0.100000E-01
     1       2169     1     2  0.216900E+02  0.216900E+02  0.100000E-01
     1       2170     1     2  0.217000E+02  0.217000E+02  0.100000E-01
     1       2171     1     2  0.217100E+02  0.217100E+02  0.100000E-01
     1       2172     1     2  0.217200E+02  0.217200E+02  0.100000E-01
     1       2173     1     2  0.217300E+02  0.217300E+02  0.100000E-01
     1       2174     1     2  0.217400E+02  0.217400E+02  0.100000E-01
     1       2175     1     2  0.217500E+02  0.217500E+02  0.100000E-01
     1       2176     1     2  0.217600E+02  0.217600E+02  0.100000E-01
     1       2177     1     2  0.217700E+02  0.217700E+02  0.100000E-01
     1       2178     1     2  0.217800E+02  0.217800E+02  0.100000E-01
     1       2179     1     2  0.217900E+02  0.217900E+02  0.100000E-01
     1       2180     1     2  0.218000E+02  0.218000E+02  0.100000E-01
     1       2181     1     2  0.218100E+02  0.218100E+02  0.100000E-01
     1       2182     1     2  0.218200E+02  0.218200E+02  0.100000E-01
     1       2183     1     2  0.218300E+02  0.218300E+02  0.100000E-01
     1       2184     1     2  0.218400E+02  0.218400E+02  0.100000E-01
     1       2185     1     2  0.218500E+02  0.218500E+02  0.100000E-01
     1       2186     1     2  0.218600E+02  0.218600E+02  0.100000E-01
     1       2187     1     2  0.218700E+02  0.218700E+02  0.100000E-01
     1       2188     1     2  0.218800E+02  0.218800E+02  0.100000E-01
     1       2189     1     2  0.218900E+02  0.218900E+02  0.100000E-01
     1       2190     1     2  0.219000E+02  0.219000E+02  0.100000E-01
     1       2191     1     2  0.219100E+02  0.219100E+02  0.100000E-01
     1       2192     1     2  0.219200E+02  0.219200E+02  0.100000E-01
     1       2193     1     2  0.219300E+02  0.219300E+02  0.100000E-01
     1       2194     1     2  0.219400E+02  0.219400E+02  0.100000E-01
     1       2195     1     2  0.219500E+02  0.219500E+02  0.100000E-01
     1       2196     1     2  0.219600E+02  0.219600E+02  0.100000E-01
     1       2197     1     2  0.219700E+02  0.219700E+02  0.100000E-01
     1       2198     1     2  0.219800E+02  0.219800E+02  0.100000E-01
     1       2199     1     2  0.219900E+02  0.219900E+02  0.100000E-01
     1       2200     1     2  0.220000E+02  0.220000E+02  0.100000E-01
     1       2201     1     2  0.220100E+02  0.220100E+02  0.100000E-01
     1       2202     1     2  0.220200E+02  0.220200E+02  0.100000E-01
     1       2203     1     2  0.220300E+02  0.220300E+02  0.100000E-01
     1       2204     1     2  0.220400E+02  0.220400E+02  0.100000E-01
     1       2205     1     2  0.220500E+02  0.220500E+02  0.100000E-01
     1       2206     1     2  0.220600E+02  0.220600E+02  0.100000E-01
     1       2207     1     2  0.220700E+02  0.220700E+02  0.100000E-01
     1       2208     1     2  0.220800E+02  0.220800E+02  0.100000E-01
     1       2209     1     2  0.220900E+02  0.220900E+02  0.100000E-01
     1       2210     1     2  0.221000E+02  0.221000E+02  0.100000E-01
     1       2211     1     2  0.221100E+02  0.221100E+02  0.100000E-01
     1       2212     1     2  0.221200E+02  0.221200E+02  0.100000E-01
     1       2213     1     2  0.221300E+02  0.221300E+02  0.100000E-01
     1       2214     1     2  0.221400E+02  0.221400E+02  0.100000E-01
     1       2215     1     2  0.221500E+02  0.221500E+02  0.100000E-01
     1       2216     1     2  0.221600E+02  0.221600E+02  0.100000E-01
     1       2217     1     2  0.221700E+02  0.221700E+02  0.100000E-01
     1       2218     1     2  0.221800E+02  0.221800E+02  0.100000E-01
     1       2219     1     2  0.221900E+02  0.221900E+02  0.100000E-01
     1       2220     1     2  0.222000E+02  0.222000E+02  0.100000E-01
     1       2221     1     2  0.222100E+02  0.222100E+02  0.100000E-01
     1       2222     1     2  0.222200E+02  0.222200E+02  0.100000E-01
     1       2223     1     2  0.222300E+02  0.222300E+02  0.100000E-01
     1       2224     1     2  0.222400E+02  0.222400E+02  0.100000E-01
     1       2225     1     2  0.222500E+02  0.222500E+02  0.100000E-01
     1       2226     1     2  0.222600E+02  0.222600E+02  0.100000E-01
     1       2227     1     2  0.222700E+02  0.222700E+02  0.100000E-01
     1       2228     1     2  0.222800E+02  0.222800E+02  0.100000E-01
     1       2229     1     2  0.222900E+02  0.222900E+02  0.100000E-01
     1       2230     1     2  0.223000E+02  0.223000E+02  0.100000E-01
     1       2231     1     2  0.223100E+02  0.223100E+02  0.100000E-01
     1       2232     1     2  0.223200E+02  0.223200E+02  0.100000E-01
     1       2233     1     2  0.223300E+02  0.223300E+02  0.100000E-01
     1       2234     1     2  0.223400E+02  0.223400E+02  0.100000E-01
     1       2235     1     2  0.223500E+02  0.223500E+02  0.100000E-01
     1       2236     1     2  0.223600E+02  0.223600E+02  0.100000E-01
     1       2237     1     2  0.223700E+02  0.223700E+02  0.100000E-01
     1       2238     1     2  0.223800E+02  0.223800E+02  0.100000E-01
     1       2239     1     2  0.223900E+02  0.223900E+02  0.100000E-01
     1       2240     1     2  0.224000E+02  0.224000E+02  0.100000E-01
     1       2241     1     2  0.224100E+02  0.224100E+02  0.100000E-01
     1       2242     1     2  0.224200E+02  0.224200E+02  0.100000E-01
     1       2243     1     2  0.224300E+02  0.224300E+02  0.100000E-01
     1       2244     1     2  0.224400E+02  0.224400E+02  0.100000E-01
     1       2245     1     2  0.224500E+02  0.224500E+02  0.100000E-01
     1       2246     1     2  0.224600E+02  0.224600E+02  0.100000E-01
     1       2247     1     2  0.224700E+02  0.224700E+02  0.100000E-01
     1       2248     1     2  0.224800E+02  0.224800E+02  0.100000E-01
     1       2249     1     2  0.224900E+02  0.224900E+02  0.100000E-01
     1       2250     1     2  0.225000E+02  0.225000E+02  0.100000E-01
     1       2251     1     2  0.225100E+02  0.225100E+02  0.100000E-01
     1       2252     1     2  0.225200E+02  0.225200E+02  0.100000E-01
     1       2253     1     2  0.225300E+02  0.225300E+02  0.100000E-01
     1       2254     1     2  0.225400E+02  0.225400E+02  0.100000E-01
     1       2255     1     2  0.225500E+02  0.225500E+02  0.100000E-01
     1       2256     1     2  0.225600E+02  0.225600E+02  0.100000E-01
     1       2257     1     2  0.225700E+02  0.225700E+02  0.100000E-01
     1       2258     1     2  0.225800E+02  0.225800E+02  0.100000E-01
     1       2259     1     2  0.225900E+02  0.225900E+02  0.100000E-01
     1       2260     1     2  0.226000E+02  0.226000E+02  0.100000E-01
     1       2261     1     2  0.226100E+02  0.226100E+02  0.100000E-01
     1       2262     1     2  0.226200E+02  0.226200E+02  0.100000E-01
     1       2263     1     2  0.226300E+02  0.226300E+02  0.100000E-01
     1       2264     1     2  0.226400E+02  0.226400E+02  0.100000E-01
     1       2265     1     2  0.226500E+02  0.226500E+02  0.100000E-01
     1       2266     1     2  0.226600E+02  0.226600E+02  0.100000E-01
     1       2267     1     2  0.226700E+02  0.226700E+02  0.100000E-01
     1       2268     1     2  0.226800E+02  0.226800E+02  0.100000E-01
     1       2269     1     2  0.226900E+02  0.226900E+02  0.100000E-01
     1       2270     1     2  0.227000E+02  0.227000E+02  0.100000E-01
     1       2271     1     2  0.227100E+02  0.227100E+02  0.100000E-01
     1       2272     1     2  0.227200E+02  0.227200E+02  0.100000E-01
     1       2273     1     2  0.227300E+02  0.227300E+02  0.100000E-01
     1       2274     1     2  0.227400E+02  0.227400E+02  0.100000E-01
     1       2275     1     2  0.227500E+02  0.227500E+02  0.100000E-01
     1       2276     1     2  0.227600E+02  0.227600E+02  0.100000E-01
     1       2277     1     2  0.227700E+02  0.227700E+02  0.100000E-01
     1       2278     1     2  0.227800E+02  0.227800E+02  0.100000E-01
     1       2279     1     2  0.227900E+02  0.227900E+02  0.100000E-01
     1       2280     1     2  0.228000E+02  0.228000E+02  0.100000E-01
     1       2281     1     2  0.228100E+02  0.228100E+02  0.100000E-01
     1       2282     1     2  0.228200E+02  0.228200E+02  0.100000E-01
     1       2283     1     2  0.228300E+02  0.228300E+02  0.100000E-01
     1       2284     1     2  0.228400E+02  0.228400E+02  0.100000E-01
     1       2285     1     2  0.228500E+02  0.228500E+02  0.100000E-01
     1       2286     1     2  0.228600E+02  0.228600E+02  0.100000E-01
     1       2287     1     2  0.228700E+02  0.228700E+02  0.100000E-01
     1       2288     1     2  0.228800E+02  0.228800E+02  0.100000E-01
     1       2289     1     2  0.228900E+02  0.228900E+02  0.100000E-01
     1       2290     1     2  0.229000E+02  0.229000E+02  0.100000E-01
     1       2291     1     2  0.229100E+02  0.229100E+02  0.100000E-01
     1       2292     1     2  0.229200E+02  0.229200E+02  0.100000E-01
     1       2293     1     2  0.229300E+02  0.229300E+02  0.100000E-01
     1       2294     1     2  0.229400E+02  0.229400E+02  0.100000E-01
     1       2295     1     2  0.229500E+02  0.229500E+02  0.100000E-01
     1       2296     1     2  0.229600E+02  0.229600E+02  0.100000E-01
     1       2297     1     2  0.229700E+02  0.229700E+02  0.100000E-01
     1       2298     1     2  0.229800E+02  0.229800E+02  0.100000E-01
     1       2299     1     2  0.229900E+02  0.229900E+02  0.100000E-01
     1       2300     1     2  0.230000E+02  0.230000E+02  0.100000E-01
     1       2301     1     2  0.230100E+02  0.230100E+02  0.100000E-01
     1       2302     1     2  0.230200E+02  0.230200E+02  0.100000E-01
     1       2303     1     2  0.230300E+02  0.230300E+02  0.100000E-01
     1       2304     1     2  0.230400E+02  0.230400E+02  0.100000E-01
     1       2305     1     2  0.230500E+02  0.230500E+02  0.100000E-01
     1       2306     1     2  0.230600E+02  0.230600E+02  0.100000E-01
     1       2307     1     2  0.230700E+02  0.230700E+02  0.100000E-01
     1       2308     1     2  0.230800E+02  0.230800E+02  0.100000E-01
     1       2309     1     2  0.230900E+02  0.230900E+02  0.100000E-01
     1       2310     1     2  0.231000E+02  0.231000E+02  0.100000E-01
     1       2311     1     2  0.231100E+02  0.231100E+02  0.100000E-01
     1       2312     1     2  0.231200E+02  0.231200E+02  0.100000E-01
     1       2313     1     2  0.231300E+02  0.231300E+02  0.100000E-01
     1       2314     1     2  0.231400E+02  0.231400E+02  0.100000E-01
     1       2315     1     2  0.231500E+02  0.231500E+02  0.100000E-01
     1       2316     1     2  0.231600E+02  0.231600E+02  0.100000E-01
     1       2317     1     2  0.231700E+02  0.231700E+02  0.100000E-01
     1       2318     1     2  0.231800E+02  0.231800E+02  0.100000E-01
     1       2319     1     2  0.231900E+02  0.231900E+02  0.100000E-01
     1       2320     1     2  0.232000E+02  0.232000E+02  0.100000E-01
     1       2321     1     2  0.232100E+02  0.232100E+02  0.100000E-01
     1       2322     1     2  0.232200E+02  0.232200E+02  0.100000E-01
     1       2323     1     2  0.232300E+02  0.232300E+02  0.100000E-01
     1       2324     1     2  0.232400E+02  0.232400E+02  0.100000E-01
     1       2325     1     2  0.232500E+02  0.232500E+02  0.100000E-01
     1       2326     1     2  0.232600E+02  0.232600E+02  0.100000E-01
     1       2327     1     2  0.232700E+02  0.232700E+02  0.100000E-01
     1       2328     1     2  0.232800E+02  0.232800E+02  0.100000E-01
     1       2329     1     2  0.232900E+02  0.232900E+02  0.100000E-01
     1       2330     1     2  0.233000E+02  0.233000E+02  0.100000E-01
     1       2331     1     2  0.233100E+02  0.233100E+02  0.100000E-01
     1       2332     1     2  0.233200E+02  0.233200E+02  0.100000E-01
     1       2333     1     2  0.233300E+02  0.233300E+02  0.100000E-01
     1       2334     1     2  0.233400E+02  0.233400E+02  0.100000E-01
     1       2335     1     2  0.233500E+02  0.233500E+02  0.100000E-01
     1       2336     1     2  0.233600E+02  0.233600E+02  0.100000E-01
     1       2337     1     2  0.233700E+02  0.233700E+02  0.100000E-01
     1       2338     1     2  0.233800E+02  0.233800E+02  0.100000E-01
     1       2339     1     2  0.233900E+02  0.233900E+02  0.100000E-01
     1       2340     1     2  0.234000E+02  0.234000E+02  0.100000E-01
     1       2341     1     2  0.234100E+02  0.234100E+02  0.100000E-01
     1       2342     1     2  0.234200E+02  0.234200E+02  0.100000E-01
     1       2343     1     2  0.234300E+02  0.234300E+02  0.100000E-01
     1       2344     1     2  0.234400E+02  0.234400E+02  0.100000E-01
     1       2345     1     2  0.234500E+02  0.234500E+02  0.100000E-01
     1       2346     1     2  0.234600E+02  0.234600E+02  0.100000E-01
     1       2347     1     2  0.234700E+02  0.234700E+02  0.100000E-01
     1       2348     1     2  0.234800E+02  0.234800E+02  0.100000E-01
     1       2349     1     2  0.234900E+02  0.234900E+02  0.100000E-01
     1       2350     1     2  0.235000E+02  0.235000E+02  0.100000E-01
     1       2351     1     2  0.235100E+02  0.235100E+02  0.100000E-01
     1       2352     1     2  0.235200E+02  0.235200E+02  0.100000E-01
     1       2353     1     2  0.235300E+02  0.235300E+02  0.100000E-01
     1       2354     1     2  0.235400E+02  0.235400E+02  0.100000E-01
     1       2355     1     2  0.235500E+02  0.235500E+02  0.100000E-01
     1       2356     1     2  0.235600E+02  0.235600E+02  0.100000E-01
     1       2357     1     2  0.235700E+02  0.235700E+02  0.100000E-01
     1       2358     1     2  0.235800E+02  0.235800E+02  0.100000E-01
     1       2359     1     2  0.235900E+02  0.235900E+02  0.100000E-01
     1       2360     1     2  0.236000E+02  0.236000E+02  0.100000E-01
     1       2361     1     2  0.236100E+02  0.236100E+02  0.100000E-01
     1       2362     1     2  0.236200E+02  0.236200E+02  0.100000E-01
     1       2363     1     2  0.236300E+02  0.236300E+02  0.100000E-01
     1       2364     1     2  0.236400E+02  0.236400E+02  0.100000E-01
     1       2365     1     2  0.236500E+02  0.236500E+02  0.100000E-01
     1       2366     1     2  0.236600E+02  0.236600E+02  0.100000E-01
     1       2367     1     2  0.236700E+02  0.236700E+02  0.100000E-01
     1       2368     1     2  0.236800E+02  0.236800E+02  0.100000E-01
     1       2369     1     2  0.236900E+02  0.236900E+02  0.100000E-01
     1       2370     1     2  0.237000E+02  0.237000E+02  0.100000E-01
     1       2371     1     2  0.237100E+02  0.237100E+02  0.100000E-01
     1       2372     1     2  0.237200E+02  0.237200E+02  0.100000E-01
     1       2373     1     2  0.237300E+02  0.237300E+02  0.100000E-01
     1       2374     1     2  0.237400E+02  0.237400E+02  0.100000E-01
     1       2375     1     2  0.237500E+02  0.237500E+02  0.100000E-01
     1       2376     1     2  0.237600E+02  0.237600E+02  0.100000E-01
     1       2377     1     2  0.237700E+02  0.237700E+02  0.100000E-01
     1       2378     1     2  0.237800E+02  0.237800E+02  0.100000E-01
     1       2379     1     2  0.237900E+02  0.237900E+02  0.100000E-01
     1       2380     1     2  0.238000E+02  0.238000E+02  0.100000E-01
     1       2381     1     2  0.238100E+02  0.238100E+02  0.100000E-01
     1       2382     1     2  0.238200E+02  0.238200E+02  0.100000E-01
     1       2383     1     2  0.238300E+02  0.238300E+02  0.100000E-01
     1       2384     1     2  0.238400E+02  0.238400E+02  0.100000E-01
     1       2385     1     2  0.238500E+02  0.238500E+02  0.100000E-01
     1       2386     1     2  0.238600E+02  0.238600E+02  0.100000E-01
     1       2387     1     2  0.238700E+02  0.238700E+02  0.100000E-01
     1       2388     1     2  0.238800E+02  0.238800E+02  0.100000E-01
     1       2389     1     2  0.238900E+02  0.238900E+02  0.100000E-01
     1       2390     1     2  0.239000E+02  0.239000E+02  0.100000E-01
     1       2391     1     2  0.239100E+02  0.239100E+02  0.100000E-01
     1       2392     1     2  0.239200E+02  0.239200E+02  0.100000E-01
     1       2393     1     2  0.239300E+02  0.239300E+02  0.100000E-01
     1       2394     1     2  0.239400E+02  0.239400E+02  0.100000E-01
     1       2395     1     2  0.239500E+02  0.239500E+02  0.100000E-01
     1       2396     1     2  0.239600E+02  0.239600E+02  0.100000E-01
     1       2397     1     2  0.239700E+02  0.239700E+02  0.100000E-01
     1       2398     1     2  0.239800E+02  0.239800E+02  0.100000E-01
     1       2399     1     2  0.239900E+02  0.239900E+02  0.100000E-01
     1       2400     1     2  0.240000E+02  0.240000E+02  0.100000E-01
     1       2401     1     2  0.240100E+02  0.240100E+02  0.100000E-01
     1       2402     1     2  0.240200E+02  0.240200E+02  0.100000E-01
     1       2403     1     2  0.240300E+02  0.240300E+02  0.100000E-01
     1       2404     1     2  0.240400E+02  0.240400E+02  0.100000E-01
     1       2405     1     2  0.240500E+02  0.240500E+02  0.100000E-01
     1       2406     1     2  0.240600E+02  0.240600E+02  0.100000E-01
     1       2407     1     2  0.240700E+02  0.240700E+02  0.100000E-01
     1       2408     1     2  0.240800E+02  0.240800E+02  0.100000E-01
     1       2409     1     2  0.240900E+02  0.240900E+02  0.100000E-01
     1       2410     1     2  0.241000E+02  0.241000E+02  0.100000E-01
     1       2411     1     2  0.241100E+02  0.241100E+02  0.100000E-01
     1       2412     1     2  0.241200E+02  0.241200E+02  0.100000E-01
     1       2413     1     2  0.241300E+02  0.241300E+02  0.100000E-01
     1       2414     1     2  0.241400E+02  0.241400E+02  0.100000E-01
     1       2415     1     2  0.241500E+02  0.241500E+02  0.100000E-01
     1       2416     1     2  0.241600E+02  0.241600E+02  0.100000E-01
     1       2417     1     2  0.241700E+02  0.241700E+02  0.100000E-01
     1       2418     1     2  0.241800E+02  0.241800E+02  0.100000E-01
     1       2419     1     2  0.241900E+02  0.241900E+02  0.100000E-01
     1       2420     1     2  0.242000E+02  0.242000E+02  0.100000E-01
     1       2421     1     2  0.242100E+02  0.242100E+02  0.100000E-01
     1       2422     1     2  0.242200E+02  0.242200E+02  0.100000E-01
     1       2423     1     2  0.242300E+02  0.242300E+02  0.100000E-01
     1       2424     1     2  0.242400E+02  0.242400E+02  0.100000E-01
     1       2425     1     2  0.242500E+02  0.242500E+02  0.100000E-01
     1       2426     1     2  0.242600E+02  0.242600E+02  0.100000E-01
     1       2427     1     2  0.242700E+02  0.242700E+02  0.100000E-01
     1       2428     1     2  0.242800E+02  0.242800E+02  0.100000E-01
     1       2429     1     2  0.242900E+02  0.242900E+02  0.100000E-01
     1       2430     1     2  0.243000E+02  0.243000E+02  0.100000E-01
     1       2431     1     2  0.243100E+02  0.243100E+02  0.100000E-01
     1       2432     1     2  0.243200E+02  0.243200E+02  0.100000E-01
     1       2433     1     2  0.243300E+02  0.243300E+02  0.100000E-01
     1       2434     1     2  0.243400E+02  0.243400E+02  0.100000E-01
     1       2435     1     2  0.243500E+02  0.243500E+02  0.100000E-01
     1       2436     1     2  0.243600E+02  0.243600E+02  0.100000E-01
     1       2437     1     2  0.243700E+02  0.243700E+02  0.100000E-01
     1       2438     1     2  0.243800E+02  0.243800E+02  0.100000E-01
     1       2439     1     2  0.243900E+02  0.243900E+02  0.100000E-01
     1       2440     1     2  0.244000E+02  0.244000E+02  0.100000E-01
     1       2441     1     2  0.244100E+02  0.244100E+02  0.100000E-01
     1       2442     1     2  0.244200E+02  0.244200E+02  0.100000E-01
     1       2443     1     2  0.244300E+02  0.244300E+02  0.100000E-01
     1       2444     1     2  0.244400E+02  0.244400E+02  0.100000E-01
     1       2445     1     2  0.244500E+02  0.244500E+02  0.100000E-01
     1       2446     1     2  0.244600E+02  0.244600E+02  0.100000E-01
     1       2447     1     2  0.244700E+02  0.244700E+02  0.100000E-01
     1       2448     1     2  0.244800E+02  0.244800E+02  0.100000E-01
     1       2449     1     2  0.244900E+02  0.244900E+02  0.100000E-01
     1       2450     1     2  0.245000E+02  0.245000E+02  0.100000E-01
     1       2451     1     2  0.245100E+02  0.245100E+02  0.100000E-01
     1       2452     1     2  0.245200E+02  0.245200E+02  0.100000E-01
     1       2453     1     2  0.245300E+02  0.245300E+02  0.100000E-01
     1       2454     1     2  0.245400E+02  0.245400E+02  0.100000E-01
     1       2455     1     2  0.245500E+02  0.245500E+02  0.100000E-01
     1       2456     1     2  0.245600E+02  0.245600E+02  0.100000E-01
     1       2457     1     2  0.245700E+02  0.245700E+02  0.100000E-01
     1       2458     1     2  0.245800E+02  0.245800E+02  0.100000E-01
     1       2459     1     2  0.245900E+02  0.245900E+02  0.100000E-01
     1       2460     1     2  0.246000E+02  0.246000E+02  0.100000E-01
     1       2461     1     2  0.246100E+02  0.246100E+02  0.100000E-01
     1       2462     1     2  0.246200E+02  0.246200E+02  0.100000E-01
     1       2463     1     2  0.246300E+02  0.246300E+02  0.100000E-01
     1       2464     1     2  0.246400E+02  0.246400E+02  0.100000E-01
     1       2465     1     2  0.246500E+02  0.246500E+02  0.100000E-01
     1       2466     1     2  0.246600E+02  0.246600E+02  0.100000E-01
     1       2467     1     2  0.246700E+02  0.246700E+02  0.100000E-01
     1       2468     1     2  0.246800E+02  0.246800E+02  0.100000E-01
     1       2469     1     2  0.246900E+02  0.246900E+02  0.100000E-01
     1       2470     1     2  0.247000E+02  0.247000E+02  0.100000E-01
     1       2471     1     2  0.247100E+02  0.247100E+02  0.100000E-01
     1       2472     1     2  0.247200E+02  0.247200E+02  0.100000E-01
     1       2473     1     2  0.247300E+02  0.247300E+02  0.100000E-01
     1       2474     1     2  0.247400E+02  0.247400E+02  0.100000E-01
     1       2475     1     2  0.247500E+02  0.247500E+02  0.100000E-01
     1       2476     1     2  0.247600E+02  0.247600E+02  0.100000E-01
     1       2477     1     2  0.247700E+02  0.247700E+02  0.100000E-01
     1       2478     1     2  0.247800E+02  0.247800E+02  0.100000E-01
     1       2479     1     2  0.247900E+02  0.247900E+02  0.100000E-01
     1       2480     1     2  0.248000E+02  0.248000E+02  0.100000E-01
     1       2481     1     2  0.248100E+02  0.248100E+02  0.100000E-01
     1       2482     1     2  0.248200E+02  0.248200E+02  0.100000E-01
     1       2483     1     2  0.248300E+02  0.248300E+02  0.100000E-01
     1       2484     1     2  0.248400E+02  0.248400E+02  0.100000E-01
     1       2485     1     2  0.248500E+02  0.248500E+02  0.100000E-01
     1       2486     1     2  0.248600E+02  0.248600E+02  0.100000E-01
     1       2487     1     2  0.248700E+02  0.248700E+02  0.100000E-01
     1       2488     1     2  0.248800E+02  0.248800E+02  0.100000E-01
     1       2489     1     2  0.248900E+02  0.248900E+02  0.100000E-01
     1       2490     1     2  0.249000E+02  0.249000E+02  0.100000E-01
     1       2491     1     2  0.249100E+02  0.249100E+02  0.100000E-01
     1       2492     1     2  0.249200E+02  0.249200E+02  0.100000E-01
     1       2493     1     2  0.249300E+02  0.249300E+02  0.100000E-01
     1       2494     1     2  0.249400E+02  0.249400E+02  0.100000E-01
     1       2495     1     2  0.249500E+02  0.249500E+02  0.100000E-01
     1       2496     1     2  0.249600E+02  0.249600E+02  0.100000E-01
     1       2497     1     2  0.249700E+02  0.249700E+02  0.100000E-01
     1       2498     1     2  0.249800E+02  0.249800E+02  0.100000E-01
     1       2499     1     2  0.249900E+02  0.249900E+02  0.100000E-01
     1       2500     1     2  0.250000E+02  0.250000E+02  0.100000E-01
     1       2501     1     2  0.250100E+02  0.250100E+02  0.100000E-01
     1       2502     1     2  0.250200E+02  0.250200E+02  0.100000E-01
     1       2503     1     2  0.250300E+02  0.250300E+02  0.100000E-01
     1       2504     1     2  0.250400E+02  0.250400E+02  0.100000E-01
     1       2505     1     2  0.250500E+02  0.250500E+02  0.100000E-01
     1       2506     1     2  0.250600E+02  0.250600E+02  0.100000E-01
     1       2507     1     2  0.250700E+02  0.250700E+02  0.100000E-01
     1       2508     1     2  0.250800E+02  0.250800E+02  0.100000E-01
     1       2509     1     2  0.250900E+02  0.250900E+02  0.100000E-01
     1       2510     1     2  0.251000E+02  0.251000E+02  0.100000E-01
     1       2511     1     2  0.251100E+02  0.251100E+02  0.100000E-01
     1       2512     1     2  0.251200E+02  0.251200E+02  0.100000E-01
     1       2513     1     2  0.251300E+02  0.251300E+02  0.100000E-01
     1       2514     1     2  0.251400E+02  0.251400E+02  0.100000E-01
     1       2515     1     2  0.251500E+02  0.251500E+02  0.100000E-01
     1       2516     1     2  0.251600E+02  0.251600E+02  0.100000E-01
     1       2517     1     2  0.251700E+02  0.251700E+02  0.100000E-01
     1       2518     1     2  0.251800E+02  0.251800E+02  0.100000E-01
     1       2519     1     2  0.251900E+02  0.251900E+02  0.100000E-01
     1       2520     1     2  0.252000E+02  0.252000E+02  0.100000E-01
     1       2521     1     2  0.252100E+02  0.252100E+02  0.100000E-01
     1       2522     1     2  0.252200E+02  0.252200E+02  0.100000E-01
     1       2523     1     2  0.252300E+02  0.252300E+02  0.100000E-01
     1       2524     1     2  0.252400E+02  0.252400E+02  0.100000E-01
     1       2525     1     2  0.252500E+02  0.252500E+02  0.100000E-01
     1       2526     1     2  0.252600E+02  0.252600E+02  0.100000E-01
     1       2527     1     2  0.252700E+02  0.252700E+02  0.100000E-01
     1       2528     1     2  0.252800E+02  0.252800E+02  0.100000E-01
     1       2529     1     2  0.252900E+02  0.252900E+02  0.100000E-01
     1       2530     1     2  0.253000E+02  0.253000E+02  0.100000E-01
     1       2531     1     2  0.253100E+02  0.253100E+02  0.100000E-01
     1       2532     1     2  0.253200E+02  0.253200E+02  0.100000E-01
     1       2533     1     2  0.253300E+02  0.253300E+02  0.100000E-01
     1       2534     1     2  0.253400E+02  0.253400E+02  0.100000E-01
     1       2535     1     2  0.253500E+02  0.253500E+02  0.100000E-01
     1       2536     1     2  0.253600E+02  0.253600E+02  0.100000E-01
     1       2537     1     2  0.253700E+02  0.253700E+02  0.100000E-01
     1       2538     1     2  0.253800E+02  0.253800E+02  0.100000E-01
     1       2539     1     2  0.253900E+02  0.253900E+02  0.100000E-01
     1       2540     1     2  0.254000E+02  0.254000E+02  0.100000E-01
     1       2541     1     2  0.254100E+02  0.254100E+02  0.100000E-01
     1       2542     1     2  0.254200E+02  0.254200E+02  0.100000E-01
     1       2543     1     2  0.254300E+02  0.254300E+02  0.100000E-01
     1       2544     1     2  0.254400E+02  0.254400E+02  0.100000E-01
     1       2545     1     2  0.254500E+02  0.254500E+02  0.100000E-01
     1       2546     1     2  0.254600E+02  0.254600E+02  0.100000E-01
     1       2547     1     2  0.254700E+02  0.254700E+02  0.100000E-01
     1       2548     1     2  0.254800E+02  0.254800E+02  0.100000E-01
     1       2549     1     2  0.254900E+02  0.254900E+02  0.100000E-01
     1       2550     1     2  0.255000E+02  0.255000E+02  0.100000E-01
     1       2551     1     2  0.255100E+02  0.255100E+02  0.100000E-01
     1       2552     1     2  0.255200E+02  0.255200E+02  0.100000E-01
     1       2553     1     2  0.255300E+02  0.255300E+02  0.100000E-01
     1       2554     1     2  0.255400E+02  0.255400E+02  0.100000E-01
     1       2555     1     2  0.255500E+02  0.255500E+02  0.100000E-01
     1       2556     1     2  0.255600E+02  0.255600E+02  0.100000E-01
     1       2557     1     2  0.255700E+02  0.255700E+02  0.100000E-01
     1       2558     1     2  0.255800E+02  0.255800E+02  0.100000E-01
     1       2559     1     2  0.255900E+02  0.255900E+02  0.100000E-01
     1       2560     1     2  0.256000E+02  0.256000E+02  0.100000E-01
     1       2561     1     2  0.256100E+02  0.256100E+02  0.100000E-01
     1       2562     1     2  0.256200E+02  0.256200E+02  0.100000E-01
     1       2563     1     2  0.256300E+02  0.256300E+02  0.100000E-01
     1       2564     1     2  0.256400E+02  0.256400E+02  0.100000E-01
     1       2565     1     2  0.256500E+02  0.256500E+02  0.100000E-01
     1       2566     1     2  0.256600E+02  0.256600E+02  0.100000E-01
     1       2567     1     2  0.256700E+02  0.256700E+02  0.100000E-01
     1       2568     1     2  0.256800E+02  0.256800E+02  0.100000E-01
     1       2569     1     2  0.256900E+02  0.256900E+02  0.100000E-01
     1       2570     1     2  0.257000E+02  0.257000E+02  0.100000E-01
     1       2571     1     2  0.257100E+02  0.257100E+02  0.100000E-01
     1       2572     1     2  0.257200E+02  0.257200E+02  0.100000E-01
     1       2573     1     2  0.257300E+02  0.257300E+02  0.100000E-01
     1       2574     1     2  0.257400E+02  0.257400E+02  0.100000E-01
     1       2575     1     2  0.257500E+02  0.257500E+02  0.100000E-01
     1       2576     1     2  0.257600E+02  0.257600E+02  0.100000E-01
     1       2577     1     2  0.257700E+02  0.257700E+02  0.100000E-01
     1       2578     1     2  0.257800E+02  0.257800E+02  0.100000E-01
     1       2579     1     2  0.257900E+02  0.257900E+02  0.100000E-01
     1       2580     1     2  0.258000E+02  0.258000E+02  0.100000E-01
     1       2581     1     2  0.258100E+02  0.258100E+02  0.100000E-01
     1       2582     1     2  0.258200E+02  0.258200E+02  0.100000E-01
     1       2583     1     2  0.258300E+02  0.258300E+02  0.100000E-01
     1       2584     1     2  0.258400E+02  0.258400E+02  0.100000E-01
     1       2585     1     2  0.258500E+02  0.258500E+02  0.100000E-01
     1       2586     1     2  0.258600E+02  0.258600E+02  0.100000E-01
     1       2587     1     2  0.258700E+02  0.258700E+02  0.100000E-01
     1       2588     1     2  0.258800E+02  0.258800E+02  0.100000E-01
     1       2589     1     2  0.258900E+02  0.258900E+02  0.100000E-01
     1       2590     1     2  0.259000E+02  0.259000E+02  0.100000E-01
     1       2591     1     2  0.259100E+02  0.259100E+02  0.100000E-01
     1       2592     1     2  0.259200E+02  0.259200E+02  0.100000E-01
     1       2593     1     2  0.259300E+02  0.259300E+02  0.100000E-01
     1       2594     1     2  0.259400E+02  0.259400E+02  0.100000E-01
     1       2595     1     2  0.259500E+02  0.259500E+02  0.100000E-01
     1       2596     1     2  0.259600E+02  0.259600E+02  0.100000E-01
     1       2597     1     2  0.259700E+02  0.259700E+02  0.100000E-01
     1       2598     1     2  0.259800E+02  0.259800E+02  0.100000E-01
     1       2599     1     2  0.259900E+02  0.259900E+02  0.100000E-01
     1       2600     1     2  0.260000E+02  0.260000E+02  0.100000E-01
     1       2601     1     2  0.260100E+02  0.260100E+02  0.100000E-01
     1       2602     1     2  0.260200E+02  0.260200E+02  0.100000E-01
     1       2603     1     2  0.260300E+02  0.260300E+02  0.100000E-01
     1       2604     1     2  0.260400E+02  0.260400E+02  0.100000E-01
     1       2605     1     2  0.260500E+02  0.260500E+02  0.100000E-01
     1       2606     1     2  0.260600E+02  0.260600E+02  0.100000E-01
     1       2607     1     2  0.260700E+02  0.260700E+02  0.100000E-01
     1       2608     1     2  0.260800E+02  0.260800E+02  0.100000E-01
     1       2609     1     2  0.260900E+02  0.260900E+02  0.100000E-01
     1       2610     1     2  0.261000E+02  0.261000E+02  0.100000E-01
     1       2611     1     2  0.261100E+02  0.261100E+02  0.100000E-01
     1       2612     1     2  0.261200E+02  0.261200E+02  0.100000E-01
     1       2613     1     2  0.261300E+02  0.261300E+02  0.100000E-01
     1       2614     1     2  0.261400E+02  0.261400E+02  0.100000E-01
     1       2615     1     2  0.261500E+02  0.261500E+02  0.100000E-01
     1       2616     1     2  0.261600E+02  0.261600E+02  0.100000E-01
     1       2617     1     2  0.261700E+02  0.261700E+02  0.100000E-01
     1       2618     1     2  0.261800E+02  0.261800E+02  0.100000E-01
     1       2619     1     2  0.261900E+02  0.261900E+02  0.100000E-01
     1       2620     1     2  0.262000E+02  0.262000E+02  0.100000E-01
     1       2621     1     2  0.262100E+02  0.262100E+02  0.100000E-01
     1       2622     1     2  0.262200E+02  0.262200E+02  0.100000E-01
     1       2623     1     2  0.262300E+02  0.262300E+02  0.100000E-01
     1       2624     1     2  0.262400E+02  0.262400E+02  0.100000E-01
     1       2625     1     2  0.262500E+02  0.262500E+02  0.100000E-01
     1       2626     1     2  0.262600E+02  0.262600E+02  0.100000E-01
     1       2627     1     2  0.262700E+02  0.262700E+02  0.100000E-01
     1       2628     1     2  0.262800E+02  0.262800E+02  0.100000E-01
     1       2629     1     2  0.262900E+02  0.262900E+02  0.100000E-01
     1       2630     1     2  0.263000E+02  0.263000E+02  0.100000E-01
     1       2631     1     2  0.263100E+02  0.263100E+02  0.100000E-01
     1       2632     1     2  0.263200E+02  0.263200E+02  0.100000E-01
     1       2633     1     2  0.263300E+02  0.263300E+02  0.100000E-01
     1       2634     1     2  0.263400E+02  0.263400E+02  0.100000E-01
     1       2635     1     2  0.263500E+02  0.263500E+02  0.100000E-01
     1       2636     1     2  0.263600E+02  0.263600E+02  0.100000E-01
     1       2637     1     2  0.263700E+02  0.263700E+02  0.100000E-01
     1       2638     1     2  0.263800E+02  0.263800E+02  0.100000E-01
     1       2639     1     2  0.263900E+02  0.263900E+02  0.100000E-01
     1       2640     1     2  0.264000E+02  0.264000E+02  0.100000E-01
     1       2641     1     2  0.264100E+02  0.264100E+02  0.100000E-01
     1       2642     1     2  0.264200E+02  0.264200E+02  0.100000E-01
     1       2643     1     2  0.264300E+02  0.264300E+02  0.100000E-01
     1       2644     1     2  0.264400E+02  0.264400E+02  0.100000E-01
     1       2645     1     2  0.264500E+02  0.264500E+02  0.100000E-01
     1       2646     1     2  0.264600E+02  0.264600E+02  0.100000E-01
     1       2647     1     2  0.264700E+02  0.264700E+02  0.100000E-01
     1       2648     1     2  0.264800E+02  0.264800E+02  0.100000E-01
     1       2649     1     2  0.264900E+02  0.264900E+02  0.100000E-01
     1       2650     1     2  0.265000E+02  0.265000E+02  0.100000E-01
     1       2651     1     2  0.265100E+02  0.265100E+02  0.100000E-01
     1       2652     1     2  0.265200E+02  0.265200E+02  0.100000E-01
     1       2653     1     2  0.265300E+02  0.265300E+02  0.100000E-01
     1       2654     1     2  0.265400E+02  0.265400E+02  0.100000E-01
     1       2655     1     2  0.265500E+02  0.265500E+02  0.100000E-01
     1       2656     1     2  0.265600E+02  0.265600E+02  0.100000E-01
     1       2657     1     2  0.265700E+02  0.265700E+02  0.100000E-01
     1       2658     1     2  0.265800E+02  0.265800E+02  0.100000E-01
     1       2659     1     2  0.265900E+02  0.265900E+02  0.100000E-01
     1       2660     1     2  0.266000E+02  0.266000E+02  0.100000E-01
     1       2661     1     2  0.266100E+02  0.266100E+02  0.100000E-01
     1       2662     1     2  0.266200E+02  0.266200E+02  0.100000E-01
     1       2663     1     2  0.266300E+02  0.266300E+02  0.100000E-01
     1       2664     1     2  0.266400E+02  0.266400E+02  0.100000E-01
     1       2665     1     2  0.266500E+02  0.266500E+02  0.100000E-01
     1       2666     1     2  0.266600E+02  0.266600E+02  0.100000E-01
     1       2667     1     2  0.266700E+02  0.266700E+02  0.100000E-01
     1       2668     1     2  0.266800E+02  0.266800E+02  0.100000E-01
     1       2669     1     2  0.266900E+02  0.266900E+02  0.100000E-01
     1       2670     1     2  0.267000E+02  0.267000E+02  0.100000E-01
     1       2671     1     2  0.267100E+02  0.267100E+02  0.100000E-01
     1       2672     1     2  0.267200E+02  0.267200E+02  0.100000E-01
     1       2673     1     2  0.267300E+02  0.267300E+02  0.100000E-01
     1       2674     1     2  0.267400E+02  0.267400E+02  0.100000E-01
     1       2675     1     2  0.267500E+02  0.267500E+02  0.100000E-01
     1       2676     1     2  0.267600E+02  0.267600E+02  0.100000E-01
     1       2677     1     2  0.267700E+02  0.267700E+02  0.100000E-01
     1       2678     1     2  0.267800E+02  0.267800E+02  0.100000E-01
     1       2679     1     2  0.267900E+02  0.267900E+02  0.100000E-01
     1       2680     1     2  0.268000E+02  0.268000E+02  0.100000E-01
     1       2681     1     2  0.268100E+02  0.268100E+02  0.100000E-01
     1       2682     1     2  0.268200E+02  0.268200E+02  0.100000E-01
     1       2683     1     2  0.268300E+02  0.268300E+02  0.100000E-01
     1       2684     1     2  0.268400E+02  0.268400E+02  0.100000E-01
     1       2685     1     2  0.268500E+02  0.268500E+02  0.100000E-01
     1       2686     1     2  0.268600E+02  0.268600E+02  0.100000E-01
     1       2687     1     2  0.268700E+02  0.268700E+02  0.100000E-01
     1       2688     1     2  0.268800E+02  0.268800E+02  0.100000E-01
     1       2689     1     2  0.268900E+02  0.268900E+02  0.100000E-01
     1       2690     1     2  0.269000E+02  0.269000E+02  0.100000E-01
     1       2691     1     2  0.269100E+02  0.269100E+02  0.100000E-01
     1       2692     1     2  0.269200E+02  0.269200E+02  0.100000E-01
     1       2693     1     2  0.269300E+02  0.269300E+02  0.100000E-01
     1       2694     1     2  0.269400E+02  0.269400E+02  0.100000E-01
     1       2695     1     2  0.269500E+02  0.269500E+02  0.100000E-01
     1       2696     1     2  0.269600E+02  0.269600E+02  0.100000E-01
     1       2697     1     2  0.269700E+02  0.269700E+02  0.100000E-01
     1       2698     1     2  0.269800E+02  0.269800E+02  0.100000E-01
     1       2699     1     2  0.269900E+02  0.269900E+02  0.100000E-01
     1       2700     1     2  0.270000E+02  0.270000E+02  0.100000E-01
     1       2701     1     2  0.270100E+02  0.270100E+02  0.100000E-01
     1       2702     1     2  0.270200E+02  0.270200E+02  0.100000E-01
     1       2703     1     2  0.270300E+02  0.270300E+02  0.100000E-01
     1       2704     1     2  0.270400E+02  0.270400E+02  0.100000E-01
     1       2705     1     2  0.270500E+02  0.270500E+02  0.100000E-01
     1       2706     1     2  0.270600E+02  0.270600E+02  0.100000E-01
     1       2707     1     2  0.270700E+02  0.270700E+02  0.100000E-01
     1       2708     1     2  0.270800E+02  0.270800E+02  0.100000E-01
     1       2709     1     2  0.270900E+02  0.270900E+02  0.100000E-01
     1       2710     1     2  0.271000E+02  0.271000E+02  0.100000E-01
     1       2711     1     2  0.271100E+02  0.271100E+02  0.100000E-01
     1       2712     1     2  0.271200E+02  0.271200E+02  0.100000E-01
     1       2713     1     2  0.271300E+02  0.271300E+02  0.100000E-01
     1       2714     1     2  0.271400E+02  0.271400E+02  0.100000E-01
     1       2715     1     2  0.271500E+02  0.271500E+02  0.100000E-01
     1       2716     1     2  0.271600E+02  0.271600E+02  0.100000E-01
     1       2717     1     2  0.271700E+02  0.271700E+02  0.100000E-01
     1       2718     1     2  0.271800E+02  0.271800E+02  0.100000E-01
     1       2719     1     2  0.271900E+02  0.271900E+02  0.100000E-01
     1       2720     1     2  0.272000E+02  0.272000E+02  0.100000E-01
     1       2721     1     2  0.272100E+02  0.272100E+02  0.100000E-01
     1       2722     1     2  0.272200E+02  0.272200E+02  0.100000E-01
     1       2723     1     2  0.272300E+02  0.272300E+02  0.100000E-01
     1       2724     1     2  0.272400E+02  0.272400E+02  0.100000E-01
     1       2725     1     2  0.272500E+02  0.272500E+02  0.100000E-01
     1       2726     1     2  0.272600E+02  0.272600E+02  0.100000E-01
     1       2727     1     2  0.272700E+02  0.272700E+02  0.100000E-01
     1       2728     1     2  0.272800E+02  0.272800E+02  0.100000E-01
     1       2729     1     2  0.272900E+02  0.272900E+02  0.100000E-01
     1       2730     1     2  0.273000E+02  0.273000E+02  0.100000E-01
     1       2731     1     2  0.273100E+02  0.273100E+02  0.100000E-01
     1       2732     1     2  0.273200E+02  0.273200E+02  0.100000E-01
     1       2733     1     2  0.273300E+02  0.273300E+02  0.100000E-01
     1       2734     1     2  0.273400E+02  0.273400E+02  0.100000E-01
     1       2735     1     2  0.273500E+02  0.273500E+02  0.100000E-01
     1       2736     1     2  0.273600E+02  0.273600E+02  0.100000E-01
     1       2737     1     2  0.273700E+02  0.273700E+02  0.100000E-01
     1       2738     1     2  0.273800E+02  0.273800E+02  0.100000E-01
     1       2739     1     2  0.273900E+02  0.273900E+02  0.100000E-01
     1       2740     1     2  0.274000E+02  0.274000E+02  0.100000E-01
     1       2741     1     2  0.274100E+02  0.274100E+02  0.100000E-01
     1       2742     1     2  0.274200E+02  0.274200E+02  0.100000E-01
     1       2743     1     2  0.274300E+02  0.274300E+02  0.100000E-01
     1       2744     1     2  0.274400E+02  0.274400E+02  0.100000E-01
     1       2745     1     2  0.274500E+02  0.274500E+02  0.100000E-01
     1       2746     1     2  0.274600E+02  0.274600E+02  0.100000E-01
     1       2747     1     2  0.274700E+02  0.274700E+02  0.100000E-01
     1       2748     1     2  0.274800E+02  0.274800E+02  0.100000E-01
     1       2749     1     2  0.274900E+02  0.274900E+02  0.100000E-01
     1       2750     1     2  0.275000E+02  0.275000E+02  0.100000E-01
     1       2751     1     2  0.275100E+02  0.275100E+02  0.100000E-01
     1       2752     1     2  0.275200E+02  0.275200E+02  0.100000E-01
     1       2753     1     2  0.275300E+02  0.275300E+02  0.100000E-01
     1       2754     1     2  0.275400E+02  0.275400E+02  0.100000E-01
     1       2755     1     2  0.275500E+02  0.275500E+02  0.100000E-01
     1       2756     1     2  0.275600E+02  0.275600E+02  0.100000E-01
     1       2757     1     2  0.275700E+02  0.275700E+02  0.100000E-01
     1       2758     1     2  0.275800E+02  0.275800E+02  0.100000E-01
     1       2759     1     2  0.275900E+02  0.275900E+02  0.100000E-01
     1       2760     1     2  0.276000E+02  0.276000E+02  0.100000E-01
     1       2761     1     2  0.276100E+02  0.276100E+02  0.100000E-01
     1       2762     1     2  0.276200E+02  0.276200E+02  0.100000E-01
     1       2763     1     2  0.276300E+02  0.276300E+02  0.100000E-01
     1       2764     1     2  0.276400E+02  0.276400E+02  0.100000E-01
     1       2765     1     2  0.276500E+02  0.276500E+02  0.100000E-01
     1       2766     1     2  0.276600E+02  0.276600E+02  0.100000E-01
     1       2767     1     2  0.276700E+02  0.276700E+02  0.100000E-01
     1       2768     1     2  0.276800E+02  0.276800E+02  0.100000E-01
     1       2769     1     2  0.276900E+02  0.276900E+02  0.100000E-01
     1       2770     1     2  0.277000E+02  0.277000E+02  0.100000E-01
     1       2771     1     2  0.277100E+02  0.277100E+02  0.100000E-01
     1       2772     1     2  0.277200E+02  0.277200E+02  0.100000E-01
     1       2773     1     2  0.277300E+02  0.277300E+02  0.100000E-01
     1       2774     1     2  0.277400E+02  0.277400E+02  0.100000E-01
     1       2775     1     2  0.277500E+02  0.277500E+02  0.100000E-01
     1       2776     1     2  0.277600E+02  0.277600E+02  0.100000E-01
     1       2777     1     2  0.277700E+02  0.277700E+02  0.100000E-01
     1       2778     1     2  0.277800E+02  0.277800E+02  0.100000E-01
     1       2779     1     2  0.277900E+02  0.277900E+02  0.100000E-01
     1       2780     1     2  0.278000E+02  0.278000E+02  0.100000E-01
     1       2781     1     2  0.278100E+02  0.278100E+02  0.100000E-01
     1       2782     1     2  0.278200E+02  0.278200E+02  0.100000E-01
     1       2783     1     2  0.278300E+02  0.278300E+02  0.100000E-01
     1       2784     1     2  0.278400E+02  0.278400E+02  0.100000E-01
     1       2785     1     2  0.278500E+02  0.278500E+02  0.100000E-01
     1       2786     1     2  0.278600E+02  0.278600E+02  0.100000E-01
     1       2787     1     2  0.278700E+02  0.278700E+02  0.100000E-01
     1       2788     1     2  0.278800E+02  0.278800E+02  0.100000E-01
     1       2789     1     2  0.278900E+02  0.278900E+02  0.100000E-01
     1       2790     1     2  0.279000E+02  0.279000E+02  0.100000E-01
     1       2791     1     2  0.279100E+02  0.279100E+02  0.100000E-01
     1       2792     1     2  0.279200E+02  0.279200E+02  0.100000E-01
     1       2793     1     2  0.279300E+02  0.279300E+02  0.100000E-01
     1       2794     1     2  0.279400E+02  0.279400E+02  0.100000E-01
     1       2795     1     2  0.279500E+02  0.279500E+02  0.100000E-01
     1       2796     1     2  0.279600E+02  0.279600E+02  0.100000E-01
     1       2797     1     2  0.279700E+02  0.279700E+02  0.100000E-01
     1       2798     1     2  0.279800E+02  0.279800E+02  0.100000E-01
     1       2799     1     2  0.279900E+02  0.279900E+02  0.100000E-01
     1       2800     1     2  0.280000E+02  0.280000E+02  0.100000E-01
     1       2801     1     2  0.280100E+02  0.280100E+02  0.100000E-01
     1       2802     1     2  0.280200E+02  0.280200E+02  0.100000E-01
     1       2803     1     2  0.280300E+02  0.280300E+02  0.100000E-01
     1       2804     1     2  0.280400E+02  0.280400E+02  0.100000E-01
     1       2805     1     2  0.280500E+02  0.280500E+02  0.100000E-01
     1       2806     1     2  0.280600E+02  0.280600E+02  0.100000E-01
     1       2807     1     2  0.280700E+02  0.280700E+02  0.100000E-01
     1       2808     1     2  0.280800E+02  0.280800E+02  0.100000E-01
     1       2809     1     2  0.280900E+02  0.280900E+02  0.100000E-01
     1       2810     1     2  0.281000E+02  0.281000E+02  0.100000E-01
     1       2811     1     2  0.281100E+02  0.281100E+02  0.100000E-01
     1       2812     1     2  0.281200E+02  0.281200E+02  0.100000E-01
     1       2813     1     2  0.281300E+02  0.281300E+02  0.100000E-01
     1       2814     1     2  0.281400E+02  0.281400E+02  0.100000E-01
     1       2815     1     2  0.281500E+02  0.281500E+02  0.100000E-01
     1       2816     1     2  0.281600E+02  0.281600E+02  0.100000E-01
     1       2817     1     2  0.281700E+02  0.281700E+02  0.100000E-01
     1       2818     1     2  0.281800E+02  0.281800E+02  0.100000E-01
     1       2819     1     2  0.281900E+02  0.281900E+02  0.100000E-01
     1       2820     1     2  0.282000E+02  0.282000E+02  0.100000E-01
     1       2821     1     2  0.282100E+02  0.282100E+02  0.100000E-01
     1       2822     1     2  0.282200E+02  0.282200E+02  0.100000E-01
     1       2823     1     2  0.282300E+02  0.282300E+02  0.100000E-01
     1       2824     1     2  0.282400E+02  0.282400E+02  0.100000E-01
     1       2825     1     2  0.282500E+02  0.282500E+02  0.100000E-01
     1       2826     1     2  0.282600E+02  0.282600E+02  0.100000E-01
     1       2827     1     2  0.282700E+02  0.282700E+02  0.100000E-01
     1       2828     1     2  0.282800E+02  0.282800E+02  0.100000E-01
     1       2829     1     2  0.282900E+02  0.282900E+02  0.100000E-01
     1       2830     1     2  0.283000E+02  0.283000E+02  0.100000E-01
     1       2831     1     2  0.283100E+02  0.283100E+02  0.100000E-01
     1       2832     1     2  0.283200E+02  0.283200E+02  0.100000E-01
     1       2833     1     2  0.283300E+02  0.283300E+02  0.100000E-01
     1       2834     1     2  0.283400E+02  0.283400E+02  0.100000E-01
     1       2835     1     2  0.283500E+02  0.283500E+02  0.100000E-01
     1       2836     1     2  0.283600E+02  0.283600E+02  0.100000E-01
     1       2837     1     2  0.283700E+02  0.283700E+02  0.100000E-01
     1       2838     1     2  0.283800E+02  0.283800E+02  0.100000E-01
     1       2839     1     2  0.283900E+02  0.283900E+02  0.100000E-01
     1       2840     1     2  0.284000E+02  0.284000E+02  0.100000E-01
     1       2841     1     2  0.284100E+02  0.284100E+02  0.100000E-01
     1       2842     1     2  0.284200E+02  0.284200E+02  0.100000E-01
     1       2843     1     2  0.284300E+02  0.284300E+02  0.100000E-01
     1       2844     1     2  0.284400E+02  0.284400E+02  0.100000E-01
     1       2845     1     2  0.284500E+02  0.284500E+02  0.100000E-01
     1       2846     1     2  0.284600E+02  0.284600E+02  0.100000E-01
     1       2847     1     2  0.284700E+02  0.284700E+02  0.100000E-01
     1       2848     1     2  0.284800E+02  0.284800E+02  0.100000E-01
     1       2849     1     2  0.284900E+02  0.284900E+02  0.100000E-01
     1       2850     1     2  0.285000E+02  0.285000E+02  0.100000E-01
     1       2851     1     2  0.285100E+02  0.285100E+02  0.100000E-01
     1       2852     1     2  0.285200E+02  0.285200E+02  0.100000E-01
     1       2853     1     2  0.285300E+02  0.285300E+02  0.100000E-01
     1       2854     1     2  0.285400E+02  0.285400E+02  0.100000E-01
     1       2855     1     2  0.285500E+02  0.285500E+02  0.100000E-01
     1       2856     1     2  0.285600E+02  0.285600E+02  0.100000E-01
     1       2857     1     2  0.285700E+02  0.285700E+02  0.100000E-01
     1       2858     1     2  0.285800E+02  0.285800E+02  0.100000E-01
     1       2859     1     2  0.285900E+02  0.285900E+02  0.100000E-01
     1       2860     1     2  0.286000E+02  0.286000E+02  0.100000E-01
     1       2861     1     2  0.286100E+02  0.286100E+02  0.100000E-01
     1       2862     1     2  0.286200E+02  0.286200E+02  0.100000E-01
     1       2863     1     2  0.286300E+02  0.286300E+02  0.100000E-01
     1       2864     1     2  0.286400E+02  0.286400E+02  0.100000E-01
     1       2865     1     2  0.286500E+02  0.286500E+02  0.100000E-01
     1       2866     1     2  0.286600E+02  0.286600E+02  0.100000E-01
     1       2867     1     2  0.286700E+02  0.286700E+02  0.100000E-01
     1       2868     1     2  0.286800E+02  0.286800E+02  0.100000E-01
     1       2869     1     2  0.286900E+02  0.286900E+02  0.100000E-01
     1       2870     1     2  0.287000E+02  0.287000E+02  0.100000E-01
     1       2871     1     2  0.287100E+02  0.287100E+02  0.100000E-01
     1       2872     1     2  0.287200E+02  0.287200E+02  0.100000E-01
     1       2873     1     2  0.287300E+02  0.287300E+02  0.100000E-01
     1       2874     1     2  0.287400E+02  0.287400E+02  0.100000E-01
     1       2875     1     2  0.287500E+02  0.287500E+02  0.100000E-01
     1       2876     1     2  0.287600E+02  0.287600E+02  0.100000E-01
     1       2877     1     2  0.287700E+02  0.287700E+02  0.100000E-01
     1       2878     1     2  0.287800E+02  0.287800E+02  0.100000E-01
     1       2879     1     2  0.287900E+02  0.287900E+02  0.100000E-01
     1       2880     1     2  0.288000E+02  0.288000E+02  0.100000E-01
     1       2881     1     2  0.288100E+02  0.288100E+02  0.100000E-01
     1       2882     1     2  0.288200E+02  0.288200E+02  0.100000E-01
     1       2883     1     2  0.288300E+02  0.288300E+02  0.100000E-01
     1       2884     1     2  0.288400E+02  0.288400E+02  0.100000E-01
     1       2885     1     2  0.288500E+02  0.288500E+02  0.100000E-01
     1       2886     1     2  0.288600E+02  0.288600E+02  0.100000E-01
     1       2887     1     2  0.288700E+02  0.288700E+02  0.100000E-01
     1       2888     1     2  0.288800E+02  0.288800E+02  0.100000E-01
     1       2889     1     2  0.288900E+02  0.288900E+02  0.100000E-01
     1       2890     1     2  0.289000E+02  0.289000E+02  0.100000E-01
     1       2891     1     2  0.289100E+02  0.289100E+02  0.100000E-01
     1       2892     1     2  0.289200E+02  0.289200E+02  0.100000E-01
     1       2893     1     2  0.289300E+02  0.289300E+02  0.100000E-01
     1       2894     1     2  0.289400E+02  0.289400E+02  0.100000E-01
     1       2895     1     2  0.289500E+02  0.289500E+02  0.100000E-01
     1       2896     1     2  0.289600E+02  0.289600E+02  0.100000E-01
     1       2897     1     2  0.289700E+02  0.289700E+02  0.100000E-01
     1       2898     1     2  0.289800E+02  0.289800E+02  0.100000E-01
     1       2899     1     2  0.289900E+02  0.289900E+02  0.100000E-01
     1       2900     1     2  0.290000E+02  0.290000E+02  0.100000E-01
     1       2901     1     2  0.290100E+02  0.290100E+02  0.100000E-01
     1       2902     1     2  0.290200E+02  0.290200E+02  0.100000E-01
     1       2903     1     2  0.290300E+02  0.290300E+02  0.100000E-01
     1       2904     1     2  0.290400E+02  0.290400E+02  0.100000E-01
     1       2905     1     2  0.290500E+02  0.290500E+02  0.100000E-01
     1       2906     1     2  0.290600E+02  0.290600E+02  0.100000E-01
     1       2907     1     2  0.290700E+02  0.290700E+02  0.100000E-01
     1       2908     1     2  0.290800E+02  0.290800E+02  0.100000E-01
     1       2909     1     2  0.290900E+02  0.290900E+02  0.100000E-01
     1       2910     1     2  0.291000E+02  0.291000E+02  0.100000E-01
     1       2911     1     2  0.291100E+02  0.291100E+02  0.100000E-01
     1       2912     1     2  0.291200E+02  0.291200E+02  0.100000E-01
     1       2913     1     2  0.291300E+02  0.291300E+02  0.100000E-01
     1       2914     1     2  0.291400E+02  0.291400E+02  0.100000E-01
     1       2915     1     2  0.291500E+02  0.291500E+02  0.100000E-01
     1       2916     1     2  0.291600E+02  0.291600E+02  0.100000E-01
     1       2917     1     2  0.291700E+02  0.291700E+02  0.100000E-01
     1       2918     1     2  0.291800E+02  0.291800E+02  0.100000E-01
     1       2919     1     2  0.291900E+02  0.291900E+02  0.100000E-01
     1       2920     1     2  0.292000E+02  0.292000E+02  0.100000E-01
     1       2921     1     2  0.292100E+02  0.292100E+02  0.100000E-01
     1       2922     1     2  0.292200E+02  0.292200E+02  0.100000E-01
     1       2923     1     2  0.292300E+02  0.292300E+02  0.100000E-01
     1       2924     1     2  0.292400E+02  0.292400E+02  0.100000E-01
     1       2925     1     2  0.292500E+02  0.292500E+02  0.100000E-01
     1       2926     1     2  0.292600E+02  0.292600E+02  0.100000E-01
     1       2927     1     2  0.292700E+02  0.292700E+02  0.100000E-01
     1       2928     1     2  0.292800E+02  0.292800E+02  0.100000E-01
     1       2929     1     2  0.292900E+02  0.292900E+02  0.100000E-01
     1       2930     1     2  0.293000E+02  0.293000E+02  0.100000E-01
     1       2931     1     2  0.293100E+02  0.293100E+02  0.100000E-01
     1       2932     1     2  0.293200E+02  0.293200E+02  0.100000E-01
     1       2933     1     2  0.293300E+02  0.293300E+02  0.100000E-01
     1       2934     1     2  0.293400E+02  0.293400E+02  0.100000E-01
     1       2935     1     2  0.293500E+02  0.293500E+02  0.100000E-01
     1       2936     1     2  0.293600E+02  0.293600E+02  0.100000E-01
     1       2937     1     2  0.293700E+02  0.293700E+02  0.100000E-01
     1       2938     1     2  0.293800E+02  0.293800E+02  0.100000E-01
     1       2939     1     2  0.293900E+02  0.293900E+02  0.100000E-01
     1       2940     1     2  0.294000E+02  0.294000E+02  0.100000E-01
     1       2941     1     2  0.294100E+02  0.294100E+02  0.100000E-01
     1       2942     1     2  0.294200E+02  0.294200E+02  0.100000E-01
     1       2943     1     2  0.294300E+02  0.294300E+02  0.100000E-01
     1       2944     1     2  0.294400E+02  0.294400E+02  0.100000E-01
     1       2945     1     2  0.294500E+02  0.294500E+02  0.100000E-01
     1       2946     1     2  0.294600E+02  0.294600E+02  0.100000E-01
     1       2947     1     2  0.294700E+02  0.294700E+02  0.100000E-01
     1       2948     1     2  0.294800E+02  0.294800E+02  0.100000E-01
     1       2949     1     2  0.294900E+02  0.294900E+02  0.100000E-01
     1       2950     1     2  0.295000E+02  0.295000E+02  0.100000E-01
     1       2951     1     2  0.295100E+02  0.295100E+02  0.100000E-01
     1       2952     1     2  0.295200E+02  0.295200E+02  0.100000E-01
     1       2953     1     2  0.295300E+02  0.295300E+02  0.100000E-01
     1       2954     1     2  0.295400E+02  0.295400E+02  0.100000E-01
     1       2955     1     2  0.295500E+02  0.295500E+02  0.100000E-01
     1       2956     1     2  0.295600E+02  0.295600E+02  0.100000E-01
     1       2957     1     2  0.295700E+02  0.295700E+02  0.100000E-01
     1       2958     1     2  0.295800E+02  0.295800E+02  0.100000E-01
     1       2959     1     2  0.295900E+02  0.295900E+02  0.100000E-01
     1       2960     1     2  0.296000E+02  0.296000E+02  0.100000E-01
     1       2961     1     2  0.296100E+02  0.296100E+02  0.100000E-01
     1       2962     1     2  0.296200E+02  0.296200E+02  0.100000E-01
     1       2963     1     2  0.296300E+02  0.296300E+02  0.100000E-01
     1       2964     1     2  0.296400E+02  0.296400E+02  0.100000E-01
     1       2965     1     2  0.296500E+02  0.296500E+02  0.100000E-01
     1       2966     1     2  0.296600E+02  0.296600E+02  0.100000E-01
     1       2967     1     2  0.296700E+02  0.296700E+02  0.100000E-01
     1       2968     1     2  0.296800E+02  0.296800E+02  0.100000E-01
     1       2969     1     2  0.296900E+02  0.296900E+02  0.100000E-01
     1       2970     1     2  0.297000E+02  0.297000E+02  0.100000E-01
     1       2971     1     2  0.297100E+02  0.297100E+02  0.100000E-01
     1       2972     1     2  0.297200E+02  0.297200E+02  0.100000E-01
     1       2973     1     2  0.297300E+02  0.297300E+02  0.100000E-01
     1       2974     1     2  0.297400E+02  0.297400E+02  0.100000E-01
     1       2975     1     2  0.297500E+02  0.297500E+02  0.100000E-01
     1       2976     1     2  0.297600E+02  0.297600E+02  0.100000E-01
     1       2977     1     2  0.297700E+02  0.297700E+02  0.100000E-01
     1       2978     1     2  0.297800E+02  0.297800E+02  0.100000E-01
     1       2979     1     2  0.297900E+02  0.297900E+02  0.100000E-01
     1       2980     1     2  0.298000E+02  0.298000E+02  0.100000E-01
     1       2981     1     2  0.298100E+02  0.298100E+02  0.100000E-01
     1       2982     1     2  0.298200E+02  0.298200E+02  0.100000E-01
     1       2983     1     2  0.298300E+02  0.298300E+02  0.100000E-01
     1       2984     1     2  0.298400E+02  0.298400E+02  0.100000E-01
     1       2985     1     2  0.298500E+02  0.298500E+02  0.100000E-01
     1       2986     1     2  0.298600E+02  0.298600E+02  0.100000E-01
     1       2987     1     2  0.298700E+02  0.298700E+02  0.100000E-01
     1       2988     1     2  0.298800E+02  0.298800E+02  0.100000E-01
     1       2989     1     2  0.298900E+02  0.298900E+02  0.100000E-01
     1       2990     1     2  0.299000E+02  0.299000E+02  0.100000E-01
     1       2991     1     2  0.299100E+02  0.299100E+02  0.100000E-01
     1       2992     1     2  0.299200E+02  0.299200E+02  0.100000E-01
     1       2993     1     2  0.299300E+02  0.299300E+02  0.100000E-01
     1       2994     1     2  0.299400E+02  0.299400E+02  0.100000E-01
     1       2995     1     2  0.299500E+02  0.299500E+02  0.100000E-01
     1       2996     1     2  0.299600E+02  0.299600E+02  0.100000E-01
     1       2997     1     2  0.299700E+02  0.299700E+02  0.100000E-01
     1       2998     1     2  0.299800E+02  0.299800E+02  0.100000E-01
     1       2999     1     2  0.299900E+02  0.299900E+02  0.100000E-01
     1       3000     1     2  0.300000E+02  0.300000E+02  0.100000E-01
     1       3001     1     2  0.300100E+02  0.300100E+02  0.100000E-01
     1       3002     1     2  0.300200E+02  0.300200E+02  0.100000E-01
     1       3003     1     2  0.300300E+02  0.300300E+02  0.100000E-01
     1       3004     1     2  0.300400E+02  0.300400E+02  0.100000E-01
     1       3005     1     2  0.300500E+02  0.300500E+02  0.100000E-01
     1       3006     1     2  0.300600E+02  0.300600E+02  0.100000E-01
     1       3007     1     2  0.300700E+02  0.300700E+02  0.100000E-01
     1       3008     1     2  0.300800E+02  0.300800E+02  0.100000E-01
     1       3009     1     2  0.300900E+02  0.300900E+02  0.100000E-01
     1       3010     1     2  0.301000E+02  0.301000E+02  0.100000E-01
     1       3011     1     2  0.301100E+02  0.301100E+02  0.100000E-01
     1       3012     1     2  0.301200E+02  0.301200E+02  0.100000E-01
     1       3013     1     2  0.301300E+02  0.301300E+02  0.100000E-01
     1       3014     1     2  0.301400E+02  0.301400E+02  0.100000E-01
     1       3015     1     2  0.301500E+02  0.301500E+02  0.100000E-01
     1       3016     1     2  0.301600E+02  0.301600E+02  0.100000E-01
     1       3017     1     2  0.301700E+02  0.301700E+02  0.100000E-01
     1       3018     1     2  0.301800E+02  0.301800E+02  0.100000E-01
     1       3019     1     2  0.301900E+02  0.301900E+02  0.100000E-01
     1       3020     1     2  0.302000E+02  0.302000E+02  0.100000E-01
     1       3021     1     2  0.302100E+02  0.302100E+02  0.100000E-01
     1       3022     1     2  0.302200E+02  0.302200E+02  0.100000E-01
     1       3023     1     2  0.302300E+02  0.302300E+02  0.100000E-01
     1       3024     1     2  0.302400E+02  0.302400E+02  0.100000E-01
     1       3025     1     2  0.302500E+02  0.302500E+02  0.100000E-01
     1       3026     1     2  0.302600E+02  0.302600E+02  0.100000E-01
     1       3027     1     2  0.302700E+02  0.302700E+02  0.100000E-01
     1       3028     1     2  0.302800E+02  0.302800E+02  0.100000E-01
     1       3029     1     2  0.302900E+02  0.302900E+02  0.100000E-01
     1       3030     1     2  0.303000E+02  0.303000E+02  0.100000E-01
     1       3031     1     2  0.303100E+02  0.303100E+02  0.100000E-01
     1       3032     1     2  0.303200E+02  0.303200E+02  0.100000E-01
     1       3033     1     2  0.303300E+02  0.303300E+02  0.100000E-01
     1       3034     1     2  0.303400E+02  0.303400E+02  0.100000E-01
     1       3035     1     2  0.303500E+02  0.303500E+02  0.100000E-01
     1       3036     1     2  0.303600E+02  0.303600E+02  0.100000E-01
     1       3037     1     2  0.303700E+02  0.303700E+02  0.100000E-01
     1       3038     1     2  0.303800E+02  0.303800E+02  0.100000E-01
     1       3039     1     2  0.303900E+02  0.303900E+02  0.100000E-01
     1       3040     1     2  0.304000E+02  0.304000E+02  0.100000E-01
     1       3041     1     2  0.304100E+02  0.304100E+02  0.100000E-01
     1       3042     1     2  0.304200E+02  0.304200E+02  0.100000E-01
     1       3043     1     2  0.304300E+02  0.304300E+02  0.100000E-01
     1       3044     1     2  0.304400E+02  0.304400E+02  0.100000E-01
     1       3045     1     2  0.304500E+02  0.304500E+02  0.100000E-01
     1       3046     1     2  0.304600E+02  0.304600E+02  0.100000E-01
     1       3047     1     2  0.304700E+02  0.304700E+02  0.100000E-01
     1       3048     1     2  0.304800E+02  0.304800E+02  0.100000E-01
     1       3049     1     2  0.304900E+02  0.304900E+02  0.100000E-01
     1       3050     1     2  0.305000E+02  0.305000E+02  0.100000E-01
     1       3051     1     2  0.305100E+02  0.305100E+02  0.100000E-01
     1       3052     1     2  0.305200E+02  0.305200E+02  0.100000E-01
     1       3053     1     2  0.305300E+02  0.305300E+02  0.100000E-01
     1       3054     1     2  0.305400E+02  0.305400E+02  0.100000E-01
     1       3055     1     2  0.305500E+02  0.305500E+02  0.100000E-01
     1       3056     1     2  0.305600E+02  0.305600E+02  0.100000E-01
     1       3057     1     2  0.305700E+02  0.305700E+02  0.100000E-01
     1       3058     1     2  0.305800E+02  0.305800E+02  0.100000E-01
     1       3059     1     2  0.305900E+02  0.305900E+02  0.100000E-01
     1       3060     1     2  0.306000E+02  0.306000E+02  0.100000E-01
     1       3061     1     2  0.306100E+02  0.306100E+02  0.100000E-01
     1       3062     1     2  0.306200E+02  0.306200E+02  0.100000E-01
     1       3063     1     2  0.306300E+02  0.306300E+02  0.100000E-01
     1       3064     1     2  0.306400E+02  0.306400E+02  0.100000E-01
     1       3065     1     2  0.306500E+02  0.306500E+02  0.100000E-01
     1       3066     1     2  0.306600E+02  0.306600E+02  0.100000E-01
     1       3067     1     2  0.306700E+02  0.306700E+02  0.100000E-01
     1       3068     1     2  0.306800E+02  0.306800E+02  0.100000E-01
     1       3069     1     2  0.306900E+02  0.306900E+02  0.100000E-01
     1       3070     1     2  0.307000E+02  0.307000E+02  0.100000E-01
     1       3071     1     2  0.307100E+02  0.307100E+02  0.100000E-01
     1       3072     1     2  0.307200E+02  0.307200E+02  0.100000E-01
     1       3073     1     2  0.307300E+02  0.307300E+02  0.100000E-01
     1       3074     1     2  0.307400E+02  0.307400E+02  0.100000E-01
     1       3075     1     2  0.307500E+02  0.307500E+02  0.100000E-01
     1       3076     1     2  0.307600E+02  0.307600E+02  0.100000E-01
     1       3077     1     2  0.307700E+02  0.307700E+02  0.100000E-01
     1       3078     1     2  0.307800E+02  0.307800E+02  0.100000E-01
     1       3079     1     2  0.307900E+02  0.307900E+02  0.100000E-01
     1       3080     1     2  0.308000E+02  0.308000E+02  0.100000E-01
     1       3081     1     2  0.308100E+02  0.308100E+02  0.100000E-01
     1       3082     1     2  0.308200E+02  0.308200E+02  0.100000E-01
     1       3083     1     2  0.308300E+02  0.308300E+02  0.100000E-01
     1       3084     1     2  0.308400E+02  0.308400E+02  0.100000E-01
     1       3085     1     2  0.308500E+02  0.308500E+02  0.100000E-01
     1       3086     1     2  0.308600E+02  0.308600E+02  0.100000E-01
     1       3087     1     2  0.308700E+02  0.308700E+02  0.100000E-01
     1       3088     1     2  0.308800E+02  0.308800E+02  0.100000E-01
     1       3089     1     2  0.308900E+02  0.308900E+02  0.100000E-01
     1       3090     1     2  0.309000E+02  0.309000E+02  0.100000E-01
     1       3091     1     2  0.309100E+02  0.309100E+02  0.100000E-01
     1       3092     1     2  0.309200E+02  0.309200E+02  0.100000E-01
     1       3093     1     2  0.309300E+02  0.309300E+02  0.100000E-01
     1       3094     1     2  0.309400E+02  0.309400E+02  0.100000E-01
     1       3095     1     2  0.309500E+02  0.309500E+02  0.100000E-01
     1       3096     1     2  0.309600E+02  0.309600E+02  0.100000E-01
     1       3097     1     2  0.309700E+02  0.309700E+02  0.100000E-01
     1       3098     1     2  0.309800E+02  0.309800E+02  0.100000E-01
     1       3099     1     2  0.309900E+02  0.309900E+02  0.100000E-01
     1       3100     1     2  0.310000E+02  0.310000E+02  0.100000E-01
     1       3101     1     2  0.310100E+02  0.310100E+02  0.100000E-01
     1       3102     1     2  0.310200E+02  0.310200E+02  0.100000E-01
     1       3103     1     2  0.310300E+02  0.310300E+02  0.100000E-01
     1       3104     1     2  0.310400E+02  0.310400E+02  0.100000E-01
     1       3105     1     2  0.310500E+02  0.310500E+02  0.100000E-01
     1       3106     1     2  0.310600E+02  0.310600E+02  0.100000E-01
     1       3107     1     2  0.310700E+02  0.310700E+02  0.100000E-01
     1       3108     1     2  0.310800E+02  0.310800E+02  0.100000E-01
     1       3109     1     2  0.310900E+02  0.310900E+02  0.100000E-01
     1       3110     1     2  0.311000E+02  0.311000E+02  0.100000E-01
     1       3111     1     2  0.311100E+02  0.311100E+02  0.100000E-01
     1       3112     1     2  0.311200E+02  0.311200E+02  0.100000E-01
     1       3113     1     2  0.311300E+02  0.311300E+02  0.100000E-01
     1       3114     1     2  0.311400E+02  0.311400E+02  0.100000E-01
     1       3115     1     2  0.311500E+02  0.311500E+02  0.100000E-01
     1       3116     1     2  0.311600E+02  0.311600E+02  0.100000E-01
     1       3117     1     2  0.311700E+02  0.311700E+02  0.100000E-01
     1       3118     1     2  0.311800E+02  0.311800E+02  0.100000E-01
     1       3119     1     2  0.311900E+02  0.311900E+02  0.100000E-01
     1       3120     1     2  0.312000E+02  0.312000E+02  0.100000E-01
     1       3121     1     2  0.312100E+02  0.312100E+02  0.100000E-01
     1       3122     1     2  0.312200E+02  0.312200E+02  0.100000E-01
     1       3123     1     2  0.312300E+02  0.312300E+02  0.100000E-01
     1       3124     1     2  0.312400E+02  0.312400E+02  0.100000E-01
     1       3125     1     2  0.312500E+02  0.312500E+02  0.100000E-01
     1       3126     1     2  0.312600E+02  0.312600E+02  0.100000E-01
     1       3127     1     2  0.312700E+02  0.312700E+02  0.100000E-01
     1       3128     1     2  0.312800E+02  0.312800E+02  0.100000E-01
     1       3129     1     2  0.312900E+02  0.312900E+02  0.100000E-01
     1       3130     1     2  0.313000E+02  0.313000E+02  0.100000E-01
     1       3131     1     2  0.313100E+02  0.313100E+02  0.100000E-01
     1       3132     1     2  0.313200E+02  0.313200E+02  0.100000E-01
     1       3133     1     2  0.313300E+02  0.313300E+02  0.100000E-01
     1       3134     1     2  0.313400E+02  0.313400E+02  0.100000E-01
     1       3135     1     2  0.313500E+02  0.313500E+02  0.100000E-01
     1       3136     1     2  0.313600E+02  0.313600E+02  0.100000E-01
     1       3137     1     2  0.313700E+02  0.313700E+02  0.100000E-01
     1       3138     1     2  0.313800E+02  0.313800E+02  0.100000E-01
     1       3139     1     2  0.313900E+02  0.313900E+02  0.100000E-01
     1       3140     1     2  0.314000E+02  0.314000E+02  0.100000E-01
     1       3141     1     2  0.314100E+02  0.314100E+02  0.100000E-01
     1       3142     1     2  0.314200E+02  0.314200E+02  0.100000E-01
     1       3143     1     2  0.314300E+02  0.314300E+02  0.100000E-01
     1       3144     1     2  0.314400E+02  0.314400E+02  0.100000E-01
     1       3145     1     2  0.314500E+02  0.314500E+02  0.100000E-01
     1       3146     1     2  0.314600E+02  0.314600E+02  0.100000E-01
     1       3147     1     2  0.314700E+02  0.314700E+02  0.100000E-01
     1       3148     1     2  0.314800E+02  0.314800E+02  0.100000E-01
     1       3149     1     2  0.314900E+02  0.314900E+02  0.100000E-01
     1       3150     1     2  0.315000E+02  0.315000E+02  0.100000E-01
     1       3151     1     2  0.315100E+02  0.315100E+02  0.100000E-01
     1       3152     1     2  0.315200E+02  0.315200E+02  0.100000E-01
     1       3153     1     2  0.315300E+02  0.315300E+02  0.100000E-01
     1       3154     1     2  0.315400E+02  0.315400E+02  0.100000E-01
     1       3155     1     2  0.315500E+02  0.315500E+02  0.100000E-01
     1       3156     1     2  0.315600E+02  0.315600E+02  0.100000E-01
     1       3157     1     2  0.315700E+02  0.315700E+02  0.100000E-01
     1       3158     1     2  0.315800E+02  0.315800E+02  0.100000E-01
     1       3159     1     2  0.315900E+02  0.315900E+02  0.100000E-01
     1       3160     1     2  0.316000E+02  0.316000E+02  0.100000E-01
     1       3161     1     2  0.316100E+02  0.316100E+02  0.100000E-01
     1       3162     1     2  0.316200E+02  0.316200E+02  0.100000E-01
     1       3163     1     2  0.316300E+02  0.316300E+02  0.100000E-01
     1       3164     1     2  0.316400E+02  0.316400E+02  0.100000E-01
     1       3165     1     2  0.316500E+02  0.316500E+02  0.100000E-01
     1       3166     1     2  0.316600E+02  0.316600E+02  0.100000E-01
     1       3167     1     2  0.316700E+02  0.316700E+02  0.100000E-01
     1       3168     1     2  0.316800E+02  0.316800E+02  0.100000E-01
     1       3169     1     2  0.316900E+02  0.316900E+02  0.100000E-01
     1       3170     1     2  0.317000E+02  0.317000E+02  0.100000E-01
     1       3171     1     2  0.317100E+02  0.317100E+02  0.100000E-01
     1       3172     1     2  0.317200E+02  0.317200E+02  0.100000E-01
     1       3173     1     2  0.317300E+02  0.317300E+02  0.100000E-01
     1       3174     1     2  0.317400E+02  0.317400E+02  0.100000E-01
     1       3175     1     2  0.317500E+02  0.317500E+02  0.100000E-01
     1       3176     1     2  0.317600E+02  0.317600E+02  0.100000E-01
     1       3177     1     2  0.317700E+02  0.317700E+02  0.100000E-01
     1       3178     1     2  0.317800E+02  0.317800E+02  0.100000E-01
     1       3179     1     2  0.317900E+02  0.317900E+02  0.100000E-01
     1       3180     1     2  0.318000E+02  0.318000E+02  0.100000E-01
     1       3181     1     2  0.318100E+02  0.318100E+02  0.100000E-01
     1       3182     1     2  0.318200E+02  0.318200E+02  0.100000E-01
     1       3183     1     2  0.318300E+02  0.318300E+02  0.100000E-01
     1       3184     1     2  0.318400E+02  0.318400E+02  0.100000E-01
     1       3185     1     2  0.318500E+02  0.318500E+02  0.100000E-01
     1       3186     1     2  0.318600E+02  0.318600E+02  0.100000E-01
     1       3187     1     2  0.318700E+02  0.318700E+02  0.100000E-01
     1       3188     1     2  0.318800E+02  0.318800E+02  0.100000E-01
     1       3189     1     2  0.318900E+02  0.318900E+02  0.100000E-01
     1       3190     1     2  0.319000E+02  0.319000E+02  0.100000E-01
     1       3191     1     2  0.319100E+02  0.319100E+02  0.100000E-01
     1       3192     1     2  0.319200E+02  0.319200E+02  0.100000E-01
     1       3193     1     2  0.319300E+02  0.319300E+02  0.100000E-01
     1       3194     1     2  0.319400E+02  0.319400E+02  0.100000E-01
     1       3195     1     2  0.319500E+02  0.319500E+02  0.100000E-01
     1       3196     1     2  0.319600E+02  0.319600E+02  0.100000E-01
     1       3197     1     2  0.319700E+02  0.319700E+02  0.100000E-01
     1       3198     1     2  0.319800E+02  0.319800E+02  0.100000E-01
     1       3199     1     2  0.319900E+02  0.319900E+02  0.100000E-01
     1       3200     1     2  0.320000E+02  0.320000E+02  0.100000E-01
     1       3201     1     2  0.320100E+02  0.320100E+02  0.100000E-01
     1       3202     1     2  0.320200E+02  0.320200E+02  0.100000E-01
     1       3203     1     2  0.320300E+02  0.320300E+02  0.100000E-01
     1       3204     1     2  0.320400E+02  0.320400E+02  0.100000E-01
     1       3205     1     2  0.320500E+02  0.320500E+02  0.100000E-01
     1       3206     1     2  0.320600E+02  0.320600E+02  0.100000E-01
     1       3207     1     2  0.320700E+02  0.320700E+02  0.100000E-01
     1       3208     1     2  0.320800E+02  0.320800E+02  0.100000E-01
     1       3209     1     2  0.320900E+02  0.320900E+02  0.100000E-01
     1       3210     1     2  0.321000E+02  0.321000E+02  0.100000E-01
     1       3211     1     2  0.321100E+02  0.321100E+02  0.100000E-01
     1       3212     1     2  0.321200E+02  0.321200E+02  0.100000E-01
     1       3213     1     2  0.321300E+02  0.321300E+02  0.100000E-01
     1       3214     1     2  0.321400E+02  0.321400E+02  0.100000E-01
     1       3215     1     2  0.321500E+02  0.321500E+02  0.100000E-01
     1       3216     1     2  0.321600E+02  0.321600E+02  0.100000E-01
     1       3217     1     2  0.321700E+02  0.321700E+02  0.100000E-01
     1       3218     1     2  0.321800E+02  0.321800E+02  0.100000E-01
     1       3219     1     2  0.321900E+02  0.321900E+02  0.100000E-01
     1       3220     1     2  0.322000E+02  0.322000E+02  0.100000E-01
     1       3221     1     2  0.322100E+02  0.322100E+02  0.100000E-01
     1       3222     1     2  0.322200E+02  0.322200E+02  0.100000E-01
     1       3223     1     2  0.322300E+02  0.322300E+02  0.100000E-01
     1       3224     1     2  0.322400E+02  0.322400E+02  0.100000E-01
     1       3225     1     2  0.322500E+02  0.322500E+02  0.100000E-01
     1       3226     1     2  0.322600E+02  0.322600E+02  0.100000E-01
     1       3227     1     2  0.322700E+02  0.322700E+02  0.100000E-01
     1       3228     1     2  0.322800E+02  0.322800E+02  0.100000E-01
     1       3229     1     2  0.322900E+02  0.322900E+02  0.100000E-01
     1       3230     1     2  0.323000E+02  0.323000E+02  0.100000E-01
     1       3231     1     2  0.323100E+02  0.323100E+02  0.100000E-01
     1       3232     1     2  0.323200E+02  0.323200E+02  0.100000E-01
     1       3233     1     2  0.323300E+02  0.323300E+02  0.100000E-01
     1       3234     1     2  0.323400E+02  0.323400E+02  0.100000E-01
     1       3235     1     2  0.323500E+02  0.323500E+02  0.100000E-01
     1       3236     1     2  0.323600E+02  0.323600E+02  0.100000E-01
     1       3237     1     2  0.323700E+02  0.323700E+02  0.100000E-01
     1       3238     1     2  0.323800E+02  0.323800E+02  0.100000E-01
     1       3239     1     2  0.323900E+02  0.323900E+02  0.100000E-01
     1       3240     1     2  0.324000E+02  0.324000E+02  0.100000E-01
     1       3241     1     2  0.324100E+02  0.324100E+02  0.100000E-01
     1       3242     1     2  0.324200E+02  0.324200E+02  0.100000E-01
     1       3243     1     2  0.324300E+02  0.324300E+02  0.100000E-01
     1       3244     1     2  0.324400E+02  0.324400E+02  0.100000E-01
     1       3245     1     2  0.324500E+02  0.324500E+02  0.100000E-01
     1       3246     1     2  0.324600E+02  0.324600E+02  0.100000E-01
     1       3247     1     2  0.324700E+02  0.324700E+02  0.100000E-01
     1       3248     1     2  0.324800E+02  0.324800E+02  0.100000E-01
     1       3249     1     2  0.324900E+02  0.324900E+02  0.100000E-01
     1       3250     1     2  0.325000E+02  0.325000E+02  0.100000E-01
     1       3251     1     2  0.325100E+02  0.325100E+02  0.100000E-01
     1       3252     1     2  0.325200E+02  0.325200E+02  0.100000E-01
     1       3253     1     2  0.325300E+02  0.325300E+02  0.100000E-01
     1       3254     1     2  0.325400E+02  0.325400E+02  0.100000E-01
     1       3255     1     2  0.325500E+02  0.325500E+02  0.100000E-01
     1       3256     1     2  0.325600E+02  0.325600E+02  0.100000E-01
     1       3257     1     2  0.325700E+02  0.325700E+02  0.100000E-01
     1       3258     1     2  0.325800E+02  0.325800E+02  0.100000E-01
     1       3259     1     2  0.325900E+02  0.325900E+02  0.100000E-01
     1       3260     1     2  0.326000E+02  0.326000E+02  0.100000E-01
     1       3261     1     2  0.326100E+02  0.326100E+02  0.100000E-01
     1       3262     1     2  0.326200E+02  0.326200E+02  0.100000E-01
     1       3263     1     2  0.326300E+02  0.326300E+02  0.100000E-01
     1       3264     1     2  0.326400E+02  0.326400E+02  0.100000E-01
     1       3265     1     2  0.326500E+02  0.326500E+02  0.100000E-01
     1       3266     1     2  0.326600E+02  0.326600E+02  0.100000E-01
     1       3267     1     2  0.326700E+02  0.326700E+02  0.100000E-01
     1       3268     1     2  0.326800E+02  0.326800E+02  0.100000E-01
     1       3269     1     2  0.326900E+02  0.326900E+02  0.100000E-01
     1       3270     1     2  0.327000E+02  0.327000E+02  0.100000E-01
     1       3271     1     2  0.327100E+02  0.327100E+02  0.100000E-01
     1       3272     1     2  0.327200E+02  0.327200E+02  0.100000E-01
     1       3273     1     2  0.327300E+02  0.327300E+02  0.100000E-01
     1       3274     1     2  0.327400E+02  0.327400E+02  0.100000E-01
     1       3275     1     2  0.327500E+02  0.327500E+02  0.100000E-01
     1       3276     1     2  0.327600E+02  0.327600E+02  0.100000E-01
     1       3277     1     2  0.327700E+02  0.327700E+02  0.100000E-01
     1       3278     1     2  0.327800E+02  0.327800E+02  0.100000E-01
     1       3279     1     2  0.327900E+02  0.327900E+02  0.100000E-01
     1       3280     1     2  0.328000E+02  0.328000E+02  0.100000E-01
     1       3281     1     2  0.328100E+02  0.328100E+02  0.100000E-01
     1       3282     1     2  0.328200E+02  0.328200E+02  0.100000E-01
     1       3283     1     2  0.328300E+02  0.328300E+02  0.100000E-01
     1       3284     1     2  0.328400E+02  0.328400E+02  0.100000E-01
     1       3285     1     2  0.328500E+02  0.328500E+02  0.100000E-01
     1       3286     1     2  0.328600E+02  0.328600E+02  0.100000E-01
     1       3287     1     2  0.328700E+02  0.328700E+02  0.100000E-01
     1       3288     1     2  0.328800E+02  0.328800E+02  0.100000E-01
     1       3289     1     2  0.328900E+02  0.328900E+02  0.100000E-01
     1       3290     1     2  0.329000E+02  0.329000E+02  0.100000E-01
     1       3291     1     2  0.329100E+02  0.329100E+02  0.100000E-01
     1       3292     1     2  0.329200E+02  0.329200E+02  0.100000E-01
     1       3293     1     2  0.329300E+02  0.329300E+02  0.100000E-01
     1       3294     1     2  0.329400E+02  0.329400E+02  0.100000E-01
     1       3295     1     2  0.329500E+02  0.329500E+02  0.100000E-01
     1       3296     1     2  0.329600E+02  0.329600E+02  0.100000E-01
     1       3297     1     2  0.329700E+02  0.329700E+02  0.100000E-01
     1       3298     1     2  0.329800E+02  0.329800E+02  0.100000E-01
     1       3299     1     2  0.329900E+02  0.329900E+02  0.100000E-01
     1       3300     1     2  0.330000E+02  0.330000E+02  0.100000E-01
     1       3301     1     2  0.330100E+02  0.330100E+02  0.100000E-01
     1       3302     1     2  0.330200E+02  0.330200E+02  0.100000E-01
     1       3303     1     2  0.330300E+02  0.330300E+02  0.100000E-01
     1       3304     1     2  0.330400E+02  0.330400E+02  0.100000E-01
     1       3305     1     2  0.330500E+02  0.330500E+02  0.100000E-01
     1       3306     1     2  0.330600E+02  0.330600E+02  0.100000E-01
     1       3307     1     2  0.330700E+02  0.330700E+02  0.100000E-01
     1       3308     1     2  0.330800E+02  0.330800E+02  0.100000E-01
     1       3309     1     2  0.330900E+02  0.330900E+02  0.100000E-01
     1       3310     1     2  0.331000E+02  0.331000E+02  0.100000E-01
     1       3311     1     2  0.331100E+02  0.331100E+02  0.100000E-01
     1       3312     1     2  0.331200E+02  0.331200E+02  0.100000E-01
     1       3313     1     2  0.331300E+02  0.331300E+02  0.100000E-01
     1       3314     1     2  0.331400E+02  0.331400E+02  0.100000E-01
     1       3315     1     2  0.331500E+02  0.331500E+02  0.100000E-01
     1       3316     1     2  0.331600E+02  0.331600E+02  0.100000E-01
     1       3317     1     2  0.331700E+02  0.331700E+02  0.100000E-01
     1       3318     1     2  0.331800E+02  0.331800E+02  0.100000E-01
     1       3319     1     2  0.331900E+02  0.331900E+02  0.100000E-01
     1       3320     1     2  0.332000E+02  0.332000E+02  0.100000E-01
     1       3321     1     2  0.332100E+02  0.332100E+02  0.100000E-01
     1       3322     1     2  0.332200E+02  0.332200E+02  0.100000E-01
     1       3323     1     2  0.332300E+02  0.332300E+02  0.100000E-01
     1       3324     1     2  0.332400E+02  0.332400E+02  0.100000E-01
     1       3325     1     2  0.332500E+02  0.332500E+02  0.100000E-01
     1       3326     1     2  0.332600E+02  0.332600E+02  0.100000E-01
     1       3327     1     2  0.332700E+02  0.332700E+02  0.100000E-01
     1       3328     1     2  0.332800E+02  0.332800E+02  0.100000E-01
     1       3329     1     2  0.332900E+02  0.332900E+02  0.100000E-01
     1       3330     1     2  0.333000E+02  0.333000E+02  0.100000E-01
     1       3331     1     2  0.333100E+02  0.333100E+02  0.100000E-01
     1       3332     1     2  0.333200E+02  0.333200E+02  0.100000E-01
     1       3333     1     2  0.333300E+02  0.333300E+02  0.100000E-01
     1       3334     1     2  0.333400E+02  0.333400E+02  0.100000E-01
     1       3335     1     2  0.333500E+02  0.333500E+02  0.100000E-01
     1       3336     1     2  0.333600E+02  0.333600E+02  0.100000E-01
     1       3337     1     2  0.333700E+02  0.333700E+02  0.100000E-01
     1       3338     1     2  0.333800E+02  0.333800E+02  0.100000E-01
     1       3339     1     2  0.333900E+02  0.333900E+02  0.100000E-01
     1       3340     1     2  0.334000E+02  0.334000E+02  0.100000E-01
     1       3341     1     2  0.334100E+02  0.334100E+02  0.100000E-01
     1       3342     1     2  0.334200E+02  0.334200E+02  0.100000E-01
     1       3343     1     2  0.334300E+02  0.334300E+02  0.100000E-01
     1       3344     1     2  0.334400E+02  0.334400E+02  0.100000E-01
     1       3345     1     2  0.334500E+02  0.334500E+02  0.100000E-01
     1       3346     1     2  0.334600E+02  0.334600E+02  0.100000E-01
     1       3347     1     2  0.334700E+02  0.334700E+02  0.100000E-01
     1       3348     1     2  0.334800E+02  0.334800E+02  0.100000E-01
     1       3349     1     2  0.334900E+02  0.334900E+02  0.100000E-01
     1       3350     1     2  0.335000E+02  0.335000E+02  0.100000E-01
     1       3351     1     2  0.335100E+02  0.335100E+02  0.100000E-01
     1       3352     1     2  0.335200E+02  0.335200E+02  0.100000E-01
     1       3353     1     2  0.335300E+02  0.335300E+02  0.100000E-01
     1       3354     1     2  0.335400E+02  0.335400E+02  0.100000E-01
     1       3355     1     2  0.335500E+02  0.335500E+02  0.100000E-01
     1       3356     1     2  0.335600E+02  0.335600E+02  0.100000E-01
     1       3357     1     2  0.335700E+02  0.335700E+02  0.100000E-01
     1       3358     1     2  0.335800E+02  0.335800E+02  0.100000E-01
     1       3359     1     2  0.335900E+02  0.335900E+02  0.100000E-01
     1       3360     1     2  0.336000E+02  0.336000E+02  0.100000E-01
     1       3361     1     2  0.336100E+02  0.336100E+02  0.100000E-01
     1       3362     1     2  0.336200E+02  0.336200E+02  0.100000E-01
     1       3363     1     2  0.336300E+02  0.336300E+02  0.100000E-01
     1       3364     1     2  0.336400E+02  0.336400E+02  0.100000E-01
     1       3365     1     2  0.336500E+02  0.336500E+02  0.100000E-01
     1       3366     1     2  0.336600E+02  0.336600E+02  0.100000E-01
     1       3367     1     2  0.336700E+02  0.336700E+02  0.100000E-01
     1       3368     1     2  0.336800E+02  0.336800E+02  0.100000E-01
     1       3369     1     2  0.336900E+02  0.336900E+02  0.100000E-01
     1       3370     1     2  0.337000E+02  0.337000E+02  0.100000E-01
     1       3371     1     2  0.337100E+02  0.337100E+02  0.100000E-01
     1       3372     1     2  0.337200E+02  0.337200E+02  0.100000E-01
     1       3373     1     2  0.337300E+02  0.337300E+02  0.100000E-01
     1       3374     1     2  0.337400E+02  0.337400E+02  0.100000E-01
     1       3375     1     2  0.337500E+02  0.337500E+02  0.100000E-01
     1       3376     1     2  0.337600E+02  0.337600E+02  0.100000E-01
     1       3377     1     2  0.337700E+02  0.337700E+02  0.100000E-01
     1       3378     1     2  0.337800E+02  0.337800E+02  0.100000E-01
     1       3379     1     2  0.337900E+02  0.337900E+02  0.100000E-01
     1       3380     1     2  0.338000E+02  0.338000E+02  0.100000E-01
     1       3381     1     2  0.338100E+02  0.338100E+02  0.100000E-01
     1       3382     1     2  0.338200E+02  0.338200E+02  0.100000E-01
     1       3383     1     2  0.338300E+02  0.338300E+02  0.100000E-01
     1       3384     1     2  0.338400E+02  0.338400E+02  0.100000E-01
     1       3385     1     2  0.338500E+02  0.338500E+02  0.100000E-01
     1       3386     1     2  0.338600E+02  0.338600E+02  0.100000E-01
     1       3387     1     2  0.338700E+02  0.338700E+02  0.100000E-01
     1       3388     1     2  0.338800E+02  0.338800E+02  0.100000E-01
     1       3389     1     2  0.338900E+02  0.338900E+02  0.100000E-01
     1       3390     1     2  0.339000E+02  0.339000E+02  0.100000E-01
     1       3391     1     2  0.339100E+02  0.339100E+02  0.100000E-01
     1       3392     1     2  0.339200E+02  0.339200E+02  0.100000E-01
     1       3393     1     2  0.339300E+02  0.339300E+02  0.100000E-01
     1       3394     1     2  0.339400E+02  0.339400E+02  0.100000E-01
     1       3395     1     2  0.339500E+02  0.339500E+02  0.100000E-01
     1       3396     1     2  0.339600E+02  0.339600E+02  0.100000E-01
     1       3397     1     2  0.339700E+02  0.339700E+02  0.100000E-01
     1       3398     1     2  0.339800E+02  0.339800E+02  0.100000E-01
     1       3399     1     2  0.339900E+02  0.339900E+02  0.100000E-01
     1       3400     1     2  0.340000E+02  0.340000E+02  0.100000E-01
     1       3401     1     2  0.340100E+02  0.340100E+02  0.100000E-01
     1       3402     1     2  0.340200E+02  0.340200E+02  0.100000E-01
     1       3403     1     2  0.340300E+02  0.340300E+02  0.100000E-01
     1       3404     1     2  0.340400E+02  0.340400E+02  0.100000E-01
     1       3405     1     2  0.340500E+02  0.340500E+02  0.100000E-01
     1       3406     1     2  0.340600E+02  0.340600E+02  0.100000E-01
     1       3407     1     2  0.340700E+02  0.340700E+02  0.100000E-01
     1       3408     1     2  0.340800E+02  0.340800E+02  0.100000E-01
     1       3409     1     2  0.340900E+02  0.340900E+02  0.100000E-01
     1       3410     1     2  0.341000E+02  0.341000E+02  0.100000E-01
     1       3411     1     2  0.341100E+02  0.341100E+02  0.100000E-01
     1       3412     1     2  0.341200E+02  0.341200E+02  0.100000E-01
     1       3413     1     2  0.341300E+02  0.341300E+02  0.100000E-01
     1       3414     1     2  0.341400E+02  0.341400E+02  0.100000E-01
     1       3415     1     2  0.341500E+02  0.341500E+02  0.100000E-01
     1       3416     1     2  0.341600E+02  0.341600E+02  0.100000E-01
     1       3417     1     2  0.341700E+02  0.341700E+02  0.100000E-01
     1       3418     1     2  0.341800E+02  0.341800E+02  0.100000E-01
     1       3419     1     2  0.341900E+02  0.341900E+02  0.100000E-01
     1       3420     1     2  0.342000E+02  0.342000E+02  0.100000E-01
     1       3421     1     2  0.342100E+02  0.342100E+02  0.100000E-01
     1       3422     1     2  0.342200E+02  0.342200E+02  0.100000E-01
     1       3423     1     2  0.342300E+02  0.342300E+02  0.100000E-01
     1       3424     1     2  0.342400E+02  0.342400E+02  0.100000E-01
     1       3425     1     2  0.342500E+02  0.342500E+02  0.100000E-01
     1       3426     1     2  0.342600E+02  0.342600E+02  0.100000E-01
     1       3427     1     2  0.342700E+02  0.342700E+02  0.100000E-01
     1       3428     1     2  0.342800E+02  0.342800E+02  0.100000E-01
     1       3429     1     2  0.342900E+02  0.342900E+02  0.100000E-01
     1       3430     1     2  0.343000E+02  0.343000E+02  0.100000E-01
     1       3431     1     2  0.343100E+02  0.343100E+02  0.100000E-01
     1       3432     1     2  0.343200E+02  0.343200E+02  0.100000E-01
     1       3433     1     2  0.343300E+02  0.343300E+02  0.100000E-01
     1       3434     1     2  0.343400E+02  0.343400E+02  0.100000E-01
     1       3435     1     2  0.343500E+02  0.343500E+02  0.100000E-01
     1       3436     1     2  0.343600E+02  0.343600E+02  0.100000E-01
     1       3437     1     2  0.343700E+02  0.343700E+02  0.100000E-01
     1       3438     1     2  0.343800E+02  0.343800E+02  0.100000E-01
     1       3439     1     2  0.343900E+02  0.343900E+02  0.100000E-01
     1       3440     1     2  0.344000E+02  0.344000E+02  0.100000E-01
     1       3441     1     2  0.344100E+02  0.344100E+02  0.100000E-01
     1       3442     1     2  0.344200E+02  0.344200E+02  0.100000E-01
     1       3443     1     2  0.344300E+02  0.344300E+02  0.100000E-01
     1       3444     1     2  0.344400E+02  0.344400E+02  0.100000E-01
     1       3445     1     2  0.344500E+02  0.344500E+02  0.100000E-01
     1       3446     1     2  0.344600E+02  0.344600E+02  0.100000E-01
     1       3447     1     2  0.344700E+02  0.344700E+02  0.100000E-01
     1       3448     1     2  0.344800E+02  0.344800E+02  0.100000E-01
     1       3449     1     2  0.344900E+02  0.344900E+02  0.100000E-01
     1       3450     1     2  0.345000E+02  0.345000E+02  0.100000E-01
     1       3451     1     2  0.345100E+02  0.345100E+02  0.100000E-01
     1       3452     1     2  0.345200E+02  0.345200E+02  0.100000E-01
     1       3453     1     2  0.345300E+02  0.345300E+02  0.100000E-01
     1       3454     1     2  0.345400E+02  0.345400E+02  0.100000E-01
     1       3455     1     2  0.345500E+02  0.345500E+02  0.100000E-01
     1       3456     1     2  0.345600E+02  0.345600E+02  0.100000E-01
     1       3457     1     2  0.345700E+02  0.345700E+02  0.100000E-01
     1       3458     1     2  0.345800E+02  0.345800E+02  0.100000E-01
     1       3459     1     2  0.345900E+02  0.345900E+02  0.100000E-01
     1       3460     1     2  0.346000E+02  0.346000E+02  0.100000E-01
     1       3461     1     2  0.346100E+02  0.346100E+02  0.100000E-01
     1       3462     1     2  0.346200E+02  0.346200E+02  0.100000E-01
     1       3463     1     2  0.346300E+02  0.346300E+02  0.100000E-01
     1       3464     1     2  0.346400E+02  0.346400E+02  0.100000E-01
     1       3465     1     2  0.346500E+02  0.346500E+02  0.100000E-01
     1       3466     1     2  0.346600E+02  0.346600E+02  0.100000E-01
     1       3467     1     2  0.346700E+02  0.346700E+02  0.100000E-01
     1       3468     1     2  0.346800E+02  0.346800E+02  0.100000E-01
     1       3469     1     2  0.346900E+02  0.346900E+02  0.100000E-01
     1       3470     1     2  0.347000E+02  0.347000E+02  0.100000E-01
     1       3471     1     2  0.347100E+02  0.347100E+02  0.100000E-01
     1       3472     1     2  0.347200E+02  0.347200E+02  0.100000E-01
     1       3473     1     2  0.347300E+02  0.347300E+02  0.100000E-01
     1       3474     1     2  0.347400E+02  0.347400E+02  0.100000E-01
     1       3475     1     2  0.347500E+02  0.347500E+02  0.100000E-01
     1       3476     1     2  0.347600E+02  0.347600E+02  0.100000E-01
     1       3477     1     2  0.347700E+02  0.347700E+02  0.100000E-01
     1       3478     1     2  0.347800E+02  0.347800E+02  0.100000E-01
     1       3479     1     2  0.347900E+02  0.347900E+02  0.100000E-01
     1       3480     1     2  0.348000E+02  0.348000E+02  0.100000E-01
     1       3481     1     2  0.348100E+02  0.348100E+02  0.100000E-01
     1       3482     1     2  0.348200E+02  0.348200E+02  0.100000E-01
     1       3483     1     2  0.348300E+02  0.348300E+02  0.100000E-01
     1       3484     1     2  0.348400E+02  0.348400E+02  0.100000E-01
     1       3485     1     2  0.348500E+02  0.348500E+02  0.100000E-01
     1       3486     1     2  0.348600E+02  0.348600E+02  0.100000E-01
     1       3487     1     2  0.348700E+02  0.348700E+02  0.100000E-01
     1       3488     1     2  0.348800E+02  0.348800E+02  0.100000E-01
     1       3489     1     2  0.348900E+02  0.348900E+02  0.100000E-01
     1       3490     1     2  0.349000E+02  0.349000E+02  0.100000E-01
     1       3491     1     2  0.349100E+02  0.349100E+02  0.100000E-01
     1       3492     1     2  0.349200E+02  0.349200E+02  0.100000E-01
     1       3493     1     2  0.349300E+02  0.349300E+02  0.100000E-01
     1       3494     1     2  0.349400E+02  0.349400E+02  0.100000E-01
     1       3495     1     2  0.349500E+02  0.349500E+02  0.100000E-01
     1       3496     1     2  0.349600E+02  0.349600E+02  0.100000E-01
     1       3497     1     2  0.349700E+02  0.349700E+02  0.100000E-01
     1       3498     1     2  0.349800E+02  0.349800E+02  0.100000E-01
     1       3499     1     2  0.349900E+02  0.349900E+02  0.100000E-01
     1       3500     1     2  0.350000E+02  0.350000E+02  0.100000E-01
     1       3501     1     2  0.350100E+02  0.350100E+02  0.100000E-01
     1       3502     1     2  0.350200E+02  0.350200E+02  0.100000E-01
     1       3503     1     2  0.350300E+02  0.350300E+02  0.100000E-01
     1       3504     1     2  0.350400E+02  0.350400E+02  0.100000E-01
     1       3505     1     2  0.350500E+02  0.350500E+02  0.100000E-01
     1       3506     1     2  0.350600E+02  0.350600E+02  0.100000E-01
     1       3507     1     2  0.350700E+02  0.350700E+02  0.100000E-01
     1       3508     1     2  0.350800E+02  0.350800E+02  0.100000E-01
     1       3509     1     2  0.350900E+02  0.350900E+02  0.100000E-01
     1       3510     1     2  0.351000E+02  0.351000E+02  0.100000E-01
     1       3511     1     2  0.351100E+02  0.351100E+02  0.100000E-01
     1       3512     1     2  0.351200E+02  0.351200E+02  0.100000E-01
     1       3513     1     2  0.351300E+02  0.351300E+02  0.100000E-01
     1       3514     1     2  0.351400E+02  0.351400E+02  0.100000E-01
     1       3515     1     2  0.351500E+02  0.351500E+02  0.100000E-01
     1       3516     1     2  0.351600E+02  0.351600E+02  0.100000E-01
     1       3517     1     2  0.351700E+02  0.351700E+02  0.100000E-01
     1       3518     1     2  0.351800E+02  0.351800E+02  0.100000E-01
     1       3519     1     2  0.351900E+02  0.351900E+02  0.100000E-01
     1       3520     1     2  0.352000E+02  0.352000E+02  0.100000E-01
     1       3521     1     2  0.352100E+02  0.352100E+02  0.100000E-01
     1       3522     1     2  0.352200E+02  0.352200E+02  0.100000E-01
     1       3523     1     2  0.352300E+02  0.352300E+02  0.100000E-01
     1       3524     1     2  0.352400E+02  0.352400E+02  0.100000E-01
     1       3525     1     2  0.352500E+02  0.352500E+02  0.100000E-01
     1       3526     1     2  0.352600E+02  0.352600E+02  0.100000E-01
     1       3527     1     2  0.352700E+02  0.352700E+02  0.100000E-01
     1       3528     1     2  0.352800E+02  0.352800E+02  0.100000E-01
     1       3529     1     2  0.352900E+02  0.352900E+02  0.100000E-01
     1       3530     1     2  0.353000E+02  0.353000E+02  0.100000E-01
     1       3531     1     2  0.353100E+02  0.353100E+02  0.100000E-01
     1       3532     1     2  0.353200E+02  0.353200E+02  0.100000E-01
     1       3533     1     2  0.353300E+02  0.353300E+02  0.100000E-01
     1       3534     1     2  0.353400E+02  0.353400E+02  0.100000E-01
     1       3535     1     2  0.353500E+02  0.353500E+02  0.100000E-01
     1       3536     1     2  0.353600E+02  0.353600E+02  0.100000E-01
     1       3537     1     2  0.353700E+02  0.353700E+02  0.100000E-01
     1       3538     1     2  0.353800E+02  0.353800E+02  0.100000E-01
     1       3539     1     2  0.353900E+02  0.353900E+02  0.100000E-01
     1       3540     1     2  0.354000E+02  0.354000E+02  0.100000E-01
     1       3541     1     2  0.354100E+02  0.354100E+02  0.100000E-01
     1       3542     1     2  0.354200E+02  0.354200E+02  0.100000E-01
     1       3543     1     2  0.354300E+02  0.354300E+02  0.100000E-01
     1       3544     1     2  0.354400E+02  0.354400E+02  0.100000E-01
     1       3545     1     2  0.354500E+02  0.354500E+02  0.100000E-01
     1       3546     1     2  0.354600E+02  0.354600E+02  0.100000E-01
     1       3547     1     2  0.354700E+02  0.354700E+02  0.100000E-01
     1       3548     1     2  0.354800E+02  0.354800E+02  0.100000E-01
     1       3549     1     2  0.354900E+02  0.354900E+02  0.100000E-01
     1       3550     1     2  0.355000E+02  0.355000E+02  0.100000E-01
     1       3551     1     2  0.355100E+02  0.355100E+02  0.100000E-01
     1       3552     1     2  0.355200E+02  0.355200E+02  0.100000E-01
     1       3553     1     2  0.355300E+02  0.355300E+02  0.100000E-01
     1       3554     1     2  0.355400E+02  0.355400E+02  0.100000E-01
     1       3555     1     2  0.355500E+02  0.355500E+02  0.100000E-01
     1       3556     1     2  0.355600E+02  0.355600E+02  0.100000E-01
     1       3557     1     2  0.355700E+02  0.355700E+02  0.100000E-01
     1       3558     1     2  0.355800E+02  0.355800E+02  0.100000E-01
     1       3559     1     2  0.355900E+02  0.355900E+02  0.100000E-01
     1       3560     1     2  0.356000E+02  0.356000E+02  0.100000E-01
     1       3561     1     2  0.356100E+02  0.356100E+02  0.100000E-01
     1       3562     1     2  0.356200E+02  0.356200E+02  0.100000E-01
     1       3563     1     2  0.356300E+02  0.356300E+02  0.100000E-01
     1       3564     1     2  0.356400E+02  0.356400E+02  0.100000E-01
     1       3565     1     2  0.356500E+02  0.356500E+02  0.100000E-01
     1       3566     1     2  0.356600E+02  0.356600E+02  0.100000E-01
     1       3567     1     2  0.356700E+02  0.356700E+02  0.100000E-01
     1       3568     1     2  0.356800E+02  0.356800E+02  0.100000E-01
     1       3569     1     2  0.356900E+02  0.356900E+02  0.100000E-01
     1       3570     1     2  0.357000E+02  0.357000E+02  0.100000E-01
     1       3571     1     2  0.357100E+02  0.357100E+02  0.100000E-01
     1       3572     1     2  0.357200E+02  0.357200E+02  0.100000E-01
     1       3573     1     2  0.357300E+02  0.357300E+02  0.100000E-01
     1       3574     1     2  0.357400E+02  0.357400E+02  0.100000E-01
     1       3575     1     2  0.357500E+02  0.357500E+02  0.100000E-01
     1       3576     1     2  0.357600E+02  0.357600E+02  0.100000E-01
     1       3577     1     2  0.357700E+02  0.357700E+02  0.100000E-01
     1       3578     1     2  0.357800E+02  0.357800E+02  0.100000E-01
     1       3579     1     2  0.357900E+02  0.357900E+02  0.100000E-01
     1       3580     1     2  0.358000E+02  0.358000E+02  0.100000E-01
     1       3581     1     2  0.358100E+02  0.358100E+02  0.100000E-01
     1       3582     1     2  0.358200E+02  0.358200E+02  0.100000E-01
     1       3583     1     2  0.358300E+02  0.358300E+02  0.100000E-01
     1       3584     1     2  0.358400E+02  0.358400E+02  0.100000E-01
     1       3585     1     2  0.358500E+02  0.358500E+02  0.100000E-01
     1       3586     1     2  0.358600E+02  0.358600E+02  0.100000E-01
     1       3587     1     2  0.358700E+02  0.358700E+02  0.100000E-01
     1       3588     1     2  0.358800E+02  0.358800E+02  0.100000E-01
     1       3589     1     2  0.358900E+02  0.358900E+02  0.100000E-01
     1       3590     1     2  0.359000E+02  0.359000E+02  0.100000E-01
     1       3591     1     2  0.359100E+02  0.359100E+02  0.100000E-01
     1       3592     1     2  0.359200E+02  0.359200E+02  0.100000E-01
     1       3593     1     2  0.359300E+02  0.359300E+02  0.100000E-01
     1       3594     1     2  0.359400E+02  0.359400E+02  0.100000E-01
     1       3595     1     2  0.359500E+02  0.359500E+02  0.100000E-01
     1       3596     1     2  0.359600E+02  0.359600E+02  0.100000E-01
     1       3597     1     2  0.359700E+02  0.359700E+02  0.100000E-01
     1       3598     1     2  0.359800E+02  0.359800E+02  0.100000E-01
     1       3599     1     2  0.359900E+02  0.359900E+02  0.100000E-01
     1       3600     1     2  0.360000E+02  0.360000E+02  0.100000E-01
     1       3601     1     2  0.360100E+02  0.360100E+02  0.100000E-01
     1       3602     1     2  0.360200E+02  0.360200E+02  0.100000E-01
     1       3603     1     2  0.360300E+02  0.360300E+02  0.100000E-01
     1       3604     1     2  0.360400E+02  0.360400E+02  0.100000E-01
     1       3605     1     2  0.360500E+02  0.360500E+02  0.100000E-01
     1       3606     1     2  0.360600E+02  0.360600E+02  0.100000E-01
     1       3607     1     2  0.360700E+02  0.360700E+02  0.100000E-01
     1       3608     1     2  0.360800E+02  0.360800E+02  0.100000E-01
     1       3609     1     2  0.360900E+02  0.360900E+02  0.100000E-01
     1       3610     1     2  0.361000E+02  0.361000E+02  0.100000E-01
     1       3611     1     2  0.361100E+02  0.361100E+02  0.100000E-01
     1       3612     1     2  0.361200E+02  0.361200E+02  0.100000E-01
     1       3613     1     2  0.361300E+02  0.361300E+02  0.100000E-01
     1       3614     1     2  0.361400E+02  0.361400E+02  0.100000E-01
     1       3615     1     2  0.361500E+02  0.361500E+02  0.100000E-01
     1       3616     1     2  0.361600E+02  0.361600E+02  0.100000E-01
     1       3617     1     2  0.361700E+02  0.361700E+02  0.100000E-01
     1       3618     1     2  0.361800E+02  0.361800E+02  0.100000E-01
     1       3619     1     2  0.361900E+02  0.361900E+02  0.100000E-01
     1       3620     1     2  0.362000E+02  0.362000E+02  0.100000E-01
     1       3621     1     2  0.362100E+02  0.362100E+02  0.100000E-01
     1       3622     1     2  0.362200E+02  0.362200E+02  0.100000E-01
     1       3623     1     2  0.362300E+02  0.362300E+02  0.100000E-01
     1       3624     1     2  0.362400E+02  0.362400E+02  0.100000E-01
     1       3625     1     2  0.362500E+02  0.362500E+02  0.100000E-01
     1       3626     1     2  0.362600E+02  0.362600E+02  0.100000E-01
     1       3627     1     2  0.362700E+02  0.362700E+02  0.100000E-01
     1       3628     1     2  0.362800E+02  0.362800E+02  0.100000E-01
     1       3629     1     2  0.362900E+02  0.362900E+02  0.100000E-01
     1       3630     1     2  0.363000E+02  0.363000E+02  0.100000E-01
     1       3631     1     2  0.363100E+02  0.363100E+02  0.100000E-01
     1       3632     1     2  0.363200E+02  0.363200E+02  0.100000E-01
     1       3633     1     2  0.363300E+02  0.363300E+02  0.100000E-01
     1       3634     1     2  0.363400E+02  0.363400E+02  0.100000E-01
     1       3635     1     2  0.363500E+02  0.363500E+02  0.100000E-01
     1       3636     1     2  0.363600E+02  0.363600E+02  0.100000E-01
     1       3637     1     2  0.363700E+02  0.363700E+02  0.100000E-01
     1       3638     1     2  0.363800E+02  0.363800E+02  0.100000E-01
     1       3639     1     2  0.363900E+02  0.363900E+02  0.100000E-01
     1       3640     1     2  0.364000E+02  0.364000E+02  0.100000E-01
     1       3641     1     2  0.364100E+02  0.364100E+02  0.100000E-01
     1       3642     1     2  0.364200E+02  0.364200E+02  0.100000E-01
     1       3643     1     2  0.364300E+02  0.364300E+02  0.100000E-01
     1       3644     1     2  0.364400E+02  0.364400E+02  0.100000E-01
     1       3645     1     2  0.364500E+02  0.364500E+02  0.100000E-01
     1       3646     1     2  0.364600E+02  0.364600E+02  0.100000E-01
     1       3647     1     2  0.364700E+02  0.364700E+02  0.100000E-01
     1       3648     1     2  0.364800E+02  0.364800E+02  0.100000E-01
     1       3649     1     2  0.364900E+02  0.364900E+02  0.100000E-01
     1       3650     1     2  0.365000E+02  0.365000E+02  0.100000E-01
     1       3651     1     2  0.365100E+02  0.365100E+02  0.100000E-01
     1       3652     1     2  0.365200E+02  0.365200E+02  0.100000E-01
     1       3653     1     2  0.365300E+02  0.365300E+02  0.100000E-01
     1       3654     1     2  0.365400E+02  0.365400E+02  0.100000E-01
     1       3655     1     2  0.365500E+02  0.365500E+02  0.100000E-01
     1       3656     1     2  0.365600E+02  0.365600E+02  0.100000E-01
     1       3657     1     2  0.365700E+02  0.365700E+02  0.100000E-01
     1       3658     1     2  0.365800E+02  0.365800E+02  0.100000E-01
     1       3659     1     2  0.365900E+02  0.365900E+02  0.100000E-01
     1       3660     1     2  0.366000E+02  0.366000E+02  0.100000E-01
     1       3661     1     2  0.366100E+02  0.366100E+02  0.100000E-01
     1       3662     1     2  0.366200E+02  0.366200E+02  0.100000E-01
     1       3663     1     2  0.366300E+02  0.366300E+02  0.100000E-01
     1       3664     1     2  0.366400E+02  0.366400E+02  0.100000E-01
     1       3665     1     2  0.366500E+02  0.366500E+02  0.100000E-01
     1       3666     1     2  0.366600E+02  0.366600E+02  0.100000E-01
     1       3667     1     2  0.366700E+02  0.366700E+02  0.100000E-01
     1       3668     1     2  0.366800E+02  0.366800E+02  0.100000E-01
     1       3669     1     2  0.366900E+02  0.366900E+02  0.100000E-01
     1       3670     1     2  0.367000E+02  0.367000E+02  0.100000E-01
     1       3671     1     2  0.367100E+02  0.367100E+02  0.100000E-01
     1       3672     1     2  0.367200E+02  0.367200E+02  0.100000E-01
     1       3673     1     2  0.367300E+02  0.367300E+02  0.100000E-01
     1       3674     1     2  0.367400E+02  0.367400E+02  0.100000E-01
     1       3675     1     2  0.367500E+02  0.367500E+02  0.100000E-01
     1       3676     1     2  0.367600E+02  0.367600E+02  0.100000E-01
     1       3677     1     2  0.367700E+02  0.367700E+02  0.100000E-01
     1       3678     1     2  0.367800E+02  0.367800E+02  0.100000E-01
     1       3679     1     2  0.367900E+02  0.367900E+02  0.100000E-01
     1       3680     1     2  0.368000E+02  0.368000E+02  0.100000E-01
     1       3681     1     2  0.368100E+02  0.368100E+02  0.100000E-01
     1       3682     1     2  0.368200E+02  0.368200E+02  0.100000E-01
     1       3683     1     2  0.368300E+02  0.368300E+02  0.100000E-01
     1       3684     1     2  0.368400E+02  0.368400E+02  0.100000E-01
     1       3685     1     2  0.368500E+02  0.368500E+02  0.100000E-01
     1       3686     1     2  0.368600E+02  0.368600E+02  0.100000E-01
     1       3687     1     2  0.368700E+02  0.368700E+02  0.100000E-01
     1       3688     1     2  0.368800E+02  0.368800E+02  0.100000E-01
     1       3689     1     2  0.368900E+02  0.368900E+02  0.100000E-01
     1       3690     1     2  0.369000E+02  0.369000E+02  0.100000E-01
     1       3691     1     2  0.369100E+02  0.369100E+02  0.100000E-01
     1       3692     1     2  0.369200E+02  0.369200E+02  0.100000E-01
     1       3693     1     2  0.369300E+02  0.369300E+02  0.100000E-01
     1       3694     1     2  0.369400E+02  0.369400E+02  0.100000E-01
     1       3695     1     2  0.369500E+02  0.369500E+02  0.100000E-01
     1       3696     1     2  0.369600E+02  0.369600E+02  0.100000E-01
     1       3697     1     2  0.369700E+02  0.369700E+02  0.100000E-01
     1       3698     1     2  0.369800E+02  0.369800E+02  0.100000E-01
     1       3699     1     2  0.369900E+02  0.369900E+02  0.100000E-01
     1       3700     1     2  0.370000E+02  0.370000E+02  0.100000E-01
     1       3701     1     2  0.370100E+02  0.370100E+02  0.100000E-01
     1       3702     1     2  0.370200E+02  0.370200E+02  0.100000E-01
     1       3703     1     2  0.370300E+02  0.370300E+02  0.100000E-01
     1       3704     1     2  0.370400E+02  0.370400E+02  0.100000E-01
     1       3705     1     2  0.370500E+02  0.370500E+02  0.100000E-01
     1       3706     1     2  0.370600E+02  0.370600E+02  0.100000E-01
     1       3707     1     2  0.370700E+02  0.370700E+02  0.100000E-01
     1       3708     1     2  0.370800E+02  0.370800E+02  0.100000E-01
     1       3709     1     2  0.370900E+02  0.370900E+02  0.100000E-01
     1       3710     1     2  0.371000E+02  0.371000E+02  0.100000E-01
     1       3711     1     2  0.371100E+02  0.371100E+02  0.100000E-01
     1       3712     1     2  0.371200E+02  0.371200E+02  0.100000E-01
     1       3713     1     2  0.371300E+02  0.371300E+02  0.100000E-01
     1       3714     1     2  0.371400E+02  0.371400E+02  0.100000E-01
     1       3715     1     2  0.371500E+02  0.371500E+02  0.100000E-01
     1       3716     1     2  0.371600E+02  0.371600E+02  0.100000E-01
     1       3717     1     2  0.371700E+02  0.371700E+02  0.100000E-01
     1       3718     1     2  0.371800E+02  0.371800E+02  0.100000E-01
     1       3719     1     2  0.371900E+02  0.371900E+02  0.100000E-01
     1       3720     1     2  0.372000E+02  0.372000E+02  0.100000E-01
     1       3721     1     2  0.372100E+02  0.372100E+02  0.100000E-01
     1       3722     1     2  0.372200E+02  0.372200E+02  0.100000E-01
     1       3723     1     2  0.372300E+02  0.372300E+02  0.100000E-01
     1       3724     1     2  0.372400E+02  0.372400E+02  0.100000E-01
     1       3725     1     2  0.372500E+02  0.372500E+02  0.100000E-01
     1       3726     1     2  0.372600E+02  0.372600E+02  0.100000E-01
     1       3727     1     2  0.372700E+02  0.372700E+02  0.100000E-01
     1       3728     1     2  0.372800E+02  0.372800E+02  0.100000E-01
     1       3729     1     2  0.372900E+02  0.372900E+02  0.100000E-01
     1       3730     1     2  0.373000E+02  0.373000E+02  0.100000E-01
     1       3731     1     2  0.373100E+02  0.373100E+02  0.100000E-01
     1       3732     1     2  0.373200E+02  0.373200E+02  0.100000E-01
     1       3733     1     2  0.373300E+02  0.373300E+02  0.100000E-01
     1       3734     1     2  0.373400E+02  0.373400E+02  0.100000E-01
     1       3735     1     2  0.373500E+02  0.373500E+02  0.100000E-01
     1       3736     1     2  0.373600E+02  0.373600E+02  0.100000E-01
     1       3737     1     2  0.373700E+02  0.373700E+02  0.100000E-01
     1       3738     1     2  0.373800E+02  0.373800E+02  0.100000E-01
     1       3739     1     2  0.373900E+02  0.373900E+02  0.100000E-01
     1       3740     1     2  0.374000E+02  0.374000E+02  0.100000E-01
     1       3741     1     2  0.374100E+02  0.374100E+02  0.100000E-01
     1       3742     1     2  0.374200E+02  0.374200E+02  0.100000E-01
     1       3743     1     2  0.374300E+02  0.374300E+02  0.100000E-01
     1       3744     1     2  0.374400E+02  0.374400E+02  0.100000E-01
     1       3745     1     2  0.374500E+02  0.374500E+02  0.100000E-01
     1       3746     1     2  0.374600E+02  0.374600E+02  0.100000E-01
     1       3747     1     2  0.374700E+02  0.374700E+02  0.100000E-01
     1       3748     1     2  0.374800E+02  0.374800E+02  0.100000E-01
     1       3749     1     2  0.374900E+02  0.374900E+02  0.100000E-01
     1       3750     1     2  0.375000E+02  0.375000E+02  0.100000E-01
     1       3751     1     2  0.375100E+02  0.375100E+02  0.100000E-01
     1       3752     1     2  0.375200E+02  0.375200E+02  0.100000E-01
     1       3753     1     2  0.375300E+02  0.375300E+02  0.100000E-01
     1       3754     1     2  0.375400E+02  0.375400E+02  0.100000E-01
     1       3755     1     2  0.375500E+02  0.375500E+02  0.100000E-01
     1       3756     1     2  0.375600E+02  0.375600E+02  0.100000E-01
     1       3757     1     2  0.375700E+02  0.375700E+02  0.100000E-01
     1       3758     1     2  0.375800E+02  0.375800E+02  0.100000E-01
     1       3759     1     2  0.375900E+02  0.375900E+02  0.100000E-01
     1       3760     1     2  0.376000E+02  0.376000E+02  0.100000E-01
     1       3761     1     2  0.376100E+02  0.376100E+02  0.100000E-01
     1       3762     1     2  0.376200E+02  0.376200E+02  0.100000E-01
     1       3763     1     2  0.376300E+02  0.376300E+02  0.100000E-01
     1       3764     1     2  0.376400E+02  0.376400E+02  0.100000E-01
     1       3765     1     2  0.376500E+02  0.376500E+02  0.100000E-01
     1       3766     1     2  0.376600E+02  0.376600E+02  0.100000E-01
     1       3767     1     2  0.376700E+02  0.376700E+02  0.100000E-01
     1       3768     1     2  0.376800E+02  0.376800E+02  0.100000E-01
     1       3769     1     2  0.376900E+02  0.376900E+02  0.100000E-01
     1       3770     1     2  0.377000E+02  0.377000E+02  0.100000E-01
     1       3771     1     2  0.377100E+02  0.377100E+02  0.100000E-01
     1       3772     1     2  0.377200E+02  0.377200E+02  0.100000E-01
     1       3773     1     2  0.377300E+02  0.377300E+02  0.100000E-01
     1       3774     1     2  0.377400E+02  0.377400E+02  0.100000E-01
     1       3775     1     2  0.377500E+02  0.377500E+02  0.100000E-01
     1       3776     1     2  0.377600E+02  0.377600E+02  0.100000E-01
     1       3777     1     2  0.377700E+02  0.377700E+02  0.100000E-01
     1       3778     1     2  0.377800E+02  0.377800E+02  0.100000E-01
     1       3779     1     2  0.377900E+02  0.377900E+02  0.100000E-01
     1       3780     1     2  0.378000E+02  0.378000E+02  0.100000E-01
     1       3781     1     2  0.378100E+02  0.378100E+02  0.100000E-01
     1       3782     1     2  0.378200E+02  0.378200E+02  0.100000E-01
     1       3783     1     2  0.378300E+02  0.378300E+02  0.100000E-01
     1       3784     1     2  0.378400E+02  0.378400E+02  0.100000E-01
     1       3785     1     2  0.378500E+02  0.378500E+02  0.100000E-01
     1       3786     1     2  0.378600E+02  0.378600E+02  0.100000E-01
     1       3787     1     2  0.378700E+02  0.378700E+02  0.100000E-01
     1       3788     1     2  0.378800E+02  0.378800E+02  0.100000E-01
     1       3789     1     2  0.378900E+02  0.378900E+02  0.100000E-01
     1       3790     1     2  0.379000E+02  0.379000E+02  0.100000E-01
     1       3791     1     2  0.379100E+02  0.379100E+02  0.100000E-01
     1       3792     1     2  0.379200E+02  0.379200E+02  0.100000E-01
     1       3793     1     2  0.379300E+02  0.379300E+02  0.100000E-01
     1       3794     1     2  0.379400E+02  0.379400E+02  0.100000E-01
     1       3795     1     2  0.379500E+02  0.379500E+02  0.100000E-01
     1       3796     1     2  0.379600E+02  0.379600E+02  0.100000E-01
     1       3797     1     2  0.379700E+02  0.379700E+02  0.100000E-01
     1       3798     1     2  0.379800E+02  0.379800E+02  0.100000E-01
     1       3799     1     2  0.379900E+02  0.379900E+02  0.100000E-01
     1       3800     1     2  0.380000E+02  0.380000E+02  0.100000E-01
     1       3801     1     2  0.380100E+02  0.380100E+02  0.100000E-01
     1       3802     1     2  0.380200E+02  0.380200E+02  0.100000E-01
     1       3803     1     2  0.380300E+02  0.380300E+02  0.100000E-01
     1       3804     1     2  0.380400E+02  0.380400E+02  0.100000E-01
     1       3805     1     2  0.380500E+02  0.380500E+02  0.100000E-01
     1       3806     1     2  0.380600E+02  0.380600E+02  0.100000E-01
     1       3807     1     2  0.380700E+02  0.380700E+02  0.100000E-01
     1       3808     1     2  0.380800E+02  0.380800E+02  0.100000E-01
     1       3809     1     2  0.380900E+02  0.380900E+02  0.100000E-01
     1       3810     1     2  0.381000E+02  0.381000E+02  0.100000E-01
     1       3811     1     2  0.381100E+02  0.381100E+02  0.100000E-01
     1       3812     1     2  0.381200E+02  0.381200E+02  0.100000E-01
     1       3813     1     2  0.381300E+02  0.381300E+02  0.100000E-01
     1       3814     1     2  0.381400E+02  0.381400E+02  0.100000E-01
     1       3815     1     2  0.381500E+02  0.381500E+02  0.100000E-01
     1       3816     1     2  0.381600E+02  0.381600E+02  0.100000E-01
     1       3817     1     2  0.381700E+02  0.381700E+02  0.100000E-01
     1       3818     1     2  0.381800E+02  0.381800E+02  0.100000E-01
     1       3819     1     2  0.381900E+02  0.381900E+02  0.100000E-01
     1       3820     1     2  0.382000E+02  0.382000E+02  0.100000E-01
     1       3821     1     2  0.382100E+02  0.382100E+02  0.100000E-01
     1       3822     1     2  0.382200E+02  0.382200E+02  0.100000E-01
     1       3823     1     2  0.382300E+02  0.382300E+02  0.100000E-01
     1       3824     1     2  0.382400E+02  0.382400E+02  0.100000E-01
     1       3825     1     2  0.382500E+02  0.382500E+02  0.100000E-01
     1       3826     1     2  0.382600E+02  0.382600E+02  0.100000E-01
     1       3827     1     2  0.382700E+02  0.382700E+02  0.100000E-01
     1       3828     1     2  0.382800E+02  0.382800E+02  0.100000E-01
     1       3829     1     2  0.382900E+02  0.382900E+02  0.100000E-01
     1       3830     1     2  0.383000E+02  0.383000E+02  0.100000E-01
     1       3831     1     2  0.383100E+02  0.383100E+02  0.100000E-01
     1       3832     1     2  0.383200E+02  0.383200E+02  0.100000E-01
     1       3833     1     2  0.383300E+02  0.383300E+02  0.100000E-01
     1       3834     1     2  0.383400E+02  0.383400E+02  0.100000E-01
     1       3835     1     2  0.383500E+02  0.383500E+02  0.100000E-01
     1       3836     1     2  0.383600E+02  0.383600E+02  0.100000E-01
     1       3837     1     2  0.383700E+02  0.383700E+02  0.100000E-01
     1       3838     1     2  0.383800E+02  0.383800E+02  0.100000E-01
     1       3839     1     2  0.383900E+02  0.383900E+02  0.100000E-01
     1       3840     1     2  0.384000E+02  0.384000E+02  0.100000E-01
     1       3841     1     2  0.384100E+02  0.384100E+02  0.100000E-01
     1       3842     1     2  0.384200E+02  0.384200E+02  0.100000E-01
     1       3843     1     2  0.384300E+02  0.384300E+02  0.100000E-01
     1       3844     1     2  0.384400E+02  0.384400E+02  0.100000E-01
     1       3845     1     2  0.384500E+02  0.384500E+02  0.100000E-01
     1       3846     1     2  0.384600E+02  0.384600E+02  0.100000E-01
     1       3847     1     2  0.384700E+02  0.384700E+02  0.100000E-01
     1       3848     1     2  0.384800E+02  0.384800E+02  0.100000E-01
     1       3849     1     2  0.384900E+02  0.384900E+02  0.100000E-01
     1       3850     1     2  0.385000E+02  0.385000E+02  0.100000E-01
     1       3851     1     2  0.385100E+02  0.385100E+02  0.100000E-01
     1       3852     1     2  0.385200E+02  0.385200E+02  0.100000E-01
     1       3853     1     2  0.385300E+02  0.385300E+02  0.100000E-01
     1       3854     1     2  0.385400E+02  0.385400E+02  0.100000E-01
     1       3855     1     2  0.385500E+02  0.385500E+02  0.100000E-01
     1       3856     1     2  0.385600E+02  0.385600E+02  0.100000E-01
     1       3857     1     2  0.385700E+02  0.385700E+02  0.100000E-01
     1       3858     1     2  0.385800E+02  0.385800E+02  0.100000E-01
     1       3859     1     2  0.385900E+02  0.385900E+02  0.100000E-01
     1       3860     1     2  0.386000E+02  0.386000E+02  0.100000E-01
     1       3861     1     2  0.386100E+02  0.386100E+02  0.100000E-01
     1       3862     1     2  0.386200E+02  0.386200E+02  0.100000E-01
     1       3863     1     2  0.386300E+02  0.386300E+02  0.100000E-01
     1       3864     1     2  0.386400E+02  0.386400E+02  0.100000E-01
     1       3865     1     2  0.386500E+02  0.386500E+02  0.100000E-01
     1       3866     1     2  0.386600E+02  0.386600E+02  0.100000E-01
     1       3867     1     2  0.386700E+02  0.386700E+02  0.100000E-01
     1       3868     1     2  0.386800E+02  0.386800E+02  0.100000E-01
     1       3869     1     2  0.386900E+02  0.386900E+02  0.100000E-01
     1       3870     1     2  0.387000E+02  0.387000E+02  0.100000E-01
     1       3871     1     2  0.387100E+02  0.387100E+02  0.100000E-01
     1       3872     1     2  0.387200E+02  0.387200E+02  0.100000E-01
     1       3873     1     2  0.387300E+02  0.387300E+02  0.100000E-01
     1       3874     1     2  0.387400E+02  0.387400E+02  0.100000E-01
     1       3875     1     2  0.387500E+02  0.387500E+02  0.100000E-01
     1       3876     1     2  0.387600E+02  0.387600E+02  0.100000E-01
     1       3877     1     2  0.387700E+02  0.387700E+02  0.100000E-01
     1       3878     1     2  0.387800E+02  0.387800E+02  0.100000E-01
     1       3879     1     2  0.387900E+02  0.387900E+02  0.100000E-01
     1       3880     1     2  0.388000E+02  0.388000E+02  0.100000E-01
     1       3881     1     2  0.388100E+02  0.388100E+02  0.100000E-01
     1       3882     1     2  0.388200E+02  0.388200E+02  0.100000E-01
     1       3883     1     2  0.388300E+02  0.388300E+02  0.100000E-01
     1       3884     1     2  0.388400E+02  0.388400E+02  0.100000E-01
     1       3885     1     2  0.388500E+02  0.388500E+02  0.100000E-01
     1       3886     1     2  0.388600E+02  0.388600E+02  0.100000E-01
     1       3887     1     2  0.388700E+02  0.388700E+02  0.100000E-01
     1       3888     1     2  0.388800E+02  0.388800E+02  0.100000E-01
     1       3889     1     2  0.388900E+02  0.388900E+02  0.100000E-01
     1       3890     1     2  0.389000E+02  0.389000E+02  0.100000E-01
     1       3891     1     2  0.389100E+02  0.389100E+02  0.100000E-01
     1       3892     1     2  0.389200E+02  0.389200E+02  0.100000E-01
     1       3893     1     2  0.389300E+02  0.389300E+02  0.100000E-01
     1       3894     1     2  0.389400E+02  0.389400E+02  0.100000E-01
     1       3895     1     2  0.389500E+02  0.389500E+02  0.100000E-01
     1       3896     1     2  0.389600E+02  0.389600E+02  0.100000E-01
     1       3897     1     2  0.389700E+02  0.389700E+02  0.100000E-01
     1       3898     1     2  0.389800E+02  0.389800E+02  0.100000E-01
     1       3899     1     2  0.389900E+02  0.389900E+02  0.100000E-01
     1       3900     1     2  0.390000E+02  0.390000E+02  0.100000E-01
     1       3901     1     2  0.390100E+02  0.390100E+02  0.100000E-01
     1       3902     1     2  0.390200E+02  0.390200E+02  0.100000E-01
     1       3903     1     2  0.390300E+02  0.390300E+02  0.100000E-01
     1       3904     1     2  0.390400E+02  0.390400E+02  0.100000E-01
     1       3905     1     2  0.390500E+02  0.390500E+02  0.100000E-01
     1       3906     1     2  0.390600E+02  0.390600E+02  0.100000E-01
     1       3907     1     2  0.390700E+02  0.390700E+02  0.100000E-01
     1       3908     1     2  0.390800E+02  0.390800E+02  0.100000E-01
     1       3909     1     2  0.390900E+02  0.390900E+02  0.100000E-01
     1       3910     1     2  0.391000E+02  0.391000E+02  0.100000E-01
     1       3911     1     2  0.391100E+02  0.391100E+02  0.100000E-01
     1       3912     1     2  0.391200E+02  0.391200E+02  0.100000E-01
     1       3913     1     2  0.391300E+02  0.391300E+02  0.100000E-01
     1       3914     1     2  0.391400E+02  0.391400E+02  0.100000E-01
     1       3915     1     2  0.391500E+02  0.391500E+02  0.100000E-01
     1       3916     1     2  0.391600E+02  0.391600E+02  0.100000E-01
     1       3917     1     2  0.391700E+02  0.391700E+02  0.100000E-01
     1       3918     1     2  0.391800E+02  0.391800E+02  0.100000E-01
     1       3919     1     2  0.391900E+02  0.391900E+02  0.100000E-01
     1       3920     1     2  0.392000E+02  0.392000E+02  0.100000E-01
     1       3921     1     2  0.392100E+02  0.392100E+02  0.100000E-01
     1       3922     1     2  0.392200E+02  0.392200E+02  0.100000E-01
     1       3923     1     2  0.392300E+02  0.392300E+02  0.100000E-01
     1       3924     1     2  0.392400E+02  0.392400E+02  0.100000E-01
     1       3925     1     2  0.392500E+02  0.392500E+02  0.100000E-01
     1       3926     1     2  0.392600E+02  0.392600E+02  0.100000E-01
     1       3927     1     2  0.392700E+02  0.392700E+02  0.100000E-01
     1       3928     1     2  0.392800E+02  0.392800E+02  0.100000E-01
     1       3929     1     2  0.392900E+02  0.392900E+02  0.100000E-01
     1       3930     1     2  0.393000E+02  0.393000E+02  0.100000E-01
     1       3931     1     2  0.393100E+02  0.393100E+02  0.100000E-01
     1       3932     1     2  0.393200E+02  0.393200E+02  0.100000E-01
     1       3933     1     2  0.393300E+02  0.393300E+02  0.100000E-01
     1       3934     1     2  0.393400E+02  0.393400E+02  0.100000E-01
     1       3935     1     2  0.393500E+02  0.393500E+02  0.100000E-01
     1       3936     1     2  0.393600E+02  0.393600E+02  0.100000E-01
     1       3937     1     2  0.393700E+02  0.393700E+02  0.100000E-01
     1       3938     1     2  0.393800E+02  0.393800E+02  0.100000E-01
     1       3939     1     2  0.393900E+02  0.393900E+02  0.100000E-01
     1       3940     1     2  0.394000E+02  0.394000E+02  0.100000E-01
     1       3941     1     2  0.394100E+02  0.394100E+02  0.100000E-01
     1       3942     1     2  0.394200E+02  0.394200E+02  0.100000E-01
     1       3943     1     2  0.394300E+02  0.394300E+02  0.100000E-01
     1       3944     1     2  0.394400E+02  0.394400E+02  0.100000E-01
     1       3945     1     2  0.394500E+02  0.394500E+02  0.100000E-01
     1       3946     1     2  0.394600E+02  0.394600E+02  0.100000E-01
     1       3947     1     2  0.394700E+02  0.394700E+02  0.100000E-01
     1       3948     1     2  0.394800E+02  0.394800E+02  0.100000E-01
     1       3949     1     2  0.394900E+02  0.394900E+02  0.100000E-01
     1       3950     1     2  0.395000E+02  0.395000E+02  0.100000E-01
     1       3951     1     2  0.395100E+02  0.395100E+02  0.100000E-01
     1       3952     1     2  0.395200E+02  0.395200E+02  0.100000E-01
     1       3953     1     2  0.395300E+02  0.395300E+02  0.100000E-01
     1       3954     1     2  0.395400E+02  0.395400E+02  0.100000E-01
     1       3955     1     2  0.395500E+02  0.395500E+02  0.100000E-01
     1       3956     1     2  0.395600E+02  0.395600E+02  0.100000E-01
     1       3957     1     2  0.395700E+02  0.395700E+02  0.100000E-01
     1       3958     1     2  0.395800E+02  0.395800E+02  0.100000E-01
     1       3959     1     2  0.395900E+02  0.395900E+02  0.100000E-01
     1       3960     1     2  0.396000E+02  0.396000E+02  0.100000E-01
     1       3961     1     2  0.396100E+02  0.396100E+02  0.100000E-01
     1       3962     1     2  0.396200E+02  0.396200E+02  0.100000E-01
     1       3963     1     2  0.396300E+02  0.396300E+02  0.100000E-01
     1       3964     1     2  0.396400E+02  0.396400E+02  0.100000E-01
     1       3965     1     2  0.396500E+02  0.396500E+02  0.100000E-01
     1       3966     1     2  0.396600E+02  0.396600E+02  0.100000E-01
     1       3967     1     2  0.396700E+02  0.396700E+02  0.100000E-01
     1       3968     1     2  0.396800E+02  0.396800E+02  0.100000E-01
     1       3969     1     2  0.396900E+02  0.396900E+02  0.100000E-01
     1       3970     1     2  0.397000E+02  0.397000E+02  0.100000E-01
     1       3971     1     2  0.397100E+02  0.397100E+02  0.100000E-01
     1       3972     1     2  0.397200E+02  0.397200E+02  0.100000E-01
     1       3973     1     2  0.397300E+02  0.397300E+02  0.100000E-01
     1       3974     1     2  0.397400E+02  0.397400E+02  0.100000E-01
     1       3975     1     2  0.397500E+02  0.397500E+02  0.100000E-01
     1       3976     1     2  0.397600E+02  0.397600E+02  0.100000E-01
     1       3977     1     2  0.397700E+02  0.397700E+02  0.100000E-01
     1       3978     1     2  0.397800E+02  0.397800E+02  0.100000E-01
     1       3979     1     2  0.397900E+02  0.397900E+02  0.100000E-01
     1       3980     1     2  0.398000E+02  0.398000E+02  0.100000E-01
     1       3981     1     2  0.398100E+02  0.398100E+02  0.100000E-01
     1       3982     1     2  0.398200E+02  0.398200E+02  0.100000E-01
     1       3983     1     2  0.398300E+02  0.398300E+02  0.100000E-01
     1       3984     1     2  0.398400E+02  0.398400E+02  0.100000E-01
     1       3985     1     2  0.398500E+02  0.398500E+02  0.100000E-01
     1       3986     1     2  0.398600E+02  0.398600E+02  0.100000E-01
     1       3987     1     2  0.398700E+02  0.398700E+02  0.100000E-01
     1       3988     1     2  0.398800E+02  0.398800E+02  0.100000E-01
     1       3989     1     2  0.398900E+02  0.398900E+02  0.100000E-01
     1       3990     1     2  0.399000E+02  0.399000E+02  0.100000E-01
     1       3991     1     2  0.399100E+02  0.399100E+02  0.100000E-01
     1       3992     1     2  0.399200E+02  0.399200E+02  0.100000E-01
     1       3993     1     2  0.399300E+02  0.399300E+02  0.100000E-01
     1       3994     1     2  0.399400E+02  0.399400E+02  0.100000E-01
     1       3995     1     2  0.399500E+02  0.399500E+02  0.100000E-01
     1       3996     1     2  0.399600E+02  0.399600E+02  0.100000E-01
     1       3997     1     2  0.399700E+02  0.399700E+02  0.100000E-01
     1       3998     1     2  0.399800E+02  0.399800E+02  0.100000E-01
     1       3999     1     2  0.399900E+02  0.399900E+02  0.100000E-01
     1       4000     1     2  0.400000E+02  0.400000E+02  0.100000E-01
     1       4001     1     2  0.400100E+02  0.400100E+02  0.100000E-01
     1       4002     1     2  0.400200E+02  0.400200E+02  0.100000E-01
     1       4003     1     2  0.400300E+02  0.400300E+02  0.100000E-01
     1       4004     1     2  0.400400E+02  0.400400E+02  0.100000E-01
     1       4005     1     2  0.400500E+02  0.400500E+02  0.100000E-01
     1       4006     1     2  0.400600E+02  0.400600E+02  0.100000E-01
     1       4007     1     2  0.400700E+02  0.400700E+02  0.100000E-01
     1       4008     1     2  0.400800E+02  0.400800E+02  0.100000E-01
     1       4009     1     2  0.400900E+02  0.400900E+02  0.100000E-01
     1       4010     1     2  0.401000E+02  0.401000E+02  0.100000E-01
     1       4011     1     2  0.401100E+02  0.401100E+02  0.100000E-01
     1       4012     1     2  0.401200E+02  0.401200E+02  0.100000E-01
     1       4013     1     2  0.401300E+02  0.401300E+02  0.100000E-01
     1       4014     1     2  0.401400E+02  0.401400E+02  0.100000E-01
     1       4015     1     2  0.401500E+02  0.401500E+02  0.100000E-01
     1       4016     1     2  0.401600E+02  0.401600E+02  0.100000E-01
     1       4017     1     2  0.401700E+02  0.401700E+02  0.100000E-01
     1       4018     1     2  0.401800E+02  0.401800E+02  0.100000E-01
     1       4019     1     2  0.401900E+02  0.401900E+02  0.100000E-01
     1       4020     1     2  0.402000E+02  0.402000E+02  0.100000E-01
     1       4021     1     2  0.402100E+02  0.402100E+02  0.100000E-01
     1       4022     1     2  0.402200E+02  0.402200E+02  0.100000E-01
     1       4023     1     2  0.402300E+02  0.402300E+02  0.100000E-01
     1       4024     1     2  0.402400E+02  0.402400E+02  0.100000E-01
     1       4025     1     2  0.402500E+02  0.402500E+02  0.100000E-01
     1       4026     1     2  0.402600E+02  0.402600E+02  0.100000E-01
     1       4027     1     2  0.402700E+02  0.402700E+02  0.100000E-01
     1       4028     1     2  0.402800E+02  0.402800E+02  0.100000E-01
     1       4029     1     2  0.402900E+02  0.402900E+02  0.100000E-01
     1       4030     1     2  0.403000E+02  0.403000E+02  0.100000E-01
     1       4031     1     2  0.403100E+02  0.403100E+02  0.100000E-01
     1       4032     1     2  0.403200E+02  0.403200E+02  0.100000E-01
     1       4033     1     2  0.403300E+02  0.403300E+02  0.100000E-01
     1       4034     1     2  0.403400E+02  0.403400E+02  0.100000E-01
     1       4035     1     2  0.403500E+02  0.403500E+02  0.100000E-01
     1       4036     1     2  0.403600E+02  0.403600E+02  0.100000E-01
     1       4037     1     2  0.403700E+02  0.403700E+02  0.100000E-01
     1       4038     1     2  0.403800E+02  0.403800E+02  0.100000E-01
     1       4039     1     2  0.403900E+02  0.403900E+02  0.100000E-01
     1       4040     1     2  0.404000E+02  0.404000E+02  0.100000E-01
     1       4041     1     2  0.404100E+02  0.404100E+02  0.100000E-01
     1       4042     1     2  0.404200E+02  0.404200E+02  0.100000E-01
     1       4043     1     2  0.404300E+02  0.404300E+02  0.100000E-01
     1       4044     1     2  0.404400E+02  0.404400E+02  0.100000E-01
     1       4045     1     2  0.404500E+02  0.404500E+02  0.100000E-01
     1       4046     1     2  0.404600E+02  0.404600E+02  0.100000E-01
     1       4047     1     2  0.404700E+02  0.404700E+02  0.100000E-01
     1       4048     1     2  0.404800E+02  0.404800E+02  0.100000E-01
     1       4049     1     2  0.404900E+02  0.404900E+02  0.100000E-01
     1       4050     1     2  0.405000E+02  0.405000E+02  0.100000E-01
     1       4051     1     2  0.405100E+02  0.405100E+02  0.100000E-01
     1       4052     1     2  0.405200E+02  0.405200E+02  0.100000E-01
     1       4053     1     2  0.405300E+02  0.405300E+02  0.100000E-01
     1       4054     1     2  0.405400E+02  0.405400E+02  0.100000E-01
     1       4055     1     2  0.405500E+02  0.405500E+02  0.100000E-01
     1       4056     1     2  0.405600E+02  0.405600E+02  0.100000E-01
     1       4057     1     2  0.405700E+02  0.405700E+02  0.100000E-01
     1       4058     1     2  0.405800E+02  0.405800E+02  0.100000E-01
     1       4059     1     2  0.405900E+02  0.405900E+02  0.100000E-01
     1       4060     1     2  0.406000E+02  0.406000E+02  0.100000E-01
     1       4061     1     2  0.406100E+02  0.406100E+02  0.100000E-01
     1       4062     1     2  0.406200E+02  0.406200E+02  0.100000E-01
     1       4063     1     2  0.406300E+02  0.406300E+02  0.100000E-01
     1       4064     1     2  0.406400E+02  0.406400E+02  0.100000E-01
     1       4065     1     2  0.406500E+02  0.406500E+02  0.100000E-01
     1       4066     1     2  0.406600E+02  0.406600E+02  0.100000E-01
     1       4067     1     2  0.406700E+02  0.406700E+02  0.100000E-01
     1       4068     1     2  0.406800E+02  0.406800E+02  0.100000E-01
     1       4069     1     2  0.406900E+02  0.406900E+02  0.100000E-01
     1       4070     1     2  0.407000E+02  0.407000E+02  0.100000E-01
     1       4071     1     2  0.407100E+02  0.407100E+02  0.100000E-01
     1       4072     1     2  0.407200E+02  0.407200E+02  0.100000E-01
     1       4073     1     2  0.407300E+02  0.407300E+02  0.100000E-01
     1       4074     1     2  0.407400E+02  0.407400E+02  0.100000E-01
     1       4075     1     2  0.407500E+02  0.407500E+02  0.100000E-01
     1       4076     1     2  0.407600E+02  0.407600E+02  0.100000E-01
     1       4077     1     2  0.407700E+02  0.407700E+02  0.100000E-01
     1       4078     1     2  0.407800E+02  0.407800E+02  0.100000E-01
     1       4079     1     2  0.407900E+02  0.407900E+02  0.100000E-01
     1       4080     1     2  0.408000E+02  0.408000E+02  0.100000E-01
     1       4081     1     2  0.408100E+02  0.408100E+02  0.100000E-01
     1       4082     1     2  0.408200E+02  0.408200E+02  0.100000E-01
     1       4083     1     2  0.408300E+02  0.408300E+02  0.100000E-01
     1       4084     1     2  0.408400E+02  0.408400E+02  0.100000E-01
     1       4085     1     2  0.408500E+02  0.408500E+02  0.100000E-01
     1       4086     1     2  0.408600E+02  0.408600E+02  0.100000E-01
     1       4087     1     2  0.408700E+02  0.408700E+02  0.100000E-01
     1       4088     1     2  0.408800E+02  0.408800E+02  0.100000E-01
     1       4089     1     2  0.408900E+02  0.408900E+02  0.100000E-01
     1       4090     1     2  0.409000E+02  0.409000E+02  0.100000E-01
     1       4091     1     2  0.409100E+02  0.409100E+02  0.100000E-01
     1       4092     1     2  0.409200E+02  0.409200E+02  0.100000E-01
     1       4093     1     2  0.409300E+02  0.409300E+02  0.100000E-01
     1       4094     1     2  0.409400E+02  0.409400E+02  0.100000E-01
     1       4095     1     2  0.409500E+02  0.409500E+02  0.100000E-01
     1       4096     1     2  0.409600E+02  0.409600E+02  0.100000E-01
     1       4097     1     2  0.409700E+02  0.409700E+02  0.100000E-01
     1       4098     1     2  0.409800E+02  0.409800E+02  0.100000E-01
     1       4099     1     2  0.409900E+02  0.409900E+02  0.100000E-01
     1       4100     1     2  0.410000E+02  0.410000E+02  0.100000E-01
     1       4101     1     2  0.410100E+02  0.410100E+02  0.100000E-01
     1       4102     1     2  0.410200E+02  0.410200E+02  0.100000E-01
     1       4103     1     2  0.410300E+02  0.410300E+02  0.100000E-01
     1       4104     1     2  0.410400E+02  0.410400E+02  0.100000E-01
     1       4105     1     2  0.410500E+02  0.410500E+02  0.100000E-01
     1       4106     1     2  0.410600E+02  0.410600E+02  0.100000E-01
     1       4107     1     2  0.410700E+02  0.410700E+02  0.100000E-01
     1       4108     1     2  0.410800E+02  0.410800E+02  0.100000E-01
     1       4109     1     2  0.410900E+02  0.410900E+02  0.100000E-01
     1       4110     1     2  0.411000E+02  0.411000E+02  0.100000E-01
     1       4111     1     2  0.411100E+02  0.411100E+02  0.100000E-01
     1       4112     1     2  0.411200E+02  0.411200E+02  0.100000E-01
     1       4113     1     2  0.411300E+02  0.411300E+02  0.100000E-01
     1       4114     1     2  0.411400E+02  0.411400E+02  0.100000E-01
     1       4115     1     2  0.411500E+02  0.411500E+02  0.100000E-01
     1       4116     1     2  0.411600E+02  0.411600E+02  0.100000E-01
     1       4117     1     2  0.411700E+02  0.411700E+02  0.100000E-01
     1       4118     1     2  0.411800E+02  0.411800E+02  0.100000E-01
     1       4119     1     2  0.411900E+02  0.411900E+02  0.100000E-01
     1       4120     1     2  0.412000E+02  0.412000E+02  0.100000E-01
     1       4121     1     2  0.412100E+02  0.412100E+02  0.100000E-01
     1       4122     1     2  0.412200E+02  0.412200E+02  0.100000E-01
     1       4123     1     2  0.412300E+02  0.412300E+02  0.100000E-01
     1       4124     1     2  0.412400E+02  0.412400E+02  0.100000E-01
     1       4125     1     2  0.412500E+02  0.412500E+02  0.100000E-01
     1       4126     1     2  0.412600E+02  0.412600E+02  0.100000E-01
     1       4127     1     2  0.412700E+02  0.412700E+02  0.100000E-01
     1       4128     1     2  0.412800E+02  0.412800E+02  0.100000E-01
     1       4129     1     2  0.412900E+02  0.412900E+02  0.100000E-01
     1       4130     1     2  0.413000E+02  0.413000E+02  0.100000E-01
     1       4131     1     2  0.413100E+02  0.413100E+02  0.100000E-01
     1       4132     1     2  0.413200E+02  0.413200E+02  0.100000E-01
     1       4133     1     2  0.413300E+02  0.413300E+02  0.100000E-01
     1       4134     1     2  0.413400E+02  0.413400E+02  0.100000E-01
     1       4135     1     2  0.413500E+02  0.413500E+02  0.100000E-01
     1       4136     1     2  0.413600E+02  0.413600E+02  0.100000E-01
     1       4137     1     2  0.413700E+02  0.413700E+02  0.100000E-01
     1       4138     1     2  0.413800E+02  0.413800E+02  0.100000E-01
     1       4139     1     2  0.413900E+02  0.413900E+02  0.100000E-01
     1       4140     1     2  0.414000E+02  0.414000E+02  0.100000E-01
     1       4141     1     2  0.414100E+02  0.414100E+02  0.100000E-01
     1       4142     1     2  0.414200E+02  0.414200E+02  0.100000E-01
     1       4143     1     2  0.414300E+02  0.414300E+02  0.100000E-01
     1       4144     1     2  0.414400E+02  0.414400E+02  0.100000E-01
     1       4145     1     2  0.414500E+02  0.414500E+02  0.100000E-01
     1       4146     1     2  0.414600E+02  0.414600E+02  0.100000E-01
     1       4147     1     2  0.414700E+02  0.414700E+02  0.100000E-01
     1       4148     1     2  0.414800E+02  0.414800E+02  0.100000E-01
     1       4149     1     2  0.414900E+02  0.414900E+02  0.100000E-01
     1       4150     1     2  0.415000E+02  0.415000E+02  0.100000E-01
     1       4151     1     2  0.415100E+02  0.415100E+02  0.100000E-01
     1       4152     1     2  0.415200E+02  0.415200E+02  0.100000E-01
     1       4153     1     2  0.415300E+02  0.415300E+02  0.100000E-01
     1       4154     1     2  0.415400E+02  0.415400E+02  0.100000E-01
     1       4155     1     2  0.415500E+02  0.415500E+02  0.100000E-01
     1       4156     1     2  0.415600E+02  0.415600E+02  0.100000E-01
     1       4157     1     2  0.415700E+02  0.415700E+02  0.100000E-01
     1       4158     1     2  0.415800E+02  0.415800E+02  0.100000E-01
     1       4159     1     2  0.415900E+02  0.415900E+02  0.100000E-01
     1       4160     1     2  0.416000E+02  0.416000E+02  0.100000E-01
     1       4161     1     2  0.416100E+02  0.416100E+02  0.100000E-01
     1       4162     1     2  0.416200E+02  0.416200E+02  0.100000E-01
     1       4163     1     2  0.416300E+02  0.416300E+02  0.100000E-01
     1       4164     1     2  0.416400E+02  0.416400E+02  0.100000E-01
     1       4165     1     2  0.416500E+02  0.416500E+02  0.100000E-01
     1       4166     1     2  0.416600E+02  0.416600E+02  0.100000E-01
     1       4167     1     2  0.416700E+02  0.416700E+02  0.100000E-01
     1       4168     1     2  0.416800E+02  0.416800E+02  0.100000E-01
     1       4169     1     2  0.416900E+02  0.416900E+02  0.100000E-01
     1       4170     1     2  0.417000E+02  0.417000E+02  0.100000E-01
     1       4171     1     2  0.417100E+02  0.417100E+02  0.100000E-01
     1       4172     1     2  0.417200E+02  0.417200E+02  0.100000E-01
     1       4173     1     2  0.417300E+02  0.417300E+02  0.100000E-01
     1       4174     1     2  0.417400E+02  0.417400E+02  0.100000E-01
     1       4175     1     2  0.417500E+02  0.417500E+02  0.100000E-01
     1       4176     1     2  0.417600E+02  0.417600E+02  0.100000E-01
     1       4177     1     2  0.417700E+02  0.417700E+02  0.100000E-01
     1       4178     1     2  0.417800E+02  0.417800E+02  0.100000E-01
     1       4179     1     2  0.417900E+02  0.417900E+02  0.100000E-01
     1       4180     1     2  0.418000E+02  0.418000E+02  0.100000E-01
     1       4181     1     2  0.418100E+02  0.418100E+02  0.100000E-01
     1       4182     1     2  0.418200E+02  0.418200E+02  0.100000E-01
     1       4183     1     2  0.418300E+02  0.418300E+02  0.100000E-01
     1       4184     1     2  0.418400E+02  0.418400E+02  0.100000E-01
     1       4185     1     2  0.418500E+02  0.418500E+02  0.100000E-01
     1       4186     1     2  0.418600E+02  0.418600E+02  0.100000E-01
     1       4187     1     2  0.418700E+02  0.418700E+02  0.100000E-01
     1       4188     1     2  0.418800E+02  0.418800E+02  0.100000E-01
     1       4189     1     2  0.418900E+02  0.418900E+02  0.100000E-01
     1       4190     1     2  0.419000E+02  0.419000E+02  0.100000E-01
     1       4191     1     2  0.419100E+02  0.419100E+02  0.100000E-01
     1       4192     1     2  0.419200E+02  0.419200E+02  0.100000E-01
     1       4193     1     2  0.419300E+02  0.419300E+02  0.100000E-01
     1       4194     1     2  0.419400E+02  0.419400E+02  0.100000E-01
     1       4195     1     2  0.419500E+02  0.419500E+02  0.100000E-01
     1       4196     1     2  0.419600E+02  0.419600E+02  0.100000E-01
     1       4197     1     2  0.419700E+02  0.419700E+02  0.100000E-01
     1       4198     1     2  0.419800E+02  0.419800E+02  0.100000E-01
     1       4199     1     2  0.419900E+02  0.419900E+02  0.100000E-01
     1       4200     1     2  0.420000E+02  0.420000E+02  0.100000E-01
     1       4201     1     2  0.420100E+02  0.420100E+02  0.100000E-01
     1       4202     1     2  0.420200E+02  0.420200E+02  0.100000E-01
     1       4203     1     2  0.420300E+02  0.420300E+02  0.100000E-01
     1       4204     1     2  0.420400E+02  0.420400E+02  0.100000E-01
     1       4205     1     2  0.420500E+02  0.420500E+02  0.100000E-01
     1       4206     1     2  0.420600E+02  0.420600E+02  0.100000E-01
     1       4207     1     2  0.420700E+02  0.420700E+02  0.100000E-01
     1       4208     1     2  0.420800E+02  0.420800E+02  0.100000E-01
     1       4209     1     2  0.420900E+02  0.420900E+02  0.100000E-01
     1       4210     1     2  0.421000E+02  0.421000E+02  0.100000E-01
     1       4211     1     2  0.421100E+02  0.421100E+02  0.100000E-01
     1       4212     1     2  0.421200E+02  0.421200E+02  0.100000E-01
     1       4213     1     2  0.421300E+02  0.421300E+02  0.100000E-01
     1       4214     1     2  0.421400E+02  0.421400E+02  0.100000E-01
     1       4215     1     2  0.421500E+02  0.421500E+02  0.100000E-01
     1       4216     1     2  0.421600E+02  0.421600E+02  0.100000E-01
     1       4217     1     2  0.421700E+02  0.421700E+02  0.100000E-01
     1       4218     1     2  0.421800E+02  0.421800E+02  0.100000E-01
     1       4219     1     2  0.421900E+02  0.421900E+02  0.100000E-01
     1       4220     1     2  0.422000E+02  0.422000E+02  0.100000E-01
     1       4221     1     2  0.422100E+02  0.422100E+02  0.100000E-01
     1       4222     1     2  0.422200E+02  0.422200E+02  0.100000E-01
     1       4223     1     2  0.422300E+02  0.422300E+02  0.100000E-01
     1       4224     1     2  0.422400E+02  0.422400E+02  0.100000E-01
     1       4225     1     2  0.422500E+02  0.422500E+02  0.100000E-01
     1       4226     1     2  0.422600E+02  0.422600E+02  0.100000E-01
     1       4227     1     2  0.422700E+02  0.422700E+02  0.100000E-01
     1       4228     1     2  0.422800E+02  0.422800E+02  0.100000E-01
     1       4229     1     2  0.422900E+02  0.422900E+02  0.100000E-01
     1       4230     1     2  0.423000E+02  0.423000E+02  0.100000E-01
     1       4231     1     2  0.423100E+02  0.423100E+02  0.100000E-01
     1       4232     1     2  0.423200E+02  0.423200E+02  0.100000E-01
     1       4233     1     2  0.423300E+02  0.423300E+02  0.100000E-01
     1       4234     1     2  0.423400E+02  0.423400E+02  0.100000E-01
     1       4235     1     2  0.423500E+02  0.423500E+02  0.100000E-01
     1       4236     1     2  0.423600E+02  0.423600E+02  0.100000E-01
     1       4237     1     2  0.423700E+02  0.423700E+02  0.100000E-01
     1       4238     1     2  0.423800E+02  0.423800E+02  0.100000E-01
     1       4239     1     2  0.423900E+02  0.423900E+02  0.100000E-01
     1       4240     1     2  0.424000E+02  0.424000E+02  0.100000E-01
     1       4241     1     2  0.424100E+02  0.424100E+02  0.100000E-01
     1       4242     1     2  0.424200E+02  0.424200E+02  0.100000E-01
     1       4243     1     2  0.424300E+02  0.424300E+02  0.100000E-01
     1       4244     1     2  0.424400E+02  0.424400E+02  0.100000E-01
     1       4245     1     2  0.424500E+02  0.424500E+02  0.100000E-01
     1       4246     1     2  0.424600E+02  0.424600E+02  0.100000E-01
     1       4247     1     2  0.424700E+02  0.424700E+02  0.100000E-01
     1       4248     1     2  0.424800E+02  0.424800E+02  0.100000E-01
     1       4249     1     2  0.424900E+02  0.424900E+02  0.100000E-01
     1       4250     1     2  0.425000E+02  0.425000E+02  0.100000E-01
     1       4251     1     2  0.425100E+02  0.425100E+02  0.100000E-01
     1       4252     1     2  0.425200E+02  0.425200E+02  0.100000E-01
     1       4253     1     2  0.425300E+02  0.425300E+02  0.100000E-01
     1       4254     1     2  0.425400E+02  0.425400E+02  0.100000E-01
     1       4255     1     2  0.425500E+02  0.425500E+02  0.100000E-01
     1       4256     1     2  0.425600E+02  0.425600E+02  0.100000E-01
     1       4257     1     2  0.425700E+02  0.425700E+02  0.100000E-01
     1       4258     1     2  0.425800E+02  0.425800E+02  0.100000E-01
     1       4259     1     2  0.425900E+02  0.425900E+02  0.100000E-01
     1       4260     1     2  0.426000E+02  0.426000E+02  0.100000E-01
     1       4261     1     2  0.426100E+02  0.426100E+02  0.100000E-01
     1       4262     1     2  0.426200E+02  0.426200E+02  0.100000E-01
     1       4263     1     2  0.426300E+02  0.426300E+02  0.100000E-01
     1       4264     1     2  0.426400E+02  0.426400E+02  0.100000E-01
     1       4265     1     2  0.426500E+02  0.426500E+02  0.100000E-01
     1       4266     1     2  0.426600E+02  0.426600E+02  0.100000E-01
     1       4267     1     2  0.426700E+02  0.426700E+02  0.100000E-01
     1       4268     1     2  0.426800E+02  0.426800E+02  0.100000E-01
     1       4269     1     2  0.426900E+02  0.426900E+02  0.100000E-01
     1       4270     1     2  0.427000E+02  0.427000E+02  0.100000E-01
     1       4271     1     2  0.427100E+02  0.427100E+02  0.100000E-01
     1       4272     1     2  0.427200E+02  0.427200E+02  0.100000E-01
     1       4273     1     2  0.427300E+02  0.427300E+02  0.100000E-01
     1       4274     1     2  0.427400E+02  0.427400E+02  0.100000E-01
     1       4275     1     2  0.427500E+02  0.427500E+02  0.100000E-01
     1       4276     1     2  0.427600E+02  0.427600E+02  0.100000E-01
     1       4277     1     2  0.427700E+02  0.427700E+02  0.100000E-01
     1       4278     1     2  0.427800E+02  0.427800E+02  0.100000E-01
     1       4279     1     2  0.427900E+02  0.427900E+02  0.100000E-01
     1       4280     1     2  0.428000E+02  0.428000E+02  0.100000E-01
     1       4281     1     2  0.428100E+02  0.428100E+02  0.100000E-01
     1       4282     1     2  0.428200E+02  0.428200E+02  0.100000E-01
     1       4283     1     2  0.428300E+02  0.428300E+02  0.100000E-01
     1       4284     1     2  0.428400E+02  0.428400E+02  0.100000E-01
     1       4285     1     2  0.428500E+02  0.428500E+02  0.100000E-01
     1       4286     1     2  0.428600E+02  0.428600E+02  0.100000E-01
     1       4287     1     2  0.428700E+02  0.428700E+02  0.100000E-01
     1       4288     1     2  0.428800E+02  0.428800E+02  0.100000E-01
     1       4289     1     2  0.428900E+02  0.428900E+02  0.100000E-01
     1       4290     1     2  0.429000E+02  0.429000E+02  0.100000E-01
     1       4291     1     2  0.429100E+02  0.429100E+02  0.100000E-01
     1       4292     1     2  0.429200E+02  0.429200E+02  0.100000E-01
     1       4293     1     2  0.429300E+02  0.429300E+02  0.100000E-01
     1       4294     1     2  0.429400E+02  0.429400E+02  0.100000E-01
     1       4295     1     2  0.429500E+02  0.429500E+02  0.100000E-01
     1       4296     1     2  0.429600E+02  0.429600E+02  0.100000E-01
     1       4297     1     2  0.429700E+02  0.429700E+02  0.100000E-01
     1       4298     1     2  0.429800E+02  0.429800E+02  0.100000E-01
     1       4299     1     2  0.429900E+02  0.429900E+02  0.100000E-01
     1       4300     1     2  0.430000E+02  0.430000E+02  0.100000E-01
     1       4301     1     2  0.430100E+02  0.430100E+02  0.100000E-01
     1       4302     1     2  0.430200E+02  0.430200E+02  0.100000E-01
     1       4303     1     2  0.430300E+02  0.430300E+02  0.100000E-01
     1       4304     1     2  0.430400E+02  0.430400E+02  0.100000E-01
     1       4305     1     2  0.430500E+02  0.430500E+02  0.100000E-01
     1       4306     1     2  0.430600E+02  0.430600E+02  0.100000E-01
     1       4307     1     2  0.430700E+02  0.430700E+02  0.100000E-01
     1       4308     1     2  0.430800E+02  0.430800E+02  0.100000E-01
     1       4309     1     2  0.430900E+02  0.430900E+02  0.100000E-01
     1       4310     1     2  0.431000E+02  0.431000E+02  0.100000E-01
     1       4311     1     2  0.431100E+02  0.431100E+02  0.100000E-01
     1       4312     1     2  0.431200E+02  0.431200E+02  0.100000E-01
     1       4313     1     2  0.431300E+02  0.431300E+02  0.100000E-01
     1       4314     1     2  0.431400E+02  0.431400E+02  0.100000E-01
     1       4315     1     2  0.431500E+02  0.431500E+02  0.100000E-01
     1       4316     1     2  0.431600E+02  0.431600E+02  0.100000E-01
     1       4317     1     2  0.431700E+02  0.431700E+02  0.100000E-01
     1       4318     1     2  0.431800E+02  0.431800E+02  0.100000E-01
     1       4319     1     2  0.431900E+02  0.431900E+02  0.100000E-01
     1       4320     1     2  0.432000E+02  0.432000E+02  0.100000E-01
     1       4321     1     2  0.432100E+02  0.432100E+02  0.100000E-01
     1       4322     1     2  0.432200E+02  0.432200E+02  0.100000E-01
     1       4323     1     2  0.432300E+02  0.432300E+02  0.100000E-01
     1       4324     1     2  0.432400E+02  0.432400E+02  0.100000E-01
     1       4325     1     2  0.432500E+02  0.432500E+02  0.100000E-01
     1       4326     1     2  0.432600E+02  0.432600E+02  0.100000E-01
     1       4327     1     2  0.432700E+02  0.432700E+02  0.100000E-01
     1       4328     1     2  0.432800E+02  0.432800E+02  0.100000E-01
     1       4329     1     2  0.432900E+02  0.432900E+02  0.100000E-01
     1       4330     1     2  0.433000E+02  0.433000E+02  0.100000E-01
     1       4331     1     2  0.433100E+02  0.433100E+02  0.100000E-01
     1       4332     1     2  0.433200E+02  0.433200E+02  0.100000E-01
     1       4333     1     2  0.433300E+02  0.433300E+02  0.100000E-01
     1       4334     1     2  0.433400E+02  0.433400E+02  0.100000E-01
     1       4335     1     2  0.433500E+02  0.433500E+02  0.100000E-01
     1       4336     1     2  0.433600E+02  0.433600E+02  0.100000E-01
     1       4337     1     2  0.433700E+02  0.433700E+02  0.100000E-01
     1       4338     1     2  0.433800E+02  0.433800E+02  0.100000E-01
     1       4339     1     2  0.433900E+02  0.433900E+02  0.100000E-01
     1       4340     1     2  0.434000E+02  0.434000E+02  0.100000E-01
     1       4341     1     2  0.434100E+02  0.434100E+02  0.100000E-01
     1       4342     1     2  0.434200E+02  0.434200E+02  0.100000E-01
     1       4343     1     2  0.434300E+02  0.434300E+02  0.100000E-01
     1       4344     1     2  0.434400E+02  0.434400E+02  0.100000E-01
     1       4345     1     2  0.434500E+02  0.434500E+02  0.100000E-01
     1       4346     1     2  0.434600E+02  0.434600E+02  0.100000E-01
     1       4347     1     2  0.434700E+02  0.434700E+02  0.100000E-01
     1       4348     1     2  0.434800E+02  0.434800E+02  0.100000E-01
     1       4349     1     2  0.434900E+02  0.434900E+02  0.100000E-01
     1       4350     1     2  0.435000E+02  0.435000E+02  0.100000E-01
     1       4351     1     2  0.435100E+02  0.435100E+02  0.100000E-01
     1       4352     1     2  0.435200E+02  0.435200E+02  0.100000E-01
     1       4353     1     2  0.435300E+02  0.435300E+02  0.100000E-01
     1       4354     1     2  0.435400E+02  0.435400E+02  0.100000E-01
     1       4355     1     2  0.435500E+02  0.435500E+02  0.100000E-01
     1       4356     1     2  0.435600E+02  0.435600E+02  0.100000E-01
     1       4357     1     2  0.435700E+02  0.435700E+02  0.100000E-01
     1       4358     1     2  0.435800E+02  0.435800E+02  0.100000E-01
     1       4359     1     2  0.435900E+02  0.435900E+02  0.100000E-01
     1       4360     1     2  0.436000E+02  0.436000E+02  0.100000E-01
     1       4361     1     2  0.436100E+02  0.436100E+02  0.100000E-01
     1       4362     1     2  0.436200E+02  0.436200E+02  0.100000E-01
     1       4363     1     2  0.436300E+02  0.436300E+02  0.100000E-01
     1       4364     1     2  0.436400E+02  0.436400E+02  0.100000E-01
     1       4365     1     2  0.436500E+02  0.436500E+02  0.100000E-01
     1       4366     1     2  0.436600E+02  0.436600E+02  0.100000E-01
     1       4367     1     2  0.436700E+02  0.436700E+02  0.100000E-01
     1       4368     1     2  0.436800E+02  0.436800E+02  0.100000E-01
     1       4369     1     2  0.436900E+02  0.436900E+02  0.100000E-01
     1       4370     1     2  0.437000E+02  0.437000E+02  0.100000E-01
     1       4371     1     2  0.437100E+02  0.437100E+02  0.100000E-01
     1       4372     1     2  0.437200E+02  0.437200E+02  0.100000E-01
     1       4373     1     2  0.437300E+02  0.437300E+02  0.100000E-01
     1       4374     1     2  0.437400E+02  0.437400E+02  0.100000E-01
     1       4375     1     2  0.437500E+02  0.437500E+02  0.100000E-01
     1       4376     1     2  0.437600E+02  0.437600E+02  0.100000E-01
     1       4377     1     2  0.437700E+02  0.437700E+02  0.100000E-01
     1       4378     1     2  0.437800E+02  0.437800E+02  0.100000E-01
     1       4379     1     2  0.437900E+02  0.437900E+02  0.100000E-01
     1       4380     1     2  0.438000E+02  0.438000E+02  0.100000E-01
     1       4381     1     2  0.438100E+02  0.438100E+02  0.100000E-01
     1       4382     1     2  0.438200E+02  0.438200E+02  0.100000E-01
     1       4383     1     2  0.438300E+02  0.438300E+02  0.100000E-01
     1       4384     1     2  0.438400E+02  0.438400E+02  0.100000E-01
     1       4385     1     2  0.438500E+02  0.438500E+02  0.100000E-01
     1       4386     1     2  0.438600E+02  0.438600E+02  0.100000E-01
     1       4387     1     2  0.438700E+02  0.438700E+02  0.100000E-01
     1       4388     1     2  0.438800E+02  0.438800E+02  0.100000E-01
     1       4389     1     2  0.438900E+02  0.438900E+02  0.100000E-01
     1       4390     1     2  0.439000E+02  0.439000E+02  0.100000E-01
     1       4391     1     2  0.439100E+02  0.439100E+02  0.100000E-01
     1       4392     1     2  0.439200E+02  0.439200E+02  0.100000E-01
     1       4393     1     2  0.439300E+02  0.439300E+02  0.100000E-01
     1       4394     1     2  0.439400E+02  0.439400E+02  0.100000E-01
     1       4395     1     2  0.439500E+02  0.439500E+02  0.100000E-01
     1       4396     1     2  0.439600E+02  0.439600E+02  0.100000E-01
     1       4397     1     2  0.439700E+02  0.439700E+02  0.100000E-01
     1       4398     1     2  0.439800E+02  0.439800E+02  0.100000E-01
     1       4399     1     2  0.439900E+02  0.439900E+02  0.100000E-01
     1       4400     1     2  0.440000E+02  0.440000E+02  0.100000E-01
     1       4401     1     2  0.440100E+02  0.440100E+02  0.100000E-01
     1       4402     1     2  0.440200E+02  0.440200E+02  0.100000E-01
     1       4403     1     2  0.440300E+02  0.440300E+02  0.100000E-01
     1       4404     1     2  0.440400E+02  0.440400E+02  0.100000E-01
     1       4405     1     2  0.440500E+02  0.440500E+02  0.100000E-01
     1       4406     1     2  0.440600E+02  0.440600E+02  0.100000E-01
     1       4407     1     2  0.440700E+02  0.440700E+02  0.100000E-01
     1       4408     1     2  0.440800E+02  0.440800E+02  0.100000E-01
     1       4409     1     2  0.440900E+02  0.440900E+02  0.100000E-01
     1       4410     1     2  0.441000E+02  0.441000E+02  0.100000E-01
     1       4411     1     2  0.441100E+02  0.441100E+02  0.100000E-01
     1       4412     1     2  0.441200E+02  0.441200E+02  0.100000E-01
     1       4413     1     2  0.441300E+02  0.441300E+02  0.100000E-01
     1       4414     1     2  0.441400E+02  0.441400E+02  0.100000E-01
     1       4415     1     2  0.441500E+02  0.441500E+02  0.100000E-01
     1       4416     1     2  0.441600E+02  0.441600E+02  0.100000E-01
     1       4417     1     2  0.441700E+02  0.441700E+02  0.100000E-01
     1       4418     1     2  0.441800E+02  0.441800E+02  0.100000E-01
     1       4419     1     2  0.441900E+02  0.441900E+02  0.100000E-01
     1       4420     1     2  0.442000E+02  0.442000E+02  0.100000E-01
     1       4421     1     2  0.442100E+02  0.442100E+02  0.100000E-01
     1       4422     1     2  0.442200E+02  0.442200E+02  0.100000E-01
     1       4423     1     2  0.442300E+02  0.442300E+02  0.100000E-01
     1       4424     1     2  0.442400E+02  0.442400E+02  0.100000E-01
     1       4425     1     2  0.442500E+02  0.442500E+02  0.100000E-01
     1       4426     1     2  0.442600E+02  0.442600E+02  0.100000E-01
     1       4427     1     2  0.442700E+02  0.442700E+02  0.100000E-01
     1       4428     1     2  0.442800E+02  0.442800E+02  0.100000E-01
     1       4429     1     2  0.442900E+02  0.442900E+02  0.100000E-01
     1       4430     1     2  0.443000E+02  0.443000E+02  0.100000E-01
     1       4431     1     2  0.443100E+02  0.443100E+02  0.100000E-01
     1       4432     1     2  0.443200E+02  0.443200E+02  0.100000E-01
     1       4433     1     2  0.443300E+02  0.443300E+02  0.100000E-01
     1       4434     1     2  0.443400E+02  0.443400E+02  0.100000E-01
     1       4435     1     2  0.443500E+02  0.443500E+02  0.100000E-01
     1       4436     1     2  0.443600E+02  0.443600E+02  0.100000E-01
     1       4437     1     2  0.443700E+02  0.443700E+02  0.100000E-01
     1       4438     1     2  0.443800E+02  0.443800E+02  0.100000E-01
     1       4439     1     2  0.443900E+02  0.443900E+02  0.100000E-01
     1       4440     1     2  0.444000E+02  0.444000E+02  0.100000E-01
     1       4441     1     2  0.444100E+02  0.444100E+02  0.100000E-01
     1       4442     1     2  0.444200E+02  0.444200E+02  0.100000E-01
     1       4443     1     2  0.444300E+02  0.444300E+02  0.100000E-01
     1       4444     1     2  0.444400E+02  0.444400E+02  0.100000E-01
     1       4445     1     2  0.444500E+02  0.444500E+02  0.100000E-01
     1       4446     1     2  0.444600E+02  0.444600E+02  0.100000E-01
     1       4447     1     2  0.444700E+02  0.444700E+02  0.100000E-01
     1       4448     1     2  0.444800E+02  0.444800E+02  0.100000E-01
     1       4449     1     2  0.444900E+02  0.444900E+02  0.100000E-01
     1       4450     1     2  0.445000E+02  0.445000E+02  0.100000E-01
     1       4451     1     2  0.445100E+02  0.445100E+02  0.100000E-01
     1       4452     1     2  0.445200E+02  0.445200E+02  0.100000E-01
     1       4453     1     2  0.445300E+02  0.445300E+02  0.100000E-01
     1       4454     1     2  0.445400E+02  0.445400E+02  0.100000E-01
     1       4455     1     2  0.445500E+02  0.445500E+02  0.100000E-01
     1       4456     1     2  0.445600E+02  0.445600E+02  0.100000E-01
     1       4457     1     2  0.445700E+02  0.445700E+02  0.100000E-01
     1       4458     1     2  0.445800E+02  0.445800E+02  0.100000E-01
     1       4459     1     2  0.445900E+02  0.445900E+02  0.100000E-01
     1       4460     1     2  0.446000E+02  0.446000E+02  0.100000E-01
     1       4461     1     2  0.446100E+02  0.446100E+02  0.100000E-01
     1       4462     1     2  0.446200E+02  0.446200E+02  0.100000E-01
     1       4463     1     2  0.446300E+02  0.446300E+02  0.100000E-01
     1       4464     1     2  0.446400E+02  0.446400E+02  0.100000E-01
     1       4465     1     2  0.446500E+02  0.446500E+02  0.100000E-01
     1       4466     1     2  0.446600E+02  0.446600E+02  0.100000E-01
     1       4467     1     2  0.446700E+02  0.446700E+02  0.100000E-01
     1       4468     1     2  0.446800E+02  0.446800E+02  0.100000E-01
     1       4469     1     2  0.446900E+02  0.446900E+02  0.100000E-01
     1       4470     1     2  0.447000E+02  0.447000E+02  0.100000E-01
     1       4471     1     2  0.447100E+02  0.447100E+02  0.100000E-01
     1       4472     1     2  0.447200E+02  0.447200E+02  0.100000E-01
     1       4473     1     2  0.447300E+02  0.447300E+02  0.100000E-01
     1       4474     1     2  0.447400E+02  0.447400E+02  0.100000E-01
     1       4475     1     2  0.447500E+02  0.447500E+02  0.100000E-01
     1       4476     1     2  0.447600E+02  0.447600E+02  0.100000E-01
     1       4477     1     2  0.447700E+02  0.447700E+02  0.100000E-01
     1       4478     1     2  0.447800E+02  0.447800E+02  0.100000E-01
     1       4479     1     2  0.447900E+02  0.447900E+02  0.100000E-01
     1       4480     1     2  0.448000E+02  0.448000E+02  0.100000E-01
     1       4481     1     2  0.448100E+02  0.448100E+02  0.100000E-01
     1       4482     1     2  0.448200E+02  0.448200E+02  0.100000E-01
     1       4483     1     2  0.448300E+02  0.448300E+02  0.100000E-01
     1       4484     1     2  0.448400E+02  0.448400E+02  0.100000E-01
     1       4485     1     2  0.448500E+02  0.448500E+02  0.100000E-01
     1       4486     1     2  0.448600E+02  0.448600E+02  0.100000E-01
     1       4487     1     2  0.448700E+02  0.448700E+02  0.100000E-01
     1       4488     1     2  0.448800E+02  0.448800E+02  0.100000E-01
     1       4489     1     2  0.448900E+02  0.448900E+02  0.100000E-01
     1       4490     1     2  0.449000E+02  0.449000E+02  0.100000E-01
     1       4491     1     2  0.449100E+02  0.449100E+02  0.100000E-01
     1       4492     1     2  0.449200E+02  0.449200E+02  0.100000E-01
     1       4493     1     2  0.449300E+02  0.449300E+02  0.100000E-01
     1       4494     1     2  0.449400E+02  0.449400E+02  0.100000E-01
     1       4495     1     2  0.449500E+02  0.449500E+02  0.100000E-01
     1       4496     1     2  0.449600E+02  0.449600E+02  0.100000E-01
     1       4497     1     2  0.449700E+02  0.449700E+02  0.100000E-01
     1       4498     1     2  0.449800E+02  0.449800E+02  0.100000E-01
     1       4499     1     2  0.449900E+02  0.449900E+02  0.100000E-01
     1       4500     1     2  0.450000E+02  0.450000E+02  0.100000E-01
     1       4501     1     2  0.450100E+02  0.450100E+02  0.100000E-01
     1       4502     1     2  0.450200E+02  0.450200E+02  0.100000E-01
     1       4503     1     2  0.450300E+02  0.450300E+02  0.100000E-01
     1       4504     1     2  0.450400E+02  0.450400E+02  0.100000E-01
     1       4505     1     2  0.450500E+02  0.450500E+02  0.100000E-01
     1       4506     1     2  0.450600E+02  0.450600E+02  0.100000E-01
     1       4507     1     2  0.450700E+02  0.450700E+02  0.100000E-01
     1       4508     1     2  0.450800E+02  0.450800E+02  0.100000E-01
     1       4509     1     2  0.450900E+02  0.450900E+02  0.100000E-01
     1       4510     1     2  0.451000E+02  0.451000E+02  0.100000E-01
     1       4511     1     2  0.451100E+02  0.451100E+02  0.100000E-01
     1       4512     1     2  0.451200E+02  0.451200E+02  0.100000E-01
     1       4513     1     2  0.451300E+02  0.451300E+02  0.100000E-01
     1       4514     1     2  0.451400E+02  0.451400E+02  0.100000E-01
     1       4515     1     2  0.451500E+02  0.451500E+02  0.100000E-01
     1       4516     1     2  0.451600E+02  0.451600E+02  0.100000E-01
     1       4517     1     2  0.451700E+02  0.451700E+02  0.100000E-01
     1       4518     1     2  0.451800E+02  0.451800E+02  0.100000E-01
     1       4519     1     2  0.451900E+02  0.451900E+02  0.100000E-01
     1       4520     1     2  0.452000E+02  0.452000E+02  0.100000E-01
     1       4521     1     2  0.452100E+02  0.452100E+02  0.100000E-01
     1       4522     1     2  0.452200E+02  0.452200E+02  0.100000E-01
     1       4523     1     2  0.452300E+02  0.452300E+02  0.100000E-01
     1       4524     1     2  0.452400E+02  0.452400E+02  0.100000E-01
     1       4525     1     2  0.452500E+02  0.452500E+02  0.100000E-01
     1       4526     1     2  0.452600E+02  0.452600E+02  0.100000E-01
     1       4527     1     2  0.452700E+02  0.452700E+02  0.100000E-01
     1       4528     1     2  0.452800E+02  0.452800E+02  0.100000E-01
     1       4529     1     2  0.452900E+02  0.452900E+02  0.100000E-01
     1       4530     1     2  0.453000E+02  0.453000E+02  0.100000E-01
     1       4531     1     2  0.453100E+02  0.453100E+02  0.100000E-01
     1       4532     1     2  0.453200E+02  0.453200E+02  0.100000E-01
     1       4533     1     2  0.453300E+02  0.453300E+02  0.100000E-01
     1       4534     1     2  0.453400E+02  0.453400E+02  0.100000E-01
     1       4535     1     2  0.453500E+02  0.453500E+02  0.100000E-01
     1       4536     1     2  0.453600E+02  0.453600E+02  0.100000E-01
     1       4537     1     2  0.453700E+02  0.453700E+02  0.100000E-01
     1       4538     1     2  0.453800E+02  0.453800E+02  0.100000E-01
     1       4539     1     2  0.453900E+02  0.453900E+02  0.100000E-01
     1       4540     1     2  0.454000E+02  0.454000E+02  0.100000E-01
     1       4541     1     2  0.454100E+02  0.454100E+02  0.100000E-01
     1       4542     1     2  0.454200E+02  0.454200E+02  0.100000E-01
     1       4543     1     2  0.454300E+02  0.454300E+02  0.100000E-01
     1       4544     1     2  0.454400E+02  0.454400E+02  0.100000E-01
     1       4545     1     2  0.454500E+02  0.454500E+02  0.100000E-01
     1       4546     1     2  0.454600E+02  0.454600E+02  0.100000E-01
     1       4547     1     2  0.454700E+02  0.454700E+02  0.100000E-01
     1       4548     1     2  0.454800E+02  0.454800E+02  0.100000E-01
     1       4549     1     2  0.454900E+02  0.454900E+02  0.100000E-01
     1       4550     1     2  0.455000E+02  0.455000E+02  0.100000E-01
     1       4551     1     2  0.455100E+02  0.455100E+02  0.100000E-01
     1       4552     1     2  0.455200E+02  0.455200E+02  0.100000E-01
     1       4553     1     2  0.455300E+02  0.455300E+02  0.100000E-01
     1       4554     1     2  0.455400E+02  0.455400E+02  0.100000E-01
     1       4555     1     2  0.455500E+02  0.455500E+02  0.100000E-01
     1       4556     1     2  0.455600E+02  0.455600E+02  0.100000E-01
     1       4557     1     2  0.455700E+02  0.455700E+02  0.100000E-01
     1       4558     1     2  0.455800E+02  0.455800E+02  0.100000E-01
     1       4559     1     2  0.455900E+02  0.455900E+02  0.100000E-01
     1       4560     1     2  0.456000E+02  0.456000E+02  0.100000E-01
     1       4561     1     2  0.456100E+02  0.456100E+02  0.100000E-01
     1       4562     1     2  0.456200E+02  0.456200E+02  0.100000E-01
     1       4563     1     2  0.456300E+02  0.456300E+02  0.100000E-01
     1       4564     1     2  0.456400E+02  0.456400E+02  0.100000E-01
     1       4565     1     2  0.456500E+02  0.456500E+02  0.100000E-01
     1       4566     1     2  0.456600E+02  0.456600E+02  0.100000E-01
     1       4567     1     2  0.456700E+02  0.456700E+02  0.100000E-01
     1       4568     1     2  0.456800E+02  0.456800E+02  0.100000E-01
     1       4569     1     2  0.456900E+02  0.456900E+02  0.100000E-01
     1       4570     1     2  0.457000E+02  0.457000E+02  0.100000E-01
     1       4571     1     2  0.457100E+02  0.457100E+02  0.100000E-01
     1       4572     1     2  0.457200E+02  0.457200E+02  0.100000E-01
     1       4573     1     2  0.457300E+02  0.457300E+02  0.100000E-01
     1       4574     1     2  0.457400E+02  0.457400E+02  0.100000E-01
     1       4575     1     2  0.457500E+02  0.457500E+02  0.100000E-01
     1       4576     1     2  0.457600E+02  0.457600E+02  0.100000E-01
     1       4577     1     2  0.457700E+02  0.457700E+02  0.100000E-01
     1       4578     1     2  0.457800E+02  0.457800E+02  0.100000E-01
     1       4579     1     2  0.457900E+02  0.457900E+02  0.100000E-01
     1       4580     1     2  0.458000E+02  0.458000E+02  0.100000E-01
     1       4581     1     2  0.458100E+02  0.458100E+02  0.100000E-01
     1       4582     1     2  0.458200E+02  0.458200E+02  0.100000E-01
     1       4583     1     2  0.458300E+02  0.458300E+02  0.100000E-01
     1       4584     1     2  0.458400E+02  0.458400E+02  0.100000E-01
     1       4585     1     2  0.458500E+02  0.458500E+02  0.100000E-01
     1       4586     1     2  0.458600E+02  0.458600E+02  0.100000E-01
     1       4587     1     2  0.458700E+02  0.458700E+02  0.100000E-01
     1       4588     1     2  0.458800E+02  0.458800E+02  0.100000E-01
     1       4589     1     2  0.458900E+02  0.458900E+02  0.100000E-01
     1       4590     1     2  0.459000E+02  0.459000E+02  0.100000E-01
     1       4591     1     2  0.459100E+02  0.459100E+02  0.100000E-01
     1       4592     1     2  0.459200E+02  0.459200E+02  0.100000E-01
     1       4593     1     2  0.459300E+02  0.459300E+02  0.100000E-01
     1       4594     1     2  0.459400E+02  0.459400E+02  0.100000E-01
     1       4595     1     2  0.459500E+02  0.459500E+02  0.100000E-01
     1       4596     1     2  0.459600E+02  0.459600E+02  0.100000E-01
     1       4597     1     2  0.459700E+02  0.459700E+02  0.100000E-01
     1       4598     1     2  0.459800E+02  0.459800E+02  0.100000E-01
     1       4599     1     2  0.459900E+02  0.459900E+02  0.100000E-01
     1       4600     1     2  0.460000E+02  0.460000E+02  0.100000E-01
     1       4601     1     2  0.460100E+02  0.460100E+02  0.100000E-01
     1       4602     1     2  0.460200E+02  0.460200E+02  0.100000E-01
     1       4603     1     2  0.460300E+02  0.460300E+02  0.100000E-01
     1       4604     1     2  0.460400E+02  0.460400E+02  0.100000E-01
     1       4605     1     2  0.460500E+02  0.460500E+02  0.100000E-01
     1       4606     1     2  0.460600E+02  0.460600E+02  0.100000E-01
     1       4607     1     2  0.460700E+02  0.460700E+02  0.100000E-01
     1       4608     1     2  0.460800E+02  0.460800E+02  0.100000E-01
     1       4609     1     2  0.460900E+02  0.460900E+02  0.100000E-01
     1       4610     1     2  0.461000E+02  0.461000E+02  0.100000E-01
     1       4611     1     2  0.461100E+02  0.461100E+02  0.100000E-01
     1       4612     1     2  0.461200E+02  0.461200E+02  0.100000E-01
     1       4613     1     2  0.461300E+02  0.461300E+02  0.100000E-01
     1       4614     1     2  0.461400E+02  0.461400E+02  0.100000E-01
     1       4615     1     2  0.461500E+02  0.461500E+02  0.100000E-01
     1       4616     1     2  0.461600E+02  0.461600E+02  0.100000E-01
     1       4617     1     2  0.461700E+02  0.461700E+02  0.100000E-01
     1       4618     1     2  0.461800E+02  0.461800E+02  0.100000E-01
     1       4619     1     2  0.461900E+02  0.461900E+02  0.100000E-01
     1       4620     1     2  0.462000E+02  0.462000E+02  0.100000E-01
     1       4621     1     2  0.462100E+02  0.462100E+02  0.100000E-01
     1       4622     1     2  0.462200E+02  0.462200E+02  0.100000E-01
     1       4623     1     2  0.462300E+02  0.462300E+02  0.100000E-01
     1       4624     1     2  0.462400E+02  0.462400E+02  0.100000E-01
     1       4625     1     2  0.462500E+02  0.462500E+02  0.100000E-01
     1       4626     1     2  0.462600E+02  0.462600E+02  0.100000E-01
     1       4627     1     2  0.462700E+02  0.462700E+02  0.100000E-01
     1       4628     1     2  0.462800E+02  0.462800E+02  0.100000E-01
     1       4629     1     2  0.462900E+02  0.462900E+02  0.100000E-01
     1       4630     1     2  0.463000E+02  0.463000E+02  0.100000E-01
     1       4631     1     2  0.463100E+02  0.463100E+02  0.100000E-01
     1       4632     1     2  0.463200E+02  0.463200E+02  0.100000E-01
     1       4633     1     2  0.463300E+02  0.463300E+02  0.100000E-01
     1       4634     1     2  0.463400E+02  0.463400E+02  0.100000E-01
     1       4635     1     2  0.463500E+02  0.463500E+02  0.100000E-01
     1       4636     1     2  0.463600E+02  0.463600E+02  0.100000E-01
     1       4637     1     2  0.463700E+02  0.463700E+02  0.100000E-01
     1       4638     1     2  0.463800E+02  0.463800E+02  0.100000E-01
     1       4639     1     2  0.463900E+02  0.463900E+02  0.100000E-01
     1       4640     1     2  0.464000E+02  0.464000E+02  0.100000E-01
     1       4641     1     2  0.464100E+02  0.464100E+02  0.100000E-01
     1       4642     1     2  0.464200E+02  0.464200E+02  0.100000E-01
     1       4643     1     2  0.464300E+02  0.464300E+02  0.100000E-01
     1       4644     1     2  0.464400E+02  0.464400E+02  0.100000E-01
     1       4645     1     2  0.464500E+02  0.464500E+02  0.100000E-01
     1       4646     1     2  0.464600E+02  0.464600E+02  0.100000E-01
     1       4647     1     2  0.464700E+02  0.464700E+02  0.100000E-01
     1       4648     1     2  0.464800E+02  0.464800E+02  0.100000E-01
     1       4649     1     2  0.464900E+02  0.464900E+02  0.100000E-01
     1       4650     1     2  0.465000E+02  0.465000E+02  0.100000E-01
     1       4651     1     2  0.465100E+02  0.465100E+02  0.100000E-01
     1       4652     1     2  0.465200E+02  0.465200E+02  0.100000E-01
     1       4653     1     2  0.465300E+02  0.465300E+02  0.100000E-01
     1       4654     1     2  0.465400E+02  0.465400E+02  0.100000E-01
     1       4655     1     2  0.465500E+02  0.465500E+02  0.100000E-01
     1       4656     1     2  0.465600E+02  0.465600E+02  0.100000E-01
     1       4657     1     2  0.465700E+02  0.465700E+02  0.100000E-01
     1       4658     1     2  0.465800E+02  0.465800E+02  0.100000E-01
     1       4659     1     2  0.465900E+02  0.465900E+02  0.100000E-01
     1       4660     1     2  0.466000E+02  0.466000E+02  0.100000E-01
     1       4661     1     2  0.466100E+02  0.466100E+02  0.100000E-01
     1       4662     1     2  0.466200E+02  0.466200E+02  0.100000E-01
     1       4663     1     2  0.466300E+02  0.466300E+02  0.100000E-01
     1       4664     1     2  0.466400E+02  0.466400E+02  0.100000E-01
     1       4665     1     2  0.466500E+02  0.466500E+02  0.100000E-01
     1       4666     1     2  0.466600E+02  0.466600E+02  0.100000E-01
     1       4667     1     2  0.466700E+02  0.466700E+02  0.100000E-01
     1       4668     1     2  0.466800E+02  0.466800E+02  0.100000E-01
     1       4669     1     2  0.466900E+02  0.466900E+02  0.100000E-01
     1       4670     1     2  0.467000E+02  0.467000E+02  0.100000E-01
     1       4671     1     2  0.467100E+02  0.467100E+02  0.100000E-01
     1       4672     1     2  0.467200E+02  0.467200E+02  0.100000E-01
     1       4673     1     2  0.467300E+02  0.467300E+02  0.100000E-01
     1       4674     1     2  0.467400E+02  0.467400E+02  0.100000E-01
     1       4675     1     2  0.467500E+02  0.467500E+02  0.100000E-01
     1       4676     1     2  0.467600E+02  0.467600E+02  0.100000E-01
     1       4677     1     2  0.467700E+02  0.467700E+02  0.100000E-01
     1       4678     1     2  0.467800E+02  0.467800E+02  0.100000E-01
     1       4679     1     2  0.467900E+02  0.467900E+02  0.100000E-01
     1       4680     1     2  0.468000E+02  0.468000E+02  0.100000E-01
     1       4681     1     2  0.468100E+02  0.468100E+02  0.100000E-01
     1       4682     1     2  0.468200E+02  0.468200E+02  0.100000E-01
     1       4683     1     2  0.468300E+02  0.468300E+02  0.100000E-01
     1       4684     1     2  0.468400E+02  0.468400E+02  0.100000E-01
     1       4685     1     2  0.468500E+02  0.468500E+02  0.100000E-01
     1       4686     1     2  0.468600E+02  0.468600E+02  0.100000E-01
     1       4687     1     2  0.468700E+02  0.468700E+02  0.100000E-01
     1       4688     1     2  0.468800E+02  0.468800E+02  0.100000E-01
     1       4689     1     2  0.468900E+02  0.468900E+02  0.100000E-01
     1       4690     1     2  0.469000E+02  0.469000E+02  0.100000E-01
     1       4691     1     2  0.469100E+02  0.469100E+02  0.100000E-01
     1       4692     1     2  0.469200E+02  0.469200E+02  0.100000E-01
     1       4693     1     2  0.469300E+02  0.469300E+02  0.100000E-01
     1       4694     1     2  0.469400E+02  0.469400E+02  0.100000E-01
     1       4695     1     2  0.469500E+02  0.469500E+02  0.100000E-01
     1       4696     1     2  0.469600E+02  0.469600E+02  0.100000E-01
     1       4697     1     2  0.469700E+02  0.469700E+02  0.100000E-01
     1       4698     1     2  0.469800E+02  0.469800E+02  0.100000E-01
     1       4699     1     2  0.469900E+02  0.469900E+02  0.100000E-01
     1       4700     1     2  0.470000E+02  0.470000E+02  0.100000E-01
     1       4701     1     2  0.470100E+02  0.470100E+02  0.100000E-01
     1       4702     1     2  0.470200E+02  0.470200E+02  0.100000E-01
     1       4703     1     2  0.470300E+02  0.470300E+02  0.100000E-01
     1       4704     1     2  0.470400E+02  0.470400E+02  0.100000E-01
     1       4705     1     2  0.470500E+02  0.470500E+02  0.100000E-01
     1       4706     1     2  0.470600E+02  0.470600E+02  0.100000E-01
     1       4707     1     2  0.470700E+02  0.470700E+02  0.100000E-01
     1       4708     1     2  0.470800E+02  0.470800E+02  0.100000E-01
     1       4709     1     2  0.470900E+02  0.470900E+02  0.100000E-01
     1       4710     1     2  0.471000E+02  0.471000E+02  0.100000E-01
     1       4711     1     2  0.471100E+02  0.471100E+02  0.100000E-01
     1       4712     1     2  0.471200E+02  0.471200E+02  0.100000E-01
     1       4713     1     2  0.471300E+02  0.471300E+02  0.100000E-01
     1       4714     1     2  0.471400E+02  0.471400E+02  0.100000E-01
     1       4715     1     2  0.471500E+02  0.471500E+02  0.100000E-01
     1       4716     1     2  0.471600E+02  0.471600E+02  0.100000E-01
     1       4717     1     2  0.471700E+02  0.471700E+02  0.100000E-01
     1       4718     1     2  0.471800E+02  0.471800E+02  0.100000E-01
     1       4719     1     2  0.471900E+02  0.471900E+02  0.100000E-01
     1       4720     1     2  0.472000E+02  0.472000E+02  0.100000E-01
     1       4721     1     2  0.472100E+02  0.472100E+02  0.100000E-01
     1       4722     1     2  0.472200E+02  0.472200E+02  0.100000E-01
     1       4723     1     2  0.472300E+02  0.472300E+02  0.100000E-01
     1       4724     1     2  0.472400E+02  0.472400E+02  0.100000E-01
     1       4725     1     2  0.472500E+02  0.472500E+02  0.100000E-01
     1       4726     1     2  0.472600E+02  0.472600E+02  0.100000E-01
     1       4727     1     2  0.472700E+02  0.472700E+02  0.100000E-01
     1       4728     1     2  0.472800E+02  0.472800E+02  0.100000E-01
     1       4729     1     2  0.472900E+02  0.472900E+02  0.100000E-01
     1       4730     1     2  0.473000E+02  0.473000E+02  0.100000E-01
     1       4731     1     2  0.473100E+02  0.473100E+02  0.100000E-01
     1       4732     1     2  0.473200E+02  0.473200E+02  0.100000E-01
     1       4733     1     2  0.473300E+02  0.473300E+02  0.100000E-01
     1       4734     1     2  0.473400E+02  0.473400E+02  0.100000E-01
     1       4735     1     2  0.473500E+02  0.473500E+02  0.100000E-01
     1       4736     1     2  0.473600E+02  0.473600E+02  0.100000E-01
     1       4737     1     2  0.473700E+02  0.473700E+02  0.100000E-01
     1       4738     1     2  0.473800E+02  0.473800E+02  0.100000E-01
     1       4739     1     2  0.473900E+02  0.473900E+02  0.100000E-01
     1       4740     1     2  0.474000E+02  0.474000E+02  0.100000E-01
     1       4741     1     2  0.474100E+02  0.474100E+02  0.100000E-01
     1       4742     1     2  0.474200E+02  0.474200E+02  0.100000E-01
     1       4743     1     2  0.474300E+02  0.474300E+02  0.100000E-01
     1       4744     1     2  0.474400E+02  0.474400E+02  0.100000E-01
     1       4745     1     2  0.474500E+02  0.474500E+02  0.100000E-01
     1       4746     1     2  0.474600E+02  0.474600E+02  0.100000E-01
     1       4747     1     2  0.474700E+02  0.474700E+02  0.100000E-01
     1       4748     1     2  0.474800E+02  0.474800E+02  0.100000E-01
     1       4749     1     2  0.474900E+02  0.474900E+02  0.100000E-01
     1       4750     1     2  0.475000E+02  0.475000E+02  0.100000E-01
     1       4751     1     2  0.475100E+02  0.475100E+02  0.100000E-01
     1       4752     1     2  0.475200E+02  0.475200E+02  0.100000E-01
     1       4753     1     2  0.475300E+02  0.475300E+02  0.100000E-01
     1       4754     1     2  0.475400E+02  0.475400E+02  0.100000E-01
     1       4755     1     2  0.475500E+02  0.475500E+02  0.100000E-01
     1       4756     1     2  0.475600E+02  0.475600E+02  0.100000E-01
     1       4757     1     2  0.475700E+02  0.475700E+02  0.100000E-01
     1       4758     1     2  0.475800E+02  0.475800E+02  0.100000E-01
     1       4759     1     2  0.475900E+02  0.475900E+02  0.100000E-01
     1       4760     1     2  0.476000E+02  0.476000E+02  0.100000E-01
     1       4761     1     2  0.476100E+02  0.476100E+02  0.100000E-01
     1       4762     1     2  0.476200E+02  0.476200E+02  0.100000E-01
     1       4763     1     2  0.476300E+02  0.476300E+02  0.100000E-01
     1       4764     1     2  0.476400E+02  0.476400E+02  0.100000E-01
     1       4765     1     2  0.476500E+02  0.476500E+02  0.100000E-01
     1       4766     1     2  0.476600E+02  0.476600E+02  0.100000E-01
     1       4767     1     2  0.476700E+02  0.476700E+02  0.100000E-01
     1       4768     1     2  0.476800E+02  0.476800E+02  0.100000E-01
     1       4769     1     2  0.476900E+02  0.476900E+02  0.100000E-01
     1       4770     1     2  0.477000E+02  0.477000E+02  0.100000E-01
     1       4771     1     2  0.477100E+02  0.477100E+02  0.100000E-01
     1       4772     1     2  0.477200E+02  0.477200E+02  0.100000E-01
     1       4773     1     2  0.477300E+02  0.477300E+02  0.100000E-01
     1       4774     1     2  0.477400E+02  0.477400E+02  0.100000E-01
     1       4775     1     2  0.477500E+02  0.477500E+02  0.100000E-01
     1       4776     1     2  0.477600E+02  0.477600E+02  0.100000E-01
     1       4777     1     2  0.477700E+02  0.477700E+02  0.100000E-01
     1       4778     1     2  0.477800E+02  0.477800E+02  0.100000E-01
     1       4779     1     2  0.477900E+02  0.477900E+02  0.100000E-01
     1       4780     1     2  0.478000E+02  0.478000E+02  0.100000E-01
     1       4781     1     2  0.478100E+02  0.478100E+02  0.100000E-01
     1       4782     1     2  0.478200E+02  0.478200E+02  0.100000E-01
     1       4783     1     2  0.478300E+02  0.478300E+02  0.100000E-01
     1       4784     1     2  0.478400E+02  0.478400E+02  0.100000E-01
     1       4785     1     2  0.478500E+02  0.478500E+02  0.100000E-01
     1       4786     1     2  0.478600E+02  0.478600E+02  0.100000E-01
     1       4787     1     2  0.478700E+02  0.478700E+02  0.100000E-01
     1       4788     1     2  0.478800E+02  0.478800E+02  0.100000E-01
     1       4789     1     2  0.478900E+02  0.478900E+02  0.100000E-01
     1       4790     1     2  0.479000E+02  0.479000E+02  0.100000E-01
     1       4791     1     2  0.479100E+02  0.479100E+02  0.100000E-01
     1       4792     1     2  0.479200E+02  0.479200E+02  0.100000E-01
     1       4793     1     2  0.479300E+02  0.479300E+02  0.100000E-01
     1       4794     1     2  0.479400E+02  0.479400E+02  0.100000E-01
     1       4795     1     2  0.479500E+02  0.479500E+02  0.100000E-01
     1       4796     1     2  0.479600E+02  0.479600E+02  0.100000E-01
     1       4797     1     2  0.479700E+02  0.479700E+02  0.100000E-01
     1       4798     1     2  0.479800E+02  0.479800E+02  0.100000E-01
     1       4799     1     2  0.479900E+02  0.479900E+02  0.100000E-01
     1       4800     1     2  0.480000E+02  0.480000E+02  0.100000E-01
     1       4801     1     2  0.480100E+02  0.480100E+02  0.100000E-01
     1       4802     1     2  0.480200E+02  0.480200E+02  0.100000E-01
     1       4803     1     2  0.480300E+02  0.480300E+02  0.100000E-01
     1       4804     1     2  0.480400E+02  0.480400E+02  0.100000E-01
     1       4805     1     2  0.480500E+02  0.480500E+02  0.100000E-01
     1       4806     1     2  0.480600E+02  0.480600E+02  0.100000E-01
     1       4807     1     2  0.480700E+02  0.480700E+02  0.100000E-01
     1       4808     1     2  0.480800E+02  0.480800E+02  0.100000E-01
     1       4809     1     2  0.480900E+02  0.480900E+02  0.100000E-01
     1       4810     1     2  0.481000E+02  0.481000E+02  0.100000E-01
     1       4811     1     2  0.481100E+02  0.481100E+02  0.100000E-01
     1       4812     1     2  0.481200E+02  0.481200E+02  0.100000E-01
     1       4813     1     2  0.481300E+02  0.481300E+02  0.100000E-01
     1       4814     1     2  0.481400E+02  0.481400E+02  0.100000E-01
     1       4815     1     2  0.481500E+02  0.481500E+02  0.100000E-01
     1       4816     1     2  0.481600E+02  0.481600E+02  0.100000E-01
     1       4817     1     2  0.481700E+02  0.481700E+02  0.100000E-01
     1       4818     1     2  0.481800E+02  0.481800E+02  0.100000E-01
     1       4819     1     2  0.481900E+02  0.481900E+02  0.100000E-01
     1       4820     1     2  0.482000E+02  0.482000E+02  0.100000E-01
     1       4821     1     2  0.482100E+02  0.482100E+02  0.100000E-01
     1       4822     1     2  0.482200E+02  0.482200E+02  0.100000E-01
     1       4823     1     2  0.482300E+02  0.482300E+02  0.100000E-01
     1       4824     1     2  0.482400E+02  0.482400E+02  0.100000E-01
     1       4825     1     2  0.482500E+02  0.482500E+02  0.100000E-01
     1       4826     1     2  0.482600E+02  0.482600E+02  0.100000E-01
     1       4827     1     2  0.482700E+02  0.482700E+02  0.100000E-01
     1       4828     1     2  0.482800E+02  0.482800E+02  0.100000E-01
     1       4829     1     2  0.482900E+02  0.482900E+02  0.100000E-01
     1       4830     1     2  0.483000E+02  0.483000E+02  0.100000E-01
     1       4831     1     2  0.483100E+02  0.483100E+02  0.100000E-01
     1       4832     1     2  0.483200E+02  0.483200E+02  0.100000E-01
     1       4833     1     2  0.483300E+02  0.483300E+02  0.100000E-01
     1       4834     1     2  0.483400E+02  0.483400E+02  0.100000E-01
     1       4835     1     2  0.483500E+02  0.483500E+02  0.100000E-01
     1       4836     1     2  0.483600E+02  0.483600E+02  0.100000E-01
     1       4837     1     2  0.483700E+02  0.483700E+02  0.100000E-01
     1       4838     1     2  0.483800E+02  0.483800E+02  0.100000E-01
     1       4839     1     2  0.483900E+02  0.483900E+02  0.100000E-01
     1       4840     1     2  0.484000E+02  0.484000E+02  0.100000E-01
     1       4841     1     2  0.484100E+02  0.484100E+02  0.100000E-01
     1       4842     1     2  0.484200E+02  0.484200E+02  0.100000E-01
     1       4843     1     2  0.484300E+02  0.484300E+02  0.100000E-01
     1       4844     1     2  0.484400E+02  0.484400E+02  0.100000E-01
     1       4845     1     2  0.484500E+02  0.484500E+02  0.100000E-01
     1       4846     1     2  0.484600E+02  0.484600E+02  0.100000E-01
     1       4847     1     2  0.484700E+02  0.484700E+02  0.100000E-01
     1       4848     1     2  0.484800E+02  0.484800E+02  0.100000E-01
     1       4849     1     2  0.484900E+02  0.484900E+02  0.100000E-01
     1       4850     1     2  0.485000E+02  0.485000E+02  0.100000E-01
     1       4851     1     2  0.485100E+02  0.485100E+02  0.100000E-01
     1       4852     1     2  0.485200E+02  0.485200E+02  0.100000E-01
     1       4853     1     2  0.485300E+02  0.485300E+02  0.100000E-01
     1       4854     1     2  0.485400E+02  0.485400E+02  0.100000E-01
     1       4855     1     2  0.485500E+02  0.485500E+02  0.100000E-01
     1       4856     1     2  0.485600E+02  0.485600E+02  0.100000E-01
     1       4857     1     2  0.485700E+02  0.485700E+02  0.100000E-01
     1       4858     1     2  0.485800E+02  0.485800E+02  0.100000E-01
     1       4859     1     2  0.485900E+02  0.485900E+02  0.100000E-01
     1       4860     1     2  0.486000E+02  0.486000E+02  0.100000E-01
     1       4861     1     2  0.486100E+02  0.486100E+02  0.100000E-01
     1       4862     1     2  0.486200E+02  0.486200E+02  0.100000E-01
     1       4863     1     2  0.486300E+02  0.486300E+02  0.100000E-01
     1       4864     1     2  0.486400E+02  0.486400E+02  0.100000E-01
     1       4865     1     2  0.486500E+02  0.486500E+02  0.100000E-01
     1       4866     1     2  0.486600E+02  0.486600E+02  0.100000E-01
     1       4867     1     2  0.486700E+02  0.486700E+02  0.100000E-01
     1       4868     1     2  0.486800E+02  0.486800E+02  0.100000E-01
     1       4869     1     2  0.486900E+02  0.486900E+02  0.100000E-01
     1       4870     1     2  0.487000E+02  0.487000E+02  0.100000E-01
     1       4871     1     2  0.487100E+02  0.487100E+02  0.100000E-01
     1       4872     1     2  0.487200E+02  0.487200E+02  0.100000E-01
     1       4873     1     2  0.487300E+02  0.487300E+02  0.100000E-01
     1       4874     1     2  0.487400E+02  0.487400E+02  0.100000E-01
     1       4875     1     2  0.487500E+02  0.487500E+02  0.100000E-01
     1       4876     1     2  0.487600E+02  0.487600E+02  0.100000E-01
     1       4877     1     2  0.487700E+02  0.487700E+02  0.100000E-01
     1       4878     1     2  0.487800E+02  0.487800E+02  0.100000E-01
     1       4879     1     2  0.487900E+02  0.487900E+02  0.100000E-01
     1       4880     1     2  0.488000E+02  0.488000E+02  0.100000E-01
     1       4881     1     2  0.488100E+02  0.488100E+02  0.100000E-01
     1       4882     1     2  0.488200E+02  0.488200E+02  0.100000E-01
     1       4883     1     2  0.488300E+02  0.488300E+02  0.100000E-01
     1       4884     1     2  0.488400E+02  0.488400E+02  0.100000E-01
     1       4885     1     2  0.488500E+02  0.488500E+02  0.100000E-01
     1       4886     1     2  0.488600E+02  0.488600E+02  0.100000E-01
     1       4887     1     2  0.488700E+02  0.488700E+02  0.100000E-01
     1       4888     1     2  0.488800E+02  0.488800E+02  0.100000E-01
     1       4889     1     2  0.488900E+02  0.488900E+02  0.100000E-01
     1       4890     1     2  0.489000E+02  0.489000E+02  0.100000E-01
     1       4891     1     2  0.489100E+02  0.489100E+02  0.100000E-01
     1       4892     1     2  0.489200E+02  0.489200E+02  0.100000E-01
     1       4893     1     2  0.489300E+02  0.489300E+02  0.100000E-01
     1       4894     1     2  0.489400E+02  0.489400E+02  0.100000E-01
     1       4895     1     2  0.489500E+02  0.489500E+02  0.100000E-01
     1       4896     1     2  0.489600E+02  0.489600E+02  0.100000E-01
     1       4897     1     2  0.489700E+02  0.489700E+02  0.100000E-01
     1       4898     1     2  0.489800E+02  0.489800E+02  0.100000E-01
     1       4899     1     2  0.489900E+02  0.489900E+02  0.100000E-01
     1       4900     1     2  0.490000E+02  0.490000E+02  0.100000E-01
     1       4901     1     2  0.490100E+02  0.490100E+02  0.100000E-01
     1       4902     1     2  0.490200E+02  0.490200E+02  0.100000E-01
     1       4903     1     2  0.490300E+02  0.490300E+02  0.100000E-01
     1       4904     1     2  0.490400E+02  0.490400E+02  0.100000E-01
     1       4905     1     2  0.490500E+02  0.490500E+02  0.100000E-01
     1       4906     1     2  0.490600E+02  0.490600E+02  0.100000E-01
     1       4907     1     2  0.490700E+02  0.490700E+02  0.100000E-01
     1       4908     1     2  0.490800E+02  0.490800E+02  0.100000E-01
     1       4909     1     2  0.490900E+02  0.490900E+02  0.100000E-01
     1       4910     1     2  0.491000E+02  0.491000E+02  0.100000E-01
     1       4911     1     2  0.491100E+02  0.491100E+02  0.100000E-01
     1       4912     1     2  0.491200E+02  0.491200E+02  0.100000E-01
     1       4913     1     2  0.491300E+02  0.491300E+02  0.100000E-01
     1       4914     1     2  0.491400E+02  0.491400E+02  0.100000E-01
     1       4915     1     2  0.491500E+02  0.491500E+02  0.100000E-01
     1       4916     1     2  0.491600E+02  0.491600E+02  0.100000E-01
     1       4917     1     2  0.491700E+02  0.491700E+02  0.100000E-01
     1       4918     1     2  0.491800E+02  0.491800E+02  0.100000E-01
     1       4919     1     2  0.491900E+02  0.491900E+02  0.100000E-01
     1       4920     1     2  0.492000E+02  0.492000E+02  0.100000E-01
     1       4921     1     2  0.492100E+02  0.492100E+02  0.100000E-01
     1       4922     1     2  0.492200E+02  0.492200E+02  0.100000E-01
     1       4923     1     2  0.492300E+02  0.492300E+02  0.100000E-01
     1       4924     1     2  0.492400E+02  0.492400E+02  0.100000E-01
     1       4925     1     2  0.492500E+02  0.492500E+02  0.100000E-01
     1       4926     1     2  0.492600E+02  0.492600E+02  0.100000E-01
     1       4927     1     2  0.492700E+02  0.492700E+02  0.100000E-01
     1       4928     1     2  0.492800E+02  0.492800E+02  0.100000E-01
     1       4929     1     2  0.492900E+02  0.492900E+02  0.100000E-01
     1       4930     1     2  0.493000E+02  0.493000E+02  0.100000E-01
     1       4931     1     2  0.493100E+02  0.493100E+02  0.100000E-01
     1       4932     1     2  0.493200E+02  0.493200E+02  0.100000E-01
     1       4933     1     2  0.493300E+02  0.493300E+02  0.100000E-01
     1       4934     1     2  0.493400E+02  0.493400E+02  0.100000E-01
     1       4935     1     2  0.493500E+02  0.493500E+02  0.100000E-01
     1       4936     1     2  0.493600E+02  0.493600E+02  0.100000E-01
     1       4937     1     2  0.493700E+02  0.493700E+02  0.100000E-01
     1       4938     1     2  0.493800E+02  0.493800E+02  0.100000E-01
     1       4939     1     2  0.493900E+02  0.493900E+02  0.100000E-01
     1       4940     1     2  0.494000E+02  0.494000E+02  0.100000E-01
     1       4941     1     2  0.494100E+02  0.494100E+02  0.100000E-01
     1       4942     1     2  0.494200E+02  0.494200E+02  0.100000E-01
     1       4943     1     2  0.494300E+02  0.494300E+02  0.100000E-01
     1       4944     1     2  0.494400E+02  0.494400E+02  0.100000E-01
     1       4945     1     2  0.494500E+02  0.494500E+02  0.100000E-01
     1       4946     1     2  0.494600E+02  0.494600E+02  0.100000E-01
     1       4947     1     2  0.494700E+02  0.494700E+02  0.100000E-01
     1       4948     1     2  0.494800E+02  0.494800E+02  0.100000E-01
     1       4949     1     2  0.494900E+02  0.494900E+02  0.100000E-01
     1       4950     1     2  0.495000E+02  0.495000E+02  0.100000E-01
     1       4951     1     2  0.495100E+02  0.495100E+02  0.100000E-01
     1       4952     1     2  0.495200E+02  0.495200E+02  0.100000E-01
     1       4953     1     2  0.495300E+02  0.495300E+02  0.100000E-01
     1       4954     1     2  0.495400E+02  0.495400E+02  0.100000E-01
     1       4955     1     2  0.495500E+02  0.495500E+02  0.100000E-01
     1       4956     1     2  0.495600E+02  0.495600E+02  0.100000E-01
     1       4957     1     2  0.495700E+02  0.495700E+02  0.100000E-01
     1       4958     1     2  0.495800E+02  0.495800E+02  0.100000E-01
     1       4959     1     2  0.495900E+02  0.495900E+02  0.100000E-01
     1       4960     1     2  0.496000E+02  0.496000E+02  0.100000E-01
     1       4961     1     2  0.496100E+02  0.496100E+02  0.100000E-01
     1       4962     1     2  0.496200E+02  0.496200E+02  0.100000E-01
     1       4963     1     2  0.496300E+02  0.496300E+02  0.100000E-01
     1       4964     1     2  0.496400E+02  0.496400E+02  0.100000E-01
     1       4965     1     2  0.496500E+02  0.496500E+02  0.100000E-01
     1       4966     1     2  0.496600E+02  0.496600E+02  0.100000E-01
     1       4967     1     2  0.496700E+02  0.496700E+02  0.100000E-01
     1       4968     1     2  0.496800E+02  0.496800E+02  0.100000E-01
     1       4969     1     2  0.496900E+02  0.496900E+02  0.100000E-01
     1       4970     1     2  0.497000E+02  0.497000E+02  0.100000E-01
     1       4971     1     2  0.497100E+02  0.497100E+02  0.100000E-01
     1       4972     1     2  0.497200E+02  0.497200E+02  0.100000E-01
     1       4973     1     2  0.497300E+02  0.497300E+02  0.100000E-01
     1       4974     1     2  0.497400E+02  0.497400E+02  0.100000E-01
     1       4975     1     2  0.497500E+02  0.497500E+02  0.100000E-01
     1       4976     1     2  0.497600E+02  0.497600E+02  0.100000E-01
     1       4977     1     2  0.497700E+02  0.497700E+02  0.100000E-01
     1       4978     1     2  0.497800E+02  0.497800E+02  0.100000E-01
     1       4979     1     2  0.497900E+02  0.497900E+02  0.100000E-01
     1       4980     1     2  0.498000E+02  0.498000E+02  0.100000E-01
     1       4981     1     2  0.498100E+02  0.498100E+02  0.100000E-01
     1       4982     1     2  0.498200E+02  0.498200E+02  0.100000E-01
     1       4983     1     2  0.498300E+02  0.498300E+02  0.100000E-01
     1       4984     1     2  0.498400E+02  0.498400E+02  0.100000E-01
     1       4985     1     2  0.498500E+02  0.498500E+02  0.100000E-01
     1       4986     1     2  0.498600E+02  0.498600E+02  0.100000E-01
     1       4987     1     2  0.498700E+02  0.498700E+02  0.100000E-01
     1       4988     1     2  0.498800E+02  0.498800E+02  0.100000E-01
     1       4989     1     2  0.498900E+02  0.498900E+02  0.100000E-01
     1       4990     1     2  0.499000E+02  0.499000E+02  0.100000E-01
     1       4991     1     2  0.499100E+02  0.499100E+02  0.100000E-01
     1       4992     1     2  0.499200E+02  0.499200E+02  0.100000E-01
     1       4993     1     2  0.499300E+02  0.499300E+02  0.100000E-01
     1       4994     1     2  0.499400E+02  0.499400E+02  0.100000E-01
     1       4995     1     2  0.499500E+02  0.499500E+02  0.100000E-01
     1       4996     1     2  0.499600E+02  0.499600E+02  0.100000E-01
     1       4997     1     2  0.499700E+02  0.499700E+02  0.100000E-01
     1       4998     1     2  0.499800E+02  0.499800E+02  0.100000E-01
     1       4999     1     2  0.499900E+02  0.499900E+02  0.100000E-01
     1       5000     1     2  0.500000E+02  0.500000E+02  0.100000E-01
     1       5001     1     2  0.500100E+02  0.500100E+02  0.100000E-01
     1       5002     1     2  0.500200E+02  0.500200E+02  0.100000E-01
     1       5003     1     2  0.500300E+02  0.500300E+02  0.100000E-01
     1       5004     1     2  0.500400E+02  0.500400E+02  0.100000E-01
     1       5005     1     2  0.500500E+02  0.500500E+02  0.100000E-01
     1       5006     1     2  0.500600E+02  0.500600E+02  0.100000E-01
     1       5007     1     2  0.500700E+02  0.500700E+02  0.100000E-01
     1       5008     1     2  0.500800E+02  0.500800E+02  0.100000E-01
     1       5009     1     2  0.500900E+02  0.500900E+02  0.100000E-01
     1       5010     1     2  0.501000E+02  0.501000E+02  0.100000E-01
     1       5011     1     2  0.501100E+02  0.501100E+02  0.100000E-01
     1       5012     1     2  0.501200E+02  0.501200E+02  0.100000E-01
     1       5013     1     2  0.501300E+02  0.501300E+02  0.100000E-01
     1       5014     1     2  0.501400E+02  0.501400E+02  0.100000E-01
     1       5015     1     2  0.501500E+02  0.501500E+02  0.100000E-01
     1       5016     1     2  0.501600E+02  0.501600E+02  0.100000E-01
     1       5017     1     2  0.501700E+02  0.501700E+02  0.100000E-01
     1       5018     1     2  0.501800E+02  0.501800E+02  0.100000E-01
     1       5019     1     2  0.501900E+02  0.501900E+02  0.100000E-01
     1       5020     1     2  0.502000E+02  0.502000E+02  0.100000E-01
     1       5021     1     2  0.502100E+02  0.502100E+02  0.100000E-01
     1       5022     1     2  0.502200E+02  0.502200E+02  0.100000E-01
     1       5023     1     2  0.502300E+02  0.502300E+02  0.100000E-01
     1       5024     1     2  0.502400E+02  0.502400E+02  0.100000E-01
     1       5025     1     2  0.502500E+02  0.502500E+02  0.100000E-01
     1       5026     1     2  0.502600E+02  0.502600E+02  0.100000E-01
     1       5027     1     2  0.502700E+02  0.502700E+02  0.100000E-01
     1       5028     1     2  0.502800E+02  0.502800E+02  0.100000E-01
     1       5029     1     2  0.502900E+02  0.502900E+02  0.100000E-01
     1       5030     1     2  0.503000E+02  0.503000E+02  0.100000E-01
     1       5031     1     2  0.503100E+02  0.503100E+02  0.100000E-01
     1       5032     1     2  0.503200E+02  0.503200E+02  0.100000E-01
     1       5033     1     2  0.503300E+02  0.503300E+02  0.100000E-01
     1       5034     1     2  0.503400E+02  0.503400E+02  0.100000E-01
     1       5035     1     2  0.503500E+02  0.503500E+02  0.100000E-01
     1       5036     1     2  0.503600E+02  0.503600E+02  0.100000E-01
     1       5037     1     2  0.503700E+02  0.503700E+02  0.100000E-01
     1       5038     1     2  0.503800E+02  0.503800E+02  0.100000E-01
     1       5039     1     2  0.503900E+02  0.503900E+02  0.100000E-01
     1       5040     1     2  0.504000E+02  0.504000E+02  0.100000E-01
     1       5041     1     2  0.504100E+02  0.504100E+02  0.100000E-01
     1       5042     1     2  0.504200E+02  0.504200E+02  0.100000E-01
     1       5043     1     2  0.504300E+02  0.504300E+02  0.100000E-01
     1       5044     1     2  0.504400E+02  0.504400E+02  0.100000E-01
     1       5045     1     2  0.504500E+02  0.504500E+02  0.100000E-01
     1       5046     1     2  0.504600E+02  0.504600E+02  0.100000E-01
     1       5047     1     2  0.504700E+02  0.504700E+02  0.100000E-01
     1       5048     1     2  0.504800E+02  0.504800E+02  0.100000E-01
     1       5049     1     2  0.504900E+02  0.504900E+02  0.100000E-01
     1       5050     1     2  0.505000E+02  0.505000E+02  0.100000E-01
     1       5051     1     2  0.505100E+02  0.505100E+02  0.100000E-01
     1       5052     1     2  0.505200E+02  0.505200E+02  0.100000E-01
     1       5053     1     2  0.505300E+02  0.505300E+02  0.100000E-01
     1       5054     1     2  0.505400E+02  0.505400E+02  0.100000E-01
     1       5055     1     2  0.505500E+02  0.505500E+02  0.100000E-01
     1       5056     1     2  0.505600E+02  0.505600E+02  0.100000E-01
     1       5057     1     2  0.505700E+02  0.505700E+02  0.100000E-01
     1       5058     1     2  0.505800E+02  0.505800E+02  0.100000E-01
     1       5059     1     2  0.505900E+02  0.505900E+02  0.100000E-01
     1       5060     1     2  0.506000E+02  0.506000E+02  0.100000E-01
     1       5061     1     2  0.506100E+02  0.506100E+02  0.100000E-01
     1       5062     1     2  0.506200E+02  0.506200E+02  0.100000E-01
     1       5063     1     2  0.506300E+02  0.506300E+02  0.100000E-01
     1       5064     1     2  0.506400E+02  0.506400E+02  0.100000E-01
     1       5065     1     2  0.506500E+02  0.506500E+02  0.100000E-01
     1       5066     1     2  0.506600E+02  0.506600E+02  0.100000E-01
     1       5067     1     2  0.506700E+02  0.506700E+02  0.100000E-01
     1       5068     1     2  0.506800E+02  0.506800E+02  0.100000E-01
     1       5069     1     2  0.506900E+02  0.506900E+02  0.100000E-01
     1       5070     1     2  0.507000E+02  0.507000E+02  0.100000E-01
     1       5071     1     2  0.507100E+02  0.507100E+02  0.100000E-01
     1       5072     1     2  0.507200E+02  0.507200E+02  0.100000E-01
     1       5073     1     2  0.507300E+02  0.507300E+02  0.100000E-01
     1       5074     1     2  0.507400E+02  0.507400E+02  0.100000E-01
     1       5075     1     2  0.507500E+02  0.507500E+02  0.100000E-01
     1       5076     1     2  0.507600E+02  0.507600E+02  0.100000E-01
     1       5077     1     2  0.507700E+02  0.507700E+02  0.100000E-01
     1       5078     1     2  0.507800E+02  0.507800E+02  0.100000E-01
     1       5079     1     2  0.507900E+02  0.507900E+02  0.100000E-01
     1       5080     1     2  0.508000E+02  0.508000E+02  0.100000E-01
     1       5081     1     2  0.508100E+02  0.508100E+02  0.100000E-01
     1       5082     1     2  0.508200E+02  0.508200E+02  0.100000E-01
     1       5083     1     2  0.508300E+02  0.508300E+02  0.100000E-01
     1       5084     1     2  0.508400E+02  0.508400E+02  0.100000E-01
     1       5085     1     2  0.508500E+02  0.508500E+02  0.100000E-01
     1       5086     1     2  0.508600E+02  0.508600E+02  0.100000E-01
     1       5087     1     2  0.508700E+02  0.508700E+02  0.100000E-01
     1       5088     1     2  0.508800E+02  0.508800E+02  0.100000E-01
     1       5089     1     2  0.508900E+02  0.508900E+02  0.100000E-01
     1       5090     1     2  0.509000E+02  0.509000E+02  0.100000E-01
     1       5091     1     2  0.509100E+02  0.509100E+02  0.100000E-01
     1       5092     1     2  0.509200E+02  0.509200E+02  0.100000E-01
     1       5093     1     2  0.509300E+02  0.509300E+02  0.100000E-01
     1       5094     1     2  0.509400E+02  0.509400E+02  0.100000E-01
     1       5095     1     2  0.509500E+02  0.509500E+02  0.100000E-01
     1       5096     1     2  0.509600E+02  0.509600E+02  0.100000E-01
     1       5097     1     2  0.509700E+02  0.509700E+02  0.100000E-01
     1       5098     1     2  0.509800E+02  0.509800E+02  0.100000E-01
     1       5099     1     2  0.509900E+02  0.509900E+02  0.100000E-01
     1       5100     1     2  0.510000E+02  0.510000E+02  0.100000E-01
     1       5101     1     2  0.510100E+02  0.510100E+02  0.100000E-01
     1       5102     1     2  0.510200E+02  0.510200E+02  0.100000E-01
     1       5103     1     2  0.510300E+02  0.510300E+02  0.100000E-01
     1       5104     1     2  0.510400E+02  0.510400E+02  0.100000E-01
     1       5105     1     2  0.510500E+02  0.510500E+02  0.100000E-01
     1       5106     1     2  0.510600E+02  0.510600E+02  0.100000E-01
     1       5107     1     2  0.510700E+02  0.510700E+02  0.100000E-01
     1       5108     1     2  0.510800E+02  0.510800E+02  0.100000E-01
     1       5109     1     2  0.510900E+02  0.510900E+02  0.100000E-01
     1       5110     1     2  0.511000E+02  0.511000E+02  0.100000E-01
     1       5111     1     2  0.511100E+02  0.511100E+02  0.100000E-01
     1       5112     1     2  0.511200E+02  0.511200E+02  0.100000E-01
     1       5113     1     2  0.511300E+02  0.511300E+02  0.100000E-01
     1       5114     1     2  0.511400E+02  0.511400E+02  0.100000E-01
     1       5115     1     2  0.511500E+02  0.511500E+02  0.100000E-01
     1       5116     1     2  0.511600E+02  0.511600E+02  0.100000E-01
     1       5117     1     2  0.511700E+02  0.511700E+02  0.100000E-01
     1       5118     1     2  0.511800E+02  0.511800E+02  0.100000E-01
     1       5119     1     2  0.511900E+02  0.511900E+02  0.100000E-01
     1       5120     1     2  0.512000E+02  0.512000E+02  0.100000E-01
     1       5121     1     2  0.512100E+02  0.512100E+02  0.100000E-01
     1       5122     1     2  0.512200E+02  0.512200E+02  0.100000E-01
     1       5123     1     2  0.512300E+02  0.512300E+02  0.100000E-01
     1       5124     1     2  0.512400E+02  0.512400E+02  0.100000E-01
     1       5125     1     2  0.512500E+02  0.512500E+02  0.100000E-01
     1       5126     1     2  0.512600E+02  0.512600E+02  0.100000E-01
     1       5127     1     2  0.512700E+02  0.512700E+02  0.100000E-01
     1       5128     1     2  0.512800E+02  0.512800E+02  0.100000E-01
     1       5129     1     2  0.512900E+02  0.512900E+02  0.100000E-01
     1       5130     1     2  0.513000E+02  0.513000E+02  0.100000E-01
     1       5131     1     2  0.513100E+02  0.513100E+02  0.100000E-01
     1       5132     1     2  0.513200E+02  0.513200E+02  0.100000E-01
     1       5133     1     2  0.513300E+02  0.513300E+02  0.100000E-01
     1       5134     1     2  0.513400E+02  0.513400E+02  0.100000E-01
     1       5135     1     2  0.513500E+02  0.513500E+02  0.100000E-01
     1       5136     1     2  0.513600E+02  0.513600E+02  0.100000E-01
     1       5137     1     2  0.513700E+02  0.513700E+02  0.100000E-01
     1       5138     1     2  0.513800E+02  0.513800E+02  0.100000E-01
     1       5139     1     2  0.513900E+02  0.513900E+02  0.100000E-01
     1       5140     1     2  0.514000E+02  0.514000E+02  0.100000E-01
     1       5141     1     2  0.514100E+02  0.514100E+02  0.100000E-01
     1       5142     1     2  0.514200E+02  0.514200E+02  0.100000E-01
     1       5143     1     2  0.514300E+02  0.514300E+02  0.100000E-01
     1       5144     1     2  0.514400E+02  0.514400E+02  0.100000E-01
     1       5145     1     2  0.514500E+02  0.514500E+02  0.100000E-01
     1       5146     1     2  0.514600E+02  0.514600E+02  0.100000E-01
     1       5147     1     2  0.514700E+02  0.514700E+02  0.100000E-01
     1       5148     1     2  0.514800E+02  0.514800E+02  0.100000E-01
     1       5149     1     2  0.514900E+02  0.514900E+02  0.100000E-01
     1       5150     1     2  0.515000E+02  0.515000E+02  0.100000E-01
     1       5151     1     2  0.515100E+02  0.515100E+02  0.100000E-01
     1       5152     1     2  0.515200E+02  0.515200E+02  0.100000E-01
     1       5153     1     2  0.515300E+02  0.515300E+02  0.100000E-01
     1       5154     1     2  0.515400E+02  0.515400E+02  0.100000E-01
     1       5155     1     2  0.515500E+02  0.515500E+02  0.100000E-01
     1       5156     1     2  0.515600E+02  0.515600E+02  0.100000E-01
     1       5157     1     2  0.515700E+02  0.515700E+02  0.100000E-01
     1       5158     1     2  0.515800E+02  0.515800E+02  0.100000E-01
     1       5159     1     2  0.515900E+02  0.515900E+02  0.100000E-01
     1       5160     1     2  0.516000E+02  0.516000E+02  0.100000E-01
     1       5161     1     2  0.516100E+02  0.516100E+02  0.100000E-01
     1       5162     1     2  0.516200E+02  0.516200E+02  0.100000E-01
     1       5163     1     2  0.516300E+02  0.516300E+02  0.100000E-01
     1       5164     1     2  0.516400E+02  0.516400E+02  0.100000E-01
     1       5165     1     2  0.516500E+02  0.516500E+02  0.100000E-01
     1       5166     1     2  0.516600E+02  0.516600E+02  0.100000E-01
     1       5167     1     2  0.516700E+02  0.516700E+02  0.100000E-01
     1       5168     1     2  0.516800E+02  0.516800E+02  0.100000E-01
     1       5169     1     2  0.516900E+02  0.516900E+02  0.100000E-01
     1       5170     1     2  0.517000E+02  0.517000E+02  0.100000E-01
     1       5171     1     2  0.517100E+02  0.517100E+02  0.100000E-01
     1       5172     1     2  0.517200E+02  0.517200E+02  0.100000E-01
     1       5173     1     2  0.517300E+02  0.517300E+02  0.100000E-01
     1       5174     1     2  0.517400E+02  0.517400E+02  0.100000E-01
     1       5175     1     2  0.517500E+02  0.517500E+02  0.100000E-01
     1       5176     1     2  0.517600E+02  0.517600E+02  0.100000E-01
     1       5177     1     2  0.517700E+02  0.517700E+02  0.100000E-01
     1       5178     1     2  0.517800E+02  0.517800E+02  0.100000E-01
     1       5179     1     2  0.517900E+02  0.517900E+02  0.100000E-01
     1       5180     1     2  0.518000E+02  0.518000E+02  0.100000E-01
     1       5181     1     2  0.518100E+02  0.518100E+02  0.100000E-01
     1       5182     1     2  0.518200E+02  0.518200E+02  0.100000E-01
     1       5183     1     2  0.518300E+02  0.518300E+02  0.100000E-01
     1       5184     1     2  0.518400E+02  0.518400E+02  0.100000E-01
     1       5185     1     2  0.518500E+02  0.518500E+02  0.100000E-01
     1       5186     1     2  0.518600E+02  0.518600E+02  0.100000E-01
     1       5187     1     2  0.518700E+02  0.518700E+02  0.100000E-01
     1       5188     1     2  0.518800E+02  0.518800E+02  0.100000E-01
     1       5189     1     2  0.518900E+02  0.518900E+02  0.100000E-01
     1       5190     1     2  0.519000E+02  0.519000E+02  0.100000E-01
     1       5191     1     2  0.519100E+02  0.519100E+02  0.100000E-01
     1       5192     1     2  0.519200E+02  0.519200E+02  0.100000E-01
     1       5193     1     2  0.519300E+02  0.519300E+02  0.100000E-01
     1       5194     1     2  0.519400E+02  0.519400E+02  0.100000E-01
     1       5195     1     2  0.519500E+02  0.519500E+02  0.100000E-01
     1       5196     1     2  0.519600E+02  0.519600E+02  0.100000E-01
     1       5197     1     2  0.519700E+02  0.519700E+02  0.100000E-01
     1       5198     1     2  0.519800E+02  0.519800E+02  0.100000E-01
     1       5199     1     2  0.519900E+02  0.519900E+02  0.100000E-01
     1       5200     1     2  0.520000E+02  0.520000E+02  0.100000E-01
     1       5201     1     2  0.520100E+02  0.520100E+02  0.100000E-01
     1       5202     1     2  0.520200E+02  0.520200E+02  0.100000E-01
     1       5203     1     2  0.520300E+02  0.520300E+02  0.100000E-01
     1       5204     1     2  0.520400E+02  0.520400E+02  0.100000E-01
     1       5205     1     2  0.520500E+02  0.520500E+02  0.100000E-01
     1       5206     1     2  0.520600E+02  0.520600E+02  0.100000E-01
     1       5207     1     2  0.520700E+02  0.520700E+02  0.100000E-01
     1       5208     1     2  0.520800E+02  0.520800E+02  0.100000E-01
     1       5209     1     2  0.520900E+02  0.520900E+02  0.100000E-01
     1       5210     1     2  0.521000E+02  0.521000E+02  0.100000E-01
     1       5211     1     2  0.521100E+02  0.521100E+02  0.100000E-01
     1       5212     1     2  0.521200E+02  0.521200E+02  0.100000E-01
     1       5213     1     2  0.521300E+02  0.521300E+02  0.100000E-01
     1       5214     1     2  0.521400E+02  0.521400E+02  0.100000E-01
     1       5215     1     2  0.521500E+02  0.521500E+02  0.100000E-01
     1       5216     1     2  0.521600E+02  0.521600E+02  0.100000E-01
     1       5217     1     2  0.521700E+02  0.521700E+02  0.100000E-01
     1       5218     1     2  0.521800E+02  0.521800E+02  0.100000E-01
     1       5219     1     2  0.521900E+02  0.521900E+02  0.100000E-01
     1       5220     1     2  0.522000E+02  0.522000E+02  0.100000E-01
     1       5221     1     2  0.522100E+02  0.522100E+02  0.100000E-01
     1       5222     1     2  0.522200E+02  0.522200E+02  0.100000E-01
     1       5223     1     2  0.522300E+02  0.522300E+02  0.100000E-01
     1       5224     1     2  0.522400E+02  0.522400E+02  0.100000E-01
     1       5225     1     2  0.522500E+02  0.522500E+02  0.100000E-01
     1       5226     1     2  0.522600E+02  0.522600E+02  0.100000E-01
     1       5227     1     2  0.522700E+02  0.522700E+02  0.100000E-01
     1       5228     1     2  0.522800E+02  0.522800E+02  0.100000E-01
     1       5229     1     2  0.522900E+02  0.522900E+02  0.100000E-01
     1       5230     1     2  0.523000E+02  0.523000E+02  0.100000E-01
     1       5231     1     2  0.523100E+02  0.523100E+02  0.100000E-01
     1       5232     1     2  0.523200E+02  0.523200E+02  0.100000E-01
     1       5233     1     2  0.523300E+02  0.523300E+02  0.100000E-01
     1       5234     1     2  0.523400E+02  0.523400E+02  0.100000E-01
     1       5235     1     2  0.523500E+02  0.523500E+02  0.100000E-01
     1       5236     1     2  0.523600E+02  0.523600E+02  0.100000E-01
     1       5237     1     2  0.523700E+02  0.523700E+02  0.100000E-01
     1       5238     1     2  0.523800E+02  0.523800E+02  0.100000E-01
     1       5239     1     2  0.523900E+02  0.523900E+02  0.100000E-01
     1       5240     1     2  0.524000E+02  0.524000E+02  0.100000E-01
     1       5241     1     2  0.524100E+02  0.524100E+02  0.100000E-01
     1       5242     1     2  0.524200E+02  0.524200E+02  0.100000E-01
     1       5243     1     2  0.524300E+02  0.524300E+02  0.100000E-01
     1       5244     1     2  0.524400E+02  0.524400E+02  0.100000E-01
     1       5245     1     2  0.524500E+02  0.524500E+02  0.100000E-01
     1       5246     1     2  0.524600E+02  0.524600E+02  0.100000E-01
     1       5247     1     2  0.524700E+02  0.524700E+02  0.100000E-01
     1       5248     1     2  0.524800E+02  0.524800E+02  0.100000E-01
     1       5249     1     2  0.524900E+02  0.524900E+02  0.100000E-01
     1       5250     1     2  0.525000E+02  0.525000E+02  0.100000E-01
     1       5251     1     2  0.525100E+02  0.525100E+02  0.100000E-01
     1       5252     1     2  0.525200E+02  0.525200E+02  0.100000E-01
     1       5253     1     2  0.525300E+02  0.525300E+02  0.100000E-01
     1       5254     1     2  0.525400E+02  0.525400E+02  0.100000E-01
     1       5255     1     2  0.525500E+02  0.525500E+02  0.100000E-01
     1       5256     1     2  0.525600E+02  0.525600E+02  0.100000E-01
     1       5257     1     2  0.525700E+02  0.525700E+02  0.100000E-01
     1       5258     1     2  0.525800E+02  0.525800E+02  0.100000E-01
     1       5259     1     2  0.525900E+02  0.525900E+02  0.100000E-01
     1       5260     1     2  0.526000E+02  0.526000E+02  0.100000E-01
     1       5261     1     2  0.526100E+02  0.526100E+02  0.100000E-01
     1       5262     1     2  0.526200E+02  0.526200E+02  0.100000E-01
     1       5263     1     2  0.526300E+02  0.526300E+02  0.100000E-01
     1       5264     1     2  0.526400E+02  0.526400E+02  0.100000E-01
     1       5265     1     2  0.526500E+02  0.526500E+02  0.100000E-01
     1       5266     1     2  0.526600E+02  0.526600E+02  0.100000E-01
     1       5267     1     2  0.526700E+02  0.526700E+02  0.100000E-01
     1       5268     1     2  0.526800E+02  0.526800E+02  0.100000E-01
     1       5269     1     2  0.526900E+02  0.526900E+02  0.100000E-01
     1       5270     1     2  0.527000E+02  0.527000E+02  0.100000E-01
     1       5271     1     2  0.527100E+02  0.527100E+02  0.100000E-01
     1       5272     1     2  0.527200E+02  0.527200E+02  0.100000E-01
     1       5273     1     2  0.527300E+02  0.527300E+02  0.100000E-01
     1       5274     1     2  0.527400E+02  0.527400E+02  0.100000E-01
     1       5275     1     2  0.527500E+02  0.527500E+02  0.100000E-01
     1       5276     1     2  0.527600E+02  0.527600E+02  0.100000E-01
     1       5277     1     2  0.527700E+02  0.527700E+02  0.100000E-01
     1       5278     1     2  0.527800E+02  0.527800E+02  0.100000E-01
     1       5279     1     2  0.527900E+02  0.527900E+02  0.100000E-01
     1       5280     1     2  0.528000E+02  0.528000E+02  0.100000E-01
     1       5281     1     2  0.528100E+02  0.528100E+02  0.100000E-01
     1       5282     1     2  0.528200E+02  0.528200E+02  0.100000E-01
     1       5283     1     2  0.528300E+02  0.528300E+02  0.100000E-01
     1       5284     1     2  0.528400E+02  0.528400E+02  0.100000E-01
     1       5285     1     2  0.528500E+02  0.528500E+02  0.100000E-01
     1       5286     1     2  0.528600E+02  0.528600E+02  0.100000E-01
     1       5287     1     2  0.528700E+02  0.528700E+02  0.100000E-01
     1       5288     1     2  0.528800E+02  0.528800E+02  0.100000E-01
     1       5289     1     2  0.528900E+02  0.528900E+02  0.100000E-01
     1       5290     1     2  0.529000E+02  0.529000E+02  0.100000E-01
     1       5291     1     2  0.529100E+02  0.529100E+02  0.100000E-01
     1       5292     1     2  0.529200E+02  0.529200E+02  0.100000E-01
     1       5293     1     2  0.529300E+02  0.529300E+02  0.100000E-01
     1       5294     1     2  0.529400E+02  0.529400E+02  0.100000E-01
     1       5295     1     2  0.529500E+02  0.529500E+02  0.100000E-01
     1       5296     1     2  0.529600E+02  0.529600E+02  0.100000E-01
     1       5297     1     2  0.529700E+02  0.529700E+02  0.100000E-01
     1       5298     1     2  0.529800E+02  0.529800E+02  0.100000E-01
     1       5299     1     2  0.529900E+02  0.529900E+02  0.100000E-01
     1       5300     1     2  0.530000E+02  0.530000E+02  0.100000E-01
     1       5301     1     2  0.530100E+02  0.530100E+02  0.100000E-01
     1       5302     1     2  0.530200E+02  0.530200E+02  0.100000E-01
     1       5303     1     2  0.530300E+02  0.530300E+02  0.100000E-01
     1       5304     1     2  0.530400E+02  0.530400E+02  0.100000E-01
     1       5305     1     2  0.530500E+02  0.530500E+02  0.100000E-01
     1       5306     1     2  0.530600E+02  0.530600E+02  0.100000E-01
     1       5307     1     2  0.530700E+02  0.530700E+02  0.100000E-01
     1       5308     1     2  0.530800E+02  0.530800E+02  0.100000E-01
     1       5309     1     2  0.530900E+02  0.530900E+02  0.100000E-01
     1       5310     1     2  0.531000E+02  0.531000E+02  0.100000E-01
     1       5311     1     2  0.531100E+02  0.531100E+02  0.100000E-01
     1       5312     1     2  0.531200E+02  0.531200E+02  0.100000E-01
     1       5313     1     2  0.531300E+02  0.531300E+02  0.100000E-01
     1       5314     1     2  0.531400E+02  0.531400E+02  0.100000E-01
     1       5315     1     2  0.531500E+02  0.531500E+02  0.100000E-01
     1       5316     1     2  0.531600E+02  0.531600E+02  0.100000E-01
     1       5317     1     2  0.531700E+02  0.531700E+02  0.100000E-01
     1       5318     1     2  0.531800E+02  0.531800E+02  0.100000E-01
     1       5319     1     2  0.531900E+02  0.531900E+02  0.100000E-01
     1       5320     1     2  0.532000E+02  0.532000E+02  0.100000E-01
     1       5321     1     2  0.532100E+02  0.532100E+02  0.100000E-01
     1       5322     1     2  0.532200E+02  0.532200E+02  0.100000E-01
     1       5323     1     2  0.532300E+02  0.532300E+02  0.100000E-01
     1       5324     1     2  0.532400E+02  0.532400E+02  0.100000E-01
     1       5325     1     2  0.532500E+02  0.532500E+02  0.100000E-01
     1       5326     1     2  0.532600E+02  0.532600E+02  0.100000E-01
     1       5327     1     2  0.532700E+02  0.532700E+02  0.100000E-01
     1       5328     1     2  0.532800E+02  0.532800E+02  0.100000E-01
     1       5329     1     2  0.532900E+02  0.532900E+02  0.100000E-01
     1       5330     1     2  0.533000E+02  0.533000E+02  0.100000E-01
     1       5331     1     2  0.533100E+02  0.533100E+02  0.100000E-01
     1       5332     1     2  0.533200E+02  0.533200E+02  0.100000E-01
     1       5333     1     2  0.533300E+02  0.533300E+02  0.100000E-01
     1       5334     1     2  0.533400E+02  0.533400E+02  0.100000E-01
     1       5335     1     2  0.533500E+02  0.533500E+02  0.100000E-01
     1       5336     1     2  0.533600E+02  0.533600E+02  0.100000E-01
     1       5337     1     2  0.533700E+02  0.533700E+02  0.100000E-01
     1       5338     1     2  0.533800E+02  0.533800E+02  0.100000E-01
     1       5339     1     2  0.533900E+02  0.533900E+02  0.100000E-01
     1       5340     1     2  0.534000E+02  0.534000E+02  0.100000E-01
     1       5341     1     2  0.534100E+02  0.534100E+02  0.100000E-01
     1       5342     1     2  0.534200E+02  0.534200E+02  0.100000E-01
     1       5343     1     2  0.534300E+02  0.534300E+02  0.100000E-01
     1       5344     1     2  0.534400E+02  0.534400E+02  0.100000E-01
     1       5345     1     2  0.534500E+02  0.534500E+02  0.100000E-01
     1       5346     1     2  0.534600E+02  0.534600E+02  0.100000E-01
     1       5347     1     2  0.534700E+02  0.534700E+02  0.100000E-01
     1       5348     1     2  0.534800E+02  0.534800E+02  0.100000E-01
     1       5349     1     2  0.534900E+02  0.534900E+02  0.100000E-01
     1       5350     1     2  0.535000E+02  0.535000E+02  0.100000E-01
     1       5351     1     2  0.535100E+02  0.535100E+02  0.100000E-01
     1       5352     1     2  0.535200E+02  0.535200E+02  0.100000E-01
     1       5353     1     2  0.535300E+02  0.535300E+02  0.100000E-01
     1       5354     1     2  0.535400E+02  0.535400E+02  0.100000E-01
     1       5355     1     2  0.535500E+02  0.535500E+02  0.100000E-01
     1       5356     1     2  0.535600E+02  0.535600E+02  0.100000E-01
     1       5357     1     2  0.535700E+02  0.535700E+02  0.100000E-01
     1       5358     1     2  0.535800E+02  0.535800E+02  0.100000E-01
     1       5359     1     2  0.535900E+02  0.535900E+02  0.100000E-01
     1       5360     1     2  0.536000E+02  0.536000E+02  0.100000E-01
     1       5361     1     2  0.536100E+02  0.536100E+02  0.100000E-01
     1       5362     1     2  0.536200E+02  0.536200E+02  0.100000E-01
     1       5363     1     2  0.536300E+02  0.536300E+02  0.100000E-01
     1       5364     1     2  0.536400E+02  0.536400E+02  0.100000E-01
     1       5365     1     2  0.536500E+02  0.536500E+02  0.100000E-01
     1       5366     1     2  0.536600E+02  0.536600E+02  0.100000E-01
     1       5367     1     2  0.536700E+02  0.536700E+02  0.100000E-01
     1       5368     1     2  0.536800E+02  0.536800E+02  0.100000E-01
     1       5369     1     2  0.536900E+02  0.536900E+02  0.100000E-01
     1       5370     1     2  0.537000E+02  0.537000E+02  0.100000E-01
     1       5371     1     2  0.537100E+02  0.537100E+02  0.100000E-01
     1       5372     1     2  0.537200E+02  0.537200E+02  0.100000E-01
     1       5373     1     2  0.537300E+02  0.537300E+02  0.100000E-01
     1       5374     1     2  0.537400E+02  0.537400E+02  0.100000E-01
     1       5375     1     2  0.537500E+02  0.537500E+02  0.100000E-01
     1       5376     1     2  0.537600E+02  0.537600E+02  0.100000E-01
     1       5377     1     2  0.537700E+02  0.537700E+02  0.100000E-01
     1       5378     1     2  0.537800E+02  0.537800E+02  0.100000E-01
     1       5379     1     2  0.537900E+02  0.537900E+02  0.100000E-01
     1       5380     1     2  0.538000E+02  0.538000E+02  0.100000E-01
     1       5381     1     2  0.538100E+02  0.538100E+02  0.100000E-01
     1       5382     1     2  0.538200E+02  0.538200E+02  0.100000E-01
     1       5383     1     2  0.538300E+02  0.538300E+02  0.100000E-01
     1       5384     1     2  0.538400E+02  0.538400E+02  0.100000E-01
     1       5385     1     2  0.538500E+02  0.538500E+02  0.100000E-01
     1       5386     1     2  0.538600E+02  0.538600E+02  0.100000E-01
     1       5387     1     2  0.538700E+02  0.538700E+02  0.100000E-01
     1       5388     1     2  0.538800E+02  0.538800E+02  0.100000E-01
     1       5389     1     2  0.538900E+02  0.538900E+02  0.100000E-01
     1       5390     1     2  0.539000E+02  0.539000E+02  0.100000E-01
     1       5391     1     2  0.539100E+02  0.539100E+02  0.100000E-01
     1       5392     1     2  0.539200E+02  0.539200E+02  0.100000E-01
     1       5393     1     2  0.539300E+02  0.539300E+02  0.100000E-01
     1       5394     1     2  0.539400E+02  0.539400E+02  0.100000E-01
     1       5395     1     2  0.539500E+02  0.539500E+02  0.100000E-01
     1       5396     1     2  0.539600E+02  0.539600E+02  0.100000E-01
     1       5397     1     2  0.539700E+02  0.539700E+02  0.100000E-01
     1       5398     1     2  0.539800E+02  0.539800E+02  0.100000E-01
     1       5399     1     2  0.539900E+02  0.539900E+02  0.100000E-01
     1       5400     1     2  0.540000E+02  0.540000E+02  0.100000E-01
     1       5401     1     2  0.540100E+02  0.540100E+02  0.100000E-01
     1       5402     1     2  0.540200E+02  0.540200E+02  0.100000E-01
     1       5403     1     2  0.540300E+02  0.540300E+02  0.100000E-01
     1       5404     1     2  0.540400E+02  0.540400E+02  0.100000E-01
     1       5405     1     2  0.540500E+02  0.540500E+02  0.100000E-01
     1       5406     1     2  0.540600E+02  0.540600E+02  0.100000E-01
     1       5407     1     2  0.540700E+02  0.540700E+02  0.100000E-01
     1       5408     1     2  0.540800E+02  0.540800E+02  0.100000E-01
     1       5409     1     2  0.540900E+02  0.540900E+02  0.100000E-01
     1       5410     1     2  0.541000E+02  0.541000E+02  0.100000E-01
     1       5411     1     2  0.541100E+02  0.541100E+02  0.100000E-01
     1       5412     1     2  0.541200E+02  0.541200E+02  0.100000E-01
     1       5413     1     2  0.541300E+02  0.541300E+02  0.100000E-01
     1       5414     1     2  0.541400E+02  0.541400E+02  0.100000E-01
     1       5415     1     2  0.541500E+02  0.541500E+02  0.100000E-01
     1       5416     1     2  0.541600E+02  0.541600E+02  0.100000E-01
     1       5417     1     2  0.541700E+02  0.541700E+02  0.100000E-01
     1       5418     1     2  0.541800E+02  0.541800E+02  0.100000E-01
     1       5419     1     2  0.541900E+02  0.541900E+02  0.100000E-01
     1       5420     1     2  0.542000E+02  0.542000E+02  0.100000E-01
     1       5421     1     2  0.542100E+02  0.542100E+02  0.100000E-01
     1       5422     1     2  0.542200E+02  0.542200E+02  0.100000E-01
     1       5423     1     2  0.542300E+02  0.542300E+02  0.100000E-01
     1       5424     1     2  0.542400E+02  0.542400E+02  0.100000E-01
     1       5425     1     2  0.542500E+02  0.542500E+02  0.100000E-01
     1       5426     1     2  0.542600E+02  0.542600E+02  0.100000E-01
     1       5427     1     2  0.542700E+02  0.542700E+02  0.100000E-01
     1       5428     1     2  0.542800E+02  0.542800E+02  0.100000E-01
     1       5429     1     2  0.542900E+02  0.542900E+02  0.100000E-01
     1       5430     1     2  0.543000E+02  0.543000E+02  0.100000E-01
     1       5431     1     2  0.543100E+02  0.543100E+02  0.100000E-01
     1       5432     1     2  0.543200E+02  0.543200E+02  0.100000E-01
     1       5433     1     2  0.543300E+02  0.543300E+02  0.100000E-01
     1       5434     1     2  0.543400E+02  0.543400E+02  0.100000E-01
     1       5435     1     2  0.543500E+02  0.543500E+02  0.100000E-01
     1       5436     1     2  0.543600E+02  0.543600E+02  0.100000E-01
     1       5437     1     2  0.543700E+02  0.543700E+02  0.100000E-01
     1       5438     1     2  0.543800E+02  0.543800E+02  0.100000E-01
     1       5439     1     2  0.543900E+02  0.543900E+02  0.100000E-01
     1       5440     1     2  0.544000E+02  0.544000E+02  0.100000E-01
     1       5441     1     2  0.544100E+02  0.544100E+02  0.100000E-01
     1       5442     1     2  0.544200E+02  0.544200E+02  0.100000E-01
     1       5443     1     2  0.544300E+02  0.544300E+02  0.100000E-01
     1       5444     1     2  0.544400E+02  0.544400E+02  0.100000E-01
     1       5445     1     2  0.544500E+02  0.544500E+02  0.100000E-01
     1       5446     1     2  0.544600E+02  0.544600E+02  0.100000E-01
     1       5447     1     2  0.544700E+02  0.544700E+02  0.100000E-01
     1       5448     1     2  0.544800E+02  0.544800E+02  0.100000E-01
     1       5449     1     2  0.544900E+02  0.544900E+02  0.100000E-01
     1       5450     1     2  0.545000E+02  0.545000E+02  0.100000E-01
     1       5451     1     2  0.545100E+02  0.545100E+02  0.100000E-01
     1       5452     1     2  0.545200E+02  0.545200E+02  0.100000E-01
     1       5453     1     2  0.545300E+02  0.545300E+02  0.100000E-01
     1       5454     1     2  0.545400E+02  0.545400E+02  0.100000E-01
     1       5455     1     2  0.545500E+02  0.545500E+02  0.100000E-01
     1       5456     1     2  0.545600E+02  0.545600E+02  0.100000E-01
     1       5457     1     2  0.545700E+02  0.545700E+02  0.100000E-01
     1       5458     1     2  0.545800E+02  0.545800E+02  0.100000E-01
     1       5459     1     2  0.545900E+02  0.545900E+02  0.100000E-01
     1       5460     1     2  0.546000E+02  0.546000E+02  0.100000E-01
     1       5461     1     2  0.546100E+02  0.546100E+02  0.100000E-01
     1       5462     1     2  0.546200E+02  0.546200E+02  0.100000E-01
     1       5463     1     2  0.546300E+02  0.546300E+02  0.100000E-01
     1       5464     1     2  0.546400E+02  0.546400E+02  0.100000E-01
     1       5465     1     2  0.546500E+02  0.546500E+02  0.100000E-01
     1       5466     1     2  0.546600E+02  0.546600E+02  0.100000E-01
     1       5467     1     2  0.546700E+02  0.546700E+02  0.100000E-01
     1       5468     1     2  0.546800E+02  0.546800E+02  0.100000E-01
     1       5469     1     2  0.546900E+02  0.546900E+02  0.100000E-01
     1       5470     1     2  0.547000E+02  0.547000E+02  0.100000E-01
     1       5471     1     2  0.547100E+02  0.547100E+02  0.100000E-01
     1       5472     1     2  0.547200E+02  0.547200E+02  0.100000E-01
     1       5473     1     2  0.547300E+02  0.547300E+02  0.100000E-01
     1       5474     1     2  0.547400E+02  0.547400E+02  0.100000E-01
     1       5475     1     2  0.547500E+02  0.547500E+02  0.100000E-01
     1       5476     1     2  0.547600E+02  0.547600E+02  0.100000E-01
     1       5477     1     2  0.547700E+02  0.547700E+02  0.100000E-01
     1       5478     1     2  0.547800E+02  0.547800E+02  0.100000E-01
     1       5479     1     2  0.547900E+02  0.547900E+02  0.100000E-01
     1       5480     1     2  0.548000E+02  0.548000E+02  0.100000E-01
     1       5481     1     2  0.548100E+02  0.548100E+02  0.100000E-01
     1       5482     1     2  0.548200E+02  0.548200E+02  0.100000E-01
     1       5483     1     2  0.548300E+02  0.548300E+02  0.100000E-01
     1       5484     1     2  0.548400E+02  0.548400E+02  0.100000E-01
     1       5485     1     2  0.548500E+02  0.548500E+02  0.100000E-01
     1       5486     1     2  0.548600E+02  0.548600E+02  0.100000E-01
     1       5487     1     2  0.548700E+02  0.548700E+02  0.100000E-01
     1       5488     1     2  0.548800E+02  0.548800E+02  0.100000E-01
     1       5489     1     2  0.548900E+02  0.548900E+02  0.100000E-01
     1       5490     1     2  0.549000E+02  0.549000E+02  0.100000E-01
     1       5491     1     2  0.549100E+02  0.549100E+02  0.100000E-01
     1       5492     1     2  0.549200E+02  0.549200E+02  0.100000E-01
     1       5493     1     2  0.549300E+02  0.549300E+02  0.100000E-01
     1       5494     1     2  0.549400E+02  0.549400E+02  0.100000E-01
     1       5495     1     2  0.549500E+02  0.549500E+02  0.100000E-01
     1       5496     1     2  0.549600E+02  0.549600E+02  0.100000E-01
     1       5497     1     2  0.549700E+02  0.549700E+02  0.100000E-01
     1       5498     1     2  0.549800E+02  0.549800E+02  0.100000E-01
     1       5499     1     2  0.549900E+02  0.549900E+02  0.100000E-01
     1       5500     1     2  0.550000E+02  0.550000E+02  0.100000E-01
     1       5501     1     2  0.550100E+02  0.550100E+02  0.100000E-01
     1       5502     1     2  0.550200E+02  0.550200E+02  0.100000E-01
     1       5503     1     2  0.550300E+02  0.550300E+02  0.100000E-01
     1       5504     1     2  0.550400E+02  0.550400E+02  0.100000E-01
     1       5505     1     2  0.550500E+02  0.550500E+02  0.100000E-01
     1       5506     1     2  0.550600E+02  0.550600E+02  0.100000E-01
     1       5507     1     2  0.550700E+02  0.550700E+02  0.100000E-01
     1       5508     1     2  0.550800E+02  0.550800E+02  0.100000E-01
     1       5509     1     2  0.550900E+02  0.550900E+02  0.100000E-01
     1       5510     1     2  0.551000E+02  0.551000E+02  0.100000E-01
     1       5511     1     2  0.551100E+02  0.551100E+02  0.100000E-01
     1       5512     1     2  0.551200E+02  0.551200E+02  0.100000E-01
     1       5513     1     2  0.551300E+02  0.551300E+02  0.100000E-01
     1       5514     1     2  0.551400E+02  0.551400E+02  0.100000E-01
     1       5515     1     2  0.551500E+02  0.551500E+02  0.100000E-01
     1       5516     1     2  0.551600E+02  0.551600E+02  0.100000E-01
     1       5517     1     2  0.551700E+02  0.551700E+02  0.100000E-01
     1       5518     1     2  0.551800E+02  0.551800E+02  0.100000E-01
     1       5519     1     2  0.551900E+02  0.551900E+02  0.100000E-01
     1       5520     1     2  0.552000E+02  0.552000E+02  0.100000E-01
     1       5521     1     2  0.552100E+02  0.552100E+02  0.100000E-01
     1       5522     1     2  0.552200E+02  0.552200E+02  0.100000E-01
     1       5523     1     2  0.552300E+02  0.552300E+02  0.100000E-01
     1       5524     1     2  0.552400E+02  0.552400E+02  0.100000E-01
     1       5525     1     2  0.552500E+02  0.552500E+02  0.100000E-01
     1       5526     1     2  0.552600E+02  0.552600E+02  0.100000E-01
     1       5527     1     2  0.552700E+02  0.552700E+02  0.100000E-01
     1       5528     1     2  0.552800E+02  0.552800E+02  0.100000E-01
     1       5529     1     2  0.552900E+02  0.552900E+02  0.100000E-01
     1       5530     1     2  0.553000E+02  0.553000E+02  0.100000E-01
     1       5531     1     2  0.553100E+02  0.553100E+02  0.100000E-01
     1       5532     1     2  0.553200E+02  0.553200E+02  0.100000E-01
     1       5533     1     2  0.553300E+02  0.553300E+02  0.100000E-01
     1       5534     1     2  0.553400E+02  0.553400E+02  0.100000E-01
     1       5535     1     2  0.553500E+02  0.553500E+02  0.100000E-01
     1       5536     1     2  0.553600E+02  0.553600E+02  0.100000E-01
     1       5537     1     2  0.553700E+02  0.553700E+02  0.100000E-01
     1       5538     1     2  0.553800E+02  0.553800E+02  0.100000E-01
     1       5539     1     2  0.553900E+02  0.553900E+02  0.100000E-01
     1       5540     1     2  0.554000E+02  0.554000E+02  0.100000E-01
     1       5541     1     2  0.554100E+02  0.554100E+02  0.100000E-01
     1       5542     1     2  0.554200E+02  0.554200E+02  0.100000E-01
     1       5543     1     2  0.554300E+02  0.554300E+02  0.100000E-01
     1       5544     1     2  0.554400E+02  0.554400E+02  0.100000E-01
     1       5545     1     2  0.554500E+02  0.554500E+02  0.100000E-01
     1       5546     1     2  0.554600E+02  0.554600E+02  0.100000E-01
     1       5547     1     2  0.554700E+02  0.554700E+02  0.100000E-01
     1       5548     1     2  0.554800E+02  0.554800E+02  0.100000E-01
     1       5549     1     2  0.554900E+02  0.554900E+02  0.100000E-01
     1       5550     1     2  0.555000E+02  0.555000E+02  0.100000E-01
     1       5551     1     2  0.555100E+02  0.555100E+02  0.100000E-01
     1       5552     1     2  0.555200E+02  0.555200E+02  0.100000E-01
     1       5553     1     2  0.555300E+02  0.555300E+02  0.100000E-01
     1       5554     1     2  0.555400E+02  0.555400E+02  0.100000E-01
     1       5555     1     2  0.555500E+02  0.555500E+02  0.100000E-01
     1       5556     1     2  0.555600E+02  0.555600E+02  0.100000E-01
     1       5557     1     2  0.555700E+02  0.555700E+02  0.100000E-01
     1       5558     1     2  0.555800E+02  0.555800E+02  0.100000E-01
     1       5559     1     2  0.555900E+02  0.555900E+02  0.100000E-01
     1       5560     1     2  0.556000E+02  0.556000E+02  0.100000E-01
     1       5561     1     2  0.556100E+02  0.556100E+02  0.100000E-01
     1       5562     1     2  0.556200E+02  0.556200E+02  0.100000E-01
     1       5563     1     2  0.556300E+02  0.556300E+02  0.100000E-01
     1       5564     1     2  0.556400E+02  0.556400E+02  0.100000E-01
     1       5565     1     2  0.556500E+02  0.556500E+02  0.100000E-01
     1       5566     1     2  0.556600E+02  0.556600E+02  0.100000E-01
     1       5567     1     2  0.556700E+02  0.556700E+02  0.100000E-01
     1       5568     1     2  0.556800E+02  0.556800E+02  0.100000E-01
     1       5569     1     2  0.556900E+02  0.556900E+02  0.100000E-01
     1       5570     1     2  0.557000E+02  0.557000E+02  0.100000E-01
     1       5571     1     2  0.557100E+02  0.557100E+02  0.100000E-01
     1       5572     1     2  0.557200E+02  0.557200E+02  0.100000E-01
     1       5573     1     2  0.557300E+02  0.557300E+02  0.100000E-01
     1       5574     1     2  0.557400E+02  0.557400E+02  0.100000E-01
     1       5575     1     2  0.557500E+02  0.557500E+02  0.100000E-01
     1       5576     1     2  0.557600E+02  0.557600E+02  0.100000E-01
     1       5577     1     2  0.557700E+02  0.557700E+02  0.100000E-01
     1       5578     1     2  0.557800E+02  0.557800E+02  0.100000E-01
     1       5579     1     2  0.557900E+02  0.557900E+02  0.100000E-01
     1       5580     1     2  0.558000E+02  0.558000E+02  0.100000E-01
     1       5581     1     2  0.558100E+02  0.558100E+02  0.100000E-01
     1       5582     1     2  0.558200E+02  0.558200E+02  0.100000E-01
     1       5583     1     2  0.558300E+02  0.558300E+02  0.100000E-01
     1       5584     1     2  0.558400E+02  0.558400E+02  0.100000E-01
     1       5585     1     2  0.558500E+02  0.558500E+02  0.100000E-01
     1       5586     1     2  0.558600E+02  0.558600E+02  0.100000E-01
     1       5587     1     2  0.558700E+02  0.558700E+02  0.100000E-01
     1       5588     1     2  0.558800E+02  0.558800E+02  0.100000E-01
     1       5589     1     2  0.558900E+02  0.558900E+02  0.100000E-01
     1       5590     1     2  0.559000E+02  0.559000E+02  0.100000E-01
